icao24,origin_country,velocity,geo_altitude
39de4f,France,202.3,6926.58
39de4e,France,105.62,594.36
80162c,India,227.54,13289.28
801638,India,234.43,12283.44
39de4a,France,0.0,
39de4d,France,186.29,7109.46
39de4c,France,234.47,11719.56
39de57,France,234.04,11826.24
39de59,France,239.02,12443.46
4b4089,Switzerland,76.38,1882.14
a1abef,United States,152.42,11369.04
801645,India,245.91,9044.94
386e7d,France,64.28,1158.24
39de50,France,160.34,4663.44
80162f,India,0.0,
39de53,France,73.0,647.7
a39be7,United States,0.0,
8744f6,Japan,194.57,3489.96
3d10d0,Germany,53.29,1447.8
398e7d,France,46.81,
801649,India,92.55,876.3
500479,San Marino,272.3,12184.38
801647,India,73.07,1249.68
c81bce,New Zealand,88.49,3718.56
00b22d,South Africa,131.16,1066.8
80163f,India,230.04,11422.38
00b22b,South Africa,226.0,9258.3
00b22f,South Africa,2.83,
801623,India,241.94,11681.46
a1befc,United States,284.81,11803.38
801622,India,237.37,9258.3
80160e,India,166.25,6705.6
851914,Japan,229.7,7399.02
80161a,India,161.58,4152.9
801629,India,132.26,5059.68
488252,Poland,181.31,4869.18
39de46,France,237.72,9517.38
407a05,United Kingdom,239.17,11765.28
39de45,France,5.14,
a1025a,United States,244.43,10020.3
39de49,France,3.34,
407a06,United Kingdom,236.99,11871.96
801632,India,209.55,10088.88
801633,India,190.06,6682.74
a0e249,United States,258.32,10652.76
39de41,France,204.78,7078.98
39de44,France,180.64,5204.46
39de43,France,239.66,11704.32
80166c,India,250.32,11658.6
511187,Estonia,247.98,11148.06
80166d,India,97.26,1424.94
44028c,Austria,207.54,9555.48
44028a,Austria,140.44,3817.62
a2228b,United States,270.12,11178.54
511188,Estonia,0.0,
aad012,United States,262.79,9555.48
511189,Estonia,247.7,10195.56
8a02d4,Indonesia,91.31,784.86
4acb03,Sweden,112.17,1973.58
4acb02,Sweden,94.84,624.84
801685,India,208.67,10820.4
4acb04,Sweden,219.46,11971.02
801683,India,195.58,6987.54
51116f,Estonia,215.5,12108.18
4bc8c8,Turkey,228.58,6781.8
4bc8c6,Turkey,235.45,10500.36
4bc8c7,Turkey,221.63,11376.66
4bc8c4,Turkey,71.73,807.72
4bc8c5,Turkey,224.42,10706.1
4bc8c1,Turkey,226.26,6377.94
e8024c,Chile,0.0,
80167c,India,209.43,7726.68
511171,Estonia,217.66,12092.94
3c4c63,Germany,264.01,14196.06
511170,Estonia,6.17,
4bc8d9,Turkey,206.55,11445.24
3d23b9,Germany,28.59,228.6
841a6c,Japan,222.61,9014.46
4bc8d5,Turkey,212.24,10820.4
4bc8d6,Turkey,212.2,11384.28
4bc8d4,Turkey,222.44,9174.48
80164e,India,212.17,9364.98
801659,India,24.18,
471efe,Hungary,104.51,2712.72
471efc,Hungary,218.29,10736.58
44029f,Austria,231.57,10447.02
511195,Estonia,193.84,4975.86
44029d,Austria,57.75,1600.2
407a3f,United Kingdom,235.66,11094.72
3d36f8,Germany,52.6,946.0
80165e,India,233.32,9243.06
3d36ed,Germany,91.61,1280.16
801673,India,220.16,10561.32
801670,India,245.56,
801671,India,148.62,4206.24
505f15,Slovakia,227.23,11673.84
3455da,Spain,137.04,2499.36
3d2506,Germany,65.65,609.6
4acb41,Sweden,231.74,11803.38
3ffc9e,Germany,70.62,1219.2
a114a4,United States,55.24,457.2
3ffc9f,Germany,54.69,1569.72
e80211,Chile,173.48,3718.56
a8a88b,United States,173.39,3604.26
440261,Austria,38.73,388.62
ac6a65,United States,245.94,10645.14
accd69,United States,246.47,11308.08
8a040a,Indonesia,73.65,213.36
aae1ea,United States,267.64,12580.62
86cfa0,Japan,242.54,8145.78
3455d7,Spain,233.07,11727.18
440248,Austria,230.4,11536.68
8a0419,Indonesia,235.51,11757.66
3455d9,Spain,145.81,3368.04
4acb58,Sweden,206.38,7909.56
470bc8,Hungary,227.91,8465.82
4acb59,Sweden,244.33,11620.5
3d3831,Germany,31.42,1013.46
ae74d9,United States,29.61,594.36
44023f,Austria,226.21,11422.38
e8021a,Chile,160.04,3550.92
3c5ee8,Germany,218.55,11529.06
4bc8e1,Turkey,244.11,11635.74
3c5ee6,Germany,224.81,9715.5
3c5ee5,Germany,228.61,11437.62
0d11e9,Mexico,233.66,11963.4
3ffc7d,Germany,52.32,472.44
39cb7c,France,35.12,327.66
4bc8cd,Turkey,250.75,10447.02
4bc8ce,Turkey,100.8,1508.76
4bc8cb,Turkey,213.96,10797.54
4acb23,Sweden,195.39,8153.4
80168a,India,136.58,3566.16
4bc8ca,Turkey,207.13,8511.54
3c5ee3,Germany,238.59,9700.26
3c5ee1,Germany,209.66,11376.66
e8022a,Chile,216.51,7795.26
3c5ef6,Germany,223.87,11125.2
46b82a,Greece,25.72,
a34291,United States,234.95,11567.16
46b82d,Greece,225.6,11445.24
46b82b,Greece,7.2,
3c5eed,Germany,230.99,11734.8
3c5eec,Germany,0.0,
46b82f,Greece,192.14,6736.08
4bc8da,Turkey,227.72,10736.58
e80246,Chile,6.69,
0d11ed,Mexico,209.33,5158.74
a8a87e,United States,226.79,10187.94
e80241,Chile,0.45,
3c5ef0,Germany,232.15,12054.84
505dc0,Slovakia,85.16,
e80247,Chile,0.0,
c07bc7,Canada,242.92,11262.36
46b830,Greece,135.29,2964.18
46b836,Greece,214.09,7025.64
851936,Japan,192.92,6035.04
44020a,Austria,18.52,
46b838,Greece,118.56,1036.32
8851e9,Thailand,114.79,2186.94
a4c592,United States,0.0,
8851e6,Thailand,232.6,7018.02
8851e5,Thailand,234.3,11719.56
46b821,Greece,235.36,11102.34
8851e4,Thailand,225.21,10744.2
46b825,Greece,253.67,11788.14
46b822,Greece,206.26,10317.48
46b823,Greece,3.34,
4cc2a7,Iceland,251.56,11049.0
440237,Austria,0.77,
440236,Austria,50.12,167.64
4acb5a,Sweden,199.03,9822.18
44022d,Austria,142.4,1805.94
47880f,Norway,12.35,
440224,Austria,191.09,6172.2
a8320e,United States,131.8,1234.44
8014a3,India,180.36,4770.12
c0482a,Canada,192.68,10858.5
3d2585,Germany,86.65,883.92
4aca9a,Sweden,12.86,
a4d7dc,United States,0.0,
87455c,Japan,155.53,2339.34
885222,Thailand,76.98,167.64
343194,Spain,236.0,11216.64
ab5d2c,United States,248.32,7155.18
8a0494,Indonesia,218.14,8961.12
8014ad,India,238.05,11033.76
4aca82,Sweden,238.83,11369.04
4aca81,Sweden,232.08,11483.34
4aca84,Sweden,218.2,11277.6
4aca83,Sweden,220.43,11521.44
4aca86,Sweden,224.79,11582.4
4aca85,Sweden,235.79,11361.42
ab5d52,United States,208.64,7048.5
c81d7e,New Zealand,269.42,8305.8
4aca88,Sweden,233.8,11681.46
4aca87,Sweden,221.77,11529.06
8a047a,Indonesia,226.66,13014.96
e07583,Argentina,0.0,
a0f4f6,United States,232.73,9540.24
84d283,Japan,184.07,7978.14
4b0fa5,Switzerland,107.14,1905.0
4aca93,Sweden,215.55,11460.48
4aca94,Sweden,214.55,11955.78
4aca96,Sweden,177.98,6537.96
4aca99,Sweden,225.21,8869.68
4aca98,Sweden,214.52,11871.96
4aca8a,Sweden,222.18,11422.38
4aca8d,Sweden,230.12,8740.14
4aca8c,Sweden,218.64,4671.06
4aca8f,Sweden,207.99,10485.12
4aca8e,Sweden,189.07,7109.46
344498,Spain,147.84,2552.7
0d126d,Mexico,234.05,10683.24
3d386c,Germany,28.33,243.84
8014e6,India,229.23,12329.16
e49eeb,Brazil,115.58,510.54
e49eef,Brazil,214.8,10317.48
3c5eef,Germany,166.97,7635.24
3c5eee,Germany,213.0,11932.92
8014db,India,3.34,
e49ef1,Brazil,210.34,12298.68
e49ef3,Brazil,278.08,12275.82
471f8e,Hungary,212.03,10492.74
8014f3,India,191.31,8511.54
3d1229,Germany,53.56,1005.84
8014f8,India,245.44,10370.82
8014f0,India,235.0,10546.08
e0b255,Argentina,212.98,10058.4
3d2550,Germany,56.39,1005.84
8a0454,Indonesia,165.51,5920.74
e0b254,Argentina,4.63,
4400eb,Austria,209.63,9441.18
4520d0,Bulgaria,217.42,12131.04
a39d9e,United States,245.43,12679.68
343147,Spain,96.21,746.76
471f9a,Hungary,183.63,4061.46
4400f8,Austria,5.4,
471f9e,Hungary,239.32,10500.36
471f9f,Hungary,216.82,11452.86
343141,Spain,0.0,
392035,France,34.66,4396.74
e49eca,Brazil,223.95,12268.2
471f86,Hungary,209.63,9944.1
8a0448,Indonesia,239.27,11422.38
471f6f,Hungary,230.11,10447.02
8a0441,Indonesia,125.35,1173.48
e49ed4,Brazil,124.97,1981.2
471f6e,Hungary,252.71,11094.72
e49ed5,Brazil,183.59,6423.66
471f6b,Hungary,65.15,396.24
87453a,Japan,225.34,8161.02
8014d6,India,241.27,9616.44
68252e,Mongolia,214.57,10904.22
8014d0,India,230.42,12268.2
34444b,Spain,136.2,1188.72
8014ce,India,9.26,
471f7a,Hungary,0.0,
344459,Spain,153.49,3764.28
471f69,Hungary,241.26,10561.32
4a2022,Romania,245.37,11445.24
471f66,Hungary,238.35,9814.56
4a2023,Romania,219.59,
8a03b1,Indonesia,170.8,4023.36
471f62,Hungary,227.83,10309.86
3d37be,Germany,62.99,556.26
3c17d6,Germany,0.0,
344449,Spain,7.72,
4400c8,Austria,135.29,1897.38
8a03a5,Indonesia,258.58,10972.8
344446,Spain,239.61,11856.72
471f71,Hungary,231.65,11978.64
343104,Spain,62.16,3870.96
4400b7,Austria,242.6,11704.32
471f5c,Hungary,221.77,10751.82
471f5d,Hungary,195.63,7231.38
51119a,Estonia,220.94,11483.34
4400b3,Austria,219.81,11871.96
4400b2,Austria,234.44,12039.6
4400e3,Austria,216.09,12161.52
471f44,Hungary,240.13,10995.66
5003b2,San Marino,162.88,4099.56
7809aa,China,227.47,9883.14
4400dc,Austria,211.01,7734.3
e48c4c,Brazil,199.19,9685.02
a59601,United States,156.91,3055.62
4400e5,Austria,58.5,853.44
471f55,Hungary,214.8,11071.86
471f3e,Hungary,228.06,10767.06
a3a61b,United States,247.81,9860.28
7809d9,China,155.08,3703.32
344417,Spain,254.36,9334.5
3c4d4a,Germany,232.41,9090.66
469c35,Greece,44.25,784.86
469c36,Greece,43.18,960.12
a88d3c,United States,243.48,11300.46
ada595,United States,197.42,3596.64
398e40,France,32.9,662.94
5003bd,San Marino,225.61,12092.94
a88d47,United States,253.94,10668.0
344409,Spain,235.61,11826.24
5003d8,San Marino,,
398e49,France,219.37,7688.58
471f36,Hungary,219.42,11407.14
471f37,Hungary,225.54,11071.86
471f38,Hungary,227.44,11498.58
471f31,Hungary,1.03,
471f32,Hungary,78.24,327.66
48d161,Poland,40.38,252.07
801612,India,250.5,11635.74
801613,India,227.42,11894.82
458f5a,Denmark,67.5,1866.9
471f02,Hungary,237.0,10462.26
471f03,Hungary,234.41,11049.0
471f00,Hungary,241.58,11079.48
48816b,Poland,81.12,1905.0
471f01,Hungary,217.62,11315.7
471f06,Hungary,227.34,11490.96
471f04,Hungary,251.15,10081.26
a63a5c,United States,51.31,236.22
471f05,Hungary,169.57,3444.24
46c9a1,Greece,231.63,10469.88
e07543,Argentina,219.3,11818.62
4cc331,Iceland,109.37,5562.6
7809fa,China,186.36,7597.14
885283,Thailand,238.88,11087.1
3ffbe3,Germany,53.56,3055.62
885281,Thailand,234.95,11094.72
a3b90e,United States,190.53,4632.96
80174b,India,236.0,10721.34
3920c4,France,54.99,1310.64
8a01dc,Indonesia,80.15,670.56
3d7e93,Germany,68.34,693.42
407b55,United Kingdom,0.06,
80175a,India,221.82,9738.36
4cc278,Iceland,261.76,10881.36
c07e32,Canada,0.0,
3ffb10,Germany,33.54,632.46
a40cd9,United States,116.34,944.88
a64ce6,United States,279.26,11132.82
407b2b,United Kingdom,37.75,502.92
801742,India,149.52,1882.14
a89fe0,United States,280.15,14569.44
80172d,India,192.64,4526.28
4402a3,Austria,233.75,10447.02
80172e,India,241.27,10081.26
47a039,Norway,119.89,1036.32
a1f014,United States,64.41,1005.84
490688,Portugal,85.7,3032.76
0d10e4,Mexico,236.79,11346.18
407b8b,United Kingdom,219.02,10789.92
3c4b34,Germany,9.26,
3c4b31,Germany,262.51,9646.92
3c4b2e,Germany,1.8,
3430cd,Spain,233.78,12420.6
3430cc,Spain,205.91,8869.68
80179a,India,244.59,7604.76
3c4b45,Germany,211.46,12070.08
3c4b2a,Germany,2.06,
3c4b49,Germany,175.13,3154.68
ab048d,United States,241.18,10172.7
801784,India,189.3,
801783,India,233.87,11071.86
407b70,United Kingdom,171.94,5509.26
778823,Syrian Arab Republic,180.78,4320.54
4cc279,Iceland,257.7,11430.0
ad4454,United States,146.13,2887.98
80177d,India,76.53,472.44
80044c,India,233.48,10096.5
80177b,India,85.94,960.12
80044a,India,81.28,1493.52
e48c30,Brazil,140.95,1927.86
e49f59,Brazil,184.34,7825.74
801793,India,242.19,11681.46
800462,India,248.44,10988.04
800463,India,275.29,11833.86
801799,India,228.23,12336.78
801798,India,186.93,5006.34
3c4b4c,Germany,217.44,11506.2
ada5ee,United States,260.78,11163.3
440379,Austria,91.58,3276.6
3443d4,Spain,0.13,
440376,Austria,70.51,457.2
3443d1,Spain,194.9,4907.28
3443d3,Spain,1.03,
c0104f,Canada,239.23,11209.02
c0103a,Canada,239.82,11064.24
c01049,Canada,5.4,
3c5db0,Germany,63.38,213.36
4aca04,Sweden,233.11,11376.66
4aca08,Sweden,216.78,10347.96
4aca07,Sweden,214.19,11971.02
4aca09,Sweden,229.42,11544.3
e48ac6,Brazil,110.94,4168.14
3ffb66,Germany,58.4,2071.0
3d371c,Germany,25.56,640.08
440389,Austria,256.53,11788.14
4aca13,Sweden,3.34,
4aca14,Sweden,195.1,4686.3
440385,Austria,69.43,1524.0
3d3734,Germany,64.92,1402.08
4aca0b,Sweden,243.1,12245.34
4aca63,Sweden,271.7,12176.76
440331,Austria,199.66,4937.76
4aca69,Sweden,247.38,10607.04
489603,Poland,46.3,411.48
4bb4ea,Turkey,198.56,8862.06
407b18,United Kingdom,18.07,152.4
44032f,Austria,77.59,2087.88
8016a7,India,242.66,11986.26
8016a4,India,225.96,11323.32
4aca70,Sweden,216.07,10477.5
4aca73,Sweden,210.39,11071.86
8016b1,India,5.92,
4aca72,Sweden,135.79,3398.52
a222bf,United States,9.26,
4aca79,Sweden,128.3,1280.16
4aca78,Sweden,139.57,1912.62
76b866,Singapore,199.47,4610.1
4aca6b,Sweden,216.08,11346.18
8016b7,India,241.65,11003.28
39221c,France,20.01,441.96
8016b9,India,183.53,4282.44
a40e1c,United States,249.57,11361.42
505cdf,Slovakia,48.29,
471fa9,Hungary,242.65,11079.48
4aca46,Sweden,240.43,11727.18
4aca45,Sweden,240.14,11178.54
471fa3,Hungary,214.12,10751.82
3ffb0a,Germany,38.19,731.52
44034b,Austria,235.7,10683.24
4bb4e3,Turkey,4.63,
471fac,Hungary,70.19,960.12
76b86b,Singapore,3.86,
471fad,Hungary,221.25,11361.42
76b86d,Singapore,219.32,6477.0
505ccd,Slovakia,51.01,495.3
471fae,Hungary,232.72,9410.7
4aca50,Sweden,242.54,9509.76
4aca53,Sweden,215.48,12641.58
505ce6,Slovakia,221.77,11513.82
4aca4a,Sweden,0.9,
3ffb31,Germany,19.72,
46b927,Greece,224.78,11993.88
4aca4f,Sweden,201.26,11056.62
847114,Japan,201.77,8214.36
8015c1,India,239.08,11696.7
8015c5,India,244.04,10088.88
4b50ee,Switzerland,1.54,464.82
8015bc,India,103.47,312.42
5002f9,San Marino,51.61,182.88
8015d3,India,101.59,1181.1
392149,France,62.21,594.36
84c068,Japan,5.66,
8015ce,India,108.06,2034.54
8a0374,Indonesia,233.87,11422.38
0180b5,Libyan Arab Jamahiriya,242.62,11300.46
8015d8,India,217.03,10317.48
8015d9,India,234.7,12352.02
398de4,France,57.8,571.5
46da6c,Greece,225.84,11399.52
404659,United Kingdom,68.03,3223.26
884037,Thailand,125.19,5448.3
8015b2,India,107.2,1821.18
40463e,United Kingdom,27.82,198.12
a02b9e,United States,265.69,11155.68
873378,Japan,1.8,
e0b110,Argentina,257.24,11833.86
8015ab,India,238.27,12321.54
8015b8,India,233.32,11757.66
8015fc,India,229.17,11704.32
885303,Thailand,205.22,5676.9
885304,Thailand,205.13,7078.98
3c1786,Germany,0.06,
0086f6,South Africa,182.47,7193.28
e49dde,Brazil,210.41,11666.22
4881ac,Poland,178.08,7536.18
3c4ad8,Germany,240.08,10035.54
a51b27,United States,236.19,10325.1
38019d,France,32.12,350.52
8015e6,India,236.05,11315.7
3ffb9f,Germany,38.94,845.82
a52e50,United States,241.04,11247.12
8015db,India,210.76,9022.08
39214f,France,45.11,411.48
a2bb83,United States,248.5,11262.36
0180a0,Libyan Arab Jamahiriya,238.7,11506.2
88530f,Thailand,4.12,
88530e,Thailand,238.37,11201.4
88530a,Thailand,227.1,11430.0
417995,United Kingdom,160.34,
39348e,France,245.87,12412.98
8015ef,India,0.0,
c04937,Canada,53.95,91.44
4521ba,Bulgaria,229.06,10858.5
728671,Iraq,251.8,11125.2
e48b66,Brazil,214.05,9730.74
e48b65,Brazil,191.73,12176.76
4bc856,Turkey,240.45,11727.18
4bc854,Turkey,8.75,
4bc855,Turkey,193.02,9532.62
a0e40f,United States,102.83,3520.44
4bc852,Turkey,223.86,10713.72
3cf19d,Germany,189.33,12969.24
4521c4,Bulgaria,223.3,11361.42
c06a75,Canada,229.3,9753.6
4bc84e,Turkey,229.13,11407.14
4401e8,Austria,215.24,11986.26
4bc84f,Turkey,231.34,11498.58
4bc84c,Turkey,196.8,10043.16
4bc84d,Turkey,128.33,1706.88
4bc84a,Turkey,72.21,563.88
344557,Spain,5.4,
739347,Israel,133.13,10317.48
a4c703,United States,211.42,7856.22
70203e,Bangladesh,230.26,9906.0
4401d3,Austria,54.74,495.3
8745c2,Japan,110.17,975.36
aa92fa,United States,221.67,6347.46
c06a7d,Canada,225.28,9174.48
c06a7a,Canada,237.64,10576.56
c06a7b,Canada,182.13,9144.0
70204a,Bangladesh,0.9,
4401fa,Austria,211.31,12070.08
70204b,Bangladesh,251.46,12001.5
344546,Spain,77.55,1455.42
a0e410,United States,3.25,365.76
4bc847,Turkey,233.19,10805.16
4bc845,Turkey,218.29,10195.56
4bc843,Turkey,78.55,45.72
4bc844,Turkey,221.53,11353.8
4bc841,Turkey,213.29,8061.96
4bc842,Turkey,216.31,11369.04
4401dc,Austria,74.54,403.86
0d1151,Mexico,139.15,2446.02
4bc850,Turkey,230.31,10767.06
0d1155,Mexico,237.06,12611.1
c06a88,Canada,272.99,10949.94
4521bf,Bulgaria,167.53,4236.72
4401f7,Austria,60.91,129.54
c06a80,Canada,0.0,
4bc88c,Turkey,219.98,10728.96
4bc88d,Turkey,256.03,11132.82
87339a,Japan,274.46,9471.66
4bb567,Turkey,222.11,11353.8
a5d2d4,United States,237.43,9326.88
4787b3,Norway,245.36,11788.14
8638b0,Japan,76.03,91.44
8518ae,Japan,260.21,9425.94
4bc88f,Turkey,130.85,2011.68
4bc89a,Turkey,228.64,10812.78
80171b,India,242.95,10073.64
801726,India,218.74,12298.68
ac7e09,United States,243.93,10523.22
801733,India,215.48,7764.78
4787aa,Norway,172.78,5196.84
3d118c,Germany,46.37,1424.94
a3573a,United States,5.87,-22.86
4bc884,Turkey,229.81,10805.16
4bc881,Turkey,129.42,2004.06
72863a,Iraq,242.53,12336.78
4bc882,Turkey,226.42,
3ffaa5,Germany,38.61,
505e7d,Slovakia,63.69,
344501,Spain,95.2,1699.26
a75b65,United States,255.05,10652.76
3ffac2,Germany,62.21,1539.24
4bc887,Turkey,206.36,10843.26
4bc888,Turkey,215.9,8877.3
4bc885,Turkey,218.55,10721.34
702034,Bangladesh,237.66,
4bc894,Turkey,254.27,11102.34
4bb564,Turkey,233.19,11643.36
4bc892,Turkey,216.04,10767.06
aaf5b1,United States,237.18,10782.3
4bc893,Turkey,226.24,10927.08
4bb562,Turkey,121.88,2423.16
4bc890,Turkey,216.77,10187.94
5002bd,San Marino,264.86,13235.94
a75b5e,United States,238.75,12184.38
ab15c2,United States,208.64,3840.48
452086,Bulgaria,239.94,10431.78
a30ffd,United States,0.0,
c058b4,Canada,193.67,11209.02
80187b,India,239.82,11513.82
44007c,Austria,237.15,9997.44
3d34d5,Germany,45.89,2857.5
80187a,India,231.91,10020.3
3d34d8,Germany,57.98,1600.2
4068f6,United Kingdom,2.06,
3d21d2,Germany,45.84,1394.46
4bb475,Turkey,234.83,12633.96
801862,India,192.32,7056.12
0089c6,South Africa,101.88,5250.18
80184e,India,9.26,
c058cd,Canada,201.63,10401.3
4bb46e,Turkey,234.12,11971.02
4068cb,United Kingdom,208.93,10820.4
80052d,India,179.26,5951.22
4b5187,Switzerland,26.35,1463.04
801877,India,237.54,12039.6
801874,India,237.25,12679.68
80185f,India,4.89,
4bb46f,Turkey,249.24,12047.22
e072cf,Argentina,236.64,12298.68
3e67fd,Germany,44.6,998.22
80057d,India,206.36,5981.7
e49e51,Brazil,244.9,14874.24
3c4a12,Germany,218.3,10629.9
a9fa34,United States,181.43,5676.9
440065,Austria,250.2,11757.66
500296,San Marino,192.4,11978.64
440062,Austria,218.15,11551.92
3c4a09,Germany,238.82,10698.48
440060,Austria,162.96,4899.66
484fff,Kingdom of the Netherlands,268.59,12009.12
44004f,Austria,228.5,10591.8
702098,Bangladesh,88.18,762.0
44003a,Austria,141.68,2971.8
3c4a0d,Germany,217.09,11224.26
440053,Austria,221.36,11430.0
44003f,Austria,219.34,10073.64
44006e,Austria,218.67,6629.4
8a04f5,Indonesia,202.14,8145.78
44006c,Austria,215.73,10721.34
80188b,India,240.29,10957.56
3956fc,France,62.61,777.24
70209a,Bangladesh,237.6,12214.86
e48b01,Brazil,125.58,3360.42
8733de,Japan,267.64,8816.34
440084,Austria,0.0,
440083,Austria,208.39,12024.36
ad675f,United States,161.55,5135.88
ac3448,United States,277.25,12961.62
440080,Austria,71.22,281.94
3d47e7,Germany,0.0,
ac7ad2,United States,141.85,2468.88
440075,Austria,191.77,7368.54
70209f,Bangladesh,249.02,10843.26
440073,Austria,225.54,10500.36
800589,India,221.25,7627.62
800588,India,146.84,4617.72
800582,India,245.9,10340.34
e0b04e,Argentina,246.25,8115.3
440019,Austria,220.02,6278.88
440018,Austria,249.23,11750.04
440017,Austria,38.49,716.28
3d3606,Germany,32.03,464.82
440005,Austria,229.87,11407.14
874846,Japan,249.82,9692.64
a258b4,United States,133.87,6400.8
a2339c,United States,131.74,1363.98
440039,Austria,238.9,10767.06
4b0f7e,Switzerland,135.52,4008.12
440036,Austria,225.98,10896.6
440033,Austria,226.04,9448.8
46c942,Greece,206.97,13510.26
aa3ae9,United States,240.19,11277.6
492908,Portugal,61.41,236.22
8a0638,Indonesia,92.26,
404371,United Kingdom,49.31,457.2
440031,Austria,210.45,11521.44
a47364,United States,251.78,10652.76
440030,Austria,182.96,4434.84
3d3616,Germany,53.89,1219.2
44001b,Austria,226.21,11391.9
a6f01c,United States,0.0,
44001a,Austria,248.28,11170.92
8960f6,United Arab Emirates,235.27,
70a8eb,Nepal,130.81,5593.08
8960f7,United Arab Emirates,238.32,12710.16
8017c2,India,33.6,922.02
8840fa,Thailand,208.81,6743.7
8960f2,United Arab Emirates,248.09,12809.22
3ffa0c,Germany,34.99,1325.88
70a8e9,Nepal,170.69,4960.62
47c1f7,Norway,236.26,11391.9
8840f8,Thailand,5.14,
344195,Spain,69.85,320.04
8017a0,India,105.97,1562.1
a15b05,United States,265.06,11871.96
70a8fe,Nepal,139.38,2590.8
8960e7,United Arab Emirates,110.64,1074.42
ab2728,United States,234.3,11917.68
8003b1,India,238.14,11986.26
5001d3,San Marino,5.4,
344297,Spain,169.27,5303.52
a52b19,United States,1.8,
89611b,United Arab Emirates,269.54,11056.62
8003b3,India,76.42,
5001d4,San Marino,208.35,5372.1
89611a,United Arab Emirates,110.99,579.12
8016db,India,231.33,12595.86
a03b91,United States,210.34,5402.58
89611e,United Arab Emirates,86.38,396.24
a748bc,United States,205.77,4549.14
406977,United Kingdom,173.14,
3d1027,Germany,90.88,4084.32
300a10,Italy,42.9,
405636,United Kingdom,227.09,10378.44
4891b4,Poland,223.97,11727.18
8016c5,India,222.7,12009.12
4891b3,Poland,242.63,8503.92
8016ae,India,216.39,11643.36
34558d,Spain,90.88,2781.3
34558e,Spain,236.47,12771.12
4891ad,Poland,184.38,6515.1
4891b8,Poland,237.43,11833.86
4891b6,Poland,220.33,11894.82
8016c7,India,236.05,11643.36
5001e3,San Marino,133.77,1684.02
8016d0,India,86.88,4130.04
345597,Spain,210.99,10789.92
8016d6,India,248.34,
896119,United Arab Emirates,250.78,11582.4
5001dc,San Marino,243.29,11193.78
896121,United Arab Emirates,233.15,11430.0
8016cc,India,185.92,6553.2
8016d7,India,240.53,11003.28
abbe23,United States,231.1,10043.16
471d69,Hungary,230.2,11041.38
471d62,Hungary,208.63,11384.28
e49caa,Brazil,284.2,12420.6
471d63,Hungary,223.68,11353.8
471d61,Hungary,166.0,3421.38
e49cab,Brazil,73.38,121.92
471d66,Hungary,214.98,11475.72
471d67,Hungary,231.73,11689.08
84715c,Japan,70.57,121.92
471d72,Hungary,73.24,563.88
a12709,United States,254.4,11902.44
458d9a,Denmark,124.57,4343.4
471d70,Hungary,212.81,11407.14
3e6946,Germany,57.63,
471d5b,Hungary,225.76,11468.1
471d5f,Hungary,234.8,10462.26
a9766c,United States,72.46,777.24
4784b9,Norway,53.39,1516.38
3ffa7d,Germany,42.19,1226.82
406995,United Kingdom,166.01,4648.2
8003e3,India,80.48,335.28
403003,United Kingdom,40.85,487.68
3d8ff2,Germany,48.83,190.5
4784c2,Norway,221.77,11879.58
344216,Spain,211.16,8435.34
344217,Spain,193.4,5570.22
345543,Spain,110.57,1280.16
8470a0,Japan,110.87,1615.44
a12731,United States,249.38,11910.06
a8db1e,United States,77.21,3314.7
4b0dd5,Switzerland,0.0,
841c60,Japan,216.32,5996.94
7cb05c,Australia,182.02,4853.94
801800,India,0.0,
3d48a5,Germany,93.21,2301.24
801804,India,239.74,11346.18
801806,India,118.23,647.7
4bb421,Turkey,233.03,9517.38
a04dd5,United States,60.88,1958.34
89617c,United Arab Emirates,251.41,11407.14
896194,United Arab Emirates,243.15,12611.1
896192,United Arab Emirates,239.83,12687.3
896191,United Arab Emirates,234.58,12656.82
4a3123,Romania,213.17,10858.5
3e3090,Germany,220.36,12283.44
a89e93,United States,48.68,2948.94
89618a,United Arab Emirates,252.53,12390.12
896176,United Arab Emirates,235.87,10195.56
896174,United Arab Emirates,253.21,11696.7
896179,United Arab Emirates,257.34,11963.4
896178,United Arab Emirates,7.72,
a0f428,United States,0.45,
a0f427,United States,254.53,12420.6
80183a,India,233.06,11650.98
89616a,United Arab Emirates,250.9,11696.7
a1277a,United States,258.64,11742.42
896185,United Arab Emirates,158.29,4876.8
896188,United Arab Emirates,276.15,9410.7
896181,United Arab Emirates,241.72,12542.52
c07a0f,Canada,157.74,3848.1
40690a,United Kingdom,237.81,11102.34
40690d,United Kingdom,0.0,
801817,India,244.39,9532.62
4b5156,Switzerland,245.46,10393.68
801822,India,73.57,403.86
80180b,India,115.16,2887.98
505d58,Slovakia,76.64,
ab38aa,United States,239.24,11932.92
39b9a4,France,133.79,7680.96
801823,India,150.0,3848.1
801832,India,240.72,11696.7
c07a14,Canada,239.99,12809.22
781ad8,China,225.73,9471.66
44019a,Austria,242.94,7406.64
39dd49,France,224.71,11460.48
39dd41,France,203.76,10180.32
00b34d,South Africa,62.87,2369.82
39dd42,France,8.23,
a77dae,United States,263.43,10538.46
a12796,United States,252.37,11300.46
50013f,San Marino,0.0,
489470,Poland,46.28,693.42
a2477a,United States,55.15,426.72
3d8f7e,Germany,87.98,4495.8
70a9f1,Nepal,113.85,3208.02
452164,Bulgaria,235.65,12306.3
452163,Bulgaria,247.09,12306.3
8a03f3,Indonesia,71.49,830.58
e071d1,Argentina,219.49,
440179,Austria,27.78,
440184,Austria,102.25,1082.04
440181,Austria,246.51,11826.24
38aa5c,France,45.38,
452153,Bulgaria,154.49,3230.88
440165,Austria,34.47,457.2
45213d,Bulgaria,222.72,10835.64
500165,San Marino,156.25,6248.4
47878d,Norway,134.59,2811.78
440172,Austria,222.97,12435.84
440171,Austria,0.0,
452186,Bulgaria,228.3,10690.86
440198,Austria,9.26,
39dd58,France,136.95,2255.52
45216e,Bulgaria,218.49,10134.6
45caaf,Denmark,159.79,3931.92
39dd59,France,136.4,5448.3
47875a,Norway,0.0,
adfebb,United States,12.35,
45caad,Denmark,156.48,3421.38
ac8efa,United States,0.0,
3d46e1,Germany,39.13,678.18
452172,Bulgaria,258.58,9989.82
452169,Bulgaria,218.48,10767.06
452166,Bulgaria,216.19,7688.58
471dbf,Hungary,82.33,937.26
4bd8d0,Turkey,223.67,11376.66
45caa8,Denmark,217.06,8519.16
471dbe,Hungary,139.05,1143.0
45caa2,Denmark,129.35,3573.78
300a85,Italy,229.49,10629.9
e4a549,Brazil,226.57,12230.1
471dbc,Hungary,211.34,9662.16
4b0e3f,Switzerland,38.2,1139.0
440132,Austria,245.44,11186.16
452119,Bulgaria,220.58,10668.0
471dc0,Hungary,225.71,10629.9
4c2e40,Serbia,74.56,1272.54
44012f,Austria,232.83,10736.58
4b0e44,Switzerland,43.0,1317.0
452113,Bulgaria,203.0,11399.52
471dc1,Hungary,226.09,10888.98
4bd8d2,Turkey,74.89,190.5
8018b2,India,101.89,1272.54
4bd8ce,Turkey,76.48,220.98
4bd8cc,Turkey,78.4,685.8
8a0536,Indonesia,140.72,899.16
a95132,United States,235.72,11620.5
8018b5,India,92.95,2872.74
8a051c,Indonesia,236.5,11132.82
8018b7,India,235.2,11330.94
452142,Bulgaria,239.33,12329.16
e4a526,Brazil,152.14,5242.56
3d481d,Germany,54.24,990.6
300a63,Italy,104.45,2674.62
8a0521,Indonesia,225.71,8061.96
452138,Bulgaria,222.77,10119.36
68220d,Mongolia,4.89,
45211e,Bulgaria,146.0,2552.7
471dab,Hungary,215.9,9273.54
440144,Austria,98.59,1699.26
8a0516,Indonesia,237.68,11780.52
471db7,Hungary,235.43,10789.92
471db8,Hungary,225.01,11300.46
471db9,Hungary,248.96,11102.34
4bd8c9,Turkey,109.53,1150.62
4bd8c8,Turkey,11.32,
4bd8c6,Turkey,105.59,1592.58
452126,Bulgaria,3.6,
471db3,Hungary,230.02,11064.24
471db0,Hungary,205.15,7429.5
4bb2b0,Turkey,224.27,10751.82
a126ec,United States,197.59,6377.94
a1ac1a,United States,108.87,838.2
8a0508,Indonesia,153.99,3398.52
a246cb,United States,187.84,3375.66
4bb2aa,Turkey,8.75,
84d622,Japan,0.0,
8018dd,India,234.32,10888.98
39462e,France,48.84,617.22
300a3a,Italy,226.37,11711.94
7020a2,Bangladesh,0.0,
781aa6,China,0.0,
8018df,India,1.29,
7020ae,Bangladesh,3.86,
7020ac,Bangladesh,222.45,11948.16
7020b8,Bangladesh,127.0,4754.88
300a4d,Italy,49.22,358.14
7020b4,Bangladesh,247.8,11719.56
8018c3,India,247.71,11102.34
440117,Austria,4.12,
a52aed,United States,220.2,9685.02
7020be,Bangladesh,242.3,12298.68
7020bd,Bangladesh,236.96,
300a26,Italy,181.64,8679.18
8018c7,India,252.52,10774.68
8018c9,India,181.68,6713.22
4bb2a1,Turkey,0.0,
e49bfe,Brazil,202.87,10949.94
e49bff,Brazil,208.05,11673.84
846020,Japan,192.9,4183.38
a126e6,United States,244.44,7825.74
a126e7,United States,245.75,12001.5
4bb2a3,Turkey,73.0,312.42
a7cf10,United States,268.56,11879.58
8004d6,India,136.5,3124.2
8004d5,India,151.61,4762.5
ab5c12,United States,279.43,10622.28
89624b,United Arab Emirates,231.14,11102.34
4bb1e7,Turkey,228.61,12687.3
4bb1e4,Turkey,245.14,11056.62
4bb1e5,Turkey,220.32,12588.24
4bb1e3,Turkey,233.48,11955.78
506f87,Slovenia,35.11,
a77f26,United States,254.22,11262.36
8004df,India,247.06,12367.26
4bb1e8,Turkey,246.26,12329.16
4892c1,Poland,253.56,11826.24
4892c0,Poland,235.52,9273.54
4892c5,Poland,248.11,11841.48
8017f7,India,252.05,10995.66
4892c2,Poland,235.82,12001.5
a233ce,United States,213.21,7620.0
34569a,Spain,220.4,12047.22
4892c9,Poland,215.88,11414.76
4892c8,Poland,239.16,11765.28
4892c7,Poland,232.65,12329.16
8017f8,India,13.39,876.3
4892c6,Poland,242.8,11612.88
343046,Spain,210.44,8389.62
896206,United Arab Emirates,87.89,
34568c,Spain,127.55,1310.64
34568d,Spain,191.72,5494.02
896212,United Arab Emirates,232.25,10812.78
884213,Thailand,79.98,
345699,Spain,69.21,670.56
884215,Thailand,144.99,3581.4
345691,Spain,222.98,10873.74
345692,Spain,223.79,11490.96
896217,United Arab Emirates,248.74,11384.28
896218,United Arab Emirates,238.87,10904.22
884206,Thailand,218.77,11087.1
345686,Spain,0.19,
345687,Spain,218.6,9593.58
505c8b,Slovakia,52.22,495.3
345688,Spain,214.52,10904.22
ae1f4e,United States,35.52,2377.44
471e60,Hungary,213.65,8983.98
a340c8,United States,198.66,7627.62
4785bf,Norway,159.92,7155.18
e08594,Argentina,210.83,11262.36
4785be,Norway,176.06,7437.12
4785bd,Norway,143.55,6210.3
344341,Spain,236.61,9928.86
ab00d6,United States,223.48,10736.58
ae1f55,United States,31.09,1699.26
ae1f53,United States,34.95,2011.68
471e5e,Hungary,230.21,9235.44
8004fa,India,218.02,13898.88
ad9ac9,United States,98.77,487.68
801913,India,172.54,5775.96
e49c59,Brazil,181.89,12184.38
739572,Israel,195.49,12115.8
345659,Spain,214.73,9250.68
73956b,Israel,4.63,
a88c60,United States,4.12,
50018a,San Marino,247.42,8831.58
4785c2,Norway,148.7,4251.96
8a04ab,Indonesia,218.05,6362.7
ab148e,United States,229.25,10690.86
80191b,India,8.23,
781c07,China,7.72,
345645,Spain,0.0,
a9d9f7,United States,225.31,9921.24
ae7458,United States,200.78,11567.16
ad5480,United States,0.0,
781c17,China,78.47,68.58
8a04a6,Indonesia,212.67,4861.56
801904,India,233.86,12001.5
7c617e,Australia,28.03,274.32
840a7c,Japan,0.0,
a4c3e4,United States,161.53,4236.72
34560d,Spain,242.43,11811.0
a03bf4,United States,240.19,13655.04
aa90a0,United States,8.23,
345617,Spain,219.79,11506.2
345613,Spain,62.51,487.68
345614,Spain,166.31,3916.68
345612,Spain,222.93,10248.9
471e16,Hungary,236.5,10744.2
39dd02,France,217.21,12009.12
39dd05,France,232.46,6697.98
39dd01,France,216.68,10782.3
e49c5a,Brazil,219.75,9037.32
3d2280,Germany,79.24,2141.22
4aecd2,Sweden,177.89,2072.64
48d029,Poland,25.34,
3d2297,Germany,78.44,2766.06
781bf5,China,241.34,11140.44
3d32a8,Germany,54.17,1021.08
4079f6,United Kingdom,121.24,2301.24
4079f7,United Kingdom,237.43,12382.5
a8496e,United States,240.66,10660.38
3451cf,Spain,249.84,12809.22
4066ab,United Kingdom,211.2,11132.82
4066b9,United Kingdom,217.85,11506.2
3451d4,Spain,173.26,3634.74
4bb261,Turkey,149.85,2758.44
aac136,United States,270.27,11163.3
00979b,South Africa,208.89,9692.64
8962d1,United Arab Emirates,193.57,4442.46
4079cc,United Kingdom,0.0,
4079cd,United Kingdom,143.24,4145.28
02010d,Morocco,215.47,8702.04
500028,San Marino,97.69,3558.54
4079d1,United Kingdom,156.71,3276.6
020118,Morocco,240.72,11414.76
4079d2,United Kingdom,215.2,10949.94
020113,Morocco,220.43,11551.92
008487,South Africa,243.76,11239.5
3847ff,France,11.32,
020110,Morocco,231.43,11559.54
c012ba,Canada,85.85,1143.0
020104,Morocco,250.12,11811.0
abe147,United States,228.5,11925.3
4066fa,United Kingdom,65.29,998.22
738284,Israel,229.94,10896.6
4bb295,Turkey,205.43,9685.02
4bb28d,Turkey,214.9,10530.84
4bb28b,Turkey,223.29,11117.58
4bb28c,Turkey,244.88,10995.66
4bb28a,Turkey,247.12,9906.0
c038c8,Canada,285.84,10507.98
ad479d,United States,261.76,12458.7
478411,Norway,37.73,480.06
44cdcf,Belgium,224.55,11727.18
44cdcd,Belgium,102.71,952.5
44cdcc,Belgium,237.92,11727.18
a4c98f,United States,0.0,
4bb268,Turkey,228.12,11087.1
3d8e2a,Germany,90.29,3535.68
4bb276,Turkey,71.51,281.94
4bb273,Turkey,246.98,11125.2
a095b4,United States,243.5,11635.74
4bb26f,Turkey,211.99,10812.78
4bb26e,Turkey,131.38,1790.7
4bb26c,Turkey,149.12,3535.68
3c5b32,Germany,7.72,
4bb288,Turkey,99.29,975.36
4bb286,Turkey,229.34,
4bb287,Turkey,229.81,10774.68
4bb284,Turkey,230.49,8481.06
896409,United Arab Emirates,265.77,11788.14
896406,United Arab Emirates,224.08,4221.48
44cdc5,Belgium,228.81,11239.5
896411,United Arab Emirates,244.66,11963.4
44cdc2,Belgium,133.3,2941.32
46772a,Finland,3.86,
44cdd1,Belgium,227.55,11734.8
adde95,United States,263.18,11216.64
44cdca,Belgium,212.65,11521.44
731a2b,Islamic Republic of Iran,72.54,144.78
c038aa,Canada,209.6,11628.12
c038a7,Canada,274.21,9669.78
4b0d40,Switzerland,150.5,8656.32
ac6da0,United States,261.37,12435.84
781ba9,China,272.26,10660.38
34529a,Spain,254.66,13319.76
020140,Morocco,185.21,4945.38
781bb2,China,1.03,
02012b,Morocco,151.43,3924.3
506ca5,Slovenia,206.25,12946.38
020139,Morocco,217.1,11529.06
4079a9,United Kingdom,220.1,12024.36
a70378,United States,85.9,739.14
020124,Morocco,227.49,12039.6
7c764d,Australia,69.13,228.6
020122,Morocco,244.02,13098.78
345287,Spain,30.92,396.24
a8dff1,United States,241.85,9906.0
4c2d40,Serbia,191.38,12687.3
8a082a,Indonesia,216.5,7886.7
8a082d,Indonesia,241.52,10767.06
781be8,China,244.6,9959.34
a082fd,United States,0.0,
781be6,China,226.36,10439.4
84c43e,Japan,228.76,8458.2
ac142e,United States,259.01,10607.04
8a0837,Indonesia,202.21,5814.06
ab077d,United States,142.45,2545.08
3dde80,Germany,42.19,1356.36
4b0c95,Switzerland,70.51,3329.94
395522,France,55.58,1790.7
780a4b,China,101.88,1539.24
e80609,Chile,131.73,1356.36
896372,United Arab Emirates,243.83,11795.76
780a66,China,234.85,11750.04
8005ef,India,246.3,12283.44
780a67,China,247.29,11117.58
8005ee,India,248.09,12931.14
a51e9f,United States,211.57,12115.8
acab0e,United States,229.96,11597.64
e80612,Chile,252.38,11003.28
344043,Spain,0.0,
31e067,Italy,58.49,3040.38
3d474e,Germany,35.04,480.06
e8060d,Chile,1.29,
ab4e94,United States,257.5,9479.28
e8060b,Chile,194.24,11384.28
895052,Brunei Darussalam,118.69,1120.14
895058,Brunei Darussalam,233.98,11460.48
34535a,Spain,219.35,10896.6
780a6a,China,232.14,11102.34
e80627,Chile,219.89,12329.16
346691,Spain,9.26,
346690,Spain,87.02,784.86
346692,Spain,215.75,10881.36
781d9e,China,1.54,
e8061f,Chile,219.07,11254.74
e8061b,Chile,213.59,10637.52
e48fcf,Brazil,71.8,792.48
4c80a2,Cyprus,48.69,1013.46
4c80a5,Cyprus,196.85,5394.96
e80630,Chile,90.24,922.02
896356,United Arab Emirates,234.85,6972.3
4c80a6,Cyprus,138.09,2354.58
780a89,China,245.77,11765.28
ac12be,United States,230.35,12519.66
780a7a,China,184.43,5593.08
e80632,Chile,267.4,11224.26
adde49,United States,243.94,11925.3
a5c2ea,United States,171.37,4229.1
e8062f,Chile,220.31,11795.76
780a96,China,251.09,10157.46
896357,United Arab Emirates,201.1,6918.96
3d8df8,Germany,77.81,3108.96
38353d,France,69.04,
e8062d,Chile,226.38,9776.46
4c80b8,Cyprus,220.05,7033.26
780a99,China,142.76,1988.82
780a97,China,223.09,11689.08
780a8a,China,218.82,8054.34
405455,United Kingdom,212.38,11460.48
884343,Thailand,138.0,4511.04
44ce79,Belgium,225.7,9113.52
44ce78,Belgium,219.98,7307.58
4bb0f4,Turkey,152.04,2796.54
405456,United Kingdom,117.07,3528.06
44ce77,Belgium,238.21,11719.56
780a8f,China,247.5,12047.22
4bb0f3,Turkey,4.63,
44ce75,Belgium,170.64,5730.24
4bb0f0,Turkey,246.21,12001.5
896326,United Arab Emirates,2.31,
44ce6a,Belgium,228.67,12382.5
40676a,United Kingdom,181.59,6202.68
a7f08e,United States,193.27,4008.12
c07fbb,Canada,242.04,11925.3
896334,United Arab Emirates,128.92,1691.64
44ce6f,Belgium,0.0,
780a9c,China,279.56,10774.68
780a9b,China,243.67,13014.96
02019d,Morocco,249.21,11826.24
4bb0fa,Turkey,7.2,
c07fb8,Canada,286.05,11102.34
39a53b,France,0.0,
884364,Thailand,105.68,4145.28
731a74,Islamic Republic of Iran,246.76,10363.2
896303,United Arab Emirates,263.66,11109.96
34530d,Spain,1.8,
88434a,Thailand,97.1,746.76
88434b,Thailand,140.01,
346648,Spain,230.18,11468.1
44ce62,Belgium,106.82,769.62
44ce61,Belgium,177.38,6515.1
346644,Spain,225.2,10538.46
345314,Spain,244.2,11170.92
4bb0e5,Turkey,196.83,12733.02
406752,United Kingdom,207.09,7886.7
406755,United Kingdom,232.28,11727.18
406754,United Kingdom,189.47,3543.3
4bb0e4,Turkey,200.93,8488.68
4bb0e2,Turkey,122.13,1600.2
896316,United Arab Emirates,252.11,11369.04
3e6727,Germany,29.52,
89630e,United Arab Emirates,245.82,12344.4
a6f5b5,United States,217.06,8686.8
44ce72,Belgium,114.17,1638.3
e80600,Chile,0.0,
4bb0e9,Turkey,223.04,8092.44
884347,Thailand,127.15,3002.28
0200fb,Morocco,215.43,11445.24
6832b3,Kazakhstan,216.0,12077.7
009812,South Africa,37.1,1935.48
34660d,Spain,198.09,5943.6
34660f,Spain,210.08,9616.44
0200f8,Morocco,186.6,7322.82
4ab823,Sweden,92.57,1272.54
4ab824,Sweden,244.75,11612.88
e0664b,Argentina,218.1,11475.72
506e19,Slovenia,47.49,1097.28
780a0d,China,231.68,8671.56
89639c,United Arab Emirates,232.68,11993.88
80073a,India,244.07,13007.34
4bb208,Turkey,252.77,11163.3
4bb209,Turkey,188.29,5372.1
4bb207,Turkey,107.65,1013.46
4bb204,Turkey,200.63,4244.34
4bb212,Turkey,219.16,10157.46
780a27,China,115.04,1744.98
0200af,Morocco,223.8,12131.04
780a28,China,7.2,
4bb20a,Turkey,224.67,10789.92
3ddddf,Germany,83.42,2087.88
4bb213,Turkey,229.76,11117.58
8a07ce,Indonesia,228.94,11734.8
4bb214,Turkey,137.39,2560.32
506e1d,Slovenia,51.24,731.52
4bb20d,Turkey,0.0,
4bb20b,Turkey,192.04,5143.5
4bb20c,Turkey,233.59,11148.06
89637c,United Arab Emirates,191.23,5265.42
ac25c4,United States,72.54,144.78
ad45a4,United States,0.0,
a2aab5,United States,249.76,11315.7
780a49,China,4.12,
800732,India,247.25,13312.14
780a43,China,90.71,1059.18
a13af4,United States,281.74,12443.46
780a3e,China,255.85,10332.72
780a3c,China,0.0,
505b14,Slovakia,63.24,1866.9
800736,India,253.38,13022.58
800734,India,233.57,6225.54
a07176,United States,267.0,11871.96
800739,India,200.72,8100.06
780a59,China,245.46,11384.28
800740,India,246.96,12352.02
4bb201,Turkey,102.67,906.78
7c74a3,Australia,7.46,
8830ed,Thailand,137.67,2804.16
a86ab5,United States,226.58,6979.92
847517,Japan,265.99,10111.74
a44166,United States,238.72,9974.58
a63dff,United States,281.55,10767.06
a69463,United States,270.24,10576.56
750094,Malaysia,80.47,845.82
a6946b,United States,0.0,
48922b,Poland,210.92,12031.98
4bb145,Turkey,199.6,7193.28
c013d0,Canada,193.55,7741.92
4bb146,Turkey,281.76,11033.76
4bb143,Turkey,195.26,6088.38
4bb141,Turkey,255.24,11033.76
4067bf,United Kingdom,52.02,274.32
8963f3,United Arab Emirates,195.62,6682.74
8963f1,United Arab Emirates,259.2,12329.16
8963f7,United Arab Emirates,228.25,12748.26
489227,Poland,223.68,11925.3
4bb108,Turkey,142.29,3238.5
8963eb,United Arab Emirates,265.0,12336.78
8963ea,United Arab Emirates,154.36,1935.48
3452ca,Spain,105.49,
4bb10b,Turkey,256.53,10820.4
489220,Poland,228.92,11513.82
4aa46c,Sweden,46.11,434.34
489223,Poland,224.02,11925.3
a69495,United States,249.56,10957.56
489222,Poland,239.1,10789.92
489221,Poland,231.05,11719.56
8963d5,United Arab Emirates,237.34,11742.42
8963d4,United Arab Emirates,258.48,3909.06
4bb15a,Turkey,181.54,3825.24
3452c9,Spain,215.33,12169.14
484ee7,Kingdom of the Netherlands,1.03,
3452c7,Spain,4.12,
484ee4,Kingdom of the Netherlands,1.29,
484ee5,Kingdom of the Netherlands,231.86,9319.26
3452c8,Spain,215.28,10820.4
8963d9,United Arab Emirates,240.95,11399.52
8963e1,United Arab Emirates,237.62,11940.54
8963e0,United Arab Emirates,249.28,11361.42
8963e4,United Arab Emirates,238.77,10805.16
8963e3,United Arab Emirates,247.23,12016.74
a4418d,United States,222.09,6758.94
4bb189,Turkey,243.73,11711.94
8963da,United Arab Emirates,237.72,12039.6
4bb186,Turkey,240.07,11544.3
8963dc,United Arab Emirates,235.02,11361.42
8963e8,United Arab Emirates,248.29,12573.0
8963e7,United Arab Emirates,238.29,12595.86
8963b3,United Arab Emirates,239.84,13258.8
3465d4,Spain,217.73,12778.74
4bb152,Turkey,254.17,11003.28
4bb153,Turkey,253.78,12603.48
8963b6,United Arab Emirates,235.02,7178.04
478528,Norway,10.91,365.76
781e0a,China,233.26,10820.4
4bb14a,Turkey,270.06,11064.24
abe28f,United States,67.67,769.62
4bb14b,Turkey,109.64,1607.82
3465c9,Spain,171.34,5280.66
a50adc,United States,255.82,11155.68
8a05ef,Indonesia,229.67,8641.08
4067f0,United Kingdom,212.56,10881.36
8963c9,United Arab Emirates,232.53,11727.18
a333b5,United States,222.25,6469.38
a4b6b6,United States,198.27,10012.68
896527,United Arab Emirates,65.5,289.56
4ac9e1,Sweden,200.38,11300.46
4ac9e3,Sweden,114.56,1783.08
4ac9e5,Sweden,220.97,12108.18
4ac9e6,Sweden,170.51,6073.14
4ac9e7,Sweden,215.97,10568.94
4ac9e9,Sweden,222.73,11925.3
a333ae,United States,246.73,11201.4
020058,Morocco,245.84,11841.48
3d31f8,Germany,53.5,815.34
896536,United Arab Emirates,276.62,11102.34
896534,United Arab Emirates,250.23,11704.32
a4c9f8,United States,98.69,1249.68
404273,United Kingdom,25.21,
4ac9f3,Sweden,215.71,11917.68
4ac9f4,Sweden,220.36,11803.38
4ac9f8,Sweden,59.77,99.06
89652d,United Arab Emirates,161.43,2514.6
4bd6a5,Turkey,41.37,1280.16
478514,Norway,158.29,7612.38
896502,United Arab Emirates,28.81,
4b0c1d,Switzerland,57.33,1280.16
02006f,Morocco,232.92,12146.28
4ac9c6,Sweden,205.9,8770.62
a87f14,United States,56.36,266.7
020073,Morocco,216.84,12131.04
020072,Morocco,227.85,12115.8
4bb18f,Turkey,254.87,12230.1
4bb18a,Turkey,159.31,3848.1
896512,United Arab Emirates,229.56,10888.98
896517,United Arab Emirates,140.35,2499.36
02005b,Morocco,213.74,9593.58
020066,Morocco,221.62,10866.12
781ce0,China,225.73,
781ce5,China,149.76,4892.04
4b1f5e,Switzerland,53.18,624.84
781cde,China,248.36,10637.52
46a0ef,Greece,40.75,
47c0d9,Norway,217.42,11277.6
4ac9eb,Sweden,243.92,11391.9
4ac9ec,Sweden,217.28,11620.5
4ac9ef,Sweden,258.64,12138.66
4890d0,Poland,56.6,678.18
34538e,Spain,200.61,9265.92
a98ac7,United States,46.52,4533.9
846250,Japan,268.95,12603.48
34538d,Spain,245.35,11148.06
345398,Spain,250.81,9182.1
a4c9d5,United States,239.78,10256.52
a82498,United States,70.72,3329.94
4bd6ba,Turkey,42.62,1790.7
e0658e,Argentina,90.61,373.38
89647f,United Arab Emirates,289.34,11605.26
89647e,United Arab Emirates,249.89,10759.44
89647d,United Arab Emirates,233.1,11940.54
a10838,United States,51.49,1973.58
4d02b0,Luxembourg,98.02,876.3
4d02b7,Luxembourg,4.37,
896497,United Arab Emirates,243.36,11369.04
a560f3,United States,233.57,10934.7
4d02c6,Luxembourg,197.54,10645.14
344156,Spain,139.1,2948.94
484f80,Kingdom of the Netherlands,233.04,10668.0
484f6c,Kingdom of the Netherlands,92.34,746.76
896468,United Arab Emirates,220.01,9639.3
3e0fec,Germany,43.78,396.24
484f6d,Kingdom of the Netherlands,232.02,12001.5
896473,United Arab Emirates,243.06,12633.96
896474,United Arab Emirates,239.32,12702.54
896486,United Arab Emirates,232.6,11071.86
3a2cbc,France,2.3,228.6
7c7701,Australia,225.46,9121.14
896450,United Arab Emirates,284.28,11612.88
40688e,United Kingdom,246.08,12260.58
02008b,Morocco,216.63,10805.16
40688f,United Kingdom,214.22,8740.14
896452,United Arab Emirates,254.55,10652.76
a1f503,United States,249.79,12496.8
896458,United Arab Emirates,237.39,12108.18
896457,United Arab Emirates,236.85,12649.2
896456,United Arab Emirates,207.69,5364.48
896462,United Arab Emirates,220.8,4792.98
896465,United Arab Emirates,198.32,4061.46
a693aa,United States,248.02,12534.9
896464,United Arab Emirates,199.89,4625.34
89644f,United Arab Emirates,244.56,11361.42
c01401,Canada,8.23,
a0e869,United States,201.76,3672.84
4d02cd,Luxembourg,0.0,
505a88,Slovakia,170.5,4754.88
a969b0,United States,69.63,
4d02e2,Luxembourg,68.98,777.24
e48eff,Brazil,200.84,9037.32
4d02e0,Luxembourg,174.14,5768.34
a716f6,United States,243.85,11955.78
a3cc88,United States,0.06,
896434,United Arab Emirates,232.92,11932.92
39699b,France,0.0,
896442,United Arab Emirates,263.1,
89642e,United Arab Emirates,197.33,7399.02
89642d,United Arab Emirates,190.73,6614.16
a38ef5,United States,0.0,
31e110,Italy,46.03,1592.58
780b08,China,241.16,7863.84
781e2b,China,229.15,9860.28
8963a2,United Arab Emirates,259.97,
8963a3,United Arab Emirates,235.75,10416.54
484f12,Kingdom of the Netherlands,23.01,
8a06f0,Indonesia,232.01,9243.06
780b20,China,215.0,10287.0
a58873,United States,218.66,5958.84
780b1b,China,163.05,4030.98
781e4c,China,199.37,6301.74
ab3c0d,United States,264.32,12656.82
780b1f,China,238.57,9418.32
a25bb7,United States,253.16,11292.84
e06542,Argentina,247.55,11643.36
a4423a,United States,267.47,11780.52
c012ed,Canada,0.0,
aa9800,United States,282.56,12153.9
780b43,China,210.65,7261.86
738444,Israel,238.19,11193.78
781e81,China,140.96,1623.06
4bd754,Turkey,40.6,1729.74
4bb102,Turkey,236.78,11422.38
491470,Portugal,40.44,1661.16
a1f595,United States,258.44,11887.2
89649e,United Arab Emirates,88.76,160.02
89649d,United Arab Emirates,238.3,11978.64
8460b0,Japan,139.44,2613.66
ac13b3,United States,253.71,11254.74
491464,Portugal,45.28,1005.84
491463,Portugal,51.76,1638.3
a4b827,United States,180.85,5920.74
a44212,United States,252.29,11932.92
a44214,United States,242.05,11186.16
781e9b,China,252.72,10424.16
4aa354,Sweden,14.19,243.84
68326f,Kazakhstan,10.9,10942.32
00b016,South Africa,67.98,1699.26
484bd1,Kingdom of the Netherlands,193.28,11460.48
840caf,Japan,261.54,10690.86
3965a7,France,246.07,9944.1
3965a5,France,247.59,9304.02
aad213,United States,5.4,
3965a8,France,239.36,12176.76
484bb0,Kingdom of the Netherlands,21.83,
683296,Kazakhstan,27.82,
3462c9,Spain,136.0,2872.74
3965b0,France,231.2,10134.6
3965b4,France,278.38,11087.1
008697,South Africa,223.87,10614.66
3475da,Spain,209.88,12108.18
a2babb,United States,69.31,2575.56
c023bb,Canada,273.72,10111.74
c023c7,Canada,0.0,
a3577d,United States,232.08,11582.4
a4b470,United States,126.82,2636.52
00b032,South Africa,208.24,8534.4
485ecd,Kingdom of the Netherlands,249.17,9883.14
a35781,United States,239.77,12534.9
00869b,South Africa,172.43,10066.02
485ec8,Kingdom of the Netherlands,111.37,6134.1
ab4bf7,United States,205.5,9845.04
3475d9,Spain,217.24,12153.9
a009a4,United States,250.56,11262.36
3475d8,Spain,254.55,10576.56
3475d3,Spain,249.72,12489.18
ac2567,United States,260.55,12573.0
a5c127,United States,209.86,6591.3
4064bb,United Kingdom,144.89,2476.5
3475c9,Spain,241.96,11079.48
3475c7,Spain,250.72,12519.66
8964ee,United Arab Emirates,48.1,289.56
4bb052,Turkey,224.79,9624.06
3c49c8,Germany,87.77,1211.58
4bb050,Turkey,113.7,1379.22
8964f9,United Arab Emirates,256.91,9204.96
3ccf01,Germany,221.09,13594.08
485ea6,Kingdom of the Netherlands,57.5,449.58
3c49ce,Germany,67.01,190.5
3c49cc,Germany,207.35,9563.1
4bb068,Turkey,232.92,11407.14
4bb066,Turkey,233.0,11384.28
8964ff,United Arab Emirates,255.72,11087.1
8964fe,United Arab Emirates,248.03,
8964fd,United Arab Emirates,273.12,11795.76
3c49d4,Germany,215.49,10264.14
781f26,China,148.01,2514.6
3ccf0f,Germany,237.26,12931.14
3965ab,France,296.36,10866.12
8964d2,United Arab Emirates,239.14,11056.62
3965aa,France,252.53,12070.08
3965af,France,236.81,10233.66
8964bd,United Arab Emirates,228.21,11475.72
4bb027,Turkey,132.99,1272.54
4064a4,United Kingdom,18.52,
4077ba,United Kingdom,72.89,259.08
4bb02b,Turkey,183.52,7002.78
4bb02a,Turkey,0.45,
4077bb,United Kingdom,0.0,
8964e3,United Arab Emirates,284.69,11612.88
8964e2,United Arab Emirates,249.65,10713.72
781f41,China,2.06,
750148,Malaysia,219.02,9243.06
38de3c,France,26.84,
00b08b,South Africa,209.59,7810.5
896643,United Arab Emirates,233.6,9357.36
00b08a,South Africa,136.76,2689.86
4c8096,Cyprus,201.1,5425.44
896648,United Arab Emirates,20.3,68.58
48f289,Poland,56.39,906.78
01808f,Libyan Arab Jamahiriya,194.97,7353.3
781dab,China,222.4,8054.34
00b094,South Africa,220.3,12100.56
01808b,Libyan Arab Jamahiriya,128.11,4221.48
4c808d,Cyprus,244.77,11201.4
3ddc74,Germany,55.41,998.22
00b091,South Africa,171.4,5638.8
406575,United Kingdom,186.03,3512.82
781dc5,China,234.71,10820.4
3952eb,France,40.8,396.24
018099,Libyan Arab Jamahiriya,204.08,12184.38
781dbe,China,237.37,9700.26
e80464,Chile,255.57,12237.72
40655b,United Kingdom,3.6,
40788c,United Kingdom,119.75,5105.4
88596a,Thailand,233.01,
00b089,South Africa,185.89,5471.16
89664c,United Arab Emirates,266.21,9471.66
e8045b,Chile,4.63,
780aa6,China,213.17,7879.08
345084,Spain,213.57,9906.0
407898,United Kingdom,3.86,
896626,United Arab Emirates,227.95,12725.4
780aa8,China,208.53,13007.34
e80476,Chile,241.59,12291.06
4bb075,Turkey,243.46,11666.22
4bb073,Turkey,220.32,11856.72
4bb074,Turkey,252.4,11079.48
4bb072,Turkey,238.17,11666.22
e8046d,Chile,223.02,10576.56
e8046c,Chile,246.04,12778.74
a4fc00,United States,228.59,7818.12
4bb06c,Turkey,159.18,4221.48
4c8084,Cyprus,46.43,541.02
ab1839,United States,252.68,10904.22
896639,United Arab Emirates,54.54,868.68
896638,United Arab Emirates,74.85,647.7
40653a,United Kingdom,201.95,8587.74
e80488,Chile,159.69,2628.9
780aad,China,249.97,13959.84
aaf828,United States,250.74,12352.02
40653e,United Kingdom,12.86,
780aaa,China,288.96,11071.86
3952e7,France,38.84,289.56
8008c7,India,17.49,
780ac8,China,263.02,11788.14
781df6,China,248.94,11330.94
346391,Spain,223.58,10317.48
4ab5d0,Sweden,75.93,777.24
896606,United Arab Emirates,242.16,12656.82
4ab5d2,Sweden,115.21,5288.28
a6e131,United States,94.67,754.38
e80413,Chile,197.77,7033.26
780ad8,China,141.65,1943.1
780ad9,China,186.57,7178.04
781dfa,China,4.89,
896617,United Arab Emirates,248.57,11925.3
a27f7f,United States,216.1,5151.12
896614,United Arab Emirates,229.65,9014.46
3e0f5f,Germany,0.19,
896620,United Arab Emirates,9.26,
89660b,United Arab Emirates,235.8,11704.32
7c788f,Australia,213.63,11529.06
a356db,United States,234.15,11894.82
885972,Thailand,223.84,7962.9
345041,Spain,242.43,11102.34
3ddc4b,Germany,55.45,670.56
7c7888,Australia,74.77,182.88
3e0f98,Germany,60.81,739.14
3e0f97,Germany,65.89,807.72
34768e,Spain,227.91,11216.64
34768d,Spain,253.7,9692.64
34768f,Spain,98.09,1295.4
39a2e1,France,192.18,8618.22
780ade,China,224.71,8252.46
4a52e7,Romania,33.82,891.54
3008c8,Italy,48.04,510.54
3ff9ad,Germany,47.23,2773.68
a4b49c,United States,225.06,11932.92
a093f7,United States,249.2,11003.28
4ab5aa,Sweden,36.04,228.6
347695,Spain,219.51,11536.68
484c51,Kingdom of the Netherlands,211.06,5783.58
347694,Spain,117.79,2125.98
4780ba,Norway,6.17,
347690,Spain,158.78,4884.42
3008bf,Italy,28.33,83.82
4780c4,Norway,32.1,358.14
ac3857,United States,264.59,11856.72
484c52,Kingdom of the Netherlands,191.9,7604.76
484c53,Kingdom of the Netherlands,19.55,
89659d,United Arab Emirates,240.87,6606.54
aa93c9,United States,240.89,8503.92
a4c6ec,United States,0.0,
e48dc1,Brazil,172.38,3878.58
e48dc2,Brazil,200.94,8252.46
e48dc5,Brazil,216.98,10347.96
8a09e5,Indonesia,63.72,228.6
3e7840,Germany,31.9,739.14
8a09e2,Indonesia,241.83,11940.54
a1f0d8,United States,38.59,243.84
40780d,United Kingdom,222.41,11529.06
461f9b,Finland,217.76,9867.9
461f9c,Finland,236.74,10172.7
a9b6a0,United States,246.42,10607.04
ac36cc,United States,249.47,11917.68
461f6c,Finland,214.3,11704.32
461f6e,Finland,0.0,
461f6a,Finland,0.0,
c06aac,Canada,235.64,11269.98
896596,United Arab Emirates,259.71,11689.08
3009a5,Italy,62.35,1181.1
345116,Spain,211.25,7909.56
484c24,Kingdom of the Netherlands,170.69,3261.36
407808,United Kingdom,38.41,289.56
48af0e,Poland,237.85,11818.62
c06aa7,Canada,214.75,10157.46
48af0f,Poland,229.95,11460.48
48af0d,Poland,221.93,11292.84
740826,Jordan,259.3,12923.52
48af0b,Poland,237.01,11620.5
740821,Jordan,262.55,12961.62
a38c66,United States,0.0,
3009b2,Italy,171.16,3535.68
3009b6,Italy,206.03,7040.88
345107,Spain,147.53,1996.44
e48db0,Brazil,213.5,8694.42
3009b7,Italy,183.55,4290.06
345108,Spain,195.47,6141.72
3009b4,Italy,10.8,
3009b5,Italy,146.79,2385.06
345103,Spain,242.53,11856.72
c06aa9,Canada,234.6,11201.4
406542,United Kingdom,217.06,9304.02
600854,Azerbaijan,248.8,10942.32
406544,United Kingdom,216.63,11498.58
345102,Spain,238.38,12009.12
89655c,United Arab Emirates,235.87,12115.8
461f4a,Finland,0.0,
896569,United Arab Emirates,245.44,12611.1
48af09,Poland,241.56,11742.42
406540,United Kingdom,195.43,11300.46
48af05,Poland,236.54,11338.56
39797c,France,56.08,1424.94
48af06,Poland,236.5,9349.74
48af03,Poland,233.29,11391.9
60084d,Azerbaijan,196.14,7421.88
48af01,Poland,186.27,3688.08
60084f,Azerbaijan,229.96,11170.92
48af02,Poland,246.22,9745.98
461f69,Finland,231.01,11666.22
48af00,Poland,153.08,2529.84
406539,United Kingdom,230.16,12458.7
44cc43,Belgium,217.97,12123.42
461f63,Finland,198.26,11612.88
0d1049,Mexico,231.55,11323.32
461f64,Finland,265.97,8686.8
461f65,Finland,221.65,10896.6
8a09a0,Indonesia,228.44,11437.62
461f62,Finland,226.46,10744.2
407862,United Kingdom,73.07,449.58
44cc48,Belgium,70.66,144.78
44cc47,Belgium,78.2,1021.08
89656d,United Arab Emirates,256.12,11673.84
44cc45,Belgium,102.69,1257.3
0d103f,Mexico,240.91,11033.76
400ecc,United Kingdom,58.16,388.62
44cc44,Belgium,225.27,12024.36
461f5b,Finland,270.35,12481.56
a09533,United States,251.62,10660.38
89653b,United Arab Emirates,257.81,11772.9
38467c,France,37.48,1379.22
400ed0,United Kingdom,26.85,1188.72
40650b,United Kingdom,59.55,266.7
4b9910,Turkey,248.99,11178.54
781ec1,China,223.43,9326.88
896558,United Arab Emirates,234.15,10972.8
896557,United Arab Emirates,217.22,
4b9903,Turkey,193.88,3939.54
896555,United Arab Emirates,230.32,10698.48
4b9907,Turkey,210.26,7909.56
461f59,Finland,195.51,5646.42
461f50,Finland,244.63,13289.28
38469c,France,52.66,1623.06
461f0c,Finland,235.54,12031.98
461f0d,Finland,281.74,11856.72
400f9a,United Kingdom,225.33,9570.72
4ac92a,Sweden,190.75,12313.92
781f4c,China,231.01,11064.24
400f99,United Kingdom,247.65,11780.52
8964c0,United Arab Emirates,254.12,11323.32
8964af,United Arab Emirates,230.56,11978.64
461f39,Finland,8.23,
adeddd,United States,3.86,
461f35,Finland,3.86,
461f36,Finland,128.25,2072.64
461f30,Finland,231.02,11361.42
461f31,Finland,1.54,
4b990c,Turkey,237.27,11711.94
780c37,China,143.99,
750221,Malaysia,169.34,3421.38
750220,Malaysia,200.73,5181.6
4063c3,United Kingdom,218.36,11422.38
a15ebc,United States,206.17,9723.12
781f75,China,235.31,10477.5
4076da,United Kingdom,215.86,8001.0
8964a0,United Arab Emirates,224.48,12100.56
addadb,United States,0.0,85.04
75021c,Malaysia,151.59,3230.88
4076e4,United Kingdom,65.65,320.04
8964a5,United Arab Emirates,260.99,11087.1
8964a7,United Arab Emirates,256.16,11064.24
76cc69,Singapore,253.79,9189.72
a8cc46,United States,234.4,8290.56
76cc70,Singapore,128.25,1874.52
76cc72,Singapore,248.44,12984.48
76cc77,Singapore,5.92,
780c5c,China,249.16,10431.78
76cc6a,Singapore,96.9,624.84
76cc6c,Singapore,8.75,
491113,Portugal,31.3,403.86
3d5899,Germany,149.51,8923.02
750202,Malaysia,228.41,7482.84
491114,Portugal,35.56,251.46
491115,Portugal,52.54,2148.84
780c6c,China,251.8,11292.84
a0d21f,United States,0.0,
a14bdd,United States,248.9,12489.18
780c7f,China,242.1,12420.6
48adad,Poland,235.07,11132.82
48adae,Poland,246.75,10980.42
a14bf6,United States,79.15,2941.32
4ab566,Sweden,88.06,1470.66
4ab569,Sweden,110.1,3756.66
e0b2c4,Argentina,266.93,11902.44
3c48f1,Germany,208.63,11986.26
e48e46,Brazil,71.16,792.48
3d68ce,Germany,72.46,662.94
4ab572,Sweden,84.16,2766.06
3c48ea,Germany,222.12,12108.18
478363,Norway,116.06,1493.52
3c48ee,Germany,240.52,9761.22
478362,Norway,178.76,7452.36
4b1bcc,Switzerland,47.02,807.72
4d0229,Luxembourg,242.51,12405.36
4ab56e,Sweden,82.9,3093.72
4ab56f,Sweden,92.25,3192.78
4b1bbe,Switzerland,54.08,685.8
4b1bbf,Switzerland,53.84,944.88
4078b7,United Kingdom,132.34,7734.3
a45233,United States,257.7,12542.52
484cbb,Kingdom of the Netherlands,279.16,11727.18
84b40d,Japan,265.77,11551.92
e48e0a,Brazil,245.95,10652.76
484cbc,Kingdom of the Netherlands,263.62,10523.22
484cb7,Kingdom of the Netherlands,215.8,12268.2
507caa,Uzbekistan,214.11,11437.62
8a0914,Indonesia,237.07,10568.94
3463c6,Spain,226.7,10881.36
507cc3,Uzbekistan,215.48,10805.16
4ab564,Sweden,53.23,502.92
4ab565,Sweden,132.71,4191.0
76cd02,Singapore,240.49,11879.58
76cd07,Singapore,6.17,
8a0908,Indonesia,133.84,2476.5
76cd09,Singapore,0.19,
abf351,United States,243.96,12550.14
4078fd,United Kingdom,234.63,11742.42
7c78b6,Australia,0.0,
7c78ab,Australia,184.64,10477.5
76cd19,Singapore,235.48,10866.12
7c78aa,Australia,0.06,
4d024e,Luxembourg,192.63,13601.7
76cd0c,Singapore,244.36,12984.48
76cd0e,Singapore,32.41,
75027d,Malaysia,234.3,10142.22
7c78ad,Australia,264.04,11788.14
8832cd,Thailand,247.94,9822.18
8832cf,Thailand,142.4,2103.12
750261,Malaysia,246.85,11757.66
3ff98c,Germany,39.65,
7c78a8,Australia,258.14,11849.1
8965f5,United Arab Emirates,239.33,10911.84
4078ef,United Kingdom,257.74,11102.34
8965f4,United Arab Emirates,258.86,11681.46
460cb6,Finland,97.55,5433.06
8965f3,United Arab Emirates,251.0,11407.14
51300b,Bosnia and Herzegovina,199.87,12412.98
44ccc8,Belgium,254.35,11148.06
44ccc7,Belgium,205.6,7513.32
8965f6,United Arab Emirates,0.0,
a57229,United States,0.0,
4078f0,United Kingdom,234.92,11551.92
4078db,United Kingdom,113.2,2613.66
4d0249,Luxembourg,113.57,2301.24
44ccd1,Belgium,194.22,6278.88
44ccd0,Belgium,261.42,9090.66
75025e,Malaysia,180.42,3520.44
8965ee,United Arab Emirates,185.82,4351.02
780d1e,China,212.36,8717.28
75025b,Malaysia,212.17,6560.82
76cd43,Singapore,253.76,13037.82
4d0297,Luxembourg,54.14,144.78
7c530f,Australia,165.27,5410.2
c2b55d,Canada,183.15,7269.48
7c5320,Australia,150.81,2712.72
896768,United Arab Emirates,124.33,601.98
3ff8ee,Germany,55.07,1905.0
7c531e,Australia,5.4,
7c531f,Australia,192.65,5120.64
0ac1b3,Colombia,0.0,
0ac1b6,Colombia,0.0,
e80338,Chile,247.14,11711.94
600803,Azerbaijan,243.05,10477.5
e8033b,Chile,208.46,11628.12
461fa7,Finland,255.6,7879.08
e8033d,Chile,191.17,11391.9
3ff8e1,Germany,58.87,2552.7
461fa9,Finland,232.47,10797.54
461fa2,Finland,235.4,11346.18
461fa3,Finland,233.7,10789.92
461fa5,Finland,233.48,8549.64
896743,United Arab Emirates,225.77,11993.88
461fa1,Finland,236.27,10797.54
896749,United Arab Emirates,232.86,11658.6
c81e29,New Zealand,115.82,3147.06
40666b,United Kingdom,241.08,11239.5
3ff8cc,Germany,31.8,655.32
43bfef,United Kingdom,8.75,
406674,United Kingdom,223.37,9281.16
406670,United Kingdom,215.42,10888.98
780bd9,China,146.16,3810.0
8a0993,Indonesia,106.31,800.1
40665f,United Kingdom,81.23,617.22
40798f,United Kingdom,55.79,609.6
4d0285,Luxembourg,193.5,10828.02
43bfde,United Kingdom,10.29,
a237d2,United States,43.99,1866.9
4d0283,Luxembourg,140.74,2042.16
896727,United Arab Emirates,142.62,2004.06
85d42c,Japan,219.75,8473.44
8a096e,Indonesia,119.33,1630.68
89671c,United Arab Emirates,217.09,11323.32
3009fb,Italy,57.77,678.18
3009fc,Italy,37.36,373.38
471a7f,Hungary,140.67,7962.9
aaf968,United States,242.11,12771.12
a8ded6,United States,237.33,11864.34
896707,United Arab Emirates,241.96,13373.1
346491,Spain,59.18,1752.6
780bff,China,228.63,11018.52
896718,United Arab Emirates,212.57,12070.08
4b84c7,Turkey,123.89,982.98
872766,Japan,218.76,6713.22
896714,United Arab Emirates,231.01,11369.04
405385,United Kingdom,19.79,746.76
471a79,Hungary,169.09,4663.44
40403f,United Kingdom,54.13,670.56
84b473,Japan,220.68,8077.2
a5c289,United States,192.58,13350.24
e80327,Chile,159.28,5013.96
395403,France,62.5,1943.1
0201a0,Morocco,117.74,1897.38
c07eda,Canada,281.67,12085.32
345250,Spain,142.5,3649.98
40792f,United Kingdom,4.12,
40792e,United Kingdom,5.4,
8a08b6,Indonesia,235.36,12047.22
345248,Spain,103.84,1150.62
345249,Spain,4.89,
89669b,United Arab Emirates,51.97,297.18
407930,United Kingdom,171.82,3322.32
aa94be,United States,246.88,11277.6
0201c4,Morocco,220.18,12123.42
0201c2,Morocco,213.28,10828.02
407924,United Kingdom,69.78,967.74
e49fb1,Brazil,190.28,5684.52
e49fb3,Brazil,278.47,12519.66
aa1a16,United States,243.0,11551.92
ac6d77,United States,229.65,12123.42
a86a0a,United States,71.77,891.54
3a3dc4,France,123.32,5135.88
4b83e2,Turkey,156.36,7368.54
4b1c67,Switzerland,64.26,3444.24
407913,United Kingdom,242.03,12420.6
407995,United Kingdom,156.39,3185.16
89667a,United Arab Emirates,233.83,7018.02
7501fa,Malaysia,246.94,13342.62
406669,United Kingdom,0.0,
406668,United Kingdom,215.94,11536.68
89667b,United Arab Emirates,241.57,12679.68
896687,United Arab Emirates,232.67,12298.68
34520b,Spain,240.75,10949.94
407990,United Kingdom,60.24,2537.46
406660,United Kingdom,200.26,4198.62
40797a,United Kingdom,199.85,4411.98
4b1c99,Switzerland,29.68,1371.6
89668b,United Arab Emirates,199.28,3726.18
407981,United Kingdom,88.75,2712.72
40796e,United Kingdom,0.0,
345207,Spain,173.3,5181.6
345205,Spain,181.41,7711.44
400fdb,United Kingdom,0.0,
896668,United Arab Emirates,225.29,7978.14
780ca9,China,221.08,7635.24
781fcd,China,162.25,4838.7
a10614,United States,6.94,
400fe3,United Kingdom,220.01,11071.86
400fda,United Kingdom,223.1,12062.46
a10611,United States,235.49,10347.96
89665d,United Arab Emirates,225.82,9959.34
89666d,United Arab Emirates,110.98,1645.92
780cb0,China,135.19,2217.42
40794f,United Kingdom,152.91,8496.3
39a413,France,5.66,
780cb9,China,212.49,9761.22
780cb7,China,231.66,9944.1
896681,United Arab Emirates,246.65,13235.94
76ccc9,Singapore,4.89,
76cd45,Singapore,80.23,426.72
76cd47,Singapore,240.02,
4d00ee,Luxembourg,230.05,11544.3
76cd46,Singapore,0.0,
aa9600,United States,261.87,11917.68
780d2e,China,237.87,9837.42
15204b,Russian Federation,247.98,11437.62
7c77f9,Australia,0.19,
7c77f7,Australia,218.62,10888.98
8965d5,United Arab Emirates,232.85,11704.32
152058,Russian Federation,206.91,11742.42
4d00ed,Luxembourg,225.0,10888.98
748051,Lebanon,67.08,213.36
748053,Lebanon,223.39,12725.4
a22669,United States,0.0,
8965cd,United Arab Emirates,130.22,2720.34
3e512c,Germany,74.1,3169.92
748020,Lebanon,9.26,
8832cb,Thailand,171.93,5577.84
748026,Lebanon,243.05,10012.68
748027,Lebanon,227.62,10393.68
4d00d5,Luxembourg,75.81,655.32
4d00d8,Luxembourg,155.83,7025.64
76cd71,Singapore,229.99,12077.7
76cd74,Singapore,243.56,7924.8
8965b8,United Arab Emirates,286.39,10988.04
152076,Russian Federation,53.68,9098.28
4d00dd,Luxembourg,220.65,12047.22
4d00f5,Luxembourg,192.65,6278.88
4d00f4,Luxembourg,167.69,3291.84
4d00f3,Luxembourg,220.39,11422.38
4d00f2,Luxembourg,233.12,11003.28
4d00e8,Luxembourg,234.62,10218.42
780d75,China,225.22,11734.8
8965c3,United Arab Emirates,247.67,11315.7
780d81,China,9.77,
89409a,Bahrain,239.69,10637.52
780d89,China,248.99,10134.6
4b9856,Turkey,190.45,4549.14
4b1ba0,Switzerland,66.35,1783.08
780d7f,China,228.99,8313.42
75031a,Malaysia,217.12,9456.42
748016,Lebanon,230.36,10888.98
0201d3,Morocco,209.63,11529.06
8965a3,United Arab Emirates,47.85,281.94
780d8f,China,243.89,9349.74
4b2ef8,Switzerland,69.65,1684.02
4b1bc9,Switzerland,50.48,670.56
15202a,Russian Federation,235.99,10904.22
894097,Bahrain,263.54,7879.08
894094,Bahrain,233.29,10949.94
894095,Bahrain,230.07,7810.5
a967eb,United States,0.0,
152039,Russian Federation,209.02,11605.26
ac37bd,United States,247.47,11277.6
4b1bad,Switzerland,89.27,3162.3
8462ee,Japan,128.29,2004.06
89408e,Bahrain,251.15,12374.88
89408f,Bahrain,257.57,11567.16
89408c,Bahrain,0.0,
4ab514,Sweden,43.22,609.6
3450d8,Spain,247.48,12481.56
15203c,Russian Federation,214.88,11795.76
4b1bb1,Switzerland,47.47,655.32
a954ca,United States,83.35,99.06
89906e,Taiwan,237.64,9502.14
46bc38,Greece,116.74,822.96
89906d,Taiwan,140.7,1325.88
00ef1a,South Africa,7.46,
47b9f4,Norway,54.74,3002.28
899080,Taiwan,253.19,9662.16
a7da2a,United States,256.67,11269.98
4ca4b0,Ireland,225.09,11468.1
89907e,Taiwan,5.14,
a32fa7,United States,232.6,9890.76
899096,Taiwan,141.97,3009.9
899095,Taiwan,258.59,11132.82
899097,Taiwan,178.02,5135.88
899094,Taiwan,250.83,10050.78
a7da65,United States,7.46,
899063,Taiwan,230.74,12397.74
7c3a6c,Australia,117.54,7764.78
c04051,Canada,189.54,11209.02
89905a,Taiwan,231.68,9372.6
c04052,Canada,193.47,11262.36
89905c,Taiwan,98.2,1562.1
899077,Taiwan,104.46,2560.32
899076,Taiwan,0.32,
040172,Ethiopia,247.71,13228.32
899072,Taiwan,155.26,2461.26
899071,Taiwan,239.8,10469.88
4bcd86,Turkey,225.41,12077.7
c07996,Canada,281.59,12748.26
4bcd83,Turkey,240.13,11666.22
4bcd81,Turkey,237.5,11689.08
7c4ca4,Australia,75.02,502.92
a2a300,United States,238.33,10965.18
899040,Taiwan,242.28,10279.38
a55d7d,United States,60.5,83.82
899043,Taiwan,241.18,13174.98
040143,Ethiopia,259.72,11513.82
a2796f,United States,182.02,3520.44
4ca4ea,Ireland,247.97,11178.54
406ec5,United Kingdom,49.26,243.84
4409fc,Austria,42.95,594.36
c1e972,Canada,13.38,
706213,Kuwait,240.28,10668.0
4ca4f8,Ireland,216.07,7520.94
899059,Taiwan,0.0,
c0797b,Canada,0.0,
4ca4f2,Ireland,237.33,11910.06
4ca4f0,Ireland,243.33,11795.76
899057,Taiwan,197.4,6225.54
39031c,France,49.29,1424.94
040156,Ethiopia,241.35,12969.24
49d3c6,Czech Republic,84.95,1104.9
899029,Taiwan,235.63,11117.58
a78a52,United States,0.0,
4480a5,Belgium,33.07,129.54
48fc75,Poland,30.11,
780204,China,9.26,
781535,China,97.24,883.92
89901e,Taiwan,7.46,
89901a,Taiwan,4.63,
49d3d6,Czech Republic,214.04,9502.14
04012b,Ethiopia,246.28,13243.56
485187,Kingdom of the Netherlands,51.97,
899035,Taiwan,245.62,9441.18
899032,Taiwan,127.79,2255.52
a0267b,United States,116.4,929.64
406f7c,United Kingdom,0.0,
c1e90a,Canada,4.89,
406f7b,United Kingdom,265.83,11795.76
abde0b,United States,258.65,11795.76
3c8481,Germany,207.17,10591.8
406f87,United Kingdom,232.08,12306.3
49d3f0,Czech Republic,81.9,1668.78
49d3dd,Czech Republic,0.0,281.94
c1e917,Canada,14.4,
adb086,United States,43.65,1051.56
49c0c9,Czech Republic,46.66,1066.8
3e010d,Germany,43.58,365.76
486491,Kingdom of the Netherlands,248.92,9189.72
486492,Kingdom of the Netherlands,94.83,662.94
486494,Kingdom of the Netherlands,249.95,11696.7
44819e,Belgium,7.46,
406f72,United Kingdom,176.78,3307.08
7813bf,China,228.58,11605.26
49d3fa,Czech Republic,236.03,8816.34
a7563a,United States,263.79,
c07973,Canada,253.89,11018.52
a32ffe,United States,246.54,11285.22
49844c,Czech Republic,75.09,1280.16
4ca4ee,Ireland,104.13,670.56
4ca4ed,Ireland,236.38,11209.02
4ca4ec,Ireland,134.38,2316.48
486464,Kingdom of the Netherlands,54.72,1036.32
a3b02e,United States,0.0,
406f52,United Kingdom,57.93,845.82
7800b2,China,224.02,8374.38
0d0867,Mexico,264.23,9936.48
48512f,Kingdom of the Netherlands,223.85,
485123,Kingdom of the Netherlands,224.66,12108.18
485122,Kingdom of the Netherlands,236.62,11437.62
e4898a,Brazil,202.81,10858.5
a06e0b,United States,256.46,10668.0
498437,Czech Republic,68.1,784.86
7800d9,China,232.76,8519.16
7800d7,China,142.93,3497.58
882e62,Thailand,240.71,12595.86
4409c0,Austria,238.59,11818.62
a6360b,United States,149.27,8100.06
e48988,Brazil,199.86,11269.98
502daa,Latvia,171.72,4023.36
502dac,Latvia,14.4,
463777,Finland,64.85,883.92
49d509,Czech Republic,0.0,
49d508,Czech Republic,200.37,13563.6
38e29c,France,65.48,
c051e6,Canada,268.93,12138.66
49d504,Czech Republic,44.9,457.2
47a743,Norway,99.4,1257.3
c051e2,Canada,197.56,11803.38
502dae,Latvia,210.9,
486403,Kingdom of the Netherlands,32.32,342.9
502db3,Latvia,64.65,137.16
49d513,Czech Republic,36.38,
845ce4,Japan,5.92,
3425cc,Spain,187.79,10767.06
448163,Belgium,2.83,
40016c,United Kingdom,245.11,11231.88
50840a,Ukraine,225.49,11475.72
4b4893,Switzerland,226.24,
44813d,Belgium,1.03,
3d06d1,Germany,58.85,2103.12
8881da,Viet Nam,230.41,11445.24
383d47,France,47.23,662.94
c064d8,Canada,187.86,11056.62
394a04,France,252.92,11376.66
394a03,France,283.91,10599.42
3cc187,Germany,111.18,1242.06
394a05,France,236.54,9532.62
3e0175,Germany,60.8,342.9
394a09,France,230.16,9471.66
4ca570,Ireland,252.55,11795.76
394a14,France,241.28,9486.9
4ca566,Ireland,248.27,11704.32
4ca565,Ireland,227.08,10401.3
4ca569,Ireland,246.38,11803.38
86da5c,Japan,207.74,6507.48
a80cf8,United States,232.96,12268.2
49d563,Czech Republic,215.59,12131.04
a9961b,United States,212.6,9928.86
49d570,Czech Republic,164.82,3406.14
ad1e05,United States,244.18,9608.82
a17b40,United States,195.14,8260.08
ab58ca,United States,0.0,
781540,China,217.75,9136.38
394a42,France,51.37,960.12
406ddc,United Kingdom,0.0,601.98
5082ef,Ukraine,144.65,2590.8
3c70cc,Germany,265.09,9822.18
395d6e,France,217.73,11041.38
ab5975,United States,215.63,9380.22
04022a,Ethiopia,280.23,10576.56
899018,Taiwan,11.32,
a2b5da,United States,231.56,11612.88
899013,Taiwan,255.88,13563.6
4ca580,Ireland,60.71,3756.66
394a0a,France,218.5,8968.74
4ca56c,Ireland,198.23,3909.06
78022e,China,232.45,10797.54
040204,Ethiopia,270.95,12603.48
78155d,China,209.94,7620.0
4ca56b,Ireland,220.38,11795.76
4ca56a,Ireland,210.52,12047.22
760a0a,Pakistan,235.81,11003.28
395d69,France,84.63,1059.18
a9704d,United States,1.54,
06a3b7,Qatar,236.05,10904.22
06a3b4,Qatar,144.95,1303.02
780254,China,202.23,7978.14
06a3b2,Qatar,62.42,144.78
78024f,China,101.99,1257.3
abefdd,United States,227.92,11902.44
3cd3b7,Germany,206.3,12077.7
780267,China,95.28,1120.14
78158a,China,230.5,11597.64
a4f5a7,United States,260.97,10500.36
3c83e2,Germany,395.09,
a01412,United States,63.81,419.1
3c70c5,Germany,116.69,1280.16
3c70c3,Germany,109.81,8488.68
a55e46,United States,261.94,12832.08
3c70c7,Germany,4.37,
34134e,Spain,228.5,9144.0
78026e,China,697.7,7749.54
a14700,United States,201.11,10447.02
502d10,Latvia,137.78,2331.72
40292b,United Kingdom,55.94,662.94
4ba9ec,Turkey,139.66,3345.18
44d1ba,Belgium,229.85,8839.2
4ba9ef,Turkey,178.52,6332.22
86ef28,Japan,248.74,12961.62
4ba9fa,Turkey,187.77,4846.32
391735,France,49.01,2156.46
add6f6,United States,129.76,3086.1
402926,United Kingdom,50.92,647.7
44d1a6,Belgium,218.98,11483.34
44d1a5,Belgium,214.6,11986.26
a91b44,United States,210.71,9989.82
4ba9ca,Turkey,226.03,12687.3
4ba9cc,Turkey,218.52,12024.36
89916c,Taiwan,249.8,13335.0
3d5fd0,Germany,133.78,7056.12
71c014,Republic of Korea,210.51,10363.2
06a377,Qatar,77.69,167.64
4ba9e9,Turkey,102.92,1173.48
76e946,Singapore,0.0,
44d1b3,Belgium,217.36,11529.06
040045,Ethiopia,253.03,12710.16
845f9f,Japan,265.05,11917.68
502d24,Latvia,243.22,10850.88
502d23,Latvia,196.97,10538.46
502d0c,Latvia,218.07,12016.74
502d0f,Latvia,248.11,10858.5
502d0e,Latvia,253.29,11483.34
3d5fc2,Germany,38.08,4701.54
71c004,Republic of Korea,104.77,1303.02
71c002,Republic of Korea,249.44,12382.5
adb0b4,United States,280.42,10500.36
502d29,Latvia,225.84,11239.5
44d1c2,Belgium,200.93,5044.44
4ba9f6,Turkey,0.9,
89914d,Taiwan,125.15,4236.72
89914c,Taiwan,108.31,2270.76
a2a41e,United States,4.63,
406fdb,United Kingdom,210.64,9418.32
76e966,Singapore,9.77,
406fda,United Kingdom,211.44,11475.72
a17ad2,United States,246.29,10652.76
502d58,Latvia,71.52,502.92
47a7a8,Norway,77.92,1554.48
502d45,Latvia,235.47,11582.4
38941b,France,0.0,
78162c,China,222.26,
44d1a2,Belgium,218.2,10911.84
3d3a82,Germany,66.41,3558.54
44d1a1,Belgium,225.07,11513.82
502d79,Latvia,229.64,8435.34
781642,China,219.18,11666.22
89912b,Taiwan,216.72,12321.54
781640,China,140.05,3459.48
4481bf,Belgium,1.54,
390418,France,49.26,876.3
a1ddbb,United States,261.4,11239.5
899142,Taiwan,7.46,
899141,Taiwan,133.64,4549.14
78163e,China,236.02,8229.6
89913f,Taiwan,232.46,10607.04
89913e,Taiwan,0.77,
89913a,Taiwan,129.75,3596.64
845f72,Japan,136.59,3497.58
502d5d,Latvia,240.68,12214.86
502d5f,Latvia,237.7,10949.94
502d5a,Latvia,206.51,11445.24
502d5c,Latvia,200.72,6743.7
502d5b,Latvia,202.34,11186.16
899150,Taiwan,103.35,2286.0
8990a5,Taiwan,239.38,12557.76
acc9d0,United States,225.48,6057.9
3fefcd,Germany,86.96,723.9
71c072,Republic of Korea,82.31,
71c076,Republic of Korea,214.68,11681.46
71c074,Republic of Korea,69.63,365.76
3cc004,Germany,237.25,14218.92
3d0698,Germany,56.47,906.78
3d0694,Germany,37.44,449.58
71c069,Republic of Korea,173.5,4876.8
a3d78d,United States,239.15,11033.76
7801b4,China,242.56,12397.74
3d067d,Germany,44.48,1036.32
71c060,Republic of Korea,240.42,9342.12
7c3b44,Australia,56.5,2225.04
71c063,Republic of Korea,86.92,1104.9
7801b9,China,211.78,8763.0
7814dd,China,0.0,
7814de,China,225.91,10759.44
7814dc,China,242.01,
ab20a6,United States,65.89,1516.38
3d068f,Germany,35.56,1417.32
71c099,Republic of Korea,7.2,
7801c9,China,243.73,13060.68
71c090,Republic of Korea,247.57,7764.78
388161,France,9.77,
71c089,Republic of Korea,196.83,6789.42
71c083,Republic of Korea,250.04,
71c081,Republic of Korea,255.54,12397.74
71c082,Republic of Korea,251.34,12367.26
49d2ee,Czech Republic,224.38,9822.18
71c085,Republic of Korea,206.5,9738.36
71c086,Republic of Korea,220.92,11422.38
ac53d5,United States,237.56,11948.16
7801cb,China,7.2,
71c034,Republic of Korea,218.89,10408.92
71c038,Republic of Korea,1.8,
c06709,Canada,0.0,
71c032,Republic of Korea,223.64,11681.46
71c031,Republic of Korea,202.34,6819.9
06a30b,Qatar,89.61,800.1
06a30c,Qatar,243.24,10934.7
7801dc,China,236.33,9753.6
86ef4a,Japan,150.12,3726.18
86dc60,Japan,213.7,10927.08
71c056,Republic of Korea,207.42,6728.46
71c050,Republic of Korea,2.57,
71c055,Republic of Korea,188.84,7025.64
e48854,Brazil,192.42,6187.44
71c045,Republic of Korea,249.18,11300.46
3e2649,Germany,141.31,2316.48
48520d,Kingdom of the Netherlands,226.14,12070.08
48520c,Kingdom of the Netherlands,229.4,12161.52
485207,Kingdom of the Netherlands,0.0,
a7448c,United States,68.64,2209.8
ab349f,United States,275.75,10058.4
a06f83,United States,240.16,11590.02
479ee7,Norway,174.83,4838.7
06a2e8,Qatar,238.62,12092.94
06a2e6,Qatar,262.07,12321.54
06a2e5,Qatar,238.44,12009.12
06a2e0,Qatar,256.23,11391.9
845dee,Japan,232.09,8130.54
06a2df,Qatar,285.15,11003.28
3928d4,France,51.09,1379.22
06a2f5,Qatar,263.22,11788.14
486511,Kingdom of the Netherlands,57.84,2720.34
06a2f6,Qatar,243.24,12733.02
06a2f3,Qatar,275.24,11841.48
06a2f4,Qatar,247.4,11681.46
06a2f2,Qatar,263.62,11704.32
a8a110,United States,250.31,11742.42
502cc6,Latvia,84.38,1531.62
06a2ef,Qatar,247.29,11673.84
46ced4,Greece,118.13,1546.86
06a2ed,Qatar,159.95,2979.42
06a2ee,Qatar,76.42,114.3
06a2ec,Qatar,269.6,11742.42
4b8df2,Turkey,226.17,11369.04
882da2,Thailand,106.08,1242.06
49d414,Czech Republic,212.86,10713.72
06a2ff,Qatar,267.4,12473.94
aa147a,United States,243.05,11262.36
06a2fd,Qatar,242.34,12748.26
502ccd,Latvia,253.83,11079.48
502ccf,Latvia,236.99,10949.94
502cce,Latvia,1476.52,
a2a3b6,United States,255.43,13014.96
ab8f0d,United States,245.39,11308.08
3cc04e,Germany,224.71,12085.32
a85118,United States,233.11,11986.26
502ce6,Latvia,238.04,10835.64
502ce5,Latvia,235.97,11330.94
7815b4,China,238.77,10149.84
502ce4,Latvia,236.05,11460.48
502ce3,Latvia,255.09,11803.38
49d423,Czech Republic,150.97,3101.34
49d420,Czech Republic,230.37,11734.8
142afa,Russian Federation,249.85,12992.1
49d41e,Czech Republic,2.31,
502cc8,Latvia,215.67,10797.54
502cc7,Latvia,236.1,11567.16
502cd7,Latvia,98.9,1485.9
a5f11d,United States,246.28,9776.46
7815c3,China,101.02,1028.7
502cd0,Latvia,223.16,11323.32
405d0f,United Kingdom,178.36,4792.98
c1e8c3,Canada,8.23,
a1cc1f,United States,212.57,8214.36
405d11,United Kingdom,222.78,11475.72
7815d0,China,236.35,9220.2
3cc086,Germany,195.06,12146.28
845dcc,Japan,221.02,6050.28
aabf50,United States,219.66,12862.56
49c129,Czech Republic,48.58,594.36
7815e9,China,228.31,9456.42
4850f6,Kingdom of the Netherlands,231.77,9593.58
4850f5,Kingdom of the Netherlands,158.87,1897.38
502d96,Latvia,209.12,12047.22
851186,Japan,1.03,
899118,Taiwan,165.81,2987.04
49d44a,Czech Republic,230.93,7917.18
040106,Ethiopia,198.25,7360.92
899126,Taiwan,1.03,
7bc007,China,261.82,11338.56
899121,Taiwan,242.36,9456.42
899124,Taiwan,259.75,11117.58
40155a,United Kingdom,50.47,601.98
502d88,Latvia,235.01,8458.2
aa26e7,United States,98.08,7749.54
c078ba,Canada,222.25,10256.52
502d89,Latvia,157.83,4503.42
a8fc06,United States,143.99,2156.46
899138,Taiwan,9.77,
502d7b,Latvia,232.12,11620.5
899135,Taiwan,184.27,2819.4
4850e6,Kingdom of the Netherlands,201.24,8877.3
502d7a,Latvia,166.34,2011.68
899130,Taiwan,141.4,1851.66
a120fe,United States,245.48,11559.54
781684,China,237.4,10980.42
781685,China,248.41,6720.84
a17c95,United States,0.0,
49c13b,Czech Republic,31.98,
3f7b3c,Germany,199.64,7368.54
781691,China,140.38,2827.02
781690,China,214.65,11239.5
781696,China,250.14,11597.64
49d47b,Czech Republic,71.66,1813.56
899107,Taiwan,82.84,114.3
845f30,Japan,176.14,6507.48
899115,Taiwan,253.38,9517.38
406ecc,United Kingdom,293.99,11765.28
ab477d,United States,236.27,11894.82
899117,Taiwan,9.26,
899116,Taiwan,226.83,7848.6
780378,China,263.7,11292.84
a13501,United States,0.0,
851142,Japan,206.63,11574.78
49d48f,Czech Republic,0.51,297.18
4ba9c9,Turkey,212.17,8580.12
4863db,Kingdom of the Netherlands,160.64,2689.86
78036e,China,103.12,1546.86
4ba9c5,Turkey,196.44,7399.02
add734,United States,282.78,11079.48
405bfb,United Kingdom,210.96,7078.98
3d05d0,Germany,52.32,1501.14
405bfd,United Kingdom,176.04,5570.22
4ba9d0,Turkey,223.0,12618.72
a7ef16,United States,262.7,11849.1
06a2b2,Qatar,232.14,10058.4
4ba9a9,Turkey,223.1,6537.96
46bc4f,Greece,139.56,4206.24
3d05e6,Germany,72.78,792.48
06a2c6,Qatar,234.6,10233.66
06a2c7,Qatar,247.48,9784.08
06a2c4,Qatar,246.12,11414.76
06a2c5,Qatar,251.73,11064.24
a79f25,United States,93.55,5875.02
46bc50,Greece,130.02,3886.2
00a8e7,South Africa,29.52,129.54
4b8e46,Turkey,74.54,259.08
4b8e45,Turkey,148.18,2621.28
a07dc9,United States,77.17,190.5
4ba8f5,Turkey,224.54,10233.66
4ba8f3,Turkey,206.97,7772.4
4ba8c8,Turkey,239.23,10363.2
a92b0c,United States,241.35,11887.2
86dd2a,Japan,268.74,13335.0
abdc92,United States,0.39,
8511ca,Japan,117.31,2598.42
4aab15,Sweden,54.08,304.8
3d5ea4,Germany,51.14,2522.22
406d95,United Kingdom,213.63,8221.98
407fc1,United Kingdom,212.65,11399.52
407fc7,United Kingdom,6.69,
407faf,United Kingdom,213.68,4038.6
a1574e,United States,225.88,10774.68
407fad,United Kingdom,241.94,11788.14
407fae,United Kingdom,108.36,1143.0
407fac,United Kingdom,184.8,5676.9
a15778,United States,234.24,11628.12
4b32d2,Switzerland,5.4,
ac50fa,United States,239.23,9540.24
407fa0,United Kingdom,177.29,5387.34
aa7f5e,United States,223.76,10828.02
48c586,Poland,32.29,937.26
48c585,Poland,48.11,502.92
486282,Kingdom of the Netherlands,52.54,2613.66
a07dcd,United States,263.49,
aa7f65,United States,237.5,10386.06
3e6c99,Germany,38.8,1026.0
a01112,United States,21.61,
48b22b,Poland,33.54,1127.76
aa6ba4,United States,193.51,7452.36
3e120b,Germany,62.84,609.6
3e386c,Germany,183.77,6126.48
3e120d,Germany,59.07,480.06
ac0f26,United States,209.56,10530.84
39bdab,France,225.25,7871.46
39bdac,France,204.74,6591.3
7815f5,China,254.23,12108.18
39bdaf,France,254.29,11285.22
8991bc,Taiwan,233.44,10180.32
86dd90,Japan,9.26,
8991d5,Taiwan,218.89,9692.64
7815ea,China,142.41,2453.64
a26454,United States,6.28,21442.68
a0116f,United States,125.89,6751.32
39bda7,France,0.0,
39bda8,France,16.98,
49d1c6,Czech Republic,214.52,12024.36
4ca2c0,Ireland,248.02,11186.16
4ca2ab,Ireland,230.61,11087.1
ab9f4b,United States,259.07,10485.12
39bdb2,France,73.72,1021.08
8991b6,Taiwan,3.86,
4ca2cb,Ireland,0.0,
39bdb9,France,2.57,
39bdb1,France,0.0,
c00da8,Canada,240.43,12176.76
4407b3,Austria,48.29,1150.62
39bda9,France,73.57,693.42
8991b9,Taiwan,223.35,7825.74
a50126,United States,230.16,10332.72
4ca2bf,Ireland,246.76,11727.18
405a4a,United Kingdom,247.55,10584.18
406d7b,United Kingdom,247.86,11757.66
a2a144,United States,188.21,6012.18
86dd4c,Japan,138.35,4191.0
3c820c,Germany,10.29,
406d77,United Kingdom,173.14,4762.5
406d78,United Kingdom,78.48,617.22
405a47,United Kingdom,235.82,11247.12
405a46,United Kingdom,196.5,4617.72
3d5ec6,Germany,88.19,1272.54
406d79,United Kingdom,215.63,10347.96
3d051c,Germany,69.97,1074.42
406d70,United Kingdom,0.77,
49d1fb,Czech Republic,50.97,899.16
47a50d,Norway,220.28,11521.44
0acac0,Colombia,234.63,8953.5
4011b4,United Kingdom,62.23,510.54
86dd6e,Japan,3.34,
39bdf7,France,75.51,2583.18
406d4c,United Kingdom,241.56,12131.04
a2d9a2,United States,142.26,1905.0
4ba94f,Turkey,254.14,11666.22
008df9,South Africa,209.47,9425.94
851230,Japan,237.25,8115.3
4b3305,Switzerland,48.64,2240.28
7816a1,China,248.13,11871.96
440890,Austria,228.26,12199.62
008de5,South Africa,70.81,472.44
008de3,South Africa,233.7,11254.74
c829ac,New Zealand,63.12,99.06
a8c415,United States,133.12,5638.8
384e18,France,43.98,365.76
4ba930,Turkey,229.56,12024.36
7816b3,China,263.38,11087.1
503eaa,Lithuania,223.88,11849.1
4ba947,Turkey,267.64,11033.76
a2b47f,United States,230.95,11910.06
4ba949,Turkey,181.09,4701.54
8990e5,Taiwan,245.03,9966.96
8990e3,Taiwan,248.02,9471.66
4ba999,Turkey,137.14,2735.58
503ef3,Lithuania,6.43,
8990da,Taiwan,246.45,10180.32
503ef0,Lithuania,3.09,
7816cc,China,229.02,7879.08
4ba99a,Turkey,216.39,10241.28
8990f2,Taiwan,125.15,4236.72
8990f5,Taiwan,59.71,335.28
8990f4,Taiwan,149.55,3398.52
8990f0,Taiwan,247.81,12108.18
86dc9a,Japan,148.0,3429.0
49d316,Czech Republic,32.75,746.76
44083c,Austria,238.74,11811.0
44083b,Austria,195.92,5204.46
8990eb,Taiwan,247.09,10782.3
8990c8,Taiwan,94.68,762.0
8990c9,Taiwan,244.0,11201.4
4ba976,Turkey,252.55,9387.84
4ba975,Turkey,251.29,11757.66
8990bb,Taiwan,237.62,11109.96
8990bd,Taiwan,241.98,10172.7
49d328,Czech Republic,180.36,7642.86
8990ba,Taiwan,244.91,9502.14
c00e5c,Canada,246.21,10866.12
440866,Austria,155.47,8907.78
aa7dad,United States,222.32,10309.86
c00e55,Canada,276.15,11719.56
008dac,South Africa,60.65,609.6
a07f6a,United States,237.96,11292.84
4b8cfa,Turkey,215.83,11475.72
4ca301,Ireland,85.9,1493.52
8990ca,Taiwan,204.18,6797.04
4ca304,Ireland,0.51,
780456,China,4.63,
aa7f46,United States,275.23,10546.08
780460,China,235.81,10843.26
781796,China,204.95,6263.64
a4f3a8,United States,212.43,6195.06
a32f71,United States,236.89,10645.14
a899a2,United States,211.75,9852.66
780478,China,117.6,2240.28
aa7f24,United States,236.42,11254.74
c00e25,Canada,184.87,11917.68
44082b,Austria,227.54,10774.68
44082a,Austria,160.86,3657.6
479c60,Norway,81.79,1264.92
780487,China,103.07,1188.72
440824,Austria,103.37,1592.58
440823,Austria,223.89,10454.64
440821,Austria,169.38,5105.4
49d35a,Czech Republic,82.69,2308.86
c00e15,Canada,207.75,11269.98
44081f,Austria,229.34,8770.62
44081e,Austria,153.92,3169.92
48e9f6,Poland,98.95,754.38
48e9f4,Poland,220.5,11635.74
48e9f2,Poland,0.0,
780491,China,193.4,6400.8
48e9f0,Poland,7.2,
c05054,Canada,290.18,11376.66
45ac54,Denmark,212.11,11902.44
a539c9,United States,0.0,
7cf468,Australia,2.31,
c05044,Canada,197.99,8069.58
49d38c,Czech Republic,233.34,10500.36
48e9ba,Poland,49.26,594.36
407eeb,United Kingdom,241.25,11544.3
a539f5,United States,0.0,
45ac50,Denmark,138.66,3368.04
7cf441,Australia,15.95,
48e9b9,Poland,236.53,11414.76
4b8e0b,Turkey,217.79,9867.9
acb4e4,United States,246.07,11910.06
e4999e,Brazil,107.23,1584.96
a7ff6a,United States,255.93,12359.64
781837,China,110.43,640.08
a06bb6,United States,88.4,1211.58
780502,China,164.27,4511.04
c0656f,Canada,14.92,
a2a0ee,United States,240.98,11940.54
a500fe,United States,227.98,12763.5
39ac87,France,57.62,1889.76
71c254,Republic of Korea,132.76,1927.86
aaaa92,United States,49.45,-15.24
71c255,Republic of Korea,208.48,8145.78
71c258,Republic of Korea,220.4,7513.32
39ac88,France,52.22,891.54
3d1725,Germany,49.91,861.06
780527,China,220.69,
50808f,Ukraine,160.22,6012.18
71c245,Republic of Korea,78.94,243.84
71c246,Republic of Korea,184.83,4282.44
781864,China,224.29,10325.1
781860,China,222.71,10119.36
040270,Ethiopia,231.73,11727.18
7cf632,Australia,3.86,
744841,Jordan,249.26,10873.74
74482f,Jordan,229.02,10294.62
a31ba5,United States,198.33,5097.78
a38527,United States,0.19,
74482d,Jordan,230.28,10888.98
74482c,Jordan,211.04,11490.96
74482a,Jordan,240.75,10751.82
c07866,Canada,246.99,12839.7
48506b,Kingdom of the Netherlands,173.98,3642.36
4408df,Austria,231.48,9525.0
4408de,Austria,247.17,11117.58
4408f6,Austria,39.83,685.8
c06539,Canada,229.65,11910.06
a15865,United States,208.74,6195.06
4aaa0f,Sweden,36.83,213.36
503e61,Lithuania,145.98,1546.86
ac791b,United States,256.56,11254.74
486398,Kingdom of the Netherlands,68.76,1943.1
485069,Kingdom of the Netherlands,16.41,464.82
0c605c,Trinidad and Tobago,217.65,9730.74
a4080c,United States,245.62,11574.78
744829,Jordan,229.5,11513.82
744828,Jordan,238.92,10812.78
744825,Jordan,225.3,10896.6
4408fb,Austria,219.31,6667.5
744823,Jordan,226.96,11475.72
744822,Jordan,233.23,11231.88
4bca68,Turkey,254.2,9989.82
7cf4cf,Australia,8.23,
4ca1c9,Ireland,242.89,9502.14
a43bc6,United States,0.0,
406e65,United Kingdom,185.94,8290.56
406e66,United Kingdom,205.26,12001.5
406e69,United Kingdom,185.26,3985.26
503cf5,Lithuania,211.71,11239.5
3d4ab0,Germany,43.92,2529.84
e49908,Brazil,184.82,9624.06
44d068,Belgium,236.37,11704.32
49d0a4,Czech Republic,135.38,8923.02
a1a87e,United States,0.0,
486363,Kingdom of the Netherlands,8.23,
39286c,France,54.33,3268.98
44d071,Belgium,214.13,11437.62
406e2e,United Kingdom,232.21,11826.24
44d076,Belgium,216.17,12070.08
4408d8,Austria,238.05,11056.62
4aaa6b,Sweden,48.79,175.26
0c6008,Trinidad and Tobago,239.3,7597.14
485009,Kingdom of the Netherlands,188.25,3817.62
4ba919,Turkey,152.81,2987.04
4ba914,Turkey,123.04,1600.2
4ba916,Turkey,231.14,12016.74
4ba915,Turkey,13.38,
71c278,Republic of Korea,137.74,2461.26
4ba90e,Turkey,220.76,7978.14
71c275,Republic of Korea,130.18,1226.82
abca08,United States,208.0,6568.44
71c272,Republic of Korea,193.55,5379.72
e4996d,Brazil,247.85,12664.44
405b66,United Kingdom,256.24,11117.58
405b67,United Kingdom,0.0,
485000,Kingdom of the Netherlands,288.82,11582.4
a2fbec,United States,150.84,2796.54
405b64,United Kingdom,234.31,11704.32
4408a3,Austria,41.63,708.66
781808,China,261.28,11163.3
71c290,Republic of Korea,215.67,12321.54
0d0932,Mexico,266.02,11887.2
e49956,Brazil,195.51,12824.46
e49958,Brazil,218.04,11673.84
4ba905,Turkey,242.03,11650.98
71c282,Republic of Korea,234.58,10927.08
71c286,Republic of Korea,10.8,
e48622,Brazil,78.98,922.02
3424d1,Spain,221.97,10553.7
0aca5f,Colombia,219.35,12359.64
c050c4,Canada,273.6,11643.36
86dca2,Japan,261.9,12885.42
a4f59c,United States,255.45,11224.26
a18d29,United States,104.45,1866.9
0aca5e,Colombia,240.58,10012.68
7817bb,China,143.94,2903.22
adc238,United States,72.02,30.48
aca251,United States,215.74,6850.38
a98219,United States,7.46,
86dcc4,Japan,2.83,
c1e6ca,Canada,1.54,
a29a19,United States,70.93,731.52
a67bd3,United States,239.73,10858.5
3e377e,Germany,218.4,13014.96
a144e5,United States,241.95,9403.08
acfbfd,United States,245.45,11292.84
395c29,France,34.82,
7804d8,China,255.75,11323.32
8991e8,Taiwan,224.56,12961.62
8991e1,Taiwan,208.47,12961.62
8991e0,Taiwan,54.74,60.96
8991e3,Taiwan,260.08,11460.48
7804e7,China,212.83,5684.52
8991da,Taiwan,0.0,
3fedba,Germany,56.53,1485.9
3c818e,Germany,6.69,
4a1265,Romania,188.01,4968.24
ad727c,United States,247.76,12755.88
a7a532,United States,279.39,11788.14
3c8191,Germany,4.63,
a3c291,United States,236.22,11285.22
48b1c2,Poland,44.2,1264.92
4ca243,Ireland,229.8,12031.98
4ca242,Ireland,0.0,
3fef34,Germany,31.56,
503e82,Lithuania,228.58,10812.78
4b3273,Switzerland,66.15,3558.54
78056b,China,108.83,1661.16
a9d284,United States,236.15,7566.66
3d16f6,Germany,54.57,1043.94
46ba85,Greece,90.66,822.96
780586,China,214.11,7261.86
440921,Austria,54.76,1196.34
7cf540,Australia,4.12,
78057c,China,202.9,6484.62
4ca246,Ireland,166.54,4236.72
4ca245,Ireland,210.51,9578.34
4ca244,Ireland,248.83,11765.28
48c4d4,Poland,111.6,4556.76
8418cc,Japan,0.0,
a2c7f7,United States,66.88,1882.14
a7b7c5,United States,199.48,6111.24
407fca,United Kingdom,81.28,1318.26
a0aa41,United States,69.17,1653.54
503e9a,Lithuania,217.78,9616.44
4ca214,Ireland,203.15,11346.18
4ba88f,Turkey,244.92,11864.34
503e99,Lithuania,207.63,
704010,Myanmar,146.99,10507.98
3fef24,Germany,89.6,3424.0
34258f,Spain,223.12,11170.92
4ca225,Ireland,272.92,9349.74
3ce3d7,Germany,79.51,815.34
39ac17,France,64.7,350.52
4ca226,Ireland,223.7,10363.2
4ca281,Ireland,200.74,12024.36
4ca294,Ireland,0.0,
4ca293,Ireland,202.58,10728.96
4ca292,Ireland,187.91,4572.0
342582,Spain,105.46,2590.8
4ca295,Ireland,4.89,
e497e5,Brazil,281.28,12473.94
e497e7,Brazil,245.97,10355.58
e497e6,Brazil,205.47,11574.78
4ca27b,Ireland,234.85,11216.64
4ca27a,Ireland,125.01,3223.26
4ca27f,Ireland,198.14,11399.52
4ca27c,Ireland,233.02,9860.28
89931f,Taiwan,3.6,
49d276,Czech Republic,221.4,10668.0
4ca264,Ireland,229.89,11833.86
400025,United Kingdom,20.06,
4ca24e,Ireland,179.29,4023.36
49d26c,Czech Republic,161.13,4747.26
479d40,Norway,214.88,11094.72
4ca24c,Ireland,235.37,11917.68
3900c6,France,64.95,678.18
4ca256,Ireland,233.87,11993.88
4ca259,Ireland,29.84,
49d287,Czech Republic,218.87,6880.86
3cf6c2,Germany,81.87,2811.78
407fff,United Kingdom,219.24,10927.08
400008,United Kingdom,6.43,
4ca25b,Ireland,220.2,11917.68
4ca25a,Ireland,87.1,1051.56
406b90,United Kingdom,136.51,1920.24
49d04d,Czech Republic,210.99,11445.24
406b7e,United Kingdom,253.47,11079.48
71c355,Republic of Korea,70.22,297.18
406b82,United Kingdom,237.14,10500.36
406b80,United Kingdom,237.32,11254.74
78060c,China,198.32,8298.18
71c352,Republic of Korea,259.99,10043.16
3c0936,Germany,219.34,10843.26
406b6d,United Kingdom,217.76,9989.82
406b6c,United Kingdom,185.82,4587.24
48b063,Poland,199.85,13540.74
71c345,Republic of Korea,268.73,10660.38
71c346,Republic of Korea,264.46,10523.22
a11136,United States,252.86,11254.74
880c49,Thailand,83.68,617.22
780631,China,173.27,4069.08
406b5b,United Kingdom,232.07,11209.02
71c378,Republic of Korea,192.64,
71c379,Republic of Korea,240.87,8488.68
78195f,China,1.29,
4405da,Austria,144.09,10485.12
486073,Kingdom of the Netherlands,259.6,10126.98
71c366,Republic of Korea,134.45,1569.72
78063b,China,209.33,7703.82
486071,Kingdom of the Netherlands,250.29,10431.78
486072,Kingdom of the Netherlands,259.06,10233.66
71c363,Republic of Korea,216.27,5341.62
407e82,United Kingdom,95.48,883.92
781986,China,222.54,13007.34
3fed38,Germany,40.18,
a7cb53,United States,276.13,8214.36
155c60,Russian Federation,1462.2,
e49c07,Brazil,213.23,12298.68
4405a6,Austria,138.13,10142.22
47a389,Norway,116.5,5143.5
71c308,Republic of Korea,251.73,13060.68
71c309,Republic of Korea,175.94,3893.82
71c306,Republic of Korea,145.87,3192.78
393831,France,40.64,4175.76
78198e,China,193.34,4625.34
ad0eb4,United States,152.47,8923.02
ab120b,United States,189.93,5676.9
70401f,Myanmar,145.73,3040.38
780675,China,102.09,1554.48
ab6bc6,United States,161.13,5783.58
71c339,Republic of Korea,200.8,9052.56
3d4a6f,Germany,54.45,502.92
71c333,Republic of Korea,106.88,845.82
71c334,Republic of Korea,127.02,1760.22
71c331,Republic of Korea,82.51,685.8
78066c,China,13.12,
503d3e,Lithuania,173.56,4061.46
71c337,Republic of Korea,136.2,2232.66
78066a,China,194.02,6408.42
a8eb21,United States,248.1,10690.86
06a052,Qatar,94.47,1356.36
48b009,Poland,56.6,1508.76
e49c06,Brazil,259.17,10332.72
71c322,Republic of Korea,234.7,9456.42
71c321,Republic of Korea,7.2,
48e97c,Poland,135.24,3032.76
06a063,Qatar,226.8,6065.52
48e97a,Poland,210.94,10698.48
06a062,Qatar,283.38,12009.12
39ceb3,France,230.96,11094.72
a6aab5,United States,10.29,
3420cc,Spain,244.82,11155.68
3420cb,Spain,223.72,11521.44
e49aaa,Brazil,74.64,723.9
407e39,United Kingdom,39.18,510.54
39ceb0,France,209.43,11468.1
a05f31,United States,0.0,
7448a4,Jordan,212.18,12131.04
7448a3,Jordan,6.69,
7448a2,Jordan,172.67,5059.68
7cf5de,Australia,6.69,
47a31a,Norway,253.13,11475.72
48c310,Poland,43.66,434.34
a4d483,United States,0.0,
39ceab,France,231.0,11795.76
407e21,United Kingdom,235.28,9578.34
acb9ea,United States,253.13,10027.92
48e95c,Poland,244.04,11056.62
48e95b,Poland,227.57,11094.72
48e95a,Poland,233.04,12260.58
c82afb,New Zealand,236.41,10363.2
a4845f,United States,46.41,769.62
ad50a9,United States,177.69,6324.6
ab10cb,United States,235.11,10706.1
a7dde1,United States,242.34,11323.32
39cea3,France,243.37,11338.56
48e959,Poland,195.83,4450.08
39cea4,France,194.94,10843.26
48e951,Poland,49.82,434.34
39cea0,France,225.9,11650.98
155bac,Russian Federation,227.17,
e49aa9,Brazil,201.57,12252.96
47c968,Norway,284.86,12321.54
407e71,United Kingdom,169.74,5913.12
407e5f,United Kingdom,229.31,11757.66
440686,Austria,53.84,
a3a11c,United States,51.08,243.84
407e61,United Kingdom,216.34,9624.06
407e4e,United Kingdom,240.71,11993.88
3f6931,Germany,110.88,205.74
46dca2,Greece,189.32,8930.64
407e53,United Kingdom,156.08,3360.42
406b21,United Kingdom,0.06,
407e3a,United Kingdom,8.75,
781938,China,205.89,10248.9
a48499,United States,242.89,10988.04
440659,Austria,80.27,1150.62
4b4408,Switzerland,30.3,830.58
39248d,France,51.06,640.08
8a0024,Indonesia,120.25,1630.68
a1cf6b,United States,246.94,11269.98
44064b,Austria,33.44,518.16
44064a,Austria,219.96,12138.66
38f11c,France,61.77,495.3
a506d5,United States,101.73,678.18
7805c3,China,155.38,4152.9
ab6c08,United States,280.24,10172.7
7818f3,China,191.19,4876.8
ada167,United States,275.63,10523.22
a4e6d4,United States,92.16,2209.8
440669,Austria,0.0,
440667,Austria,226.98,11696.7
851492,Japan,185.25,5897.88
4b4416,Switzerland,29.2,
7805d5,China,240.57,9029.7
44065c,Austria,178.67,5379.72
440614,Austria,193.31,6179.82
48c1bb,Poland,0.64,
a2a6fe,United States,248.41,11300.46
868db5,Japan,273.58,10744.2
440608,Austria,232.0,9547.86
440606,Austria,241.54,9745.98
440605,Austria,5.66,
440604,Austria,227.14,10172.7
7805f9,China,203.62,4457.7
440631,Austria,225.42,11993.88
440630,Austria,0.0,
a8b75a,United States,246.5,9616.44
48c1a9,Poland,174.28,7376.16
48c1a7,Poland,223.36,7505.7
48c1a8,Poland,215.62,4556.76
48c1a5,Poland,231.97,11628.12
ac9f52,United States,212.88,8892.54
48c1a4,Poland,233.3,11696.7
48c1a1,Poland,225.62,11056.62
48c1a2,Poland,211.86,11445.24
868dd7,Japan,7.72,
a9876e,United States,259.8,10332.72
440625,Austria,245.02,11765.28
503cb7,Lithuania,196.01,11452.86
ac69fc,United States,247.54,11323.32
44061d,Austria,203.84,6149.34
44061c,Austria,221.27,7658.1
44061b,Austria,213.0,12131.04
4b447f,Switzerland,43.8,2933.7
4b447e,Switzerland,30.39,670.56
780693,China,145.12,
3949eb,France,217.37,5775.96
4b4482,Switzerland,32.58,632.46
155c28,Russian Federation,703.31,3550.92
45aa4b,Denmark,248.5,
aaadf8,United States,154.24,1630.68
3d15dc,Germany,55.12,1143.0
503d4d,Lithuania,261.4,9875.52
06a083,Qatar,249.37,11376.66
06a07f,Qatar,257.3,9761.22
aa5f7c,United States,216.98,7680.96
704128,Myanmar,105.31,
06a07b,Qatar,233.34,10302.24
155c43,Russian Federation,93.77,2103.12
39cf04,France,248.9,12260.58
39cf05,France,273.4,11841.48
49d124,Czech Republic,41.8,586.74
3949e5,France,163.59,3832.86
06a099,Qatar,237.89,10500.36
3949e3,France,248.18,10607.04
a999df,United States,240.55,12854.94
3949e6,France,261.14,11803.38
06a094,Qatar,0.0,
39cf0b,France,254.35,11193.78
503d74,Lithuania,226.96,10165.08
503d73,Lithuania,232.83,11437.62
a42f8b,United States,217.36,7559.04
45aa53,Denmark,240.69,11658.6
4b448a,Switzerland,12.61,457.2
06a09b,Qatar,237.99,11170.92
39cf10,France,236.0,10081.26
06a09c,Qatar,234.87,11216.64
39cf13,France,246.28,8633.46
155c33,Russian Federation,241.31,9212.58
3949f0,France,138.22,2758.44
4b4492,Switzerland,29.44,647.7
3949f7,France,228.18,7802.88
a77c11,United States,9.77,
e4a2d2,Brazil,105.74,2346.96
7c8069,Australia,252.58,11658.6
4404f1,Austria,36.19,289.56
e49b81,Brazil,140.66,5455.92
adb41e,United States,254.5,9776.46
e49b52,Brazil,239.49,12024.36
4a6c07,Romania,47.53,510.54
e4a2b8,Brazil,123.51,3505.2
e4a2b7,Brazil,176.93,3474.72
407caf,United Kingdom,7.72,
407cb4,United Kingdom,185.76,11894.82
407cb2,United Kingdom,74.99,701.04
407cb3,United Kingdom,230.07,11536.68
3d28ed,Germany,70.03,3009.9
4010ea,United Kingdom,237.83,12374.88
a0f230,United States,254.03,9890.76
780739,China,156.46,3497.58
4010ed,United Kingdom,212.19,12138.66
4010ec,United Kingdom,254.49,10020.3
4010eb,United Kingdom,66.93,68.58
78072a,China,217.68,10675.62
480c03,Kingdom of the Netherlands,105.38,365.76
e4a37f,Brazil,179.57,7155.18
e4a393,Brazil,184.08,11483.34
e4a392,Brazil,205.46,10187.94
e4a391,Brazil,160.47,4099.56
e4a394,Brazil,190.91,5501.64
ada1de,United States,248.61,11925.3
4010dc,United Kingdom,237.17,10477.5
4010db,United Kingdom,235.56,11117.58
4010e9,United Kingdom,229.4,11765.28
78073c,China,219.73,10149.84
4406f0,Austria,238.3,11765.28
4b9e44,Turkey,228.69,10104.12
a23200,United States,241.75,11902.44
406c81,United Kingdom,186.59,6697.98
0ac95b,Colombia,3.6,
a17ef7,United States,244.42,11940.54
38f1dc,France,58.13,
76b441,Singapore,251.89,11788.14
76b448,Singapore,156.19,6408.42
406c71,United Kingdom,143.7,2735.58
406c72,United Kingdom,213.74,12108.18
47a48c,Norway,73.57,91.44
76b452,Singapore,187.04,7475.22
76b453,Singapore,193.28,8382.0
76b454,Singapore,0.0,
ab7fee,United States,0.0,
4b9e4a,Turkey,223.39,
76b44a,Singapore,79.98,205.74
48c46b,Poland,39.69,
76b44d,Singapore,95.65,838.2
c04599,Canada,286.51,11711.94
48c474,Poland,24.05,198.12
e082d6,Argentina,196.34,12039.6
a47221,United States,236.99,11917.68
ac9fe9,United States,237.15,10995.66
76b45a,Singapore,129.83,1485.9
4b42d5,Switzerland,68.37,3131.82
a24573,United States,220.28,9433.56
8514f8,Japan,208.71,6103.62
48b116,Poland,210.92,14188.44
868fb2,Japan,60.11,373.38
3c0893,Germany,213.71,11353.8
48b101,Poland,62.49,601.98
407f43,United Kingdom,105.58,1501.14
407f41,United Kingdom,123.19,2857.5
43c171,United Kingdom,215.45,10248.9
407f2a,United Kingdom,16.97,883.92
407f38,United Kingdom,240.12,11765.28
407f35,United Kingdom,247.04,11231.88
407f1f,United Kingdom,75.74,998.22
ac7a65,United States,223.46,11910.06
407f0e,United Kingdom,234.81,11849.1
a004d1,United States,256.45,13578.84
8621ea,Japan,249.81,11071.86
80138d,India,146.11,3444.24
a65bb7,United States,236.11,10782.3
84091b,Japan,212.71,7376.16
780707,China,212.88,7673.34
3fec9a,Germany,43.57,
407f7b,United Kingdom,195.88,7421.88
a377a2,United States,241.12,11315.7
407f7a,United Kingdom,223.76,12512.04
3e4801,Germany,64.75,510.54
406c43,United Kingdom,221.25,12031.98
390024,France,45.79,708.66
407f65,United Kingdom,138.5,1615.44
3fec6f,Germany,33.17,1013.46
7c80f6,Australia,138.53,3863.34
407f67,United Kingdom,208.41,10904.22
51012d,Belarus,135.07,2125.98
407f61,United Kingdom,213.31,11452.86
407f62,United Kingdom,250.96,11795.76
801396,India,227.54,10317.48
78071b,China,269.15,11650.98
3e2274,Germany,136.42,2255.52
851580,Japan,215.19,9669.78
7819dd,China,0.0,
44076d,Austria,51.94,769.62
7806c4,China,159.21,3680.46
e49a8a,Brazil,224.0,9982.2
44075f,Austria,45.11,990.6
0ac7e0,Colombia,31.14,2811.78
440798,Austria,74.24,944.88
c82b16,New Zealand,219.92,8770.62
406add,United Kingdom,225.7,11079.48
406ae8,United Kingdom,222.24,12115.8
406ae2,United Kingdom,211.85,7741.92
a591a4,United States,228.46,12237.72
a3b4e9,United States,46.58,342.9
7cf6c7,Australia,4.12,
c82b43,New Zealand,40.03,525.78
ac8d3c,United States,238.93,11285.22
a231bb,United States,64.62,2034.54
e49a9f,Brazil,80.04,1363.98
48c2ad,Poland,221.75,12009.12
48c2ab,Poland,251.38,10340.34
48c2ac,Poland,244.0,11612.88
48c2b9,Poland,275.98,11620.5
a5e29a,United States,171.01,3429.0
48c2b7,Poland,181.01,4168.14
48c2b8,Poland,90.15,548.64
48c2b6,Poland,222.08,11719.56
868ee4,Japan,187.86,5417.82
342398,Spain,0.0,
48c2b3,Poland,227.54,8343.9
342397,Spain,8.75,
48c2b1,Poland,99.66,1211.58
48c2b0,Poland,223.19,12024.36
4b302d,Switzerland,61.55,2301.24
71c516,Republic of Korea,228.81,9326.88
a89d59,United States,216.55,5943.6
48c2a8,Poland,240.02,10759.44
71c513,Republic of Korea,120.2,1325.88
48c2a9,Poland,228.02,10035.54
71c514,Republic of Korea,184.65,3688.08
a854d0,United States,147.94,2659.38
4b3037,Switzerland,33.68,662.94
48c2a7,Poland,231.75,11696.7
48c2a5,Poland,248.53,11628.12
48c2a2,Poland,142.68,2979.42
48c2a3,Poland,123.65,1859.28
48c2a1,Poland,219.14,11445.24
aceebc,United States,180.27,5120.64
71c508,Republic of Korea,288.35,13266.42
a9fa04,United States,279.43,11826.24
3e47ba,Germany,168.62,6088.38
45ab4f,Denmark,241.59,11910.06
440713,Austria,217.34,11551.92
48e8df,Poland,47.7,533.4
71c539,Republic of Korea,200.93,7444.74
71c537,Republic of Korea,287.06,11369.04
71c530,Republic of Korea,210.2,5654.04
34368c,Spain,13.38,
71c534,Republic of Korea,0.0,
7bb130,China,211.49,7802.88
4b303a,Switzerland,55.03,1440.18
4b436d,Switzerland,57.06,1135.38
867d00,Japan,253.24,8122.92
71c529,Republic of Korea,5.66,
886290,Thailand,253.52,13350.24
a2efae,United States,250.65,11887.2
e49a59,Brazil,0.0,
406ac4,United Kingdom,81.23,609.6
a53d80,United States,289.25,11437.62
49d039,Czech Republic,208.59,6126.48
a591d5,United States,96.76,784.86
45ab24,Denmark,1.03,
45ab21,Denmark,223.52,8442.96
86228c,Japan,250.57,12062.46
45ab23,Denmark,236.0,9273.54
4632b1,Finland,228.68,14165.58
a2a915,United States,294.26,10881.36
407c6d,United Kingdom,239.44,11803.38
71c597,Republic of Korea,263.91,11277.6
a2fea7,United States,89.83,899.16
71c595,Republic of Korea,231.26,11376.66
8622d0,Japan,230.51,9083.04
a01567,United States,0.0,
71c599,Republic of Korea,224.34,9753.6
801402,India,243.91,10751.82
a37517,United States,201.94,5417.82
71c590,Republic of Korea,66.38,190.5
71c594,Republic of Korea,138.79,2987.04
71c592,Republic of Korea,151.44,3093.72
801405,India,159.02,3649.98
789203,China,285.19,12054.84
a2551d,United States,284.93,10721.34
78085d,China,141.46,2293.62
71c581,Republic of Korea,247.51,11780.52
0d067e,Mexico,68.23,213.36
789216,China,219.72,10233.66
789214,China,285.75,12085.32
48c12f,Poland,207.81,12496.8
48c12e,Poland,243.7,11620.5
48c12c,Poland,231.5,11407.14
78920a,China,72.77,251.46
e4a234,Brazil,170.08,4511.04
48c139,Poland,236.89,11292.84
48c138,Poland,4.12,
48c135,Poland,1.03,
48c133,Poland,74.43,137.16
86ce81,Japan,0.0,
48c130,Poland,237.71,11650.98
780893,China,146.63,3230.88
48c128,Poland,213.62,6050.28
78921c,China,250.34,11422.38
48c129,Poland,234.9,11986.26
48c126,Poland,123.9,2430.78
48c127,Poland,232.05,11376.66
48c124,Poland,218.88,11308.08
71c559,Republic of Korea,127.34,1874.52
789228,China,83.62,594.36
48c122,Poland,169.16,3147.06
48c123,Poland,200.73,11818.62
48c121,Poland,225.07,9144.0
78088e,China,191.4,4716.78
71c554,Republic of Korea,243.75,11711.94
801444,India,228.49,11666.22
71c555,Republic of Korea,169.37,4107.18
801445,India,108.04,1592.58
ab8fd0,United States,0.0,
78922c,China,230.78,12397.74
ab8fcb,United States,285.3,11574.78
71c549,Republic of Korea,224.12,7772.4
801455,India,227.71,12611.1
789245,China,253.23,10789.92
71c543,Republic of Korea,240.1,8793.48
789243,China,3.6,
71c541,Republic of Korea,111.8,1242.06
789249,China,236.57,10843.26
a7ef4b,United States,246.87,11178.54
3d25f6,Germany,47.82,1257.3
a3b0fe,United States,166.94,2758.44
80140c,India,229.73,9471.66
4b41b6,Switzerland,76.97,4465.32
80140b,India,144.43,3535.68
489788,Poland,243.99,11536.68
ac6960,United States,157.84,
71c576,Republic of Korea,244.87,10416.54
789254,China,222.71,11414.76
71c578,Republic of Korea,171.23,3924.3
78924d,China,237.9,8983.98
a2b83b,United States,258.37,10607.04
80141d,India,225.18,7193.28
80141e,India,76.7,320.04
80141c,India,234.69,11361.42
801428,India,240.89,10873.74
a1489c,United States,244.69,11010.9
789264,China,237.71,
801431,India,234.16,11041.38
71c563,Republic of Korea,199.28,11673.84
71c568,Republic of Korea,212.81,10370.82
801434,India,230.51,12336.78
aabff4,United States,218.29,6751.32
71c560,Republic of Korea,241.19,11780.52
71c561,Republic of Korea,252.36,10477.5
80146e,India,137.4,5059.68
aaad49,United States,254.21,11925.3
80146d,India,120.66,6042.66
440484,Austria,145.99,769.62
801499,India,228.42,12031.98
3444cf,Spain,253.74,11155.68
e940fb,Bolivia,226.66,12992.1
3444cb,Spain,248.53,11193.78
3444cc,Spain,8.23,
4cc4a9,Iceland,215.91,12153.9
393601,France,41.43,
600bbe,Azerbaijan,267.76,
7041c1,Myanmar,227.15,
a43eec,United States,245.25,10904.22
801460,India,233.13,10614.66
3444c8,Spain,227.81,10782.3
aced23,United States,93.8,533.4
80145a,India,219.3,12024.36
780800,China,90.42,861.06
7c81d6,Australia,125.53,5097.78
801470,India,174.56,7513.32
440452,Austria,244.84,11811.0
a79ea8,United States,258.35,11780.52
43f773,United Kingdom,145.44,9258.3
44044f,Austria,51.97,1120.14
778569,Syrian Arab Republic,249.54,10309.86
407c26,United Kingdom,230.28,11826.24
407c0b,United Kingdom,217.81,12077.7
44046d,Austria,109.37,792.48
440469,Austria,4.37,
469dc1,Greece,224.0,11422.38
c0682b,Canada,259.13,10340.34
4cc4f1,Iceland,239.02,10325.1
ac41f3,United States,246.34,11902.44
7807cb,China,195.95,4610.1
4a482d,Romania,94.58,998.22
06a1b2,Qatar,73.08,152.4
440409,Austria,217.78,10759.44
06a1c8,Qatar,239.23,14836.14
06a1bd,Qatar,240.71,10287.0
06a1bb,Qatar,156.4,1927.86
06a1bc,Qatar,180.69,6461.76
407ac6,United Kingdom,213.62,9654.54
440437,Austria,60.54,1135.38
342091,Spain,2.57,
407ac1,United Kingdom,221.69,9784.08
407aae,United Kingdom,54.37,350.52
407aaf,United Kingdom,223.58,7581.9
a8c88f,United States,204.36,10325.1
06a1cd,Qatar,249.81,12679.68
06a1ca,Qatar,249.14,13876.02
342087,Spain,71.0,4069.08
440425,Austria,214.68,10927.08
06a1da,Qatar,252.05,13868.4
c066fb,Canada,0.0,
aa158f,United States,70.37,601.98
4bb849,Turkey,249.87,11734.8
4bb846,Turkey,238.82,11064.24
4bb847,Turkey,244.63,11247.12
4bb844,Turkey,0.0,
4bb843,Turkey,241.13,11201.4
4bb841,Turkey,237.72,11673.84
a254da,United States,248.6,11216.64
06a1ec,Qatar,234.75,10797.54
4bb859,Turkey,138.57,2263.14
4bb852,Turkey,223.59,12047.22
4bb861,Turkey,227.61,11376.66
342059,Spain,229.53,9593.58
4bb84f,Turkey,236.03,9296.4
4bb84e,Turkey,222.16,8039.1
4bb84b,Turkey,222.34,11369.04
4bb84c,Turkey,221.01,11369.04
a254f7,United States,246.98,12100.56
4bb84a,Turkey,237.02,9867.9
343386,Spain,219.46,11551.92
3e211b,Germany,176.45,9083.04
7cf7c6,Australia,77.17,
7cf7c5,Australia,0.45,
a8b539,United States,116.72,2468.88
a6bbef,United States,281.88,11460.48
344696,Spain,10.8,
344697,Spain,240.64,11468.1
344698,Spain,0.0,
344699,Spain,231.1,10492.74
344693,Spain,221.16,6057.9
46a5e1,Greece,241.99,12352.02
46a5e4,Greece,213.57,12085.32
46a5e3,Greece,233.07,12275.82
344691,Spain,113.29,1821.18
46a5e7,Greece,241.99,12245.34
4cc52b,Iceland,263.97,10591.8
4cc52d,Iceland,119.64,1234.44
4bb885,Turkey,216.79,7848.6
ab486e,United States,38.75,289.56
aa01a2,United States,97.77,594.36
385d17,France,37.64,251.46
789289,China,133.21,3550.92
4cc53a,Iceland,266.77,10919.46
4cc547,Iceland,259.03,10507.98
789280,China,1.29,
8515c4,Japan,4.12,
4bb869,Turkey,241.3,11658.6
4bb866,Turkey,209.54,9921.24
4cc50e,Iceland,204.01,5745.48
4bb867,Turkey,232.35,11094.72
c1e9a9,Canada,5.92,
78927c,China,230.66,10645.14
4bb864,Turkey,239.99,9624.06
acb84d,United States,296.58,10995.66
4bb863,Turkey,229.59,11384.28
a254ff,United States,246.6,12275.82
789299,China,233.02,11071.86
789297,China,227.35,
a78d73,United States,157.48,3710.94
789291,China,183.32,3718.56
4cc510,Iceland,264.67,11430.0
789293,China,237.43,12070.08
4bb85a,Turkey,196.0,5996.94
789294,China,216.65,11117.58
a877da,United States,55.69,601.98
4cc530,Iceland,263.56,11498.58
4bb879,Turkey,216.44,11361.42
4bb875,Turkey,64.99,830.58
4bb876,Turkey,229.71,6637.02
4bb873,Turkey,143.98,1653.54
3cf3a9,Germany,65.01,777.24
4bb86d,Turkey,140.91,2232.66
4bb86b,Turkey,0.0,
4bb86c,Turkey,232.95,11239.5
4cc586,Iceland,251.59,10507.98
78929a,China,202.65,7810.5
4402ae,Austria,133.05,2567.94
4402ac,Austria,218.33,12047.22
ac9be9,United States,4.15,-7.62
78929e,China,9.26,
78929f,China,236.19,11475.72
469e41,Greece,231.11,11384.28
469e45,Greece,91.71,998.22
4cc594,Iceland,242.97,11422.38
4b426c,Switzerland,0.51,1409.7
504e87,Republic of Moldova,262.03,10393.68
504e85,Republic of Moldova,241.39,11125.2
a3c4d0,United States,252.07,13312.14
a3b1a0,United States,229.39,12832.08
504e7e,Republic of Moldova,241.28,11498.58
4402b9,Austria,253.8,11148.06
4cc57a,Iceland,225.29,9022.08
47a097,Norway,236.53,11765.28
46b8b4,Greece,0.0,
46b8b5,Greece,230.15,8823.96
a0293f,United States,124.13,4792.98
c079d5,Canada,255.6,12435.84
46b8b6,Greece,0.0,
4402ca,Austria,34.53,563.88
8a0289,Indonesia,125.92,2103.12
46b8ad,Greece,213.12,11300.46
4402e8,Austria,222.47,11544.3
46b8aa,Greece,272.78,11574.78
4402e6,Austria,51.0,967.74
ddc134,,83.2,
46b8a2,Greece,230.69,12077.7
47a05e,Norway,226.98,8732.52
3814da,France,0.0,
4402d9,Austria,67.14,640.08
7807d8,China,215.4,9418.32
a504dd,United States,242.56,12214.86
a05cf0,United States,247.01,11300.46
4404ac,Austria,11.42,441.96
3d24fe,Germany,46.64,
86cf91,Japan,229.03,9121.14
4021da,United Kingdom,63.28,464.82
06a118,Qatar,268.1,11765.28
06a115,Qatar,239.47,11963.4
06a114,Qatar,267.73,11757.66
406a62,United Kingdom,244.15,11719.56
86cf7c,Japan,162.04,3573.78
48c26c,Poland,228.32,11757.66
06a10f,Qatar,241.68,10561.32
c03064,Canada,231.43,11948.16
06a10e,Qatar,260.15,12336.78
3e7a41,Germany,38.84,1249.68
801527,India,169.31,8694.42
4021cd,United Kingdom,40.17,518.16
406a59,United Kingdom,210.86,12123.42
801532,India,163.98,4533.9
06a129,Qatar,237.21,10660.38
e4a12c,Brazil,242.69,10431.78
06a126,Qatar,260.77,12336.78
801535,India,78.61,685.8
06a127,Qatar,260.18,12443.46
801536,India,202.97,7932.42
06a124,Qatar,261.55,11765.28
801534,India,229.63,11704.32
06a123,Qatar,260.06,12352.02
06a121,Qatar,100.12,845.82
3ffd25,Germany,27.38,
406a3d,United Kingdom,208.41,4884.42
3ffd21,Germany,25.84,
06a11f,Qatar,247.36,11376.66
e4a128,Brazil,221.82,9685.02
06a11d,Qatar,241.01,10888.98
a51968,United States,244.33,10797.54
06a136,Qatar,252.48,10721.34
3ffd20,Germany,52.53,1569.72
4404e4,Austria,48.55,2506.98
407d74,United Kingdom,221.22,10995.66
4404e3,Austria,44.09,249.02
407d75,United Kingdom,0.0,
e4a131,Brazil,1.54,
06a12f,Qatar,264.86,12352.02
06a12e,Qatar,248.43,10736.58
06a12b,Qatar,237.17,12085.32
06a12c,Qatar,246.9,11353.8
407d5b,United Kingdom,204.09,8328.66
06a149,Qatar,236.56,12664.44
06a147,Qatar,257.75,12291.06
06a145,Qatar,257.35,12336.78
468d07,Greece,217.93,8023.86
48e89e,Poland,41.92,449.58
06a140,Qatar,204.13,6477.0
4404d1,Austria,72.66,2956.56
468d03,Greece,253.34,12984.48
80154d,India,0.0,
06a13c,Qatar,254.85,10462.26
406a9e,United Kingdom,18.47,13152.12
48c22e,Poland,228.94,11986.26
48c22f,Poland,230.99,10927.08
48c22c,Poland,218.99,11666.22
48c22b,Poland,5.92,
ad7701,United States,253.24,10637.52
48c238,Poland,231.49,11696.7
86cf2b,Japan,3.6,
48e899,Poland,233.01,12992.1
48c235,Poland,225.13,11597.64
48c232,Poland,83.57,792.48
48c233,Poland,239.15,11612.88
06a14a,Qatar,245.5,12595.86
48e893,Poland,232.05,11734.8
48c230,Poland,237.62,8473.44
406a95,United Kingdom,246.37,11719.56
48e87f,Poland,218.29,12313.92
801571,India,127.19,4099.56
09011f,Angola,149.85,6073.14
80152d,India,159.85,5158.74
406a91,United Kingdom,178.88,8694.42
80152e,India,223.86,11666.22
48c227,Poland,226.16,11384.28
090150,Angola,264.46,11239.5
48c228,Poland,236.7,9243.06
48c226,Poland,221.09,12016.74
47a22c,Norway,221.24,11216.64
48c223,Poland,208.64,10149.84
48c221,Poland,139.05,2019.3
48c222,Poland,242.06,11597.64
48c220,Poland,167.46,3429.0
4404a4,Austria,221.71,11971.02
80152f,India,186.96,
09014b,Angola,258.97,10058.4
86cf5a,Japan,235.02,8465.82
090143,Angola,246.83,11231.88
801549,India,186.41,5974.08
801551,India,224.16,11978.64
09013a,Angola,0.0,1524.0
4021f7,United Kingdom,25.83,160.02
48e85a,Poland,140.2,7978.14
80158c,India,245.9,11003.28
a3c68c,United States,231.18,8122.92
3432cd,Spain,100.33,5173.98
4b40a4,Switzerland,88.75,3665.22
392422,France,48.79,2834.64
48e853,Poland,58.57,1623.06
80159c,India,234.24,12291.06
80159b,India,88.83,617.22
48e83d,Poland,55.45,518.16
385db0,France,35.89,647.7
80156d,India,112.96,3436.62
874518,Japan,78.29,358.14
80156a,India,143.64,4411.98
801587,India,127.44,2575.56
a2a686,United States,243.81,8374.38
85186a,Japan,234.95,9105.9
3fea74,Germany,52.93,1409.7
80157c,India,243.66,11986.26
86cea3,Japan,143.69,2697.48
780927,China,3.86,
a3500f,United States,228.46,11567.16
801596,India,216.96,9410.7
500543,San Marino,171.22,9890.76
ac42bf,United States,233.1,12527.28
78091e,China,229.71,10203.18
78091c,China,197.62,4693.92
adc5a6,United States,238.44,12565.38
38addd,France,60.21,2171.7
780938,China,233.65,
780932,China,255.51,11757.66
440582,Austria,118.3,1013.46
78092c,China,131.19,1767.84
3e31ea,Germany,184.91,12976.86
ac9e9a,United States,232.49,11582.4
392463,France,86.48,3589.02
4034bb,United Kingdom,65.62,1280.16
407d45,United Kingdom,133.38,3291.84
440570,Austria,0.0,
adfb16,United States,0.0,
406a02,United Kingdom,4.37,
406a05,United Kingdom,113.29,2552.7
44058f,Austria,195.26,10363.2
407d22,United Kingdom,1.8,
06a107,Qatar,251.93,12847.32
06a102,Qatar,4.12,11231.88
06a100,Qatar,262.3,12405.36
3c061d,Germany,72.7,518.16
a5aff2,United States,258.65,10279.38
3fea44,Germany,54.79,1623.06
ac8b96,United States,83.73,3185.16
885112,Thailand,252.16,12710.16
43f858,United Kingdom,237.9,12054.84
7892a2,China,7.2,
885103,Thailand,241.61,12633.96
7892a6,China,234.73,11788.14
7c2e45,Australia,113.15,1036.32
7892a3,China,5.4,
7892a4,China,218.75,7277.1
440521,Austria,37.95,579.12
76eb2e,Singapore,5.4,
7808fe,China,194.69,5234.94
407bde,United Kingdom,69.5,662.94
43f840,United Kingdom,160.81,8602.98
407bdc,United Kingdom,243.24,11079.48
a9605b,United States,235.19,12367.26
06a0b7,Qatar,234.45,12710.16
06a0b8,Qatar,250.83,12908.28
06a0b6,Qatar,257.41,12412.98
06a0b2,Qatar,250.98,12329.16
06a0af,Qatar,28.03,12679.68
440549,Austria,206.82,9525.0
0ac9ef,Colombia,229.18,11734.8
06a0c2,Qatar,257.76,12291.06
06a0c1,Qatar,254.3,12893.04
88510a,Thailand,153.08,2072.64
88510c,Thailand,0.0,
3d0073,Germany,227.36,10500.36
06a0be,Qatar,263.63,12405.36
885118,Thailand,133.24,1958.34
8013c3,India,226.39,12054.84
155bdd,Russian Federation,197.39,
47a0bf,Norway,233.67,10515.6
342189,Spain,225.01,10896.6
3d397b,Germany,39.93,586.74
06a0e9,Qatar,242.31,11536.68
06a0e7,Qatar,256.53,12321.54
06a0e4,Qatar,238.55,12733.02
a495bf,United States,139.1,1394.46
06a0dc,Qatar,238.19,10927.08
4acaa2,Sweden,144.19,4015.74
4acaa5,Sweden,236.83,11582.4
155be2,Russian Federation,252.1,10058.4
8013a4,India,89.54,769.62
06a0f7,Qatar,262.12,12618.72
06a0f5,Qatar,252.85,12839.7
06a0f6,Qatar,266.92,12382.5
a42e48,United States,0.0,
ab35d3,United States,230.91,10812.78
440504,Austria,42.82,2026.92
aaae52,United States,246.59,11559.54
a362a2,United States,254.02,10629.9
06a0ff,Qatar,247.94,11963.4
06a0fa,Qatar,244.79,12748.26
71c751,Republic of Korea,204.08,4739.64
71c752,Republic of Korea,150.78,2910.84
88517a,Thailand,246.43,10309.86
a865c8,United States,8.23,
ac6993,United States,237.7,12527.28
3935ae,France,49.46,563.88
71c744,Republic of Korea,213.95,11026.14
88516b,Thailand,237.87,10927.08
71c743,Republic of Korea,7.2,
06a19f,Qatar,261.29,11117.58
4acab2,Sweden,229.4,11993.88
7808a2,China,177.21,5113.02
7808a1,China,244.28,9837.42
aa15d4,United States,199.2,
8013f8,India,5.14,
a7a8ed,United States,213.64,6355.08
71c765,Republic of Korea,110.58,1744.98
8013ea,India,227.08,11369.04
4a2184,Romania,240.81,10805.16
0ac9de,Colombia,1.03,
71c713,Republic of Korea,219.48,10378.44
71c714,Republic of Korea,235.48,9479.28
71c719,Republic of Korea,216.39,11658.6
71c717,Republic of Korea,0.64,
7808c8,China,216.08,8412.48
710dc3,Saudi Arabia,180.06,7642.86
0ac9f0,Colombia,154.98,4305.3
0ac9f2,Colombia,241.14,12054.84
5004e4,San Marino,223.44,10126.98
71c702,Republic of Korea,283.91,9326.88
7808bf,China,96.63,632.46
39bb24,France,0.0,
39bb25,France,0.0,
7808d2,China,230.94,9403.08
39bb26,France,237.91,9616.44
39ce57,France,36.12,441.96
39bb27,France,66.05,327.66
3ce078,Germany,5.4,
a1373d,United States,0.0,
71c701,Republic of Korea,222.7,12085.32
39bb22,France,155.89,2552.7
885172,Thailand,79.73,121.92
885171,Thailand,0.0,
71c739,Republic of Korea,197.21,6461.76
7808cc,China,150.78,5349.24
00fee3,South Africa,,
71c730,Republic of Korea,90.35,830.58
7808e0,China,192.06,7909.56
71c734,Republic of Korea,98.62,30.48
3ffce6,Germany,35.33,708.66
3ffce8,Germany,36.19,
3ffcda,Germany,39.29,
7808e9,China,179.35,4434.84
4403f0,Austria,229.62,11559.54
8409ed,Japan,53.5,53.34
710dbc,Saudi Arabia,206.34,5143.5
c067ae,Canada,281.79,10934.7
4b1815,Switzerland,0.0,
4b1819,Switzerland,145.49,5791.2
408120,United Kingdom,150.02,2499.36
408124,United Kingdom,245.56,10378.44
7c6b2d,Australia,207.28,8435.34
88044f,Thailand,156.22,2994.66
408121,United Kingdom,131.88,2872.74
4b1812,Switzerland,186.27,6179.82
7c6b2b,Australia,266.91,11247.12
7c6b41,Australia,197.03,4320.54
7c6b40,Australia,268.32,11262.36
440da5,Austria,220.45,12024.36
880452,Thailand,236.71,10431.78
880458,Thailand,231.86,
880456,Thailand,223.7,11125.2
4b1803,Switzerland,215.17,8389.62
39d228,France,80.81,2651.76
4b1806,Switzerland,132.87,2956.56
4b1808,Switzerland,13.89,
4b1809,Switzerland,0.0,
4b1801,Switzerland,0.0,
7c6b1b,Australia,18.01,
7c6b31,Australia,211.98,10401.3
4952ca,Portugal,241.95,11590.02
4952cb,Portugal,192.88,5958.84
7c6b38,Australia,204.9,4655.82
4952cd,Portugal,135.55,1844.04
7c6b35,Australia,93.96,723.9
4952d2,Portugal,233.74,11468.1
7c6b0f,Australia,215.46,11186.16
7c6b0c,Australia,0.9,
7c6b0b,Australia,231.19,11170.92
4b181d,Switzerland,247.96,11765.28
aaa6dd,United States,128.26,3383.28
4b181a,Switzerland,235.64,11849.1
4b181b,Switzerland,0.0,
4b181c,Switzerland,245.03,11826.24
4952c9,Portugal,118.37,1653.54
a1d8fd,United States,215.02,11140.44
a1fb33,United States,0.0,
440daa,Austria,118.39,5745.48
440daf,Austria,9.26,
4952c2,Portugal,228.35,10888.98
4952c5,Portugal,6.94,
4952c7,Portugal,260.44,10713.72
4952c8,Portugal,225.17,12092.94
c822e4,New Zealand,225.14,10370.82
4952aa,Portugal,251.62,12656.82
4952ab,Portugal,101.27,1379.22
7c6b14,Australia,278.49,
4b180a,Switzerland,131.12,5036.82
7c6b12,Australia,209.61,11590.02
4b180b,Switzerland,204.42,6926.58
3c6669,Germany,239.8,11018.52
3c6668,Germany,249.19,10401.3
ad4f72,United States,236.89,11262.36
3c664e,Germany,237.37,11132.82
40814a,United Kingdom,36.01,
e49443,Brazil,262.15,11833.86
e49444,Brazil,140.24,3855.72
3c6664,Germany,245.85,11148.06
3c6663,Germany,4.37,
3c6662,Germany,238.99,11224.26
4952a7,Portugal,1.54,
3c6677,Germany,121.43,1432.56
ad3c48,United States,250.86,13167.36
38c59b,France,49.62,3139.44
e4944e,Brazil,213.44,9433.56
abb3be,United States,221.01,8214.36
4952a4,Portugal,217.61,7345.68
3c666c,Germany,77.09,525.78
48cb15,Poland,97.11,1280.16
3c6670,Germany,246.73,10523.22
3c6675,Germany,203.19,5974.08
a34e9d,United States,0.77,
ad4f7e,United States,134.24,8740.14
3c667a,Germany,240.63,10744.2
ad90a3,United States,236.58,10614.66
40812e,United Kingdom,219.92,10805.16
40812d,United Kingdom,0.06,
a798ad,United States,197.66,7391.4
7c6b3d,Australia,195.91,11498.58
e49430,Brazil,90.26,2369.82
a0574c,United States,248.83,14790.42
708025,Lao People's Democratic Republic,241.04,7871.46
3c65a3,Germany,288.09,11445.24
3c65a8,Germany,260.64,12298.68
4b187b,Switzerland,7.2,
4b187d,Switzerland,226.73,10767.06
4b187f,Switzerland,246.16,11049.0
716ffc,Saudi Arabia,199.77,10279.38
3c65ae,Germany,5.92,
43ee82,United Kingdom,75.3,480.06
aba155,United States,235.89,9616.44
4b187a,Switzerland,224.19,11399.52
4b1883,Switzerland,213.51,10782.3
4b1884,Switzerland,127.17,1752.6
3c65c3,Germany,216.17,10759.44
3c65c2,Germany,183.39,8382.0
716fff,Saudi Arabia,283.24,10645.14
3c65c1,Germany,235.39,12298.68
3b7b37,France,0.51,
3b7b40,France,101.38,541.02
3c65c6,Germany,150.27,1691.64
3c65c9,Germany,251.73,11018.52
3c65c8,Germany,235.75,11711.94
a8f5d1,United States,224.67,11536.68
3c65cf,Germany,0.0,
3c65cd,Germany,221.6,12070.08
3c65e1,Germany,252.48,11826.24
3c65e4,Germany,0.0,
3c65e2,Germany,234.66,11430.0
3c65d8,Germany,8.23,
3c65d7,Germany,190.93,5951.22
3c65d9,Germany,182.06,3124.2
e492cf,Brazil,143.69,3947.16
3c65ca,Germany,159.49,4678.68
43ee55,United Kingdom,0.0,
7c6b07,Australia,0.06,
0c4184,Dominican Republic,243.87,13220.7
0c4186,Dominican Republic,98.49,1097.28
a94b29,United States,247.03,11330.94
ac2f37,United States,232.1,11902.44
861f22,Japan,255.84,9441.18
758369,Philippines,105.44,2247.9
aa9dd4,United States,198.81,6515.1
aa441c,United States,0.9,
800db7,India,123.62,3413.76
782001,China,239.5,11262.36
861e9a,Japan,0.0,
e4808c,Brazil,221.6,8740.14
a65449,United States,227.24,12984.48
75832f,Philippines,234.05,9936.48
51603f,Montenegro,220.72,11765.28
7c496c,Australia,5.92,
516042,Montenegro,220.67,11384.28
800db0,India,224.63,8519.16
800db2,India,136.63,
86d5fa,Japan,150.81,3208.02
48a987,Poland,239.94,
861e70,Japan,240.82,8717.28
861e78,Japan,3.6,
86d5b6,Japan,238.64,12031.98
758339,Philippines,251.41,11018.52
49530c,Portugal,8.23,
49530d,Portugal,240.2,11871.96
84cb66,Japan,229.82,7932.42
758304,Philippines,125.5,853.44
86d5e5,Japan,218.14,6309.36
495305,Portugal,233.91,11475.72
516091,Montenegro,221.63,9685.02
3b7b82,France,67.3,1143.0
495301,Portugal,231.03,11506.2
48597e,Kingdom of the Netherlands,153.2,4015.74
495302,Portugal,66.69,121.92
495303,Portugal,230.37,11529.06
84cb5b,Japan,236.13,7856.22
3c6745,Germany,12.86,
3c6744,Germany,4.89,
440cfe,Austria,240.31,12405.36
3c6743,Germany,236.05,11559.54
3c6749,Germany,0.0,
3c6747,Germany,233.41,11696.7
408086,United Kingdom,232.55,11711.94
44a015,Belgium,36.62,
3c6757,Germany,247.14,11765.28
3c5426,Germany,111.35,1623.06
a70aed,United States,252.88,11254.74
3c6754,Germany,6.69,
e4936a,Brazil,242.27,10126.98
3c674a,Germany,210.46,8374.38
440cf8,Austria,217.19,11155.68
40805d,United Kingdom,192.69,7665.72
3c6752,Germany,236.33,11338.56
3c6751,Germany,126.93,2225.04
408064,United Kingdom,201.91,6179.82
3c675a,Germany,102.54,1409.7
40804d,United Kingdom,174.92,6103.62
408059,United Kingdom,215.58,10568.94
408051,United Kingdom,217.88,12092.94
3d1dc4,Germany,72.99,1958.34
0d0b92,Mexico,233.97,11940.54
0d0b91,Mexico,235.89,11993.88
3c6702,Germany,87.32,495.3
440cbd,Austria,217.66,12954.0
440cbe,Austria,217.51,12001.5
399522,France,55.16,1409.7
440cc1,Austria,227.77,12207.24
440cab,Austria,207.0,12001.5
0d0b20,Mexico,228.53,10668.0
440cac,Austria,255.57,11719.56
3c6715,Germany,292.72,12077.7
a82aa0,United States,207.86,4564.38
3c6714,Germany,226.24,11224.26
3c6719,Germany,280.25,12801.6
acd2eb,United States,51.66,1112.52
440cb1,Austria,131.4,2240.28
4951ee,Portugal,87.61,518.16
75839f,Philippines,1.03,
a0a6e9,United States,253.22,10972.8
4008ad,United Kingdom,60.26,91.44
3c670d,Germany,237.57,12733.02
440ce8,Austria,54.69,701.04
48ca69,Poland,49.45,830.58
4008ae,United Kingdom,137.66,7612.38
4008b5,United Kingdom,265.34,7414.26
48ca63,Poland,64.06,906.78
4008b1,United Kingdom,91.96,899.16
e4805d,Brazil,0.19,
408095,United Kingdom,4.24,228.6
aa8ab2,United States,255.83,11849.1
399519,France,60.24,3825.24
ab772d,United States,126.86,1645.92
4951cb,Portugal,200.45,7459.98
4951cc,Portugal,234.92,10904.22
a6b77b,United States,57.93,1409.7
4951cd,Portugal,204.96,9883.14
3c6589,Germany,10.29,
38d99c,France,35.02,266.7
c02eca,Canada,228.43,12192.0
3c6588,Germany,177.44,4945.38
348085,Spain,147.0,2667.0
3c658b,Germany,144.11,2286.0
348084,Spain,137.28,2651.76
3c658e,Germany,8.23,
7c6c53,Australia,204.47,12001.5
aa57df,United States,263.49,9357.36
02a1a6,Tunisia,244.95,9250.68
02a1a4,Tunisia,221.44,11734.8
02a1a1,Tunisia,229.57,12352.02
aa44ac,United States,246.54,10645.14
3c6595,Germany,231.0,10881.36
a05819,United States,89.87,3299.46
7c6c55,Australia,0.26,
39d314,France,227.85,12024.36
408227,United Kingdom,70.48,335.28
39d315,France,0.19,
39d318,France,238.34,10568.94
39d319,France,223.55,10721.34
408228,United Kingdom,234.33,11155.68
aa57e6,United States,234.27,11727.18
3dd55d,Germany,50.26,998.22
408229,United Kingdom,1.54,
39d310,France,226.15,11391.9
39d312,France,171.31,4975.86
39d313,France,223.59,12070.08
40820e,United Kingdom,247.15,11803.38
7c7f77,Australia,45.66,502.92
4690fa,Greece,232.22,11719.56
408213,United Kingdom,79.51,2095.5
408210,United Kingdom,237.82,11696.7
39d30c,France,5.4,
39d30e,France,154.81,4244.34
39d30a,France,235.1,11711.94
39d30b,France,3.09,
3c6548,Germany,247.39,11719.56
3c7877,Germany,220.14,12009.12
3c7878,Germany,208.94,11445.24
3c7879,Germany,225.51,12039.6
4b5da6,Switzerland,5.14,
3c786b,Germany,213.06,12062.46
4b5da7,Switzerland,0.06,
4b5da4,Switzerland,0.06,
4b5da5,Switzerland,0.06,
ac71ad,United States,242.34,11269.98
408280,United Kingdom,78.94,975.36
408281,United Kingdom,4.12,
39e68d,France,148.71,2948.94
39e68c,France,102.19,1303.02
39e68f,France,111.98,1280.16
39e68e,France,72.24,731.52
3c6542,Germany,267.85,7780.02
3c6541,Germany,236.43,11513.82
4690f9,Greece,9.26,
e4932a,Brazil,220.85,8168.64
3c654a,Germany,224.5,12085.32
7c6c92,Australia,213.68,5052.06
3c6551,Germany,157.71,7665.72
e48006,Brazil,204.9,11506.2
408262,United Kingdom,214.07,10751.82
39e682,France,234.44,11445.24
39e681,France,236.25,10698.48
39e686,France,205.38,6217.92
39e688,France,227.62,11856.72
3c654e,Germany,144.86,4107.18
aaca75,United States,172.79,3421.38
c02eb9,Canada,285.45,11788.14
3c6563,Germany,266.77,12291.06
408257,United Kingdom,46.03,800.1
408251,United Kingdom,116.39,4091.94
39e692,France,210.63,9022.08
39e695,France,144.27,3375.66
39e697,France,99.59,1280.16
3c656c,Germany,217.68,11330.94
39e690,France,70.85,518.16
7c7f08,Australia,236.32,12512.04
0a0051,Algeria,109.94,3299.46
3c64a2,Germany,4.63,
e491b2,Brazil,246.7,13594.08
4080fe,United Kingdom,84.27,365.76
3c64b0,Germany,246.54,11216.64
3c64a4,Germany,172.43,3528.06
3c64a3,Germany,234.81,11102.34
3c64a9,Germany,232.24,9814.56
47bf37,Norway,60.71,304.8
a2e806,United States,241.84,11269.98
3c64af,Germany,241.87,10591.8
3c64ad,Germany,220.29,11460.48
3c64ac,Germany,239.89,11094.72
0a0045,Algeria,206.85,12793.98
0a0046,Algeria,161.82,3375.66
a2c0ff,United States,253.16,11948.16
acc262,United States,238.12,12534.9
e491ad,Brazil,234.66,7886.7
e491ae,Brazil,203.72,11666.22
3c64ab,Germany,254.29,11216.64
4080f9,United Kingdom,264.15,11658.6
4080f6,United Kingdom,84.59,1234.44
4080f7,United Kingdom,231.93,11871.96
0a008c,Algeria,110.4,1501.14
0a008d,Algeria,133.02,1722.12
0a008b,Algeria,221.75,9456.42
a5cc4c,United States,236.83,11300.46
0a0090,Algeria,140.23,2941.32
0a0091,Algeria,234.58,11140.44
391b2d,France,58.42,2804.16
02a1ac,Tunisia,195.91,6492.24
0a0079,Algeria,210.28,11437.62
a83f8c,United States,151.25,1386.84
846a16,Japan,100.12,3985.26
02a1b0,Tunisia,217.02,11125.2
0a0075,Algeria,221.67,5669.28
c083f2,Canada,207.17,11231.88
0a007a,Algeria,225.38,8991.6
a903b9,United States,229.2,7574.28
aa44cd,United States,282.88,11087.1
a4281d,United States,261.86,10027.92
a0eeed,United States,43.24,152.4
3cea41,Germany,246.01,12999.72
3cea42,Germany,241.63,14135.1
aa4548,United States,0.0,
4080a5,United Kingdom,247.92,12748.26
782125,China,244.74,9837.42
494143,Portugal,233.82,13053.06
494142,Portugal,254.11,8557.26
a69bcd,United States,279.87,9852.66
494141,Portugal,126.17,2415.54
451c12,Bulgaria,71.88,2072.64
391a37,France,71.01,3246.12
ac7218,United States,238.0,11224.26
c8234a,New Zealand,219.06,10942.32
4a08e9,Romania,4.37,
49410b,Portugal,225.98,12428.22
a057c7,United States,0.06,
4080db,United Kingdom,214.32,10850.88
0a0019,Algeria,194.99,5554.98
494115,Portugal,218.56,12946.38
4080e9,United Kingdom,250.96,11148.06
494112,Portugal,223.87,10561.32
3d1d3d,Germany,45.27,
494111,Portugal,183.14,10797.54
769101,Singapore,253.38,10690.86
769102,Singapore,265.9,12435.84
4080e3,United Kingdom,197.89,11071.86
4080e4,United Kingdom,157.65,5814.06
4080e1,United Kingdom,4.37,
782161,China,218.78,9814.56
494118,Portugal,224.0,12923.52
4080e6,United Kingdom,0.32,
0a0028,Algeria,235.89,11475.72
4080e0,United Kingdom,2.57,
e491a3,Brazil,119.32,2476.5
4080cb,United Kingdom,89.66,1272.54
ac8577,United States,0.0,
4b28b7,Switzerland,57.4,1874.0
494103,Portugal,199.79,6118.86
86d6c8,Japan,222.81,8138.16
4b28b1,Switzerland,61.24,2613.66
aa5828,United States,96.26,7383.78
494106,Portugal,189.58,4861.56
782179,China,180.64,4991.1
a6b833,United States,250.2,9890.76
3c64f0,Germany,4.85,167.64
3c64f6,Germany,8.23,
4080c1,United Kingdom,237.43,12435.84
4080c2,United Kingdom,218.25,11803.38
4b4b05,Switzerland,1.54,464.82
3ba7ff,France,4.12,
4080ad,United Kingdom,212.62,12031.98
4a08ea,Romania,232.34,12001.5
4a08ec,Romania,63.13,441.96
4009c5,United Kingdom,260.34,8961.12
861ed6,Japan,244.81,7239.0
4b15ca,Switzerland,157.52,3672.84
4b15d7,Switzerland,265.35,12382.5
4b15d8,Switzerland,280.9,12961.62
3c6635,Germany,76.74,762.0
3c6648,Germany,130.15,2286.0
4b15ed,Switzerland,198.13,7940.04
4b15ee,Switzerland,68.01,403.86
3c6643,Germany,251.27,11003.28
3c6641,Germany,209.44,10706.1
3c6657,Germany,198.57,4160.52
4b4b41,Switzerland,1.15,464.82
3c6655,Germany,121.97,1729.74
3c7989,Germany,228.27,10789.92
3c664c,Germany,250.12,11125.2
408177,United Kingdom,201.4,4968.24
861ede,Japan,213.9,7962.9
a40291,United States,51.1,739.14
4b4b2c,Switzerland,28.2,670.56
40815b,United Kingdom,249.26,11757.66
3c7982,Germany,150.16,2689.86
3c7983,Germany,215.86,10881.36
40815c,United Kingdom,63.53,167.64
3c7984,Germany,220.1,9166.86
e49237,Brazil,239.8,11620.5
3c6652,Germany,235.79,9547.86
a1ea32,United States,262.64,11871.96
39d303,France,133.54,1463.04
39d305,France,237.16,12428.22
39d307,France,200.14,10248.9
a1b4bb,United States,44.92,1524.0
39d300,France,211.04,12054.84
a45d1a,United States,223.92,11544.3
39d301,France,242.65,11696.7
39d302,France,190.55,5928.36
44b438,Belgium,252.56,11711.94
3d0a8c,Germany,3.34,
44b436,Belgium,69.68,670.56
4009da,United Kingdom,68.38,373.38
738c0b,Israel,247.41,10157.46
a5cbf3,United States,152.35,2659.38
4b4b99,Switzerland,0.51,510.54
842208,Japan,182.86,6301.74
ab0ec8,United States,128.68,1386.84
e4925f,Brazil,243.43,8656.32
7103d6,Saudi Arabia,237.9,11521.44
7103d8,Saudi Arabia,240.28,10203.18
3d0a9b,Germany,32.67,
e49266,Brazil,250.37,11879.58
e4926b,Brazil,100.84,4640.58
3c6469,Germany,0.0,
3c6468,Germany,225.56,9509.76
403bc5,United Kingdom,45.11,655.32
400880,United Kingdom,130.26,3604.26
400879,United Kingdom,0.64,
7820a3,China,237.6,11452.86
a6d9c3,United States,248.61,10675.62
0d0e2c,Mexico,254.14,11887.2
a5ef0e,United States,122.99,2171.7
4a91fa,Sweden,239.68,11742.42
4b5d9f,Switzerland,5.66,
4b5d9e,Switzerland,3.86,
3c6474,Germany,0.0,
7c6d78,Australia,264.49,11231.88
4b5d9b,Switzerland,0.0,
aaed0d,United States,230.07,11056.62
399301,France,43.8,91.44
a23f5d,United States,251.72,10660.38
7583e2,Philippines,132.89,3512.82
3c6489,Germany,242.79,
3c6488,Germany,163.42,2065.02
a676c4,United States,238.79,12824.46
7583ed,Philippines,244.26,12100.56
7583ec,Philippines,104.71,1554.48
3c648e,Germany,209.61,5394.96
3c648c,Germany,246.69,11117.58
3c648f,Germany,224.83,10904.22
7820d7,China,240.53,12344.4
3c6491,Germany,224.21,10858.5
3c6490,Germany,227.48,10919.46
3c6496,Germany,270.7,9768.84
3c6494,Germany,246.93,10187.94
3c6424,Germany,90.4,800.1
3c6429,Germany,222.23,10226.04
151de6,Russian Federation,243.11,11102.34
c080dd,Canada,259.25,12954.0
c080db,Canada,0.0,
440c8e,Austria,213.53,6042.66
151dda,Russian Federation,222.39,10721.34
7820dd,China,107.91,2148.84
46f0a2,Greece,12.35,
3c6422,Germany,221.55,10820.4
e49206,Brazil,71.45,792.48
440c96,Austria,236.17,11864.34
0d0e03,Mexico,248.32,11292.84
440c8c,Austria,239.78,10553.7
0d0e05,Mexico,239.23,11643.36
86d96c,Japan,218.03,8397.24
7820ea,China,109.58,2537.46
3c6433,Germany,218.19,11407.14
a6b47c,United States,244.56,10858.5
7c6d8c,Australia,212.25,6537.96
3c6446,Germany,178.03,6621.78
abfa24,United States,97.89,693.42
a1b0c6,United States,68.83,335.28
39800c,France,43.04,396.24
400896,United Kingdom,57.25,441.96
3c6441,Germany,1.29,
3c6445,Germany,248.81,11125.2
3c6444,Germany,221.19,10401.3
3c6443,Germany,228.58,7528.56
151df5,Russian Federation,184.47,7787.64
3c644a,Germany,237.72,12306.3
4b1620,Switzerland,197.08,6347.46
7c6d7f,Australia,70.77,152.4
7c6d7e,Australia,177.21,10195.56
7c6d95,Australia,225.7,9250.68
7c6d93,Australia,197.75,4320.54
7c6d92,Australia,242.8,11765.28
a0ec98,United States,161.49,10949.94
7c6d91,Australia,205.5,8397.24
40087a,United Kingdom,255.56,11102.34
3c6450,Germany,223.16,11993.88
758526,Philippines,232.74,11475.72
a0b821,United States,259.34,10507.98
4869be,Kingdom of the Netherlands,3.09,
4869bf,Kingdom of the Netherlands,207.58,7909.56
a18845,United States,65.85,15.24
758533,Philippines,86.55,609.6
a913d6,United States,122.91,2400.3
c080a2,Canada,224.59,11643.36
a0fea3,United States,250.52,10027.92
39937d,France,26.32,
4869c4,Kingdom of the Netherlands,257.68,10843.26
440c6f,Austria,214.86,11468.1
846b6c,Japan,221.48,7040.88
4869c3,Kingdom of the Netherlands,0.32,
440c83,Austria,6.94,
4869c1,Kingdom of the Netherlands,188.93,7048.5
aa9d6e,United States,264.79,11902.44
c080ad,Canada,12.35,
e490f1,Brazil,170.8,4541.52
4b1698,Switzerland,200.39,8496.3
4b1699,Switzerland,245.39,11148.06
7c6d2a,Australia,215.42,8100.06
49514f,Portugal,245.58,11323.32
a0a545,United States,187.74,3787.14
e490ee,Brazil,0.06,
49514b,Portugal,224.44,11567.16
e490ef,Brazil,206.83,10035.54
495155,Portugal,0.0,
7c6d31,Australia,145.22,4450.08
440c41,Austria,49.48,1310.64
495150,Portugal,231.32,11262.36
84bb13,Japan,218.99,9738.36
495152,Portugal,238.65,11254.74
495153,Portugal,224.23,10866.12
00bfc0,South Africa,225.45,11879.58
495145,Portugal,217.51,10873.74
a0b848,United States,0.0,
440c32,Austria,0.0,
440c33,Austria,244.87,12390.12
440c35,Austria,201.61,12100.56
440c36,Austria,0.77,
4b168f,Switzerland,240.19,10728.96
400804,United Kingdom,0.06,
4246b9,United Kingdom,0.0,
4246b2,United Kingdom,239.27,12009.12
4246b5,United Kingdom,121.92,1714.5
4246b4,United Kingdom,252.73,10005.06
4b027d,Switzerland,208.66,
4b027c,Switzerland,221.8,12161.52
a29578,United States,234.09,9517.38
782240,China,230.58,8770.62
4b0274,Switzerland,138.02,3558.54
a0a54d,United States,238.97,10736.58
4006c2,United Kingdom,3.86,
a0a54a,United States,250.31,10203.18
7c3883,Australia,2.57,
ab8862,United States,228.96,9486.9
7c6bbd,Australia,255.83,12976.86
392a08,France,67.64,1257.3
758598,Philippines,130.93,4838.7
a0b88c,United States,227.98,10866.12
78225c,China,261.25,9997.44
78225b,China,161.63,3467.1
4b028e,Switzerland,0.0,
4b028d,Switzerland,0.0,
484442,Kingdom of the Netherlands,240.63,11094.72
4b028c,Switzerland,224.45,7551.42
4b028b,Switzerland,69.9,624.84
485778,Kingdom of the Netherlands,69.5,281.94
489df1,Poland,46.03,213.36
4b0295,Switzerland,0.64,
4b0294,Switzerland,232.54,9547.86
4b0292,Switzerland,0.0,
782277,China,74.85,243.84
782289,China,198.81,4876.8
78227a,China,214.61,10408.92
3991e0,France,242.59,6713.22
440af6,Austria,49.41,1203.96
3991e8,France,243.56,11788.14
3991e7,France,225.98,8641.08
151e53,Russian Federation,233.91,11468.1
3991e9,France,229.02,9387.84
489dd0,Poland,46.37,335.28
151e54,Russian Federation,256.97,11292.84
75855b,Philippines,245.39,10721.34
151e57,Russian Federation,219.07,12115.8
782293,China,277.75,10088.88
3c76ef,Germany,92.21,1424.94
05e051,Mauritania,167.33,9105.9
4b27bf,Switzerland,53.15,1143.0
4006ee,United Kingdom,221.87,10927.08
ad1861,United States,231.52,11727.18
758539,Philippines,0.9,
4246a3,United Kingdom,249.98,13281.66
c08172,Canada,213.56,10149.84
151da1,Russian Federation,236.98,11780.52
ad03c4,United States,192.5,4411.98
151da6,Russian Federation,175.55,7292.34
a8e20f,United States,246.08,11932.92
a6657e,United States,0.0,
3c6518,Germany,165.45,3528.06
00ae2a,South Africa,226.99,11269.98
00ae2c,South Africa,199.16,8420.1
43eaa1,United Kingdom,238.79,12359.64
ae6c53,United States,53.01,464.82
151dc1,Russian Federation,238.64,12031.98
4a91af,Sweden,213.27,10241.28
151dc8,Russian Federation,27.7,2697.48
3c651a,Germany,125.48,2186.94
ab60e3,United States,222.73,9494.52
151dba,Russian Federation,256.71,10347.96
151dbb,Russian Federation,227.92,10439.4
3c6521,Germany,248.5,11803.38
48dd34,Poland,81.54,1447.8
7c6c9b,Australia,234.72,5669.28
7c6c9a,Australia,269.08,10980.42
e4910b,Brazil,60.51,937.26
e4910c,Brazil,213.93,7551.42
3c7861,Germany,186.04,6172.2
151dae,Russian Federation,231.95,10515.6
ac2c9c,United States,235.62,11910.06
aa9bbf,United States,265.06,11430.0
782206,China,135.21,1303.02
782204,China,248.43,10126.98
861fa4,Japan,247.68,8793.48
a0b7fa,United States,234.16,11292.84
782216,China,244.21,10507.98
782214,China,154.87,5349.24
a79898,United States,247.6,10652.76
a0b7ba,United States,242.72,10645.14
0d0d6d,Mexico,125.43,1524.0
aab812,United States,240.6,10873.74
a5325b,United States,2.06,
a08a1a,United States,0.0,
4a91f9,Sweden,230.15,11978.64
4a91f8,Sweden,248.19,11506.2
86d90e,Japan,0.0,
4951ca,Portugal,230.58,11483.34
4951d4,Portugal,218.03,10873.74
4951d5,Portugal,5.14,
4951d6,Portugal,250.27,11452.86
4951d7,Portugal,188.32,5227.32
4951d9,Portugal,228.62,11871.96
408000,United Kingdom,2.83,
39e40c,France,35.29,708.66
4951d1,Portugal,221.17,8343.9
4951d2,Portugal,103.64,1371.6
3e0650,Germany,40.9,1249.68
48ca40,Poland,245.15,8663.94
a304d8,United States,238.05,7962.9
40097f,United Kingdom,1.29,
40097e,United Kingdom,97.3,1272.54
40097d,United Kingdom,0.45,
7821d0,China,2.83,
a22d7b,United States,247.65,11696.7
896ded,United Arab Emirates,30.91,152.4
39e406,France,34.47,297.18
ac2e45,United States,45.39,525.78
400982,United Kingdom,233.15,10942.32
400981,United Kingdom,227.33,7680.96
0d0d36,Mexico,242.2,12603.48
a34d52,United States,0.0,
a0b7fe,United States,241.41,10660.38
440ca9,Austria,125.7,1485.9
40095d,United Kingdom,2.06,
0d0d41,Mexico,8.23,
39942e,France,53.79,822.96
3c0cb2,Germany,230.07,10134.6
408041,United Kingdom,245.56,11148.06
408047,United Kingdom,9.26,502.92
a411d3,United States,93.87,640.08
408032,United Kingdom,241.04,11239.5
408033,United Kingdom,0.0,
408034,United Kingdom,240.01,11811.0
a05614,United States,197.31,9624.06
392ae2,France,0.06,
7584be,Philippines,242.45,9829.8
408027,United Kingdom,183.98,4076.7
392ae7,France,193.52,7193.28
a46d70,United States,237.02,10629.9
392ae9,France,151.16,2590.8
3d3ff0,Germany,106.94,1592.58
00bf8a,South Africa,207.77,12169.14
392af3,France,151.77,1600.2
392af2,France,20.58,
392af9,France,240.22,11132.82
4a4eae,Romania,167.22,3939.54
392aeb,France,232.45,10957.56
ace5bc,United States,200.92,12192.0
392aed,France,251.9,9304.02
392aee,France,152.17,4625.34
ab6380,United States,103.89,586.74
4844a7,Kingdom of the Netherlands,89.53,2263.14
440d6f,Austria,129.9,2042.16
151e23,Russian Federation,208.75,10485.12
86d9da,Japan,146.11,2560.32
0d0bff,Mexico,135.0,4175.76
3dd383,Germany,48.09,609.6
08a113,Zambia,62.76,83.82
151e12,Russian Federation,248.22,11719.56
440d70,Austria,231.77,11734.8
440d71,Austria,222.98,12085.32
49529a,Portugal,9.26,
3cd8b8,Germany,177.52,3604.26
a05627,United States,251.38,10241.28
151e49,Russian Federation,223.6,10965.18
440d8a,Austria,62.32,1790.7
872f5c,Japan,0.0,
c01a72,Canada,212.49,11399.52
495299,Portugal,98.37,1242.06
440d43,Austria,164.56,7940.04
495293,Portugal,226.05,9334.5
a0b97c,United States,241.73,11262.36
a43952,United States,263.32,10012.68
440d33,Austria,239.27,12893.04
400944,United Kingdom,156.91,7178.04
495278,Portugal,290.74,11452.86
400935,United Kingdom,144.6,4930.14
a771af,United States,198.51,9433.56
495266,Portugal,224.34,11567.16
151e04,Russian Federation,10.29,9707.88
495269,Portugal,230.88,11269.98
a0566a,United States,238.47,10081.26
151d6a,Russian Federation,163.83,
a42665,United States,236.27,12230.1
7105b2,Saudi Arabia,234.7,11551.92
a80941,United States,241.36,8938.26
7105b0,Saudi Arabia,230.67,12115.8
ab761e,United States,231.4,11315.7
4007ef,United Kingdom,73.77,754.38
78101f,China,200.91,11513.82
151d89,Russian Federation,230.69,10858.5
782369,China,239.88,7277.1
4007f5,United Kingdom,3.34,
aa6960,United States,152.35,
78102e,China,233.52,10820.4
78102b,China,212.67,7620.0
4007da,United Kingdom,79.71,883.92
151d78,Russian Federation,180.51,6941.82
4007f0,United Kingdom,276.14,12344.4
151d8a,Russian Federation,240.14,11109.96
a7e93b,United States,236.01,11285.22
4baac9,Turkey,226.89,11391.9
4247eb,United Kingdom,247.97,10050.78
a28347,United States,0.0,
4baad5,Turkey,74.09,419.1
4baad2,Turkey,200.1,8923.02
4baad3,Turkey,241.64,12946.38
4baad0,Turkey,172.85,4686.3
0d0ba2,Mexico,71.3,297.18
78103c,China,233.39,9890.76
45e593,Denmark,59.38,1805.94
7105ad,Saudi Arabia,230.35,11445.24
7105ac,Saudi Arabia,267.79,12473.94
440d10,Austria,234.86,11841.48
a2f95c,United States,272.86,10447.02
7105af,Saudi Arabia,230.99,12146.28
78104a,China,115.97,
4baad6,Turkey,222.46,11696.7
a28336,United States,241.18,9867.9
151d92,Russian Federation,212.24,11041.38
495217,Portugal,0.0,
495219,Portugal,135.64,2758.44
ac2cb2,United States,248.34,10728.96
aaffed,United States,241.84,11277.6
484571,Kingdom of the Netherlands,34.07,472.44
151d99,Russian Federation,208.87,7223.76
495210,Portugal,128.92,2019.3
495211,Portugal,217.87,9646.92
495212,Portugal,68.83,655.32
495214,Portugal,85.82,662.94
48455d,Kingdom of the Netherlands,46.3,
495216,Portugal,213.8,10279.38
48455f,Kingdom of the Netherlands,239.59,10279.38
758685,Philippines,189.16,5935.98
782397,China,203.94,6781.8
3d1b07,Germany,45.12,1592.58
484560,Kingdom of the Netherlands,226.78,7376.16
a3904c,United States,253.27,11917.68
151d45,Russian Federation,123.68,4701.54
3490c2,Spain,63.04,1478.28
ad5ff1,United States,74.18,2872.74
abc651,United States,103.44,1295.4
78239e,China,148.8,2682.24
485870,Kingdom of the Netherlands,3.6,
485876,Kingdom of the Netherlands,192.94,3025.14
78239a,China,200.45,10858.5
a8e1f6,United States,244.85,12542.52
781084,China,215.82,8298.18
a78605,United States,240.56,11940.54
c08294,Canada,85.58,160.02
aa8a83,United States,255.18,11643.36
a34e01,United States,176.0,5113.02
4ca9c1,Ireland,217.04,11071.86
4ca9c3,Ireland,248.45,11727.18
a10e32,United States,73.7,2560.32
a7869b,United States,198.69,9509.76
4ca9aa,Ireland,210.83,11948.16
00ad26,South Africa,44.76,4198.62
a09e52,United States,8.98,60.96
a7d673,United States,240.29,11308.08
484506,Kingdom of the Netherlands,220.8,11483.34
0d0c86,Mexico,236.73,11971.02
7585cc,Philippines,233.25,12146.28
48ef21,Poland,45.1,525.78
4ca9d1,Ireland,207.48,10248.9
4ca9d2,Ireland,222.87,11102.34
4ca9d3,Ireland,12.86,
4ca9d4,Ireland,184.36,4312.92
4ca9d0,Ireland,193.53,3162.3
84bac2,Japan,0.0,
4ca9a9,Ireland,230.64,11719.56
485814,Kingdom of the Netherlands,118.77,982.98
3dd2d5,Germany,52.32,403.86
a34e45,United States,247.85,13609.32
a7d635,United States,92.29,777.24
a0b8fb,United States,235.09,10629.9
4ca9eb,Ireland,213.74,11993.88
4ca9ea,Ireland,235.8,11879.58
e4904c,Brazil,2.06,
4b5c3a,Switzerland,5.14,
4950e4,Portugal,246.48,12824.46
841115,Japan,138.78,4213.86
4ca9cf,Ireland,241.32,11742.42
4ca9cb,Ireland,0.77,
4ca9cc,Ireland,109.87,952.5
3d82fb,Germany,148.49,8618.22
49c4b5,Czech Republic,45.54,640.08
4601f2,Finland,119.02,4518.66
394dc2,France,50.12,701.04
4841ad,Kingdom of the Netherlands,12.86,
425938,United Kingdom,6.43,
123456,Russian Federation,72.7,434.34
425931,United Kingdom,1.54,
4bab5a,Turkey,143.56,1950.72
4841c3,Kingdom of the Netherlands,229.97,10126.98
4841c4,Kingdom of the Netherlands,262.02,9791.7
846d0c,Japan,250.31,9845.04
a8f9f2,United States,240.48,11338.56
4601f9,Finland,158.85,5707.38
47ba1d,Norway,7.72,
42593c,United Kingdom,3.86,
4854cb,Kingdom of the Netherlands,247.29,10210.8
e4988e,Brazil,242.21,12641.58
4854ca,Kingdom of the Netherlands,232.86,10599.42
425951,United Kingdom,2.83,
4854cf,Kingdom of the Netherlands,227.95,10523.22
a03510,United States,182.66,4861.56
4601fb,Finland,136.87,5303.52
4601fa,Finland,97.89,1013.46
7822f5,China,214.29,7056.12
c00bf1,Canada,62.76,1333.5
4867eb,Kingdom of the Netherlands,222.75,11513.82
4bab2e,Turkey,235.49,11087.1
4bab2c,Turkey,198.45,4861.56
4bab2d,Turkey,133.21,2865.12
4841a9,Kingdom of the Netherlands,215.55,12115.8
425957,United Kingdom,12.86,
425955,United Kingdom,15.43,
4841a5,Kingdom of the Netherlands,159.64,5189.22
4bab47,Turkey,215.5,11559.54
a883c9,United States,210.53,6301.74
3e0551,Germany,52.0,762.0
4bab52,Turkey,187.9,4320.54
4bab53,Turkey,134.29,4069.08
4ca8fb,Ireland,241.9,12138.66
400685,United Kingdom,123.65,2865.12
490d0d,Portugal,237.56,13266.42
c8280d,New Zealand,11.11,76.2
394de5,France,40.06,350.52
393ab2,France,64.8,3802.38
490d05,Portugal,223.93,13434.06
7608fa,Pakistan,269.83,10599.42
490d03,Portugal,211.39,8031.48
393ab7,France,62.56,335.28
4867c1,Kingdom of the Netherlands,236.17,11079.48
4867c2,Kingdom of the Netherlands,251.7,11201.4
394df2,France,43.41,502.92
a7c6a6,United States,88.44,2331.72
394dea,France,60.21,868.68
4867b0,Kingdom of the Netherlands,223.35,11384.28
758766,Philippines,252.16,10523.22
70c150,Oman,241.34,10736.58
75874b,Philippines,4.63,
e840ac,Ecuador,244.7,9966.96
acb27c,United States,254.35,9745.98
7c39f3,Australia,175.49,5775.96
70c149,Oman,242.62,11079.48
75875f,Philippines,79.25,83.82
702f08,Bangladesh,5.66,
702f07,Bangladesh,13.89,
75872c,Philippines,0.0,
a70ea4,United States,247.19,11285.22
c060ba,Canada,279.75,11635.74
8411a4,Japan,234.19,9105.9
a0cbff,United States,242.96,9357.36
c073db,Canada,274.95,11689.08
e4851b,Brazil,214.71,6926.58
a2b223,United States,241.79,11018.52
4baac1,Turkey,77.68,563.88
4baac2,Turkey,0.77,
c060c5,Canada,181.79,3741.42
394f33,France,57.11,
a8f9fd,United States,0.0,
846d80,Japan,225.33,9121.14
70c125,Oman,245.1,
3cc57d,Germany,204.12,12649.2
70c122,Oman,259.71,12291.06
7822d9,China,231.91,8061.96
758707,Philippines,126.1,3291.84
a5124c,United States,252.88,11155.68
781148,China,219.06,9723.12
a81bc4,United States,253.16,7299.96
486897,Kingdom of the Netherlands,248.13,11155.68
a9f502,United States,235.32,10180.32
781150,China,242.42,7993.38
781158,China,194.24,4229.1
7c1474,Australia,109.22,1341.12
7c1475,Australia,0.0,
7c146d,Australia,242.02,13037.82
7c146f,Australia,233.45,12352.02
abfefd,United States,243.64,11841.48
7c1464,Australia,231.0,12092.94
3e04d2,Germany,34.57,518.16
4ca973,Ireland,71.11,91.44
78249d,China,233.48,8542.02
a44be5,United States,230.35,11422.38
77044c,Sri Lanka,129.67,3116.58
4ca97c,Ireland,219.42,11734.8
896f9c,United Arab Emirates,32.41,
aa7bae,United States,171.0,4351.02
a07d01,United States,224.88,11612.88
846bb6,Japan,243.92,8435.34
7c6dec,Australia,203.44,12115.8
aa7ba7,United States,280.69,12252.96
478ef4,Norway,174.47,7505.7
c01f28,Canada,261.7,12237.72
486840,Kingdom of the Netherlands,220.15,11399.52
c827a3,New Zealand,248.09,11201.4
48683e,Kingdom of the Netherlands,210.26,11399.52
48683f,Kingdom of the Netherlands,235.08,11536.68
c827a6,New Zealand,236.74,8305.8
a76516,United States,24.69,
733494,Islamic Republic of Iran,221.86,
008fef,South Africa,227.0,11590.02
4d403e,Monaco,61.19,198.12
a4f239,United States,81.41,1333.5
88084f,Thailand,206.36,9182.1
84cefa,Japan,228.51,8465.82
7609fa,Pakistan,247.69,11269.98
86787c,Japan,223.1,6896.1
88084c,Thailand,228.23,11734.8
3d1a9e,Germany,68.2,2712.72
7c6da0,Australia,242.68,8427.72
880856,Thailand,197.67,11750.04
486804,Kingdom of the Netherlands,152.82,2514.6
782403,China,143.87,
84bbdf,Japan,74.0,533.4
c06177,Canada,217.04,6103.62
846bfa,Japan,216.81,9540.24
a99293,United States,242.51,10660.38
c06173,Canada,222.84,11894.82
7609eb,Pakistan,10.8,
880845,Thailand,236.69,11239.5
a68d02,United States,245.56,11323.32
c0616e,Canada,196.02,10226.04
880843,Thailand,70.91,381.0
a1b7cd,United States,123.33,6766.56
86789e,Japan,152.47,3398.52
7609f2,Pakistan,221.64,8473.44
7586cf,Philippines,2.83,
3c0ca3,Germany,217.86,12024.36
76d106,Singapore,224.94,12382.5
70c0f8,Oman,77.36,586.74
a56d51,United States,39.86,274.32
a18a1c,United States,250.08,10972.8
70c0f6,Oman,250.45,12672.06
a68d27,United States,253.59,10500.36
781105,China,182.39,4168.14
782437,China,219.29,11780.52
4bab22,Turkey,208.63,7391.4
4ca8e7,Ireland,237.96,10812.78
4ca8e8,Ireland,220.66,11788.14
782431,China,105.06,1973.58
a31a57,United States,239.0,9570.72
4ca8e6,Ireland,154.84,5242.56
7c6de3,Australia,245.69,12161.52
3d2d8e,Germany,35.4,1417.32
78242c,China,257.87,8618.22
31ff31,Italy,44.35,381.0
4bab29,Turkey,211.01,8663.94
4bab27,Turkey,123.17,922.02
4bab26,Turkey,204.55,9037.32
4bab23,Turkey,231.73,10812.78
7c6ddb,Australia,8.75,
a417fe,United States,0.0,
aaded0,United States,251.16,14249.4
7609ae,Pakistan,220.35,6819.9
4ca8f5,Ireland,10.8,
4bab2a,Turkey,0.0,
78110e,China,259.61,11125.2
4ca8db,Ireland,222.74,11727.18
846bd8,Japan,238.17,8488.68
4ca8da,Ireland,237.27,11376.66
782454,China,241.76,9456.42
a6329d,United States,273.38,9745.98
70c0c9,Oman,205.0,5715.0
3dd1bd,Germany,63.58,845.82
4ca8af,Ireland,232.07,10873.74
7609b7,Pakistan,236.06,11917.68
78111a,China,154.39,3505.2
7c6dbb,Australia,263.91,11887.2
4840c9,Kingdom of the Netherlands,59.66,1356.36
84bbbd,Japan,223.53,7741.92
4ca8d9,Ireland,252.66,11788.14
7c6db7,Australia,0.39,
4ca8d2,Ireland,54.79,403.86
4ca8d5,Ireland,223.31,11498.58
7c6db4,Australia,208.48,11574.78
4ca8bd,Ireland,226.31,10866.12
7c6db8,Australia,108.55,952.5
781142,China,204.68,10370.82
c07676,Canada,184.54,10576.56
7810bb,China,233.22,8884.92
3c7439,Germany,166.19,3314.7
7810ca,China,238.08,8275.32
4baa47,Turkey,30.18,167.64
4baa56,Turkey,937.19,9974.58
a31a7b,United States,282.37,10683.24
4baa53,Turkey,256.73,11132.82
4baa54,Turkey,230.72,
4baa52,Turkey,241.38,10149.84
3c0ac6,Germany,223.87,8656.32
888054,Viet Nam,236.14,11125.2
4baa4e,Turkey,208.75,6736.08
4baa59,Turkey,239.07,10165.08
4c31e1,Serbia,156.73,4450.08
a4f1e5,United States,227.21,11209.02
7c01d7,Australia,166.29,5417.82
38855c,France,63.82,
49c3b8,Czech Republic,65.55,2240.28
49c3b1,Czech Republic,64.11,1013.46
4baa0d,Turkey,194.54,6949.44
a31a76,United States,5.14,
7c4a4f,Australia,208.12,10942.32
4baa0b,Turkey,228.0,10866.12
3c0aca,Germany,184.26,3086.1
3f2401,Germany,21.09,762.0
3c0acc,Germany,203.9,5097.78
7c4a50,Australia,0.0,
a31a73,United States,241.06,11292.84
501e6e,Croatia,221.17,9578.34
7c4a51,Australia,266.26,
7c4a56,Australia,214.27,7680.96
4baa88,Turkey,230.36,11513.82
4baa89,Turkey,141.97,2750.82
4baa86,Turkey,240.33,9852.66
4baa87,Turkey,235.71,10614.66
47bb0a,Norway,175.43,6659.88
a3d1b1,United States,129.93,1196.34
49c3d2,Czech Republic,60.37,1280.16
48a5a1,Poland,29.86,335.28
4855d2,Kingdom of the Netherlands,178.98,4617.72
a16971,United States,130.86,2537.46
488b10,Poland,36.15,487.68
a7c7a2,United States,246.02,10241.28
49c3e5,Czech Republic,31.25,487.68
4baa90,Turkey,156.72,4145.28
4baa8f,Turkey,235.52,11026.14
4baa8c,Turkey,44.24,
399260,France,198.37,12618.72
4868f7,Kingdom of the Netherlands,109.88,2560.32
4a1924,Romania,237.93,10949.94
4a1921,Romania,7.72,
4baa66,Turkey,130.28,1600.2
4baa64,Turkey,76.64,647.7
4baa65,Turkey,148.06,3627.12
4baa61,Turkey,159.48,4335.78
aa6b0c,United States,67.85,548.64
4baa4f,Turkey,243.05,10447.02
400774,United Kingdom,273.85,12260.58
4868e2,Kingdom of the Netherlands,224.1,10873.74
49c3ec,Czech Republic,53.65,784.86
4baa69,Turkey,228.23,10789.92
4baa75,Turkey,234.39,10782.3
c82727,New Zealand,83.44,853.44
3c7426,Germany,207.69,12062.46
3c7428,Germany,221.24,10911.84
400772,United Kingdom,3.09,
4868bc,Kingdom of the Netherlands,235.83,10401.3
4868ba,Kingdom of the Netherlands,221.45,10782.3
4baa79,Turkey,227.5,11056.62
4ca912,Ireland,252.04,10713.72
4ca911,Ireland,248.39,11711.94
3c618b,Germany,229.54,9745.98
a53975,United States,2.83,
440b1e,Austria,130.99,2895.6
4868b9,Kingdom of the Netherlands,189.62,4800.6
3d3f03,Germany,32.0,190.5
4868a6,Kingdom of the Netherlands,186.37,7063.74
845b9c,Japan,206.64,9425.94
a26325,United States,235.57,10195.56
c8274f,New Zealand,4.12,
ab8b0b,United States,178.05,4754.88
86eb2e,Japan,253.39,8481.06
71e260,Republic of Korea,26.97,175.26
46f07d,Greece,9.77,
7823aa,China,240.13,9410.7
7cad48,Australia,175.16,4549.14
7cad47,Australia,197.45,11521.44
7cad40,Australia,258.05,12070.08
7823c6,China,100.34,1196.34
7823c5,China,212.38,10393.68
46f06a,Greece,2.31,
7cad43,Australia,211.23,12161.52
7cad42,Australia,201.05,12763.5
88808f,Viet Nam,111.62,365.76
7c01c0,Australia,147.53,4206.24
aa6b9d,United States,276.69,11894.82
7823ba,China,132.24,2331.72
4ca95e,Ireland,3.34,
8678e2,Japan,263.16,9174.48
75883f,Philippines,223.49,10111.74
46f065,Greece,8.75,
3f7dc1,Germany,222.76,11369.04
7810a3,China,242.7,10607.04
aace63,United States,230.05,7650.48
495037,Portugal,87.07,739.14
495038,Portugal,134.61,2506.98
495039,Portugal,231.83,11193.78
48a687,Poland,43.18,632.46
7823e9,China,129.51,2240.28
4ca935,Ireland,238.59,11269.98
48436c,Kingdom of the Netherlands,254.86,11087.1
aace5c,United States,3.34,
4a068d,Romania,121.94,5737.86
758829,Philippines,200.29,5547.36
758827,Philippines,74.66,784.86
88809c,Viet Nam,68.03,30.48
43c8d5,United Kingdom,175.22,10767.06
a68cfd,United States,255.55,12664.44
e495d8,Brazil,205.89,8747.76
a76683,United States,252.59,11231.88
4ca891,Ireland,202.67,6248.4
4ca892,Ireland,213.53,12077.7
77058e,Sri Lanka,241.3,12291.06
4258bf,United Kingdom,12.86,
45d026,Denmark,43.04,1828.8
770591,Sri Lanka,244.22,12992.1
4ca84e,Ireland,243.01,7764.78
e495b3,Brazil,201.91,10317.48
46f010,Greece,6.43,
4ca857,Ireland,236.11,11681.46
45d022,Denmark,227.46,7132.32
4ca852,Ireland,251.78,11795.76
4ca85c,Ireland,231.66,11361.42
48b960,Poland,47.98,678.18
4ca85b,Ireland,0.0,
a8d62a,United States,244.0,9212.58
e495fc,Brazil,201.28,10309.86
a76646,United States,76.42,396.24
3c0c0a,Germany,233.53,11231.88
3c0c0c,Germany,239.74,10988.04
a06b0b,United States,28.81,
486954,Kingdom of the Netherlands,148.87,3200.4
486953,Kingdom of the Netherlands,236.96,9776.46
c00d51,Canada,263.6,11186.16
e495db,Brazil,157.9,3855.72
4ca893,Ireland,180.23,6096.0
4ca894,Ireland,221.58,11734.8
e495df,Brazil,254.55,12390.12
7587fb,Philippines,232.57,13266.42
a262ae,United States,127.58,2019.3
a022ee,United States,168.83,3619.5
e48395,Brazil,245.18,11849.1
e48396,Brazil,191.99,11910.06
840054,Japan,73.87,388.62
a18b4b,United States,262.05,11788.14
02b26b,Tunisia,144.41,4099.56
39f3fc,France,46.37,1775.46
a9e391,United States,192.14,6697.98
4bbd09,Turkey,210.14,6812.28
4bbd07,Turkey,252.2,11757.66
4bbd05,Turkey,222.56,11369.04
4bbd03,Turkey,173.24,4251.96
781208,China,254.74,11346.18
aadfae,United States,72.58,1203.96
aba612,United States,242.54,10203.18
78120b,China,251.72,10005.06
781222,China,3.86,
038226,Côte d'Ivoire,235.45,12687.3
501db3,Croatia,92.56,1600.2
3e5f88,Germany,40.25,
4baa09,Turkey,213.74,10294.62
4baa10,Turkey,68.94,137.16
7587cb,Philippines,71.08,251.46
ac0cab,United States,215.55,5966.46
78122d,China,222.92,9784.08
3c0c99,Germany,220.26,12024.36
4a04e3,Romania,77.15,
4bbd10,Turkey,218.81,11369.04
0d09be,Mexico,230.85,10698.48
490d85,Portugal,144.52,2979.42
490d84,Portugal,236.09,12923.52
490d81,Portugal,244.35,11826.24
76d250,Singapore,216.96,10134.6
4601fd,Finland,45.27,
872fe4,Japan,3.34,
76d256,Singapore,204.53,7467.6
a9f646,United States,56.6,952.5
78123d,China,257.92,8503.92
ad3fd7,United States,36.19,373.38
4bbd19,Turkey,223.3,11407.14
4bbd14,Turkey,74.54,289.56
4bbd13,Turkey,0.0,
4bbd12,Turkey,212.72,11734.8
3c0c9e,Germany,219.68,12016.74
76d24f,Singapore,124.0,3131.82
4ca7b9,Ireland,155.04,4046.22
49c4a8,Czech Republic,31.73,647.7
49c4a7,Czech Republic,62.44,731.52
4ca7b5,Ireland,213.18,11452.86
4ca7b6,Ireland,213.75,7688.58
4ca7b3,Ireland,246.68,12047.22
4bbd0e,Turkey,193.23,7650.48
49c4a1,Czech Republic,26.8,259.08
4bbd0c,Turkey,7.72,
49d5a6,Czech Republic,0.0,
888187,Viet Nam,2.57,
4b23e0,Switzerland,52.23,3383.28
7811ef,China,242.46,10485.12
49d5b4,Czech Republic,219.49,13525.5
aa45e7,United States,270.47,10081.26
4a4c6a,Romania,42.82,525.78
abfe45,United States,250.92,11079.48
49d5aa,Czech Republic,57.49,822.96
88815a,Viet Nam,1.03,
a6a4d5,United States,249.42,9928.86
4ca6aa,Ireland,217.43,11399.52
a271e4,United States,38.67,2087.88
e4962d,Brazil,90.32,1607.82
8413d7,Japan,195.33,5570.22
88817d,Viet Nam,233.73,11475.72
49d5cd,Czech Republic,31.82,411.48
a44a18,United States,89.0,868.68
888141,Viet Nam,196.68,9349.74
888140,Viet Nam,123.45,640.08
e4967f,Brazil,192.93,11597.64
88812c,Viet Nam,3.86,
4b10f7,Switzerland,48.18,792.48
44d2ab,Belgium,214.11,11490.96
44d2aa,Belgium,82.25,1173.48
5084e3,Ukraine,240.56,12405.36
5084e2,Ukraine,225.4,10858.5
49d5ef,Czech Republic,14.4,
e49699,Brazil,133.19,1668.78
02a199,Tunisia,0.0,
888167,Viet Nam,228.97,6911.34
02a198,Tunisia,243.88,10165.08
3d0941,Germany,50.63,1043.94
ac72f7,United States,244.59,10927.08
02a192,Tunisia,230.19,8298.18
49d5fc,Czech Republic,11.83,533.4
43c5ed,United Kingdom,123.39,312.42
478e27,Norway,156.73,3497.58
4ca6fc,Ireland,204.67,6545.58
a54937,United States,87.07,2545.08
7cae0a,Australia,1.03,
388261,France,1.8,
a53612,United States,83.86,533.4
4ca806,Ireland,90.26,784.86
4ca808,Ireland,233.83,11330.94
4ca809,Ireland,221.76,11452.86
4ca802,Ireland,227.35,11414.76
4ca805,Ireland,249.72,11163.3
3f232b,Germany,16.08,518.16
4ca801,Ireland,81.71,434.34
7cae03,Australia,0.0,
a10fe8,United States,136.06,937.26
4002c1,United Kingdom,219.77,13883.64
a81a81,United States,72.03,7.62
404b35,United Kingdom,21.7,617.22
a4bfc1,United States,0.0,
706049,Kuwait,239.86,10927.08
02a0ad,Tunisia,126.13,2628.9
e49608,Brazil,163.56,5943.6
4ca836,Ireland,222.24,9235.44
7811b1,China,173.65,7269.48
a39338,United States,258.33,11871.96
76d1c6,Singapore,220.43,10233.66
44c06a,Belgium,0.0,
706055,Kuwait,266.51,14157.96
c01d72,Canada,271.1,11650.98
4ca847,Ireland,228.91,9555.48
4ca849,Ireland,148.82,3162.3
a1c986,United States,86.0,3261.36
4ca80b,Ireland,194.9,5745.48
4ca80d,Ireland,183.38,4572.0
485344,Kingdom of the Netherlands,286.66,12313.92
485345,Kingdom of the Netherlands,78.35,685.8
48b651,Poland,90.84,2331.72
706067,Kuwait,224.86,10264.14
add07a,United States,62.5,853.44
706068,Kuwait,229.68,11391.9
ad08af,United States,228.44,13914.12
c80010,New Zealand,0.0,
706060,Kuwait,248.74,9121.14
4ca815,Ireland,147.43,2583.18
4ca816,Ireland,173.38,4091.94
8413fa,Japan,113.26,1021.08
ad08d6,United States,137.96,2537.46
706074,Kuwait,211.04,10180.32
a29980,United States,0.0,
aacb19,United States,240.6,11887.2
4bceb5,Turkey,213.52,11468.1
845c8c,Japan,211.69,9090.66
501d0a,Croatia,221.3,11506.2
706070,Kuwait,233.0,12595.86
a1fcc5,United States,234.75,10157.46
70605c,Kuwait,255.14,10919.46
70605d,Kuwait,256.01,11003.28
a0469f,United States,88.4,2948.94
a2d68e,United States,54.8,579.12
4a0484,Romania,235.15,9692.64
486651,Kingdom of the Netherlands,81.0,891.54
e494b4,Brazil,197.34,10302.24
4bcde9,Turkey,0.77,
4bcde8,Turkey,223.91,11353.8
4bcde7,Turkey,241.16,11620.5
48fdd0,Poland,45.81,
4bcdf2,Turkey,239.23,10271.76
486661,Kingdom of the Netherlands,24.46,487.68
846dc8,Japan,0.64,
781391,China,236.64,10797.54
4ca770,Ireland,204.36,11384.28
486649,Kingdom of the Netherlands,248.8,11757.66
4bcdeb,Turkey,0.77,
4bcdea,Turkey,215.48,11384.28
4b3786,Switzerland,114.57,7795.26
78138b,China,145.74,3520.44
4bcdf9,Turkey,251.75,11711.94
78005e,China,223.81,9768.84
4ca765,Ireland,73.85,304.8
4ca761,Ireland,229.45,11087.1
4ca762,Ireland,231.4,11193.78
4ca763,Ireland,241.31,10911.84
4bcdef,Turkey,145.45,3185.16
4ca764,Ireland,221.43,11338.56
ace974,United States,248.47,12031.98
4ca737,Ireland,74.31,129.54
48eac8,Poland,44.14,1120.14
4ca739,Ireland,237.08,10523.22
ab4024,United States,58.71,899.16
ac1cde,United States,137.67,1737.36
4ca73d,Ireland,227.1,11658.6
4ca73e,Ireland,231.68,11818.62
4bcdd6,Turkey,246.44,11087.1
c084b9,Canada,236.09,10393.68
4ca73a,Ireland,209.63,11849.1
4bcde4,Turkey,225.32,5958.84
4bcde3,Turkey,237.56,11666.22
4bcde2,Turkey,219.52,11963.4
4bcde1,Turkey,208.49,10340.34
7cacd7,Australia,160.38,5212.08
4ca741,Ireland,241.38,11559.54
a6ffea,United States,215.88,12633.96
780099,China,191.24,10843.26
48eae1,Poland,44.67,365.76
3d08a8,Germany,34.47,213.36
a08e46,United States,253.59,11292.84
78009d,China,264.03,11079.48
ac7364,United States,241.16,12527.28
a58fdf,United States,240.95,8313.42
48c909,Poland,36.44,403.86
48eaef,Poland,42.81,662.94
86eb94,Japan,147.89,3390.9
4ca76f,Ireland,209.25,7056.12
49c478,Czech Republic,31.53,
e494bb,Brazil,212.57,12298.68
841400,Japan,213.5,11711.94
49c472,Czech Republic,49.14,
449682,Belgium,206.34,12100.56
449681,Belgium,218.73,12009.12
ab538b,United States,0.0,
449683,Belgium,225.86,12024.36
49c46b,Czech Republic,55.48,2423.16
405e24,United Kingdom,180.1,7086.6
49c47a,Czech Republic,59.61,1203.96
3f22cc,Germany,0.0,464.82
e48274,Brazil,71.3,1249.68
49c494,Czech Republic,27.96,1310.64
49c495,Czech Republic,42.82,563.88
e4827c,Brazil,79.47,937.26
491d8a,Portugal,146.23,3604.26
a045d6,United States,64.07,754.38
781325,China,216.73,
781324,China,188.32,3962.4
4984fb,Czech Republic,116.89,518.16
49c49d,Czech Republic,33.02,502.92
4851f6,Kingdom of the Netherlands,263.07,9913.62
4851f7,Kingdom of the Netherlands,14.92,
781334,China,201.57,5029.2
846f00,Japan,123.01,2529.84
c07286,Canada,259.1,11551.92
4a29f9,Romania,239.14,11209.02
491d89,Portugal,242.8,12161.52
e49591,Brazil,160.32,1950.72
4ca6a9,Ireland,146.51,3055.62
781345,China,251.0,11955.78
4ca6a6,Ireland,4.63,
a0de99,United States,219.14,6400.8
4864ec,Kingdom of the Netherlands,1.03,
a5237f,United States,211.04,11330.94
ac2fa4,United States,211.95,8077.2
14fa2b,Russian Federation,4.12,9083.04
780022,China,225.88,10462.26
4851ab,Kingdom of the Netherlands,223.25,
4851af,Kingdom of the Netherlands,223.25,10782.3
4864ea,Kingdom of the Netherlands,13.38,
4864eb,Kingdom of the Netherlands,203.01,11323.32
02a261,Tunisia,0.0,
02a262,Tunisia,219.49,11148.06
02a260,Tunisia,3.6,
781369,China,226.55,11399.52
46aa42,Greece,209.62,9517.38
781368,China,235.17,
4851b1,Kingdom of the Netherlands,219.87,11430.0
781363,China,176.81,3406.14
781364,China,227.23,9913.62
49d6a1,Czech Republic,43.41,1059.18
78135d,China,120.67,1531.62
781372,China,156.96,3528.06
780041,China,175.32,3710.94
781376,China,172.31,3970.02
49d6b5,Czech Republic,8.23,
a07b6e,United States,32.23,396.24
a9afd6,United States,63.57,502.92
4853d0,Kingdom of the Netherlands,221.23,12085.32
4bbb30,Turkey,261.34,11148.06
4ca5c8,Ireland,239.59,6667.5
7cf0ce,Australia,3.09,
4853d1,Kingdom of the Netherlands,152.11,1615.44
ac1f75,United States,241.67,13853.16
4866ed,Kingdom of the Netherlands,196.5,5486.4
85cd04,Japan,92.56,967.74
4866ee,Kingdom of the Netherlands,174.36,3444.24
e4950e,Brazil,158.31,4518.66
501c1c,Croatia,142.55,1577.34
7cf0d9,Australia,2.31,
4853d3,Kingdom of the Netherlands,235.64,11437.62
e49522,Brazil,200.12,11582.4
e49524,Brazil,216.04,6134.1
e49526,Brazil,96.33,3223.26
48ea00,Poland,220.7,11361.42
48ea01,Poland,258.26,11635.74
501c13,Croatia,220.23,10782.3
405eb3,United Kingdom,54.66,594.36
706131,Kuwait,238.4,11529.06
e4952a,Brazil,208.73,12283.44
abb6dc,United States,240.75,11315.7
48c9f3,Poland,80.75,1120.14
4bce42,Turkey,231.02,10759.44
424510,United Kingdom,253.75,13327.38
390614,France,55.91,1729.74
501c3b,Croatia,227.67,10454.64
3c1bac,Germany,249.83,9822.18
48ea0c,Poland,77.0,1844.04
3c1bad,Germany,140.5,1623.06
4bce49,Turkey,244.88,10454.64
4bce47,Turkey,244.28,11727.18
4bce46,Turkey,203.39,11963.4
4bce45,Turkey,239.71,11803.38
501c49,Croatia,143.45,2971.8
48ea23,Poland,29.84,327.66
4bbb22,Turkey,223.72,12527.28
e4950b,Brazil,231.91,10782.3
4bce59,Turkey,76.14,1798.32
e49512,Brazil,264.81,11864.34
4aae6c,Sweden,44.16,
501c38,Croatia,211.36,10820.4
394ce0,France,43.01,4953.0
845d04,Japan,225.61,10111.74
390679,France,53.5,1325.88
48ea2a,Poland,27.01,449.58
501c5e,Croatia,139.31,6393.18
501c5a,Croatia,242.28,11689.08
4866c1,Kingdom of the Netherlands,123.15,1790.7
e4956e,Brazil,242.58,12222.48
e4956f,Brazil,216.87,8663.94
48ea3a,Poland,242.55,11780.52
7c1831,Australia,215.91,12382.5
7c1832,Australia,0.0,
3de0bf,Germany,1.8,
501c58,Croatia,228.41,11079.48
405ee1,United Kingdom,248.8,10553.7
acc3f7,United States,5.4,
c01dac,Canada,267.77,11650.98
e4953a,Brazil,233.87,12557.76
e4953d,Brazil,186.41,7261.86
405ee0,United Kingdom,90.91,1432.56
49c1b2,Czech Republic,55.92,845.82
48ea67,Poland,40.69,533.4
478f47,Norway,222.89,9639.3
a7a08a,United States,52.47,76.2
78140f,China,269.34,11544.3
48ea6f,Poland,62.35,1104.9
3cc24f,Germany,0.0,
3cc23c,Germany,185.08,6278.88
3cc247,Germany,153.04,2286.0
7812a0,China,264.17,12001.5
86da1e,Japan,270.02,11727.18
7caf1c,Australia,204.76,9563.1
7caf1a,Australia,248.18,12603.48
8881c6,Viet Nam,11.36,11231.88
484186,Kingdom of the Netherlands,249.24,9723.12
a14104,United States,263.67,11269.98
48548c,Kingdom of the Netherlands,7.46,
478f09,Norway,75.83,1264.92
48548d,Kingdom of the Netherlands,103.59,1927.86
ab79ca,United States,242.67,10828.02
8881ac,Viet Nam,9.77,
8881aa,Viet Nam,2.06,
7caf16,Australia,112.17,982.98
50848a,Ukraine,231.2,12031.98
a9f2c6,United States,142.94,2689.86
7812c4,China,209.12,9159.24
48415e,Kingdom of the Netherlands,270.25,9189.72
48415f,Kingdom of the Netherlands,194.18,5288.28
4a0442,Romania,65.58,304.8
4bcda9,Turkey,242.2,11094.72
4bcda6,Turkey,260.59,11079.48
4bcda5,Turkey,169.2,3947.16
845d88,Japan,244.85,8808.72
4bcda2,Turkey,206.33,11391.9
4ca718,Ireland,261.37,11750.04
4bcdb2,Turkey,234.09,11673.84
4bcdb0,Turkey,249.24,11102.34
484162,Kingdom of the Netherlands,245.08,12329.16
484161,Kingdom of the Netherlands,0.19,
48414c,Kingdom of the Netherlands,253.04,11704.32
4a0443,Romania,249.61,8496.3
a1a458,United States,0.0,
c87ee8,New Zealand,29.84,
7812e2,China,245.55,11719.56
7812e0,China,178.77,8595.36
4bcdb6,Turkey,233.16,8161.02
4bcdb5,Turkey,244.57,11704.32
4bcdb4,Turkey,240.74,9715.5
3cc207,Germany,104.45,1790.7
4bcdac,Turkey,225.93,11437.62
7812f2,China,227.18,11300.46
501c08,Croatia,220.07,11437.62
501c06,Croatia,45.76,
7812ed,China,215.49,11628.12
49d617,Czech Republic,248.65,12070.08
4bcda1,Turkey,243.08,9974.58
4ca703,Ireland,220.17,11399.52
4ca700,Ireland,233.76,11711.94
4ca701,Ireland,217.47,10797.54
4ca702,Ireland,79.3,1158.24
4bccba,Turkey,0.0,
a7b40e,United States,233.48,11262.36
49d628,Czech Republic,61.95,647.7
49d624,Czech Republic,131.8,7719.06
c085d5,Canada,177.99,3970.02
486782,Kingdom of the Netherlands,60.84,2689.86
46146f,Finland,56.68,381.0
c87efe,New Zealand,0.0,
382d1c,France,54.09,998.22
c87efd,New Zealand,0.0,
465aeb,Finland,17.74,
3d07cc,Germany,0.0,
aacaac,United States,266.07,12656.82
4ca63a,Ireland,145.69,3177.54
4ca63b,Ireland,215.12,11490.96
49c308,Czech Republic,32.43,1043.94
49c307,Czech Republic,48.16,685.8
8880f6,Viet Nam,247.41,12717.78
4ca646,Ireland,126.77,2750.82
4ca647,Ireland,222.76,11460.48
780190,China,246.07,12710.16
49d62d,Czech Republic,105.02,1752.6
a38141,United States,0.06,
78018e,China,13.89,
4bcca9,Turkey,221.23,7940.04
a2b135,United States,3.86,
49d649,Czech Republic,47.22,815.34
a7b433,United States,101.19,624.84
a2b133,United States,235.15,11285.22
4bccb0,Turkey,231.44,10515.6
405f13,United Kingdom,0.0,
3d07e1,Germany,32.21,518.16
4bccab,Turkey,242.08,10561.32
4ca61e,Ireland,157.67,2057.4
478df2,Norway,221.05,11971.02
486741,Kingdom of the Netherlands,2.83,
486742,Kingdom of the Netherlands,201.42,6949.44
4ca61c,Ireland,93.35,1219.2
4bccb9,Turkey,239.36,11079.48
78019c,China,228.85,9166.86
4ca61d,Ireland,6.94,
486740,Kingdom of the Netherlands,224.98,11529.06
a2b130,United States,233.1,11948.16
4bccb5,Turkey,235.25,11064.24
4ca623,Ireland,177.96,6896.1
49d652,Czech Republic,22.66,320.04
4ca624,Ireland,1.03,
4ca625,Ireland,248.05,11757.66
845be4,Japan,90.49,1005.84
4bccad,Turkey,220.65,7932.42
a94db6,United States,49.59,960.12
7c29d4,Australia,202.92,9631.68
e480a3,Brazil,73.92,922.02
a0cc06,United States,258.61,10027.92
8880c5,Viet Nam,4.37,
8880ae,Viet Nam,198.91,4876.8
e493e5,Brazil,94.11,2278.38
49d65d,Czech Republic,138.55,7063.74
e493e8,Brazil,128.03,5478.78
a2b196,United States,232.09,11277.6
49d675,Czech Republic,169.99,4960.62
49d677,Czech Republic,215.36,13274.04
49d676,Czech Republic,208.05,11612.88
a059e3,United States,269.56,12710.16
4ca64e,Ireland,208.49,11445.24
49d66b,Czech Republic,151.06,4991.1
841520,Japan,278.16,11071.86
4bcced,Turkey,248.73,10789.92
49d67d,Czech Republic,190.13,4061.46
ad945a,United States,240.07,9997.44
a2b176,United States,250.35,11224.26
e493b9,Brazil,128.69,1859.28
ad2aea,United States,245.32,11277.6
7813a5,China,163.34,5981.7
49d699,Czech Republic,150.62,8648.7
ad2af4,United States,249.7,11399.52
781429,China,1.03,
448423,Belgium,0.06,
a9f461,United States,0.0,
888218,Viet Nam,236.26,11452.86
888215,Viet Nam,109.25,480.06
35360b,Spain,134.79,3893.82
4852ed,Kingdom of the Netherlands,64.16,396.24
a153c1,United States,245.02,11940.54
88821d,Viet Nam,0.0,
a5cf1b,United States,282.77,11750.04
ab6737,United States,253.84,11719.56
781463,China,67.85,60.96
c06022,Canada,266.95,12954.0
4bce0e,Turkey,218.31,11460.48
4bce0d,Turkey,238.4,11689.08
43c700,United Kingdom,224.82,6667.5
4bce0b,Turkey,254.76,11711.94
4bce0a,Turkey,220.23,11445.24
3d3d5a,Germany,62.76,2628.9
4a5e66,Romania,137.72,3543.3
391929,France,52.99,685.8
4852f5,Kingdom of the Netherlands,12.35,
4852f6,Kingdom of the Netherlands,31.49,251.46
a1a3cc,United States,219.99,11917.68
a8c121,United States,272.55,11475.72
7c0461,Australia,139.98,3177.54
e4949f,Brazil,241.91,10248.9
152c97,Russian Federation,165.76,4511.04
4bce09,Turkey,261.9,10477.5
86ebb6,Japan,240.02,12931.14
4bce05,Turkey,239.51,11673.84
4bce03,Turkey,213.75,10843.26
4bce01,Turkey,243.85,11643.36
4bce10,Turkey,218.48,11948.16
781499,China,12.35,
a9077b,United States,4.63,
4bce16,Turkey,222.59,11940.54
780171,China,249.44,11750.04
4bce15,Turkey,0.0,
4bce14,Turkey,217.22,11993.88
4bce13,Turkey,234.94,12321.54
3856a0,France,41.48,1318.26
aab276,United States,234.22,11163.3
468667,Greece,3.6,304.8
3473c8,Spain,40.98,960.12
4d0105,Luxembourg,243.51,10157.46
4d0103,Luxembourg,250.2,11376.66
4ab44a,Sweden,59.83,647.7
ad6bdc,United States,230.97,11910.06
a12c23,United States,206.81,7490.46
38b9bd,France,57.07,2125.98
a92145,United States,110.05,952.5
84655a,Japan,145.81,2918.46
479301,Norway,220.72,11292.84
468649,Greece,47.18,967.74
a1d18f,United States,0.0,
780e07,China,219.48,7376.16
45fcc7,Denmark,7.46,
4bd421,Turkey,50.66,3032.76
a5a10a,United States,112.83,1021.08
780e22,China,124.45,2072.64
780e21,China,195.32,6332.22
8940cc,Bahrain,252.54,11811.0
8953fd,Brunei Darussalam,95.82,990.6
4075b4,United Kingdom,294.59,11993.88
a00c80,United States,0.06,
8940cf,Bahrain,230.97,10424.16
8940db,Bahrain,223.02,10873.74
4d012b,Luxembourg,288.88,11094.72
8940dd,Bahrain,207.97,6004.56
8940dc,Bahrain,235.57,7208.52
46862c,Greece,43.66,1013.46
4d0112,Luxembourg,257.61,10378.44
748063,Lebanon,207.55,10157.46
4d0117,Luxembourg,280.13,11704.32
8940b4,Bahrain,227.78,12100.56
4d0115,Luxembourg,273.96,11186.16
4d0114,Luxembourg,230.38,12938.76
389f7b,France,231.79,8595.36
a12c42,United States,232.26,11620.5
3ff87d,Germany,51.08,2552.7
484a91,Kingdom of the Netherlands,21.64,381.0
400e14,United Kingdom,225.0,7703.82
400e13,United Kingdom,6.17,
846538,Japan,198.11,4137.66
a073cc,United States,55.56,3291.84
780e3e,China,143.61,3977.64
3ff885,Germany,40.95,
c05f94,Canada,199.36,9342.12
c05f93,Canada,0.0,
8940ba,Bahrain,245.27,11041.38
4ab483,Sweden,131.76,3268.98
7502db,Malaysia,191.99,6149.34
76ccd0,Singapore,264.46,11148.06
346191,Spain,47.43,
780cc8,China,222.45,8130.54
3ff7ca,Germany,58.87,
424cb9,United Kingdom,196.5,8892.54
5140b3,Georgia,1.54,
48ad87,Poland,241.47,10035.54
48ad86,Poland,210.34,11673.84
869278,Japan,201.28,3909.06
48ad81,Poland,229.01,10454.64
407666,United Kingdom,232.34,10789.92
407667,United Kingdom,215.16,11460.48
76cce1,Singapore,61.66,251.46
346182,Spain,83.46,762.0
507c72,Uzbekistan,245.44,10393.68
76cce3,Singapore,267.42,11635.74
400cd8,United Kingdom,220.69,12123.42
a7e198,United States,277.83,11148.06
424ccf,United Kingdom,62.35,525.78
34615a,Spain,271.51,12870.18
5140d9,Georgia,249.76,12344.4
5140d2,Georgia,246.24,11209.02
5140d1,Georgia,242.65,12908.28
5140c6,Georgia,236.98,10980.42
507c8e,Uzbekistan,222.64,10767.06
401fe8,United Kingdom,25.23,274.32
347487,Spain,51.22,2186.94
347488,Spain,250.84,12763.5
346154,Spain,60.74,1039.98
347481,Spain,97.57,982.98
3ded20,Germany,54.08,952.5
346146,Spain,0.0,
7502b1,Malaysia,233.2,
3006b5,Italy,208.45,8915.4
34745a,Spain,231.24,9997.44
40768c,United Kingdom,236.07,11079.48
a589de,United States,7.2,
40768a,United Kingdom,125.87,2217.42
40768b,United Kingdom,208.98,10668.0
3d41aa,Germany,32.41,960.12
34744c,Spain,245.49,11163.3
34744d,Spain,216.93,10866.12
40767a,United Kingdom,224.18,10881.36
851bfe,Japan,211.89,9692.64
3950ce,France,123.73,2705.1
407687,United Kingdom,234.75,12031.98
4791ac,Norway,217.54,11795.76
347453,Spain,225.71,11910.06
407688,United Kingdom,210.69,11452.86
48ad0e,Poland,223.25,9646.92
48ad0f,Poland,215.81,8602.98
407686,United Kingdom,229.56,10279.38
48ad0d,Poland,196.52,6598.92
3950cf,France,229.47,9608.82
48ad0b,Poland,210.75,9166.86
34610f,Spain,240.49,12336.78
40766d,United Kingdom,154.89,6217.92
702702,Bangladesh,0.0,
a08826,United States,251.04,8816.34
400ceb,United Kingdom,192.96,5631.18
3950db,France,54.55,358.14
3ccd59,Germany,182.89,8892.54
3c4969,Germany,217.18,11445.24
48ad09,Poland,219.67,11650.98
48ad03,Poland,250.33,10904.22
48ad02,Poland,70.18,533.4
851c20,Japan,150.56,4632.96
347553,Spain,248.46,9951.72
34620c,Spain,222.19,11475.72
c04adc,Canada,250.69,10607.04
3a3cad,France,127.54,1668.78
3ff902,Germany,37.13,1722.12
750405,Malaysia,225.39,8412.48
750400,Malaysia,224.82,9166.86
0102a9,Egypt,228.11,7536.18
a97c49,United States,257.55,10538.46
3c496d,Germany,223.67,11399.52
3c496a,Germany,215.96,11369.04
4b1b4a,Switzerland,0.0,
3c496e,Germany,218.81,10911.84
346206,Spain,239.55,10835.64
485d08,Kingdom of the Netherlands,29.07,472.44
780da1,China,222.64,
407631,United Kingdom,216.98,11452.86
4b1b86,Switzerland,53.61,2095.5
34750f,Spain,243.18,11711.94
a2f200,United States,253.52,12473.94
76cdb0,Singapore,217.77,3878.58
a0757f,United States,0.06,
76cdad,Singapore,23.15,
c0174d,Canada,226.44,10706.1
c0174f,Canada,4.37,
780daa,China,281.89,10058.4
c0175a,Canada,238.31,10119.36
ad10ec,United States,91.6,381.0
780dc9,China,219.07,9319.26
780dbc,China,140.96,4107.18
86e184,Japan,227.78,8770.62
c04aca,Canada,287.58,11597.64
407607,United Kingdom,30.44,525.78
780dbf,China,133.23,2606.04
407600,United Kingdom,231.61,11079.48
a61c8a,United States,60.56,541.02
44a7c0,Belgium,22.22,190.5
4b1b89,Switzerland,63.8,1889.76
8966f1,United Arab Emirates,256.29,12405.36
8966f2,United Arab Emirates,176.98,3489.96
ab2c0c,United States,270.06,12443.46
750480,Malaysia,215.2,8282.94
8966f0,United Arab Emirates,260.82,10408.92
400d5b,United Kingdom,253.41,10698.48
39644a,France,233.02,11201.4
75046c,Malaysia,226.36,13342.62
30086e,Italy,50.42,
8966f9,United Arab Emirates,241.07,13258.8
c01732,Canada,93.57,876.3
400d64,United Kingdom,132.79,960.12
750475,Malaysia,221.58,12085.32
750492,Malaysia,115.78,822.96
4074bf,United Kingdom,82.07,472.44
8940a0,Bahrain,255.54,11673.84
3ff97e,Germany,49.44,
39b449,France,50.81,1539.24
30087a,Italy,51.58,533.4
8966fa,United Arab Emirates,200.6,5372.1
8966fc,United Arab Emirates,229.24,12565.38
4b1b9d,Switzerland,49.52,1371.6
75047c,Malaysia,198.31,6537.96
8966d0,United Arab Emirates,253.99,12626.34
c0173a,Canada,136.11,3108.96
c0173e,Canada,294.29,11551.92
4074b2,United Kingdom,190.29,5090.16
8966ca,United Arab Emirates,183.59,3832.86
4074b5,United Kingdom,255.37,11041.38
4074b6,United Kingdom,170.69,3802.38
a70885,United States,111.78,1866.9
750453,Malaysia,219.16,12123.42
8966d4,United Arab Emirates,7.72,
8966d5,United Arab Emirates,249.68,11666.22
396446,France,243.46,11079.48
750470,Malaysia,231.4,12359.64
8966cf,United Arab Emirates,237.05,10805.16
c0172e,Canada,265.01,11757.66
300830,Italy,37.74,426.72
300831,Italy,44.74,1379.22
3ff92b,Germany,30.57,1115.0
851c64,Japan,226.71,9098.28
750451,Malaysia,234.72,11757.66
300846,Italy,46.58,289.56
8966af,United Arab Emirates,206.31,5288.28
8966ab,United Arab Emirates,251.08,10454.64
75043c,Malaysia,147.26,1668.78
8966ac,United Arab Emirates,245.29,10546.08
863c44,Japan,54.02,
3ff916,Germany,42.18,990.6
3ff915,Germany,15.35,
06e028,Rwanda,62.5,403.86
4b8419,Turkey,57.36,5463.54
75041b,Malaysia,226.91,9593.58
84b3eb,Japan,6.69,
47921c,Norway,0.0,
8966a9,United Arab Emirates,223.84,10919.46
750424,Malaysia,146.28,2072.64
8966a6,United Arab Emirates,239.9,10462.26
3ff925,Germany,53.18,1645.92
8966a7,United Arab Emirates,225.29,10934.7
4074e2,United Kingdom,241.35,12626.34
4074e3,United Kingdom,238.47,12649.2
750421,Malaysia,84.04,1173.48
8966a3,United Arab Emirates,238.86,12047.22
750423,Malaysia,239.31,10782.3
395160,France,65.12,4091.94
ad002b,United States,242.78,11917.68
4cafc4,Ireland,152.42,7193.28
30090c,Italy,57.77,1135.38
4cafc0,Ireland,222.46,11513.82
4cafc1,Ireland,245.61,11795.76
4cafc2,Ireland,238.7,11529.06
ab839d,United States,261.34,12153.9
48ada6,Poland,209.76,6515.1
48ada7,Poland,206.37,11292.84
48ada4,Poland,243.67,10698.48
48ada3,Poland,66.79,441.96
4cafcc,Ireland,142.76,4815.84
aa5078,United States,240.78,11567.16
48ada1,Poland,229.12,10995.66
4cafcd,Ireland,227.1,8054.34
846682,Japan,80.92,2042.16
4cafd7,Ireland,10.8,
0c21b8,Panama,231.23,11727.18
478116,Norway,14.92,
4cafd0,Ireland,200.02,11948.16
4cafd1,Ireland,233.65,11567.16
4cafd2,Ireland,178.92,3497.58
4cafd3,Ireland,216.74,
4ab345,Sweden,57.11,3223.26
400f02,United Kingdom,250.1,11170.92
0c21a4,Panama,234.32,11071.86
009211,South Africa,34.69,1668.78
a8abba,United States,42.93,152.4
300900,Italy,229.3,9959.34
4cafb4,Ireland,237.15,11109.96
780f39,China,256.83,9997.44
4076cc,United Kingdom,202.42,4442.46
4076cd,United Kingdom,0.0,
04c3bf,Kenya,67.21,2423.16
4caffb,Ireland,247.92,11506.2
4076d0,United Kingdom,35.67,601.98
780f3c,China,225.98,8458.2
3ff77f,Germany,40.13,
0100df,Egypt,208.51,11544.3
a6c248,United States,271.62,11132.82
4076b0,United Kingdom,221.44,11498.58
4c066d,Serbia,212.59,13030.2
4ab34f,Sweden,49.95,3337.56
75049f,Malaysia,2.57,
4caff6,Ireland,150.24,2286.0
4caff7,Ireland,212.38,11971.02
407797,United Kingdom,217.48,10294.62
407798,United Kingdom,1.03,
3964eb,France,238.39,12374.88
01024d,Egypt,219.17,11452.86
3964ea,France,164.51,5105.4
01024e,Egypt,214.05,12169.14
407799,United Kingdom,0.0,
3ff6c5,Germany,50.73,624.84
3964ef,France,3.34,
86804f,Japan,234.57,9121.14
484b8f,Kingdom of the Netherlands,13.38,
3ff6c8,Germany,36.01,876.3
407793,United Kingdom,220.28,10363.2
407794,United Kingdom,201.66,7627.62
40777c,United Kingdom,216.71,12108.18
010257,Egypt,201.92,9616.44
010256,Egypt,621.99,
010259,Egypt,3.6,
399a4c,France,58.73,685.8
34629a,Spain,247.7,8823.96
39a1a4,France,54.54,1432.56
01023a,Egypt,216.52,11948.16
01023c,Egypt,241.91,11811.0
86803a,Japan,230.9,8107.68
399a67,France,66.65,2796.54
abe636,United States,59.7,2087.88
40643b,United Kingdom,225.77,11856.72
010242,Egypt,237.51,10599.42
40643d,United Kingdom,243.78,11727.18
010244,Egypt,218.37,10904.22
010243,Egypt,220.12,10873.74
34628d,Spain,241.95,11536.68
010246,Egypt,224.28,10226.04
399a69,France,42.5,541.02
010245,Egypt,202.58,10949.94
010248,Egypt,249.24,8115.3
010247,Egypt,239.6,8077.2
010249,Egypt,251.16,11132.82
881051,Thailand,6.17,
406442,United Kingdom,208.15,12070.08
881050,Thailand,77.8,441.96
346298,Spain,46.85,1607.82
406445,United Kingdom,208.44,10660.38
406444,United Kingdom,206.99,11948.16
406446,United Kingdom,205.28,8214.36
881054,Thailand,220.24,12672.06
346291,Spain,265.51,12382.5
010281,Egypt,212.2,10645.14
010284,Egypt,232.79,
406440,United Kingdom,224.54,10881.36
010283,Egypt,228.69,12740.64
40775c,United Kingdom,237.43,11849.1
010274,Egypt,217.63,10302.24
3964e2,France,215.96,10797.54
868088,Japan,225.57,8252.46
780dfd,China,227.6,10995.66
48ae86,Poland,248.2,11757.66
3964e9,France,245.21,11818.62
48ae82,Poland,243.09,11612.88
48ae83,Poland,251.28,10927.08
01025e,Egypt,258.18,10668.0
3964f1,France,0.0,
3007f1,Italy,178.57,4892.04
3964f0,France,5.66,
010273,Egypt,208.05,11551.92
399a40,France,193.25,6598.92
00926e,South Africa,50.58,1059.18
010264,Egypt,227.31,11506.2
3007f2,Italy,80.56,1036.32
7503f3,Malaysia,220.38,7757.16
3951c1,France,275.63,11369.04
7c4209,Australia,241.08,12748.26
34759a,Spain,68.64,2110.74
01020a,Egypt,165.23,5067.3
3007c2,Italy,60.71,1257.3
3007c0,Italy,64.55,502.92
717c9c,Saudi Arabia,252.54,11140.44
717c94,Saudi Arabia,99.1,1440.18
010204,Egypt,227.01,11414.76
33ffea,Italy,168.74,7993.38
010205,Egypt,236.92,11711.94
40647a,United Kingdom,80.81,2750.82
010209,Egypt,225.45,11551.92
01022d,Egypt,239.74,12435.84
a9225e,United States,199.91,7330.44
484b2a,Kingdom of the Netherlands,220.45,11978.64
868041,Japan,145.97,2118.36
a4dd1b,United States,51.3,274.32
010236,Egypt,203.18,11521.44
40779a,United Kingdom,281.91,10378.44
4b1b18,Switzerland,38.06,609.6
7503b1,Malaysia,225.01,9121.14
4792d3,Norway,76.8,320.04
484b32,Kingdom of the Netherlands,14.92,
3c4841,Germany,11.83,
346355,Spain,215.56,12108.18
39c801,France,32.03,
4792a6,Norway,252.38,10302.24
8464d2,Japan,0.0,
48ae25,Poland,281.23,12085.32
3d5506,Germany,78.4,3383.28
48ae20,Poland,290.18,12123.42
485e2f,Kingdom of the Netherlands,225.39,10828.02
3008b1,Italy,50.85,685.8
750523,Malaysia,244.52,10698.48
a97d63,United States,0.0,
601848,Turkmenistan,145.28,3307.08
4b1a2e,Switzerland,236.45,11475.72
4b1a2f,Switzerland,215.27,12123.42
8464f4,Japan,142.94,1607.82
60183a,Turkmenistan,241.25,10134.6
48ae07,Poland,239.57,11711.94
4b1a2a,Switzerland,212.51,12039.6
4b1a2b,Switzerland,153.08,3238.5
48ae00,Poland,244.06,12565.38
4b1a2c,Switzerland,227.45,10210.8
48ae01,Poland,303.33,11963.4
601834,Turkmenistan,220.47,10767.06
a01fee,United States,125.51,1089.66
4b1a1d,Switzerland,0.0,
4b1a1e,Switzerland,234.7,11193.78
780eb8,China,254.78,11079.48
346317,Spain,201.07,4869.18
4b1a25,Switzerland,220.88,12009.12
4b1a26,Switzerland,0.32,
4b1a27,Switzerland,198.09,8176.26
347645,Spain,227.31,12161.52
4b1a28,Switzerland,216.66,12009.12
346316,Spain,155.09,2895.6
a4ca66,United States,250.48,11277.6
a801a9,United States,282.46,11727.18
01028e,Egypt,210.62,12054.84
780ec2,China,242.91,
507c49,Uzbekistan,217.83,10888.98
4d24ca,Malta,232.51,11795.76
4d24cb,Malta,181.49,9776.46
4b1a66,Switzerland,236.05,11803.38
4d24cc,Malta,232.64,11803.38
601828,Turkmenistan,239.98,10393.68
4b1a67,Switzerland,10.8,
4d24d7,Malta,256.63,11117.58
44a8eb,Belgium,129.25,685.8
010296,Egypt,213.48,11513.82
507c3d,Uzbekistan,243.53,
4d24d5,Malta,213.9,10828.02
346306,Spain,35.72,251.46
346303,Spain,250.41,10599.42
01028a,Egypt,234.01,11430.0
407740,United Kingdom,45.6,365.76
400dae,United Kingdom,0.0,
780ed0,China,212.11,8717.28
4d24de,Malta,229.58,12062.46
4d24f0,Malta,169.31,7688.58
40772f,United Kingdom,241.59,11765.28
010291,Egypt,242.65,10485.12
010290,Egypt,221.97,10934.7
010285,Egypt,242.48,10698.48
010288,Egypt,231.86,11308.08
010287,Egypt,201.11,10896.6
40772e,United Kingdom,229.58,12100.56
010289,Egypt,231.66,12717.78
4d24e6,Malta,68.22,266.7
76cee9,Singapore,144.53,3764.28
400db2,United Kingdom,217.44,12131.04
407731,United Kingdom,233.36,12458.7
4d24ad,Malta,254.25,10812.78
4d24ae,Malta,221.37,11529.06
478097,Norway,99.63,3703.32
4d24ab,Malta,232.82,11049.0
400db1,United Kingdom,197.17,11346.18
34760e,Spain,43.97,1623.06
34760b,Spain,239.82,12138.66
a4460f,United States,167.76,3116.58
4d24b4,Malta,232.9,11407.14
76cef7,Singapore,275.15,9814.56
4d24b5,Malta,223.49,10866.12
4d24b0,Malta,238.64,10431.78
4d24b1,Malta,240.54,10980.42
4d24b2,Malta,186.41,7482.84
76cef9,Singapore,222.52,10302.24
507c5e,Uzbekistan,219.04,11216.64
76ceec,Singapore,232.8,6751.32
38587c,France,25.4,
347610,Spain,33.17,1257.3
84c7d2,Japan,234.38,7200.9
461e1c,Finland,153.15,4312.92
461e1d,Finland,162.14,2468.88
461e1e,Finland,86.12,1280.16
507c57,Uzbekistan,4.12,10629.9
461e1f,Finland,211.14,9959.34
461e1a,Finland,72.43,419.1
461e1b,Finland,205.38,12252.96
4d24c2,Malta,196.74,6720.84
507c4d,Uzbekistan,260.27,11452.86
47808a,Norway,97.45,609.6
347601,Spain,101.0,982.98
395244,France,8.75,914.4
a8294f,United States,55.86,609.6
a05087,United States,80.63,2453.64
4075f4,United Kingdom,220.8,11460.48
780f85,China,236.86,10149.84
750596,Malaysia,89.0,731.52
4b1a93,Switzerland,35.44,754.38
0101d3,Egypt,115.79,1927.86
478089,Norway,143.89,6842.76
4b1a95,Switzerland,0.0,
a1d368,United States,241.9,11269.98
780f91,China,238.33,10850.88
461e17,Finland,211.0,12070.08
461e18,Finland,134.45,1455.42
0101bc,Egypt,211.39,12131.04
0101be,Egypt,231.15,12672.06
461e14,Finland,233.09,11780.52
3ff869,Germany,46.82,2103.12
c05ee5,Canada,275.38,11681.46
3ff82d,Germany,59.73,
400e5a,United Kingdom,197.2,7299.96
300979,Italy,222.93,12070.08
39a205,France,240.5,12313.92
0101fa,Egypt,221.84,10888.98
75056d,Malaysia,207.75,7254.24
c05edb,Canada,204.14,5341.62
ac04c3,United States,249.77,11269.98
4d24eb,Malta,208.28,10797.54
a5c990,United States,37.38,2103.12
750592,Malaysia,232.6,
e47fa8,Brazil,249.19,11887.2
a1e676,United States,177.6,8763.0
400e4a,United Kingdom,205.01,7071.36
497cdf,Portugal,107.8,373.38
c0051f,Canada,151.74,7246.62
0101db,Egypt,124.52,1463.04
4075c1,United Kingdom,125.94,2994.66
0101dd,Egypt,135.3,899.16
0c20f5,Panama,259.09,11948.16
75054e,Malaysia,59.77,1234.44
75054f,Malaysia,224.72,12115.8
3ff80d,Germany,57.44,990.6
75054c,Malaysia,239.8,12580.62
30094b,Italy,82.58,2293.62
750553,Malaysia,106.95,2004.06
3ff81e,Germany,55.22,1478.28
300968,Italy,66.77,822.96
a4dca4,United States,284.17,10698.48
aac4ed,United States,8.23,
3461cf,Spain,0.0,
c05ea2,Canada,251.05,7299.96
862a60,Japan,166.23,3657.6
750530,Malaysia,136.69,3192.78
48aca7,Poland,30.39,434.34
4075fd,United Kingdom,173.89,5494.02
0101b7,Egypt,135.69,1744.98
0101b9,Egypt,242.75,11498.58
750549,Malaysia,7.72,
750548,Malaysia,248.48,12275.82
a57997,United States,0.0,
3ff808,Germany,36.53,883.92
45b423,Denmark,254.84,10500.36
4d2515,Malta,35.56,228.6
4d2518,Malta,240.77,9540.24
4d2524,Malta,226.62,10462.26
4caeaf,Ireland,251.89,11803.38
7c68a5,Australia,7.72,
4d2527,Malta,221.83,9982.2
4d2528,Malta,235.46,10119.36
4caeb8,Ireland,190.6,5082.54
4caeb9,Ireland,5.92,
4caeb0,Ireland,243.24,11231.88
ae5674,United States,5.54,190.5
86e40e,Japan,244.46,7840.98
400aff,United Kingdom,246.93,11186.16
400afd,United Kingdom,246.3,10485.12
400afc,United Kingdom,8.75,
ab805a,United States,255.24,11109.96
4d2502,Malta,182.52,5074.92
adccd1,United States,224.54,10751.82
4d2509,Malta,227.81,11079.48
4d2507,Malta,221.05,12123.42
846748,Japan,195.19,6080.76
4d253d,Malta,87.16,365.76
4d253b,Malta,206.29,11483.34
4caee6,Ireland,188.19,5707.38
76bd42,Singapore,258.65,12443.46
4caee4,Ireland,211.6,4823.46
76bd45,Singapore,251.36,13045.44
76bd47,Singapore,253.66,12390.12
76bd49,Singapore,267.71,13357.86
4caef8,Ireland,30.29,114.3
4d2534,Malta,222.81,11452.86
71ba13,Republic of Korea,104.74,1226.82
71ba11,Republic of Korea,95.01,1798.32
71ba10,Republic of Korea,131.83,2377.44
71ba17,Republic of Korea,251.55,10500.36
71ba16,Republic of Korea,79.73,807.72
71ba15,Republic of Korea,176.73,3680.46
4d2533,Malta,126.08,1280.16
4caeba,Ireland,105.42,2232.66
c014e0,Canada,235.77,11254.74
4d251b,Malta,226.58,10995.66
4d251c,Malta,207.2,7726.68
3004c2,Italy,238.32,11704.32
4d251a,Malta,101.48,1272.54
71ba09,Republic of Korea,240.55,7200.9
34728c,Spain,7.46,
4caee0,Ireland,224.67,7498.08
71ba00,Republic of Korea,1.54,
71ba05,Republic of Korea,265.56,11026.14
347297,Spain,237.61,12793.98
4caeca,Ireland,69.26,525.78
4caecb,Ireland,97.78,1356.36
4caecc,Ireland,1.54,
84b750,Japan,248.27,9456.42
4d252a,Malta,232.36,10256.52
4d252b,Malta,131.02,2872.74
7c68d4,Australia,164.15,5471.16
4caed8,Ireland,171.04,6408.42
347288,Spain,98.05,1394.46
347287,Spain,221.39,12146.28
a4b7d7,United States,230.01,11902.44
46d2ef,Greece,0.64,
8479bc,Japan,242.34,8976.36
ab4fd4,United States,209.6,10226.04
8466a0,Japan,4.89,
46d2f2,Greece,145.61,4861.56
c027d1,Canada,243.79,11277.6
7504ec,Malaysia,146.63,1950.72
4932a4,Portugal,209.61,13540.74
347256,Spain,231.66,11574.78
4932a3,Portugal,225.95,12938.76
347258,Spain,68.52,548.64
347257,Spain,245.29,10828.02
48ab0d,Poland,221.75,11292.84
3854dd,France,45.51,
485b45,Kingdom of the Netherlands,270.1,10439.4
485b43,Kingdom of the Netherlands,249.18,10172.7
7504fe,Malaysia,247.37,10980.42
347245,Spain,248.27,10203.18
347247,Spain,239.38,11247.12
aa1e03,United States,245.91,11864.34
a24a82,United States,236.69,10957.56
40745e,United Kingdom,231.08,8900.16
38a4fd,France,57.85,2118.36
406135,United Kingdom,2.31,
388a5c,France,32.49,
407463,United Kingdom,250.84,11087.1
407464,United Kingdom,232.17,11407.14
406133,United Kingdom,191.16,5935.98
a12a9d,United States,233.76,11269.98
86e430,Japan,281.05,12077.7
a24a65,United States,40.77,2263.14
4b1a00,Switzerland,225.18,12016.74
a12a80,United States,249.44,11254.74
4b1a01,Switzerland,240.21,13007.34
a3cd0f,United States,262.58,9608.82
7504c8,Malaysia,56.18,533.4
4b2d1f,Switzerland,51.14,1996.44
505915,Slovakia,35.96,807.72
7504c3,Malaysia,170.52,5570.22
ae6960,United States,157.34,4114.8
34720b,Spain,60.4,
347219,Spain,142.2,3573.78
7504af,Malaysia,232.97,8801.1
347216,Spain,55.96,1021.08
348544,Spain,222.06,9525.0
348541,Spain,195.15,6865.62
485b08,Kingdom of the Netherlands,64.36,487.68
a12a7c,United States,238.91,11269.98
4caf26,Ireland,224.31,11399.52
4caf27,Ireland,261.03,10294.62
4caf29,Ireland,233.63,9037.32
780fa6,China,240.87,9349.74
4caf20,Ireland,225.77,11795.76
780fa3,China,189.11,4831.08
adcd1b,United States,70.91,1424.94
c05bd2,Canada,287.8,11071.86
717cea,Saudi Arabia,233.53,10888.98
4caf35,Ireland,225.12,10759.44
780fb4,China,8.75,
347307,Spain,230.81,9982.2
4caf1c,Ireland,158.97,3253.74
735024,Islamic Republic of Iran,247.66,11788.14
8a0a13,Indonesia,246.24,8465.82
acad76,United States,220.17,7117.08
347301,Spain,214.92,11521.44
a10931,United States,244.98,10652.76
780fbd,China,234.32,10157.46
780fd2,China,116.83,1653.54
780fd1,China,128.71,3291.84
4caf16,Ireland,131.93,1729.74
adba0a,United States,256.99,11727.18
8a0a00,Indonesia,199.14,5867.4
4caf12,Ireland,188.34,7520.94
4caf13,Ireland,189.1,8564.88
4caf14,Ireland,59.48,312.42
4072dc,United Kingdom,122.44,2567.94
34860c,Spain,237.69,12207.24
780fe5,China,206.37,7025.64
76bcc1,Singapore,20.06,
3ff5cb,Germany,81.68,2400.3
4d23b8,Malta,212.8,8968.74
348609,Spain,217.66,8107.68
ad7d9f,United States,236.91,10066.02
7c561d,Australia,209.84,10462.26
4d23d0,Malta,0.0,
c0150d,Canada,260.07,11026.14
780fea,China,128.47,2225.04
4d23c3,Malta,229.05,11986.26
881058,Thailand,209.81,10081.26
76bcca,Singapore,252.89,11673.84
76bccc,Singapore,75.74,30.48
c05bc8,Canada,282.52,11711.94
780fff,China,230.09,7147.56
780ffe,China,247.73,9913.62
3ff5aa,Germany,63.89,
4caf2b,Ireland,256.81,11117.58
4caf2d,Ireland,34.02,419.1
a86d2b,United States,257.07,11955.78
717ccb,Saudi Arabia,249.89,11140.44
84b5ac,Japan,6.43,
ac291f,United States,9.26,
ab4fae,United States,10.29,
30065f,Italy,82.73,2720.34
c02876,Canada,217.72,8854.44
3ff5d1,Germany,43.3,
300633,Italy,34.39,655.32
4d23f9,Malta,229.38,11498.58
3d5466,Germany,95.6,2392.68
4d23ea,Malta,207.89,6537.96
4d23fa,Malta,207.75,8801.1
8a0a8c,Indonesia,158.6,4373.88
4d23fb,Malta,243.32,11795.76
4d23fd,Malta,186.23,11894.82
398851,France,44.43,640.08
401e33,United Kingdom,56.75,373.38
4d23e1,Malta,253.46,10546.08
8a0a95,Indonesia,179.65,7162.8
4caf82,Ireland,94.95,845.82
a19343,United States,163.08,3771.9
a8aa87,United States,0.0,
ab3d41,United States,3.86,
a1e30b,United States,42.62,1341.12
c01505,Canada,268.62,11292.84
424b21,United Kingdom,0.0,
3d673b,Germany,70.73,3055.62
8a0a73,Indonesia,231.72,12702.54
a20395,United States,49.39,480.06
8a0a70,Indonesia,4.12,
4a1eae,Romania,143.79,2179.32
4a1ec2,Romania,61.66,3497.58
e47ed1,Brazil,202.72,6126.48
33fd05,Italy,28.52,167.64
8a0a67,Indonesia,215.01,7063.74
300608,Italy,51.32,640.08
400b4b,United Kingdom,229.15,9563.1
4072c7,United Kingdom,244.16,11833.86
39b22e,France,260.46,10005.06
45d96f,Denmark,248.26,12893.04
45d994,Denmark,138.98,5608.32
8a0a44,Indonesia,100.02,922.02
39b225,France,239.1,10759.44
4072a4,United Kingdom,226.65,10538.46
4072a5,United Kingdom,198.66,5486.4
0081ef,South Africa,213.18,11117.58
009434,South Africa,50.12,952.5
7505aa,Malaysia,142.63,2598.42
4d2402,Malta,218.17,11330.94
86e518,Japan,234.09,8458.2
4d2409,Malta,211.43,11993.88
45c86d,Denmark,0.0,
45c86c,Denmark,243.83,11498.58
7505bf,Malaysia,74.19,678.18
3ff57b,Germany,43.54,
3d77a7,Germany,46.37,2423.16
7505a4,Malaysia,233.0,11376.66
008126,South Africa,131.94,2979.42
39a054,France,226.13,12428.22
a79046,United States,264.54,11239.5
4a0aae,Romania,216.8,11719.56
3ff569,Germany,53.54,
a12b2e,United States,238.09,11277.6
a12b2f,United States,250.42,10462.26
4d2433,Malta,226.76,10873.74
4d2434,Malta,213.88,10835.64
4cadbd,Ireland,178.58,6797.04
a0d5d6,United States,238.53,11269.98
a68336,United States,235.66,10797.54
3c459a,Germany,240.75,10774.68
4cadba,Ireland,237.43,11864.34
4cadbb,Ireland,241.9,11742.42
4cadbc,Ireland,250.52,9037.32
a085ed,United States,238.44,11590.02
4d241e,Malta,224.67,10888.98
4cadc9,Ireland,241.2,12420.6
4d241a,Malta,207.35,11330.94
4cadc8,Ireland,224.99,10713.72
4cadc1,Ireland,227.31,11719.56
4cadc2,Ireland,0.77,
4cade0,Ireland,245.31,11841.48
ddaad5,,0.0,
4cade1,Ireland,255.36,11155.68
a12b51,United States,245.97,11285.22
4cadca,Ireland,191.97,6713.22
4cadcb,Ireland,231.16,9563.1
4d242d,Malta,214.8,9227.82
4d242e,Malta,217.42,10736.58
4d242f,Malta,214.92,9532.62
adbaca,United States,268.18,10591.8
4d242b,Malta,192.51,5760.72
4d242c,Malta,221.21,10126.98
846888,Japan,185.07,4023.36
4cadd9,Ireland,227.81,12169.14
4d2413,Malta,212.07,11788.14
4d2414,Malta,193.02,5151.12
4d2411,Malta,0.0,
3ff50c,Germany,34.27,800.1
4d2417,Malta,225.62,9791.7
4d2418,Malta,236.78,11765.28
346091,Spain,7.46,
346090,Spain,248.64,11795.76
44a831,Belgium,232.03,11399.52
3005e9,Italy,52.12,464.82
aa7439,United States,254.26,11224.26
4cada3,Ireland,240.93,11422.38
a8397c,United States,243.93,11643.36
4d2424,Malta,233.35,11673.84
48ac80,Poland,224.58,10759.44
48ac81,Poland,222.9,10782.3
4d2426,Malta,213.74,11452.86
4d2420,Malta,240.62,10492.74
4d2421,Malta,224.09,10469.88
a6d326,United States,128.9,6736.08
346088,Spain,212.29,11186.16
4d2423,Malta,213.29,11376.66
346082,Spain,113.87,1752.6
346083,Spain,114.76,1584.96
4d2428,Malta,235.5,10157.46
4d2429,Malta,252.48,12298.68
a12b32,United States,226.18,9753.6
4d240b,Malta,3.34,
4d240c,Malta,230.12,9410.7
4d240d,Malta,232.25,8244.84
4d240e,Malta,212.6,4983.48
4cadb8,Ireland,231.78,10866.12
4cadb9,Ireland,245.15,11719.56
4c4aab,Serbia,217.97,12245.34
aa1dd4,United States,195.58,6400.8
a7f302,United States,246.5,7749.54
4cadb7,Ireland,238.59,11407.14
4d240f,Malta,213.71,6248.4
406229,United Kingdom,250.17,11132.82
aa86cc,United States,247.25,11117.58
4cadfd,Ireland,0.0,
ddaafc,,31.4,651.0
3c7a45,Germany,267.0,12306.3
4bd159,Turkey,30.35,
4cadfb,Ireland,277.33,12344.4
4bd156,Turkey,244.35,11612.88
a4ee2e,United States,246.96,11300.46
4d245c,Malta,239.26,11711.94
4bd155,Turkey,232.79,12329.16
4d245f,Malta,223.79,10454.64
4bd152,Turkey,231.91,11407.14
39c5c0,France,63.78,2910.84
008187,South Africa,227.01,10142.22
4bd14f,Turkey,239.66,9372.6
4d247b,Malta,146.25,4419.6
e47f21,Brazil,238.04,10949.94
39c5d9,France,45.51,1272.54
34604d,Spain,242.99,11811.0
4d2484,Malta,240.67,11361.42
86d266,Japan,265.26,12192.0
4d2480,Malta,246.3,11049.0
44a826,Belgium,198.07,7124.7
4cadf0,Ireland,248.31,11811.0
4cadf2,Ireland,183.21,3429.0
4d2453,Malta,125.84,2400.3
407535,United Kingdom,210.42,11003.28
4d244a,Malta,244.65,11757.66
4caddb,Ireland,201.04,6720.84
4caddd,Ireland,198.36,12001.5
4cadde,Ireland,240.73,10843.26
ddaace,,0.0,
4cade7,Ireland,234.52,11711.94
84b7a1,Japan,220.25,9814.56
4d2450,Malta,217.19,11262.36
4cade8,Ireland,77.93,358.14
4cade9,Ireland,0.0,
4cade3,Ireland,209.39,6728.46
3c7a4e,Germany,273.48,12222.48
346047,Spain,241.82,11803.38
4cadf8,Ireland,216.13,8473.44
4cadf9,Ireland,124.79,1790.7
86d288,Japan,207.65,5966.46
4cadf4,Ireland,94.22,708.66
4cadf5,Ireland,269.19,11041.38
4cadf6,Ireland,211.56,11902.44
4cadf7,Ireland,246.18,11826.24
86d237,Japan,16.98,
e47f50,Brazil,269.88,11902.44
34734f,Spain,214.81,10881.36
40757f,United Kingdom,144.69,2286.0
40624f,United Kingdom,163.33,6911.34
43bc99,United Kingdom,0.0,68.58
aad780,United States,273.98,9448.8
348684,Spain,135.1,5798.82
347350,Spain,104.38,1950.72
4bd18a,Turkey,249.4,11064.24
40756f,United Kingdom,215.78,11490.96
43bc7a,United Kingdom,24.78,259.08
40756e,United Kingdom,233.62,11765.28
008139,South Africa,119.53,982.98
347348,Spain,245.91,12954.0
40756b,United Kingdom,231.61,11521.44
40756c,United Kingdom,249.19,11711.94
347344,Spain,123.19,3832.86
407575,United Kingdom,135.3,2103.12
4d248d,Malta,240.67,11643.36
407573,United Kingdom,209.01,12062.46
407574,United Kingdom,239.8,11757.66
40622b,United Kingdom,8.75,
4d247e,Malta,229.63,11391.9
a455ea,United States,2.31,
40622f,United Kingdom,2.31,
009498,South Africa,48.9,1798.32
4d2491,Malta,234.03,11049.0
407567,United Kingdom,63.78,228.6
34864a,Spain,48.77,670.56
40621c,United Kingdom,121.87,3474.72
34864b,Spain,49.98,
ad2445,United States,7.2,
4bd184,Turkey,217.57,7757.16
4bd183,Turkey,165.48,4274.82
4cae00,Ireland,225.85,11521.44
45fc28,Denmark,3.09,
424c98,United Kingdom,273.41,10431.78
a86e6c,United States,203.05,9966.96
4cae11,Ireland,4.12,
34740f,Spain,258.49,13106.4
34740e,Spain,22.1,838.2
c0168f,Canada,114.6,6332.22
407512,United Kingdom,6.43,
a20433,United States,280.45,11529.06
a0c42c,United States,236.97,10439.4
a5b2b0,United States,63.6,243.84
3ff4aa,Germany,33.96,
a12ac1,United States,268.78,11163.3
a12ac3,United States,240.67,11292.84
a61b4e,United States,261.77,11186.16
4cae56,Ireland,242.73,12131.04
4cae57,Ireland,100.03,1744.98
4cae58,Ireland,233.58,12077.7
4d22b0,Malta,232.63,11049.0
4cae52,Ireland,78.77,243.84
4cae53,Ireland,232.33,11711.94
3e0a41,Germany,58.2,822.96
4cae54,Ireland,254.5,10302.24
4cae55,Ireland,234.71,12481.56
4cae51,Ireland,217.61,11269.98
a682e3,United States,239.01,8923.02
4cae29,Ireland,274.54,11445.24
300780,Italy,187.48,4945.38
300781,Italy,220.45,10789.92
4cae34,Ireland,219.91,4693.92
4cae32,Ireland,263.1,10408.92
4cae33,Ireland,103.95,1112.52
4cae1f,Ireland,199.08,3855.72
4cae1e,Ireland,244.87,11209.02
39893f,France,76.62,2743.2
84b807,Japan,264.57,7985.76
4cae85,Ireland,216.95,12024.36
4cae80,Ireland,225.35,9555.48
4d22ca,Malta,192.25,5829.3
4cae8c,Ireland,85.37,723.9
4cae8d,Ireland,233.83,11559.54
39b329,France,7.72,
4cae98,Ireland,231.29,11894.82
4cae92,Ireland,247.85,10576.56
4cae94,Ireland,128.12,2956.56
4073a1,United Kingdom,228.69,11856.72
4cae90,Ireland,222.03,11506.2
7c42d9,Australia,214.83,10119.36
4cae5a,Ireland,163.58,4838.7
4d22ab,Malta,175.52,4122.42
4cae67,Ireland,18.01,
4cae68,Ireland,147.97,2659.38
4cae69,Ireland,243.05,11849.1
4cae64,Ireland,71.71,198.12
a3cdfa,United States,236.85,11590.02
390cc9,France,52.16,624.84
4cae66,Ireland,213.57,12009.12
4d22b6,Malta,164.9,3817.62
4cae61,Ireland,214.01,5593.08
4d22b3,Malta,217.21,12024.36
4d22b5,Malta,88.18,1638.3
4cae4a,Ireland,198.18,5173.98
4cae4b,Ireland,216.74,11460.48
4cae4c,Ireland,200.12,11948.16
4d22bf,Malta,253.74,11064.24
4cae6a,Ireland,120.79,1676.4
4d22bb,Malta,226.84,9243.06
4d22bd,Malta,217.57,11430.0
4d22be,Malta,217.73,9829.8
a0b145,United States,219.05,11353.8
ad35a2,United States,10.21,30.48
4d22c8,Malta,243.42,11704.32
4cae72,Ireland,235.63,11734.8
4d22ba,Malta,223.04,11422.38
a0b199,United States,267.34,11224.26
468477,Greece,47.94,662.94
468476,Greece,45.26,1348.74
3cefbd,Germany,208.25,9525.0
3472cc,Spain,232.63,11170.92
39a038,France,40.68,
a48ae7,United States,239.04,13053.06
4cae9b,Ireland,240.02,11871.96
4cae9c,Ireland,192.3,5196.84
3c4667,Germany,166.68,7688.58
4cae9d,Ireland,237.88,12016.74
4cae9e,Ireland,246.76,11818.62
3c4668,Germany,171.34,7734.3
3c5999,Germany,116.04,1866.9
4cae9a,Ireland,0.0,
a0b169,United States,73.05,266.7
4cae8f,Ireland,223.04,11422.38
401f7a,United Kingdom,63.28,670.56
4d22ff,Malta,228.24,11590.02
300709,Italy,27.7,1874.52
846822,Japan,149.74,3779.52
aac8a4,United States,0.0,
86d310,Japan,226.22,5562.6
47183b,Hungary,210.71,12039.6
39b043,France,58.53,2956.56
471843,Hungary,228.51,12847.32
a8f284,United States,257.92,8572.5
398699,France,211.81,10850.88
8a0ab5,Indonesia,0.9,
a11d47,United States,235.2,12496.8
3ff40a,Germany,62.94,1028.7
4cacb0,Ireland,103.49,891.54
71bc36,Republic of Korea,251.56,9898.38
800b14,India,168.9,3505.2
3ec103,Germany,38.6,2612.0
86960c,Japan,224.65,7886.7
4cacb9,Ireland,246.95,9867.9
4cacb6,Ireland,240.46,11711.94
4d2320,Malta,77.48,929.64
4cacb4,Ireland,246.79,11971.02
348398,Spain,51.31,388.62
348395,Spain,243.09,11285.22
ac3e3a,United States,246.9,11871.96
4d2303,Malta,209.38,7376.16
4d2304,Malta,0.0,
348389,Spain,49.05,982.98
4d2300,Malta,151.62,
4d2302,Malta,214.45,11277.6
46d0c9,Greece,139.78,3436.62
a9cecf,United States,179.07,5928.36
868316,Japan,0.0,
3c56ee,Germany,230.6,12336.78
850e14,Japan,237.72,9113.52
4d234a,Malta,252.16,11155.68
3c56f7,Germany,211.45,7498.08
3c56f6,Germany,227.98,11673.84
3c56f5,Germany,221.8,11955.78
4d233d,Malta,211.35,13022.58
4d2350,Malta,223.1,10233.66
4d2352,Malta,208.78,11772.9
a794e1,United States,260.15,11102.34
3c56ec,Germany,220.56,12138.66
4d2369,Malta,232.75,9258.3
46d0a3,Greece,234.15,11795.76
4d2368,Malta,211.36,8016.24
800b61,India,149.67,3108.96
4d234d,Malta,231.01,11407.14
4d234e,Malta,231.96,11551.92
4d234f,Malta,220.22,10873.74
4d2336,Malta,231.21,11407.14
3998bb,France,30.87,190.5
44a3f7,Belgium,64.52,518.16
4cacbd,Ireland,128.92,960.12
3985a3,France,227.36,10835.64
3985a1,France,7.72,
4d2330,Malta,235.72,7338.06
3985a7,France,235.2,6774.18
4d2347,Malta,244.84,11833.86
4cace0,Ireland,205.69,5486.4
4d2348,Malta,160.57,3253.74
4d2346,Malta,233.34,11894.82
70aebe,Nepal,219.26,9525.0
4d232c,Malta,225.59,11361.42
4d2340,Malta,225.48,8831.58
a47d69,United States,227.54,11849.1
4d2390,Malta,221.57,10820.4
ab7394,United States,195.57,6416.04
a11cc1,United States,248.68,11559.54
4d239a,Malta,257.72,11719.56
4d239b,Malta,214.48,6096.0
a59d63,United States,176.24,3566.16
a12fda,United States,241.2,10759.44
800b9a,India,239.73,11711.94
348319,Spain,39.06,1287.78
348318,Spain,32.54,1242.06
4d2378,Malta,229.02,10469.88
4d236a,Malta,245.18,11597.64
4d236c,Malta,212.26,11452.86
3985e6,France,55.3,579.12
4b08c3,Switzerland,48.04,1021.08
a3ad89,United States,281.21,13083.54
a5ed58,United States,3.86,
ad0375,United States,239.97,11894.82
348306,Spain,216.09,11521.44
348305,Spain,207.74,12131.04
4b08aa,Switzerland,64.85,2415.54
348303,Spain,37.95,1965.96
4d2387,Malta,205.25,9182.1
402ee4,United Kingdom,60.37,777.24
3c56f0,Germany,206.92,9509.76
31dfef,Italy,38.6,419.1
800b80,India,236.15,12633.96
3c56f4,Germany,222.77,11986.26
3c56f1,Germany,232.81,11567.16
4d2383,Malta,179.75,3954.78
300394,Italy,180.08,4114.8
4d2385,Malta,233.41,11513.82
4d2386,Malta,250.35,11719.56
800b7d,India,45.51,220.98
4d2382,Malta,236.17,11506.2
348412,Spain,110.2,2545.08
8681a8,Japan,166.59,4030.98
a44964,United States,237.37,11620.5
a5b923,United States,252.2,11285.22
0d0ee9,Mexico,231.5,12352.02
348405,Spain,0.0,
3c5824,Germany,243.0,11795.76
4083eb,United Kingdom,4.37,
a4493c,United States,244.13,11277.6
3971bc,France,26.24,220.98
850d8c,Japan,211.47,6842.76
a6893e,United States,227.78,11285.22
4083e6,United Kingdom,177.07,6294.12
4d2290,Malta,215.43,12085.32
8681b2,Japan,240.58,9944.1
ac0941,United States,253.38,11894.82
8681b4,Japan,222.8,9608.82
a4491c,United States,238.46,10629.9
4609e4,Finland,240.95,11650.98
8681ad,Japan,5.66,
4083d0,United Kingdom,109.21,2392.68
8681ab,Japan,75.68,106.68
4083d1,United Kingdom,142.6,1699.26
dd8e1f,,19.0,737.0
862d0c,Japan,106.51,1295.4
4cad29,Ireland,256.25,11711.94
4cad25,Ireland,63.13,922.02
4cad26,Ireland,56.36,670.56
398600,France,146.88,3886.2
398602,France,195.22,5775.96
3ff3b9,Germany,70.93,1089.66
3ff3b8,Germany,49.14,906.78
7c585f,Australia,158.78,3101.34
a47cd1,United States,245.7,11887.2
a16064,United States,175.89,6438.9
3cdc92,Germany,240.22,12367.26
4070ec,United Kingdom,236.27,11803.38
a44982,United States,6.69,
4070ef,United Kingdom,211.53,12062.46
8694b6,Japan,251.69,9456.42
4070f0,United Kingdom,70.41,266.7
4cad13,Ireland,102.67,2179.32
4cad15,Ireland,115.77,4328.16
4cad11,Ireland,242.34,12367.26
4cad12,Ireland,248.1,11544.3
4070e3,United Kingdom,212.9,10104.12
0d0ed6,Mexico,244.57,10652.76
4070e1,United Kingdom,221.75,12047.22
4070e7,United Kingdom,165.36,2712.72
4cad5a,Ireland,148.73,2827.02
4cad64,Ireland,235.14,11887.2
151fe9,Russian Federation,236.71,10485.12
4c01e2,Serbia,243.58,11666.22
4cad4f,Ireland,224.75,8892.54
4c01e4,Serbia,230.36,10492.74
4d21aa,Malta,248.36,11727.18
300401,Italy,0.0,
398640,France,249.72,11125.2
4d21d4,Malta,210.69,10660.38
4d21c8,Malta,226.16,11978.64
4d21c9,Malta,148.67,3284.22
04c29f,Kenya,184.77,6362.7
4d21c5,Malta,72.24,1089.66
3ceee1,Germany,99.07,1668.78
86d1de,Japan,125.01,1303.02
4c01f4,Serbia,249.52,11102.34
4cad46,Ireland,76.48,342.9
4cad48,Ireland,226.93,11369.04
3482d8,Spain,221.8,10447.02
3482d6,Spain,247.67,12793.98
151ffc,Russian Federation,226.94,
84b940,Japan,96.17,792.48
3c4585,Germany,249.14,12633.96
4cad2a,Ireland,240.62,11704.32
4cad2b,Ireland,235.73,11818.62
3c4599,Germany,239.81,10736.58
151ff0,Russian Federation,3.34,
846978,Japan,203.08,4632.96
151ff8,Russian Federation,253.89,9464.04
3c458f,Germany,270.43,10546.08
4cad54,Ireland,243.14,11460.48
4cad55,Ireland,117.93,975.36
3c458c,Germany,143.47,2110.74
3c458d,Germany,251.5,10462.26
4cad51,Ireland,2.31,
4d21a2,Malta,212.44,11460.48
4cad3e,Ireland,225.93,11529.06
4cad3f,Ireland,219.73,11490.96
4cad3c,Ireland,229.66,12146.28
3c4594,Germany,260.25,11125.2
4cad3d,Ireland,240.59,12862.56
4083bd,United Kingdom,52.71,525.78
4d21ef,Malta,230.11,11788.14
a61ff5,United States,63.71,1798.32
4083c5,United Kingdom,56.1,236.22
4d21f7,Malta,234.16,11506.2
3c450f,Germany,218.97,12611.1
4d21ec,Malta,236.18,11689.08
4083c0,United Kingdom,196.42,10828.02
44a465,Belgium,64.44,685.8
4d21fc,Malta,98.2,2011.68
4d21fd,Malta,205.11,
4d21fe,Malta,196.22,5814.06
4cad7c,Ireland,234.48,9761.22
4cad7d,Ireland,125.77,2583.18
4c01eb,Serbia,247.53,11567.16
4c01ed,Serbia,227.22,10157.46
4c01ec,Serbia,243.36,11163.3
4cad86,Ireland,151.48,2956.56
4cad88,Ireland,238.22,10888.98
4cad89,Ireland,236.44,11871.96
846932,Japan,230.16,8808.72
4cad6d,Ireland,1.03,
86e4fc,Japan,240.18,12931.14
4cad97,Ireland,219.88,12039.6
151fb5,Russian Federation,33.12,9334.5
4cad98,Ireland,220.41,12245.34
4d21f0,Malta,224.15,11750.04
4d21f1,Malta,4.37,
4cad93,Ireland,225.35,11742.42
4cad95,Ireland,123.56,1729.74
4cad91,Ireland,154.53,3131.82
4d21da,Malta,240.45,11300.46
4d21dc,Malta,182.32,4663.44
4d21dd,Malta,225.24,11551.92
4cad7e,Ireland,69.59,182.88
4cad7f,Ireland,83.9,1424.94
ac0906,United States,249.34,12641.58
71aa64,Republic of Korea,147.34,4831.08
3ff336,Germany,44.74,1562.1
881422,Thailand,0.0,
881425,Thailand,179.64,5920.74
881423,Thailand,4.63,
4b0831,Switzerland,64.4,1485.0
45d972,Denmark,178.95,4869.18
800c01,India,237.08,12024.36
39c495,France,160.59,3573.78
39c498,France,286.48,12816.84
39614c,France,59.16,502.92
4d20ed,Malta,115.07,1127.76
4d20fd,Malta,195.91,6172.2
71bd54,Republic of Korea,249.18,12054.84
3003ad,Italy,188.52,5532.12
3003ae,Italy,222.55,9791.7
3003af,Italy,60.81,472.44
4b0882,Switzerland,51.59,
a2f5fc,United States,247.45,10751.82
485a82,Kingdom of the Netherlands,217.42,12100.56
485a86,Kingdom of the Netherlands,216.9,10896.6
862db6,Japan,5.4,
485a84,Kingdom of the Netherlands,235.98,11864.34
00ae6d,South Africa,169.63,5638.8
4d2209,Malta,213.82,11452.86
3999e4,France,218.17,7688.58
800c3a,India,136.93,5448.3
4c0223,Serbia,272.1,11574.78
abd6c6,United States,201.4,4259.58
a65086,United States,151.59,2232.66
71bd60,Republic of Korea,216.34,10355.58
800c1a,India,195.77,6614.16
0c43b7,Dominican Republic,256.18,11338.56
0c43b1,Dominican Republic,230.04,12382.5
0c43b9,Dominican Republic,155.89,4145.28
a6fb41,United States,231.9,11971.02
4d2238,Malta,212.89,11986.26
4d2239,Malta,220.41,11529.06
4cabd3,Ireland,202.55,10736.58
4d222a,Malta,218.48,11734.8
800c71,India,182.01,4823.46
3986e5,France,62.5,320.04
4d221e,Malta,200.95,11871.96
34714e,Spain,229.62,11780.52
800c6d,India,134.58,3009.9
3986e8,France,239.3,11650.98
3986e1,France,61.3,68.58
4d221a,Malta,249.55,11818.62
3986e2,France,143.26,2575.56
34714d,Spain,96.9,883.92
3986e4,France,59.99,396.24
4d221d,Malta,234.55,10728.96
4d2232,Malta,72.55,563.88
800c88,India,235.81,12001.5
4d2248,Malta,232.53,11094.72
800c87,India,106.49,1691.64
a71b43,United States,249.9,10629.9
4d2245,Malta,209.14,12031.98
4d2247,Malta,237.66,11689.08
800c89,India,116.42,1668.78
4c0261,Serbia,211.97,6774.18
4d223a,Malta,197.3,11376.66
4d223b,Malta,188.89,5052.06
4c0263,Serbia,12.86,
4d222c,Malta,228.81,10477.5
4d222d,Malta,232.18,10805.16
4d2241,Malta,243.6,11628.12
4d2242,Malta,126.84,1691.64
4d2243,Malta,246.62,11811.0
4cabd4,Ireland,79.51,571.5
d00cec,,31.2,629.0
a6fb32,United States,245.16,11910.06
4d2215,Malta,239.12,11430.0
4d2217,Malta,246.51,11765.28
4d2218,Malta,219.44,8663.94
4d2212,Malta,110.66,2103.12
485a32,Kingdom of the Netherlands,173.46,3596.64
4d2214,Malta,233.34,11559.54
a4bb8a,United States,253.03,10652.76
4d2219,Malta,239.62,9022.08
aa9c5b,United States,269.35,12336.78
861c10,Japan,15.43,
485a35,Kingdom of the Netherlands,217.04,12412.98
485a33,Kingdom of the Netherlands,0.0,
4d2210,Malta,236.56,11102.34
4d2228,Malta,256.02,10728.96
4d2229,Malta,131.18,2644.14
4d2223,Malta,227.91,8503.92
4d2224,Malta,241.01,11711.94
4d2225,Malta,209.06,7825.74
a9be0e,United States,207.69,5638.8
4c0241,Serbia,81.8,838.2
4d220a,Malta,143.17,2080.26
4d220b,Malta,85.95,243.84
4d220c,Malta,229.92,10507.98
4d2220,Malta,212.91,8039.1
4d2221,Malta,181.6,5913.12
adf128,United States,270.61,11734.8
449d8d,Belgium,245.5,9921.24
a1c401,United States,78.82,3063.24
4d2278,Malta,228.02,11064.24
0d0ded,Mexico,246.98,10645.14
4d226b,Malta,220.59,11437.62
4d226d,Malta,221.32,11468.1
4d226e,Malta,120.16,1280.16
a09ab9,United States,151.42,3543.3
4d226a,Malta,217.43,7056.12
40600e,United Kingdom,4.37,
40600d,United Kingdom,115.7,3200.4
4d225f,Malta,249.95,11193.78
c008f0,Canada,178.14,6256.02
4d2273,Malta,225.27,12062.46
4d2274,Malta,222.47,10713.72
4d2270,Malta,262.44,11681.46
4d2271,Malta,247.2,11826.24
406014,United Kingdom,219.74,11536.68
406016,United Kingdom,154.22,3329.94
406015,United Kingdom,228.25,6065.52
4d2288,Malta,221.78,11475.72
348441,Spain,194.18,7056.12
3ff390,Germany,59.57,1181.1
406017,United Kingdom,217.75,10911.84
4d227c,Malta,220.46,10881.36
4d227d,Malta,236.9,11833.86
4d227e,Malta,195.04,5844.54
4d227f,Malta,247.55,11757.66
406012,United Kingdom,144.21,1851.66
406011,United Kingdom,143.38,2743.2
4d226f,Malta,137.59,2301.24
4d2286,Malta,214.17,10561.32
4d2287,Malta,224.37,11437.62
4d2280,Malta,127.22,2758.44
a4ce71,United States,141.92,2110.74
4d2255,Malta,223.39,11330.94
4d2256,Malta,219.95,11521.44
4d2257,Malta,231.74,11353.8
4d2258,Malta,215.22,11300.46
4d224a,Malta,215.11,11384.28
3c55c2,Germany,109.35,1706.88
acd13e,United States,163.1,3276.6
4d225a,Malta,210.09,10812.78
4d225c,Malta,136.06,2232.66
34840a,Spain,163.36,4244.34
3c55c5,Germany,79.09,792.48
4cabec,Ireland,243.13,12435.84
3c55c3,Germany,224.67,11407.14
4d224d,Malta,229.82,10881.36
3c55c9,Germany,141.37,2103.12
4d224e,Malta,232.57,11529.06
4d224f,Malta,220.76,11529.06
3c55c8,Germany,0.0,
4d2262,Malta,121.78,2133.6
4d2263,Malta,213.79,12077.7
70afb9,Nepal,141.5,3520.44
4d2265,Malta,245.41,11772.9
4d2260,Malta,231.74,9624.06
4d2261,Malta,203.13,7033.26
71005a,Saudi Arabia,253.18,11384.28
4d2190,Malta,216.54,11422.38
710071,Saudi Arabia,229.1,10256.52
a1b103,United States,57.25,1303.02
850e9c,Japan,215.71,5859.78
0d0dd1,Mexico,244.84,11650.98
493298,Portugal,199.53,7010.4
86e5ab,Japan,167.73,10416.54
49328a,Portugal,140.51,2133.6
348517,Spain,222.37,11529.06
400a73,United Kingdom,1.8,
424a6a,United Kingdom,9.26,
493293,Portugal,217.63,13555.98
4d216a,Malta,239.34,10523.22
4b19ef,Switzerland,251.45,11750.04
424a71,United Kingdom,216.85,571.5
4071d9,United Kingdom,19.03,
424a72,United Kingdom,25.21,
4071d7,United Kingdom,203.77,11917.68
493287,Portugal,181.09,11978.64
493286,Portugal,230.49,8663.94
493285,Portugal,228.27,10507.98
348508,Spain,218.56,9326.88
4071d1,United Kingdom,67.63,518.16
86d2aa,Japan,245.32,8481.06
4b19f4,Switzerland,227.02,10919.46
4b19f5,Switzerland,207.91,10294.62
c008b7,Canada,0.45,
493282,Portugal,4.37,
861b64,Japan,84.1,495.3
70e065,Cambodia,70.77,822.96
70e071,Cambodia,240.4,11818.62
4d2186,Malta,192.48,3741.42
4d2187,Malta,221.22,10866.12
4b19e6,Switzerland,225.15,10233.66
850e58,Japan,181.11,5097.78
300557,Italy,232.78,10927.08
4b19fc,Switzerland,124.4,2118.36
a96e9a,United States,221.36,9806.94
4b19fd,Switzerland,0.0,
4b19fe,Switzerland,0.0,
4cac12,Ireland,219.57,11582.4
4b19ff,Switzerland,248.02,9235.44
39871b,France,56.66,2598.42
861b06,Japan,267.45,9349.74
a34ae6,United States,0.06,
4b06fe,Switzerland,45.79,2209.8
71002c,Saudi Arabia,262.33,12458.7
71002b,Saudi Arabia,230.41,11483.34
8695c6,Japan,202.61,5029.2
a3176b,United States,246.33,11948.16
861b28,Japan,124.24,2034.54
151ec2,Russian Federation,249.33,11407.14
151ec3,Russian Federation,33.12,9707.88
758087,Philippines,247.15,9685.02
151ebf,Russian Federation,206.4,11437.62
71be21,Republic of Korea,268.53,11186.16
4cac54,Ireland,200.77,11391.9
3cedb8,Germany,149.31,3459.48
7c7a4b,Australia,221.17,11536.68
151eb9,Russian Federation,214.62,11445.24
71be16,Republic of Korea,1.8,
ac3e80,United States,251.07,10645.14
86d2fb,Japan,145.01,2880.36
800af1,India,232.19,10660.38
7c7a3e,Australia,107.44,1310.64
7c7a3f,Australia,153.24,5486.4
850dae,Japan,223.35,8275.32
7c7a3b,Australia,257.75,9944.1
4cac23,Ireland,149.26,3162.3
4cac24,Ireland,255.02,11681.46
493201,Portugal,217.4,13533.12
4cac20,Ireland,4.89,
4cac0f,Ireland,157.82,5326.38
4cac0b,Ireland,254.58,11148.06
71be46,Republic of Korea,99.26,1752.6
3483da,Spain,146.01,2872.74
4cac36,Ireland,233.02,10789.92
758073,Philippines,151.0,3147.06
7c44da,Australia,173.01,3794.76
7c7a49,Australia,201.83,8244.84
71be39,Republic of Korea,227.41,12085.32
151ecd,Russian Federation,4.74,10020.3
4cac1f,Ireland,38.07,
7c44f6,Australia,171.83,6019.8
885b4e,Thailand,70.62,137.16
4cac7e,Ireland,51.12,716.28
885b4d,Thailand,220.73,8724.9
3483cb,Spain,103.82,2217.42
401d78,United Kingdom,80.65,
4cac87,Ireland,233.29,11887.2
4cac88,Ireland,178.54,3924.3
4cac89,Ireland,190.89,6210.3
4d20e1,Malta,212.03,6781.8
4cac84,Ireland,235.46,11757.66
4cac85,Ireland,225.71,7795.26
a0ec20,United States,199.67,3916.68
4cac86,Ireland,6.69,
86d2cc,Japan,106.94,1303.02
c04fd7,Canada,206.63,11140.44
4cac8e,Ireland,223.88,12138.66
8682f4,Japan,0.06,
396147,France,60.88,1181.1
4d20f5,Malta,191.06,6286.5
4d20f3,Malta,235.78,11407.14
885b45,Thailand,143.91,2628.9
885b41,Thailand,140.54,2034.54
885b42,Thailand,139.46,4343.4
4cac7f,Ireland,246.09,11849.1
39c423,France,202.28,6393.18
400a25,United Kingdom,243.68,11155.68
a71aad,United States,136.33,2156.46
3ff2dc,Germany,24.95,830.58
a449a4,United States,251.57,11269.98
39c40c,France,192.51,9319.26
a449a8,United States,8.23,
400a0e,United Kingdom,231.21,10408.92
71be05,Republic of Korea,214.46,5890.26
00af2e,South Africa,178.57,3970.02
4d20bd,Malta,200.84,8244.84
4d20d0,Malta,0.0,
4d20c9,Malta,200.46,8275.32
4d20c8,Malta,229.91,9403.08
398477,France,230.02,13060.68
86e888,Japan,123.43,1668.78
a5a38e,United States,172.86,3825.24
a2e09a,United States,232.81,11932.92
04c2e4,Kenya,134.23,
86e86e,Japan,236.66,10431.78
a24e39,United States,258.56,11597.64
408356,United Kingdom,235.59,11719.56
800d0f,India,210.53,5737.86
408352,United Kingdom,204.33,7719.06
407022,United Kingdom,246.77,11186.16
40700a,United Kingdom,250.1,11163.3
a7f684,United States,264.6,10622.28
408347,United Kingdom,0.0,
408346,United Kingdom,181.79,4282.44
a2e098,United States,73.66,205.74
39844c,France,74.34,868.68
31df30,Italy,71.08,1668.78
408330,United Kingdom,76.39,586.74
ab1c04,United States,0.0,
800d09,India,174.67,3771.9
86e890,Japan,96.29,1127.76
48ba2b,Poland,56.02,617.22
0c20f2,Panama,268.85,10607.04
7c7c77,Australia,70.42,160.02
a445c7,United States,283.14,11125.2
86e82a,Japan,268.47,10629.9
40838c,United Kingdom,236.32,8023.86
40838d,United Kingdom,240.61,11711.94
40838a,United Kingdom,252.15,11170.92
861ba8,Japan,257.07,7368.54
a35b27,United States,251.22,11292.84
4b4dc9,Switzerland,46.33,960.12
a7e310,United States,259.77,9883.14
40837c,United Kingdom,165.96,4831.08
861bb0,Japan,0.0,
408389,United Kingdom,180.06,6210.3
a7935e,United States,39.29,800.1
408385,United Kingdom,64.63,701.04
408386,United Kingdom,235.6,11247.12
a97cb5,United States,213.65,5257.8
40836b,United Kingdom,178.54,5326.38
ab2f69,United States,90.34,5798.82
a182ae,United States,248.31,11323.32
0c20ac,Panama,225.07,11681.46
407045,United Kingdom,0.0,
a8bfe0,United States,244.14,11315.7
451d8c,Bulgaria,205.01,7261.86
4691c5,Greece,238.3,10850.88
4691c4,Greece,254.23,10858.5
4691c2,Greece,6.94,
4691c1,Greece,243.18,9174.48
a72b25,United States,51.51,1737.36
3dd7b8,Germany,0.0,281.94
a35b81,United States,0.0,
4d2127,Malta,162.9,2628.9
0c218a,Panama,235.74,11719.56
4d211a,Malta,0.0,
451d85,Bulgaria,233.2,10058.4
0c218b,Panama,266.36,9944.1
4d210f,Malta,212.92,8084.82
710100,Saudi Arabia,276.63,11650.98
4d2120,Malta,234.93,14157.96
a445f2,United States,249.32,11285.22
710102,Saudi Arabia,252.61,13304.52
71144e,Saudi Arabia,262.24,11696.7
71011e,Saudi Arabia,238.5,12641.58
010161,Egypt,7.72,
c005e9,Canada,99.77,335.28
0c217c,Panama,267.64,11026.14
010162,Egypt,171.93,3931.92
010153,Egypt,227.93,11475.72
86e7a2,Japan,226.47,12992.1
710132,Saudi Arabia,232.6,12222.48
710119,Saudi Arabia,236.23,10820.4
4d2101,Malta,154.36,5463.54
a5a2d9,United States,224.81,10294.62
71010f,Saudi Arabia,236.8,11955.78
010144,Egypt,203.19,9334.5
010146,Egypt,222.23,
710120,Saudi Arabia,267.18,8793.48
4d2100,Malta,70.22,350.52
408329,United Kingdom,244.83,11788.14
4caaf1,Ireland,114.78,1859.28
4d2159,Malta,198.79,6377.94
4d214b,Malta,221.25,11247.12
4d213e,Malta,157.15,4351.02
4d2153,Malta,230.27,10751.82
4d2150,Malta,139.5,1821.18
01010d,Egypt,229.12,11437.62
abe79d,United States,257.74,11231.88
3c54a1,Germany,221.17,11475.72
4d2131,Malta,173.59,2994.66
402ca5,United Kingdom,32.31,1074.42
a73e2f,United States,240.57,11635.74
4d2132,Malta,0.0,
4d2133,Malta,249.11,9578.34
a708bf,United States,218.54,12291.06
a6e8ae,United States,230.29,11612.88
4d2145,Malta,234.04,10797.54
4d2146,Malta,217.5,10706.1
3c54a5,Germany,218.29,11460.48
04c2f6,Kenya,10.8,
3c54a4,Germany,215.48,10835.64
3c54a2,Germany,227.27,11376.66
010109,Egypt,216.93,12131.04
4caad8,Ireland,110.49,4274.82
39d2ae,France,271.35,12992.1
39d2af,France,282.98,12893.04
4081bf,United Kingdom,228.19,10888.98
31debf,Italy,66.87,579.12
4081bc,United Kingdom,256.11,11216.64
39d2ab,France,236.0,10881.36
4d206c,Malta,102.74,1539.24
4b18b8,Switzerland,210.59,11369.04
0c210e,Panama,216.17,11026.14
0c210d,Panama,218.09,8534.4
4081c0,United Kingdom,243.58,11734.8
39d2b1,France,234.15,9304.02
39d2b2,France,262.12,10835.64
39d2b4,France,251.64,11818.62
4d207b,Malta,134.51,6400.8
4d207c,Malta,0.0,
4081aa,United Kingdom,226.92,12054.84
4d207d,Malta,173.96,4091.94
3875ff,France,1.29,
4d2087,Malta,244.36,11155.68
a0645e,United States,147.08,2080.26
4d204c,Malta,217.66,12412.98
4081a1,United Kingdom,229.94,7627.62
4d2067,Malta,230.8,10774.68
39d2a0,France,257.23,11094.72
4b4e19,Switzerland,50.6,1730.0
39d2a3,France,211.06,7170.42
800bc4,India,222.04,11010.9
a30121,United States,244.8,11247.12
4b18f3,Switzerland,212.3,7627.62
4b18f4,Switzerland,244.09,11704.32
0c2161,Panama,188.1,10713.72
a4340e,United States,141.54,5044.44
3d61b0,Germany,0.0,
711473,Saudi Arabia,227.02,11308.08
7c7ab4,Australia,170.0,6675.12
3480cc,Spain,244.56,11269.98
4b05f1,Switzerland,37.6,630.0
7c7ab2,Australia,207.78,12809.22
4d208e,Malta,236.29,10828.02
4d2090,Malta,202.49,11399.52
7c7aae,Australia,80.02,746.76
4d2092,Malta,243.58,11414.76
01018d,Egypt,240.7,10904.22
4d2096,Malta,220.8,10728.96
7c7aa9,Australia,215.55,6652.26
3480c3,Spain,220.25,12146.28
38b2fd,France,58.93,2042.16
71bf53,Republic of Korea,166.7,3413.76
47becb,Norway,28.41,617.22
abe5a2,United States,255.17,9761.22
a54137,United States,281.62,12085.32
a5b760,United States,249.57,11422.38
71bf40,Republic of Korea,56.59,
71bf44,Republic of Korea,5.4,
7c7b80,Australia,55.92,289.56
800bfb,India,194.75,6012.18
800bfa,India,246.9,10081.26
7c7b87,Australia,36.16,251.46
ac3b32,United States,244.61,12534.9
7100b3,Saudi Arabia,0.0,
a4caf0,United States,2.06,
0100e0,Egypt,223.59,11407.14
a54163,United States,253.68,11239.5
a66147,United States,88.04,4526.28
a12f2a,United States,239.19,10675.62
a339b1,United States,0.06,
adbe2c,United States,140.93,7338.06
3ff1ad,Germany,52.27,
adab38,United States,181.33,8199.12
c0192e,Canada,260.99,10896.6
3ff1cc,Germany,35.73,693.42
3c5642,Germany,292.19,11620.5
c01945,Canada,224.89,11254.74
3c5641,Germany,283.97,11087.1
71bf18,Republic of Korea,141.27,1851.66
71bf17,Republic of Korea,234.97,7787.64
a12f6d,United States,237.4,11262.36
4b1939,Switzerland,226.68,11399.52
c00804,Canada,171.2,12001.5
a35c0b,United States,270.76,11216.64
425ae7,United Kingdom,208.54,11986.26
401add,United Kingdom,57.62,701.04
398578,France,188.37,3489.96
398579,France,248.74,11795.76
4caa5a,Ireland,199.79,5082.54
39856a,France,66.44,510.54
39856d,France,61.95,259.08
4caa61,Ireland,1.8,
4b0618,Switzerland,0.0,
7c34a1,Australia,63.07,1882.14
4caa5f,Ireland,240.63,11689.08
71bf94,Republic of Korea,243.66,11079.48
71bf92,Republic of Korea,275.59,10241.28
71bf90,Republic of Korea,213.09,8717.28
ab1d30,United States,210.62,10561.32
40717a,United Kingdom,222.5,9845.04
40717b,United Kingdom,96.08,1447.8
40717e,United Kingdom,228.09,11033.76
71bf82,Republic of Korea,263.42,10454.64
86d624,Japan,230.7,13045.44
85c970,Japan,15.43,
407183,United Kingdom,209.78,11445.24
407180,United Kingdom,196.89,9593.58
a5417e,United States,0.9,
4b194a,Switzerland,240.07,10866.12
ab84ab,United States,167.48,3825.24
4b194b,Switzerland,179.38,4137.66
4b194c,Switzerland,0.06,
7c6a58,Australia,128.62,7650.48
4b194d,Switzerland,75.74,76.2
4b194e,Switzerland,230.16,11452.86
407178,United Kingdom,180.15,5745.48
a72aec,United States,62.93,3657.6
34824d,Spain,41.48,1424.94
3c66c3,Germany,274.69,12595.86
4b066d,Switzerland,32.7,624.84
3c66ba,Germany,215.47,11155.68
0c2083,Panama,4.89,
4d2006,Malta,242.08,11582.4
a7f6b9,United States,0.0,
4d2007,Malta,236.91,11148.06
4d2003,Malta,215.98,12573.0
3c66e2,Germany,239.5,11772.9
3c66e1,Germany,226.19,8557.26
a793b1,United States,149.21,2659.38
3d1f2f,Germany,51.3,2545.08
451e8c,Bulgaria,232.23,11376.66
71156d,Saudi Arabia,214.37,10797.54
86d5a1,Japan,0.0,
3c66e6,Germany,239.98,11414.76
3c66e5,Germany,223.77,11544.3
861e56,Japan,261.87,9395.46
4692d8,Greece,4.89,
4692d7,Greece,1.54,
4692d4,Greece,4.12,
4692d3,Greece,231.15,11689.08
3ff171,Germany,50.79,1127.76
a5ec64,United States,5.92,
4692ce,Greece,218.67,6941.82
4692cd,Greece,228.94,7551.42
4692cc,Greece,238.27,8823.96
3c66eb,Germany,0.0,
3c66ea,Germany,199.36,6149.34
4692d9,Greece,107.3,868.68
7c47b9,Australia,261.9,11193.78
348212,Spain,223.73,12169.14
407113,United Kingdom,56.13,426.72
348213,Spain,235.72,11498.58
4d2038,Malta,239.71,11780.52
acf54f,United States,253.98,11247.12
4d201d,Malta,241.03,11049.0
7c47ac,Australia,62.81,213.36
348207,Spain,255.17,9974.58
348208,Spain,246.36,11201.4
348205,Spain,224.45,9380.22
7c47a8,Australia,9.26,
7c47a4,Australia,127.82,1470.66
3c79ba,Germany,214.4,10767.06
4d2049,Malta,237.74,11109.96
7c47a3,Australia,180.92,5676.9
4d203b,Malta,210.82,7406.64
3f0482,Germany,31.09,1569.72
ab859d,United States,49.56,1051.56
3c79c5,Germany,225.46,11361.42
3c79c1,Germany,2.31,
4d202d,Malta,163.67,6461.76
4d2042,Malta,210.48,9532.62
4d2043,Malta,244.47,
451e8b,Bulgaria,212.99,11963.4
3ff10c,Germany,54.13,533.4
4d2013,Malta,218.57,12047.22
4d2014,Malta,76.04,998.22
711537,Saudi Arabia,194.83,6187.44
4d2016,Malta,130.67,7696.2
00aff7,South Africa,51.18,617.22
3c66a4,Germany,132.38,1836.42
3c66a2,Germany,248.95,11772.9
451e90,Bulgaria,232.04,11071.86
a32803,United States,279.0,11148.06
4d2029,Malta,180.55,7696.2
3c66ab,Germany,249.41,11788.14
4d201a,Malta,158.46,5951.22
3c66c1,Germany,301.47,12024.36
3c66b5,Germany,149.19,3337.56
4d200f,Malta,0.9,
3c66b3,Germany,218.71,11148.06
3c66b2,Germany,99.93,815.34
3c66b9,Germany,8.75,
3c66b8,Germany,211.26,11460.48
3c66b6,Germany,195.5,12001.5
7580d5,Philippines,150.97,5387.34
390a34,France,32.16,228.6
4d2022,Malta,223.14,10911.84
3850e4,France,56.18,
a0fbb7,United States,229.48,12245.34
4082e6,United Kingdom,199.01,7597.14
4082cc,United Kingdom,221.91,10675.62
4a2d24,Romania,208.02,11109.96
04c332,Kenya,123.38,3246.12
4082ad,United Kingdom,29.91,114.3
4082ab,United Kingdom,224.83,11445.24
4598d3,Denmark,60.24,1059.18
4598d4,Denmark,59.93,944.88
a56862,United States,63.44,175.26
0c202c,Panama,233.99,11071.86
3d0c47,Germany,92.02,1531.62
a84c4d,United States,40.97,1066.8
470393,Hungary,47.04,640.08
7c7bce,Australia,172.94,3429.0
800cc2,India,134.47,4114.8
0c200a,Panama,236.34,12039.6
800cc7,India,139.93,1584.96
abe82c,United States,216.38,7414.26
4b17f8,Switzerland,165.54,5265.42
7c7bcc,Australia,256.32,11551.92
7c7bc6,Australia,259.26,12458.7
7c7bc7,Australia,173.21,10195.56
a1d546,United States,174.49,6179.82
0c2018,Panama,218.54,7010.4
800cd5,India,227.96,11803.38
4b17e3,Switzerland,130.01,4305.3
7c487c,Australia,6.17,
3481d5,Spain,263.94,12214.86
7114db,Saudi Arabia,144.35,3375.66
4b17fc,Switzerland,205.21,11132.82
4b17fd,Switzerland,116.28,3040.38
4b17fe,Switzerland,213.3,12001.5
4b17ff,Switzerland,3.34,
7114d7,Saudi Arabia,245.6,10584.18
4b17fa,Switzerland,0.0,
aac6ee,United States,227.54,10165.08
a80560,United States,226.18,10256.52
402e01,United Kingdom,39.56,914.4
3ff0db,Germany,54.11,1257.3
a2f584,United States,233.3,9860.28
3ff0dc,Germany,31.21,746.76
86d607,Japan,155.71,2628.9
a8aeab,United States,239.45,10683.24
458667,Denmark,146.36,2758.44
44b662,Belgium,81.0,2933.7
4caa40,Ireland,295.97,11468.1
398560,France,184.58,6903.72
399893,France,144.11,9273.54
398567,France,195.69,5440.68
a8180d,United States,267.1,11399.52
ac3c86,United States,261.94,12618.72
398568,France,238.35,7353.3
a0b4a5,United States,64.36,1493.52
398569,France,192.03,7726.68
398563,France,170.89,4328.16
398565,France,225.84,11780.52
47bfb3,Norway,239.32,11635.74
4caa57,Ireland,248.48,11117.58
4caa53,Ireland,105.26,3642.36
4caa54,Ireland,120.57,2186.94
4caa55,Ireland,130.23,4617.72
398570,France,234.2,8976.36
75827b,Philippines,245.15,
4b1917,Switzerland,275.13,11750.04
7c4811,Australia,214.64,10287.0
a6c516,United States,214.19,13586.46
aa781f,United States,253.97,9829.8
a4359b,United States,233.95,11590.02
392ef1,France,60.78,419.1
a6d83c,United States,240.38,10599.42
e94c88,Bolivia,222.61,12976.86
