icao24,origin_country,velocity,on_ground
39de4f,France,157.8,False
39de4e,France,225.3,False
3ffc29,Germany,37.04,False
80162d,India,132.07,False
e8027d,Chile,211.32,False
39de4b,France,180.71,False
39de4a,France,0.9,True
39de4d,France,235.62,False
39de57,France,226.26,False
39de59,France,209.26,False
c07d20,Canada,120.75,False
3ffc0b,Germany,74.22,False
801643,India,216.29,False
e4a7b7,Brazil,70.64,False
39de51,France,223.27,False
39de50,France,239.74,False
39de53,France,229.89,False
a39be7,United States,233.63,False
39de55,France,231.8,False
39de54,France,222.53,False
a3fefb,United States,144.86,False
500479,San Marino,274.98,False
48d247,Poland,46.11,False
a4d870,United States,148.82,False
3ffc1b,Germany,42.83,False
a3b88e,United States,244.92,False
aae316,United States,87.97,False
80163f,India,229.04,False
a5e521,United States,58.9,False
3d23f5,Germany,34.96,False
a90eb3,United States,78.62,False
acdfa3,United States,249.98,False
80160a,India,184.55,False
a3a578,United States,137.43,False
3ffc03,Germany,45.39,False
801619,India,223.97,False
ab032d,United States,55.91,False
851914,Japan,259.66,False
a35555,United States,136.69,False
ac231d,United States,84.51,False
ab0347,United States,40.26,False
80161a,India,223.4,False
ad5628,United States,151.37,False
acdfab,United States,143.35,False
801629,India,138.55,False
a0e250,United States,192.19,False
488252,Poland,207.33,False
39de46,France,228.65,False
39de45,France,158.12,False
407a05,United Kingdom,220.72,False
39de48,France,233.37,False
a84509,United States,54.37,False
39de47,France,249.47,False
ad694c,United States,248.65,False
801632,India,91.06,False
a0e249,United States,171.96,False
39de40,France,182.09,False
39de42,France,258.38,False
a2355d,United States,240.02,False
39de41,France,219.07,False
39de44,France,202.93,False
511187,Estonia,215.91,False
44028c,Austria,144.27,False
44028a,Austria,153.9,False
511188,Estonia,238.65,False
adeca0,United States,52.46,False
511189,Estonia,236.82,False
abacd2,United States,3.34,True
a9b3f9,United States,201.67,False
4acb01,Sweden,148.85,False
4acb02,Sweden,235.89,False
801685,India,99.3,False
4acb04,Sweden,6.69,True
e80251,Chile,182.09,False
ab034d,United States,258.54,False
4bc8c8,Turkey,224.43,False
ae1fde,United States,45.92,False
a950df,United States,189.47,False
4bc8c7,Turkey,7.72,True
4bc8c5,Turkey,0.0,True
4bc8c1,Turkey,212.19,False
801680,India,78.75,False
a6f0f5,United States,35.29,False
e8024c,Chile,215.1,False
511173,Estonia,123.28,False
ab5cfc,United States,97.11,False
aa092b,United States,80.85,False
acdfcc,United States,34.99,False
511172,Estonia,218.68,False
801697,India,232.53,False
e80268,Chile,217.83,False
4bc8d6,Turkey,238.38,False
4bc8d3,Turkey,0.0,True
4bc8d4,Turkey,190.54,False
4bc8d2,Turkey,204.46,False
80164a,India,56.08,False
3442cc,Spain,101.36,False
ad5679,United States,11.83,True
471efa,Hungary,2.83,True
471efb,Hungary,199.17,False
801659,India,259.83,False
471eff,Hungary,220.54,False
471efc,Hungary,233.66,False
800333,India,100.61,False
801661,India,145.51,False
801667,India,241.31,False
00b231,South Africa,104.32,False
a34268,United States,132.69,False
80165b,India,193.2,False
44029f,Austria,173.13,False
e8026f,Chile,8.75,True
8744d4,Japan,12.35,True
80165c,India,233.65,False
511195,Estonia,239.43,False
407a3e,United Kingdom,189.9,False
e8026d,Chile,1.29,True
e8026c,Chile,240.74,False
a3556f,United States,249.57,False
3442c2,Spain,115.52,False
a5e509,United States,52.4,False
a3fef1,United States,62.38,False
801671,India,149.82,False
505f15,Slovakia,213.93,False
3455da,Spain,0.0,True
adda1e,United States,224.85,False
abad94,United States,2.31,True
4acb41,Sweden,218.0,False
4acb42,Sweden,218.77,False
4acb45,Sweden,210.17,False
3ffc9c,Germany,75.5,False
a4b294,United States,159.1,False
a8a88b,United States,205.92,False
aae1f8,United States,140.04,False
aae1f1,United States,234.74,False
ac6a65,United States,187.77,False
accd69,United States,232.45,False
86cfa0,Japan,175.76,False
3455d7,Spain,227.83,False
8a0419,Indonesia,232.65,False
440248,Austria,224.25,False
3455d8,Spain,205.62,False
4acb58,Sweden,219.34,False
a5d26d,United States,1.15,False
e8020e,Chile,6.17,True
ad9d79,United States,38.8,False
0d11cc,Mexico,220.3,False
a6f23d,United States,253.15,False
e8021a,Chile,90.03,False
4bc8e1,Turkey,202.05,False
3c5ee6,Germany,177.01,False
80168c,India,167.14,False
e8021b,Chile,219.29,False
3c5ee5,Germany,213.51,False
46b83a,Greece,221.39,False
3c5ee9,Germany,198.54,False
0d11e8,Mexico,0.0,True
4bc8cf,Turkey,235.36,False
3ffc7d,Germany,67.03,False
4bc8ce,Turkey,252.01,False
4acb23,Sweden,227.29,False
4bc8cc,Turkey,215.92,False
4bc8ca,Turkey,216.07,False
3c5ee4,Germany,121.03,False
3c5ee3,Germany,84.73,False
4bc8e2,Turkey,232.76,False
ad41cd,United States,145.38,False
3c5ee1,Germany,198.5,False
3c5ef6,Germany,218.74,False
46b82a,Greece,251.19,False
46b82d,Greece,254.92,False
46b82b,Greece,233.18,False
3c5eed,Germany,234.62,False
3c5eec,Germany,243.78,False
46b82f,Greece,244.72,False
4bc8da,Turkey,2.31,False
3c5eea,Germany,205.65,False
a5d28e,United States,239.53,False
c0226c,Canada,189.54,False
e80241,Chile,247.33,False
3c5ef5,Germany,57.26,False
e80247,Chile,10.8,True
478854,Norway,136.66,False
a4d89e,United States,94.31,False
c07bc7,Canada,3.34,True
aa3cff,United States,54.48,False
8851ec,Thailand,79.6,False
393423,France,44.39,False
a5823e,United States,258.18,False
46b831,Greece,238.28,False
46b830,Greece,243.96,False
46b836,Greece,227.13,False
3ffc61,Germany,40.7,False
46b838,Greece,200.36,False
a8eed8,United States,241.67,False
440209,Austria,249.33,False
a4c592,United States,239.38,False
a101c3,United States,228.97,False
a114f4,United States,7.46,True
a8584a,United States,0.0,True
46b825,Greece,183.16,False
46b822,Greece,253.51,False
a234d7,United States,69.53,False
46b826,Greece,195.22,False
a02a37,United States,66.51,False
aa099d,United States,89.21,False
4cc2a7,Iceland,233.54,False
440237,Austria,239.17,False
440236,Austria,49.94,False
4cc2a3,Iceland,257.02,False
0800fe,United Republic of Tanzania,62.14,False
a14a18,United States,73.34,False
ab161b,United States,173.82,False
4acb5a,Sweden,228.18,False
44022d,Austria,7.72,True
a114d8,United States,198.43,False
47880d,Norway,216.07,False
a85887,United States,229.61,False
3cf0ff,Germany,56.83,False
a8320e,United States,236.75,False
a8453e,United States,242.54,False
e80204,Chile,79.74,False
7c1c49,Australia,112.9,False
a38a3a,United States,179.69,False
c0482a,Canada,271.65,False
ab5d37,United States,65.93,False
4aca9a,Sweden,240.71,False
8014b2,India,85.33,False
343194,Spain,211.49,False
3ffbad,Germany,5.14,False
c0481b,Canada,269.37,False
8014ae,India,242.48,False
4b51fa,Switzerland,34.7,False
4aca81,Sweden,153.1,False
a3a4ed,United States,155.56,False
4aca83,Sweden,248.96,False
4aca86,Sweden,209.22,False
4aca85,Sweden,245.62,False
4aca87,Sweden,253.04,False
8a047a,Indonesia,152.28,False
c0484c,Canada,152.82,False
4aca89,Sweden,225.06,False
accd18,United States,3.86,True
a091f3,United States,188.43,False
c0485a,Canada,51.06,False
e07584,Argentina,205.07,False
e07582,Argentina,214.18,False
ab5d4a,United States,76.76,False
a234e6,United States,57.85,False
c04850,Canada,7.72,True
4aca90,Sweden,214.59,False
4aca93,Sweden,228.46,False
4aca92,Sweden,249.21,False
4aca95,Sweden,233.98,False
4aca96,Sweden,210.32,False
a354c9,United States,63.58,False
4aca98,Sweden,78.32,False
84d28e,Japan,233.59,False
34448d,Spain,46.3,True
4aca8b,Sweden,249.75,False
a38a21,United States,244.06,False
4aca8d,Sweden,218.17,False
4aca8f,Sweden,240.97,False
4aca8e,Sweden,238.59,False
a724af,United States,48.12,False
00b1e6,South Africa,143.62,False
344498,Spain,127.61,False
a857c2,United States,193.85,False
344495,Spain,205.46,False
8014e5,India,70.99,False
e49eee,Brazil,259.71,False
e49eed,Brazil,152.35,False
ad9d42,United States,52.96,False
8014dd,India,232.06,False
3c5eef,Germany,65.34,False
8014da,India,208.07,False
3c5eee,Germany,245.15,False
8014de,India,234.87,False
85188c,Japan,261.01,False
471f8e,Hungary,0.0,True
8014f4,India,233.41,False
ad67cc,United States,4.37,True
344481,Spain,147.46,False
e49efb,Brazil,102.41,False
a2cd9c,United States,55.49,False
8a0454,Indonesia,131.71,False
4400ec,Austria,205.01,False
4400eb,Austria,0.0,True
4520d2,Bulgaria,217.36,False
4520d0,Bulgaria,242.86,False
a39d9b,United States,0.51,True
4400f8,Austria,242.05,False
471f9e,Hungary,195.79,False
471f9f,Hungary,238.72,False
e48ba9,Brazil,248.74,False
8014c4,India,121.29,False
392035,France,42.53,False
471f86,Hungary,5.66,True
471f6f,Hungary,222.97,False
acba1b,United States,144.49,False
ac21af,United States,230.99,False
a341f1,United States,54.54,False
acba30,United States,230.36,False
8014c8,India,226.81,False
e49ed5,Brazil,149.17,False
e48ba7,Brazil,243.51,False
ab4a5b,United States,88.27,False
87453a,Japan,120.68,False
8014d3,India,113.84,False
4520eb,Bulgaria,232.29,False
a4d7e4,United States,240.33,False
00b1b2,South Africa,119.36,False
abad6c,United States,0.0,True
34444b,Spain,80.67,False
344455,Spain,78.42,False
4a2021,Romania,229.68,False
8a03b2,Indonesia,204.67,False
471f66,Hungary,74.55,False
471f65,Hungary,246.01,False
a5d1f7,United States,239.51,False
e49f9b,Brazil,11.28,False
7809a6,China,220.85,False
344449,Spain,229.55,False
8a03a6,Indonesia,261.97,False
344445,Spain,201.77,False
38009a,France,0.0,True
e4a6ea,Brazil,204.47,False
471f71,Hungary,214.61,False
adfeda,United States,46.56,False
471f70,Hungary,223.69,False
4786e7,Norway,32.32,False
a03ce6,United States,224.15,False
343104,Spain,58.9,False
4400b7,Austria,215.25,False
471f5d,Hungary,225.46,False
7809b0,China,216.67,False
51119b,Estonia,214.33,False
4400e3,Austria,211.42,False
471f44,Hungary,170.31,False
7809aa,China,225.0,False
a03cb6,United States,203.91,False
e48c4d,Brazil,61.73,True
8014fa,India,3.6,True
4520aa,Bulgaria,238.06,False
471f55,Hungary,232.31,False
a9ea10,United States,56.0,False
469c2b,Greece,44.88,False
c07c7a,Canada,0.13,True
34440b,Spain,68.11,False
a831e5,United States,168.14,False
a3a61b,United States,242.97,False
344416,Spain,227.36,False
469c35,Greece,48.75,False
3c4d4a,Germany,180.16,False
469c36,Greece,48.4,False
a36980,United States,177.27,False
398e40,France,57.31,False
a88d47,United States,0.0,True
801602,India,214.72,False
0d1201,Mexico,199.22,False
344409,Spain,231.1,False
a8a7cf,United States,157.38,False
7809e4,China,220.54,False
471f35,Hungary,192.94,False
471f36,Hungary,206.36,False
a40ca4,United States,225.56,False
471f37,Hungary,227.62,False
471f31,Hungary,5.14,True
471f32,Hungary,247.77,False
801608,India,143.34,False
00b1fb,South Africa,221.56,False
7809f8,China,96.66,False
0d1218,Mexico,222.54,False
7809f7,China,193.24,False
471f02,Hungary,213.28,False
471f03,Hungary,220.27,False
471f00,Hungary,226.78,False
471f04,Hungary,201.38,False
471f05,Hungary,175.5,False
a63a72,United States,131.72,False
e07542,Argentina,223.14,False
a1bfde,United States,5.92,True
e07543,Argentina,112.45,False
4cc330,Iceland,97.55,False
3edbf7,Germany,43.29,False
0d121b,Mexico,222.64,False
a3560b,United States,0.0,True
3ffbe3,Germany,39.29,False
885282,Thailand,268.3,False
ac47b7,United States,243.7,False
0d1236,Mexico,139.47,False
80174d,India,148.17,False
a4d97e,United States,191.41,False
3920c4,France,45.11,False
ac2412,United States,213.82,False
407b54,United Kingdom,219.68,False
407b55,United Kingdom,180.82,False
a64cac,United States,29.86,False
4cc278,Iceland,227.0,False
801768,India,239.84,False
e49f44,Brazil,186.67,False
801775,India,249.81,False
801776,India,127.14,False
e073cf,Argentina,208.82,False
a40cd9,United States,219.98,False
a2dffe,United States,120.67,False
a1f00e,United States,182.31,False
801738,India,204.33,False
a22358,United States,270.23,False
801736,India,230.95,False
801745,India,0.64,True
80173c,India,160.82,False
801748,India,131.59,False
801749,India,121.11,False
a85964,United States,143.35,False
a47645,United States,61.61,False
8852e4,Thailand,263.48,False
a9a1fb,United States,84.41,False
c035d4,Canada,217.66,False
500387,San Marino,33.44,False
47a039,Norway,238.85,False
ada70c,United States,52.93,False
a64cdb,United States,166.52,False
00c45d,South Africa,74.06,False
490688,Portugal,98.1,False
ad9dc2,United States,47.8,False
a9a1e3,United States,87.59,False
0d10e3,Mexico,207.88,False
a2107b,United States,231.51,False
3c4b30,Germany,0.77,True
407b8b,United Kingdom,223.11,False
407b8f,United Kingdom,224.14,False
ab046d,United States,99.17,False
3c4b29,Germany,237.13,False
ac245c,United States,196.34,False
3430cd,Spain,113.93,False
0d10f8,Mexico,235.45,False
a85902,United States,76.64,False
80179b,India,132.39,False
a9ea5d,United States,62.03,False
e49f6d,Brazil,57.62,False
3c4b2c,Germany,3.09,True
3c4b2a,Germany,261.68,False
800448,India,195.71,False
ad9dfd,United States,190.42,False
3c4b49,Germany,236.87,False
407b70,United Kingdom,218.34,False
a73957,United States,69.26,False
4cc279,Iceland,191.05,False
80177d,India,243.41,False
a2239b,United States,34.02,False
addaa4,United States,74.97,False
a008c5,United States,11.83,True
e0b0d1,Argentina,81.75,False
801799,India,242.28,False
e4a6a2,Brazil,225.89,False
3c4b4e,Germany,11.32,True
ac247a,United States,215.91,False
3c4b4c,Germany,210.98,False
ada5ee,United States,262.1,False
3443d4,Spain,149.98,False
3443d2,Spain,228.21,False
3443d3,Spain,230.56,False
a45091,United States,245.8,False
a3b8ad,United States,166.71,False
a84699,United States,189.21,False
0d10ac,Mexico,242.82,False
3c5db0,Germany,124.38,False
a14b1a,United States,252.24,False
506fd9,Slovenia,47.77,False
4aca06,Sweden,261.38,False
a8337c,United States,56.78,False
a15e22,United States,254.8,False
0ac3ca,Colombia,99.96,False
4aca07,Sweden,239.77,False
0d10bd,Mexico,224.61,False
a27e21,United States,0.0,True
4b51b0,Switzerland,27.31,False
e49dfd,Brazil,123.57,False
440389,Austria,216.95,False
4aca12,Sweden,227.06,False
4aca15,Sweden,229.06,False
4aca14,Sweden,224.81,False
394829,France,47.61,False
3d3731,Germany,4.5,True
505ca2,Slovakia,34.05,False
a8469e,United States,206.19,False
addb4a,United States,241.11,False
4aca0b,Sweden,204.66,False
4aca0a,Sweden,246.41,False
4bb4f4,Turkey,134.99,False
4bb4f2,Turkey,242.67,False
4aca64,Sweden,237.28,False
4aca68,Sweden,260.4,False
a8dcb2,United States,48.92,False
4aca67,Sweden,258.48,False
a4a031,United States,72.66,False
115361,Russian Federation,0.0,True
4bb4ea,Turkey,223.87,False
4bb4eb,Turkey,239.8,False
aa9479,United States,74.81,False
4aca76,Sweden,234.31,False
a222bf,United States,175.78,False
4aca79,Sweden,95.97,False
4bb4ee,Turkey,227.75,False
4bb4ef,Turkey,231.45,False
a7cfe6,United States,236.14,False
a89fda,United States,0.0,True
8016b7,India,151.42,False
4aca6c,Sweden,178.81,False
aa945d,United States,49.94,False
a475a3,United States,227.29,False
ab0416,United States,229.18,False
a15e70,United States,227.21,False
a90fcb,United States,164.07,False
440352,Austria,214.82,False
471fa1,Hungary,241.49,False
471fa2,Hungary,222.7,False
ab5dab,United States,225.68,False
471fa5,Hungary,231.19,False
a8efba,United States,54.94,False
4bb4e3,Turkey,231.41,False
471fad,Hungary,143.33,False
76b86d,Singapore,243.77,False
76b86e,Singapore,245.8,False
c07cf6,Canada,228.84,False
4aca53,Sweden,10.29,True
4aca4a,Sweden,94.14,False
aa943d,United States,45.93,False
8015c5,India,240.44,False
a3a5ec,United States,118.28,False
a595f1,United States,34.61,False
8015bd,India,41.19,False
a2ce7d,United States,235.29,False
a2ce7f,United States,81.33,False
8015bc,India,230.03,False
8015c9,India,186.51,False
8a0380,Indonesia,179.31,False
a8de10,United States,96.0,False
8015d1,India,111.26,False
c0360e,Canada,214.85,False
505e95,Slovakia,4.88,False
505e8e,Slovakia,211.49,False
a38b61,United States,218.1,False
0180b6,Libyan Arab Jamahiriya,227.27,False
8015d9,India,240.13,False
a3db5e,United States,162.1,False
8015a4,India,122.28,False
46da6c,Greece,245.3,False
8015a5,India,273.38,False
ab5e6c,United States,194.88,False
aa08dd,United States,84.88,False
a858f6,United States,188.31,False
a26b4a,United States,228.72,False
873378,Japan,269.38,False
8015ad,India,223.31,False
ac7e60,United States,79.04,False
ad68e9,United States,37.13,False
aaf5df,United States,231.91,False
343282,Spain,142.61,False
a4d8d7,United States,73.05,False
0ac3b9,Colombia,47.02,False
885307,Thailand,194.19,False
abae62,United States,232.01,False
0ac3b5,Colombia,43.99,False
885306,Thailand,231.48,False
a7009b,United States,35.5,False
885305,Thailand,230.05,False
0d115a,Mexico,224.41,False
a3db0c,United States,145.7,False
aa08c2,United States,29.46,False
0086f6,South Africa,230.99,False
c06a8d,Canada,208.09,False
781a89,China,201.2,False
ab5e9b,United States,226.66,False
0d116b,Mexico,239.69,False
8015e2,India,217.36,False
8015e7,India,238.55,False
8015e6,India,236.85,False
3cf106,Germany,217.53,False
34324e,Spain,2.31,True
ad42c7,United States,70.17,False
e0b14a,Argentina,199.08,False
a64e2a,United States,211.49,False
3c4acd,Germany,247.41,False
8015de,India,62.25,False
781a98,China,195.76,False
8015f3,India,82.83,False
8015f7,India,165.45,False
ad9e73,United States,229.68,False
88530f,Thailand,112.44,False
39348e,France,215.43,False
a38b84,United States,241.14,False
885313,Thailand,219.3,False
404601,United Kingdom,79.41,False
e48b65,Brazil,161.22,False
4bc856,Turkey,190.09,False
4bc854,Turkey,244.03,False
4bc855,Turkey,249.96,False
3cf19d,Germany,158.46,False
4521c4,Bulgaria,248.22,False
4bc853,Turkey,235.75,False
e4a5f5,Brazil,98.1,False
a27dc5,United States,43.32,False
4401e8,Austria,250.2,False
4bc84f,Turkey,238.22,False
4bc84c,Turkey,256.74,False
4bc84d,Turkey,248.78,False
4bc84a,Turkey,244.88,False
4bc84b,Turkey,212.16,False
4bc85a,Turkey,231.99,False
4401d1,Austria,196.7,False
4401d0,Austria,39.88,False
a14aaa,United States,100.14,False
c021e7,Canada,54.11,False
344557,Spain,245.96,False
0d1139,Mexico,203.81,False
70203e,Bangladesh,258.43,False
8745c2,Japan,144.11,False
0d112c,Mexico,213.58,False
a52da3,United States,0.06,True
70204a,Bangladesh,248.99,False
a52da7,United States,46.12,False
344545,Spain,153.9,False
ad4395,United States,234.82,False
4bc849,Turkey,250.56,False
ad4390,United States,122.28,False
4bc847,Turkey,61.86,False
4bc848,Turkey,222.55,False
4bc845,Turkey,76.2,False
4bc843,Turkey,216.73,False
4bc841,Turkey,121.94,False
4401dc,Austria,234.81,False
4bc842,Turkey,238.44,False
4bc850,Turkey,60.97,False
0d1151,Mexico,237.39,False
3ffaf8,Germany,34.06,False
aa92f8,United States,168.28,False
4401f7,Austria,218.21,False
397c1c,France,55.05,False
4bc88a,Turkey,207.05,False
4bc88b,Turkey,206.0,False
a582f9,United States,224.87,False
728633,Iraq,231.87,False
4bc899,Turkey,6.94,True
4787b3,Norway,213.58,False
c06a38,Canada,205.99,False
4401a8,Austria,236.15,False
a14ae0,United States,51.37,False
8518ae,Japan,125.14,False
a2376e,United States,54.32,False
4bc88f,Turkey,242.72,False
80171b,India,5.14,True
a9c8dd,United States,32.04,False
ab15a5,United States,232.71,False
ae503d,United States,256.99,False
3d249f,Germany,61.99,False
4787aa,Norway,137.0,False
3d118c,Germany,47.02,False
a21108,United States,44.19,False
4bc884,Turkey,254.48,False
4bc881,Turkey,224.61,False
0d1101,Mexico,79.67,False
a9c8b5,United States,169.03,False
344501,Spain,251.16,False
8518f2,Japan,101.84,False
4bc889,Turkey,127.73,False
4787a0,Norway,249.6,False
4bc885,Turkey,243.36,False
4bc886,Turkey,197.16,False
452087,Bulgaria,229.86,False
a6bfa6,United States,115.97,False
80186e,India,230.82,False
a3c975,United States,136.58,False
48d017,Poland,37.1,False
a30ffd,United States,206.93,False
a3797d,United States,66.04,False
801883,India,109.05,False
c058ae,Canada,10.8,True
80053f,India,222.46,False
a54fe6,United States,103.4,False
a8690a,United States,234.12,False
80187c,India,125.84,False
a2467a,United States,231.76,False
80187a,India,69.97,False
a23359,United States,43.54,False
a1135d,United States,5.92,True
4b5167,Switzerland,28.16,False
4068f5,United Kingdom,229.95,False
4068f6,United Kingdom,230.83,False
ab140a,United States,45.07,False
c0208a,Canada,238.64,False
c058cb,Canada,4.12,True
e072d0,Argentina,86.38,False
a49957,United States,146.64,False
801859,India,235.34,False
4068e9,United Kingdom,211.44,False
c045a3,Canada,33.83,False
801860,India,19.03,True
c07b05,Canada,0.06,True
801864,India,0.0,True
80184e,India,237.91,False
c058cd,Canada,137.51,False
ab2760,United States,230.38,False
44009e,Austria,227.6,False
4068cb,United Kingdom,225.2,False
a3fce7,United States,220.38,False
a4c31e,United States,41.24,False
a22003,United States,138.52,False
c058c3,Canada,243.2,False
4b5187,Switzerland,30.59,False
a6030e,United States,45.69,False
c058bf,Canada,222.98,False
c058bb,Canada,249.17,False
702087,Bangladesh,205.39,False
702086,Bangladesh,238.87,False
45202e,Bulgaria,216.1,False
adb723,United States,220.94,False
500296,San Marino,186.6,False
3c4a08,Germany,264.91,False
aa0701,United States,212.89,False
44004f,Austria,251.15,False
452037,Bulgaria,0.45,True
a9c4cb,United States,55.6,False
702097,Bangladesh,98.57,False
440047,Austria,234.43,False
3c4a23,Germany,265.95,False
3e67a0,Germany,21.21,False
3c4a22,Germany,266.33,False
440053,Austria,230.26,False
3453d3,Spain,160.99,False
a2dceb,United States,147.87,False
452023,Bulgaria,183.99,False
44006e,Austria,110.01,False
4042ba,United Kingdom,62.66,False
44006c,Austria,12.35,True
80188b,India,212.43,False
a11380,United States,244.46,False
3956fc,France,63.79,False
70209a,Bangladesh,227.31,False
e48b01,Brazil,203.04,False
a9d7f7,United States,60.23,False
8733de,Japan,277.9,False
440083,Austria,232.73,False
a3c94c,United States,209.17,False
ac7ad1,United States,44.43,False
440068,Austria,53.19,False
e80046,Chile,0.0,True
800584,India,249.91,False
440073,Austria,199.08,False
440072,Austria,128.73,False
70209b,Bangladesh,186.23,False
c0206a,Canada,128.32,False
a03b07,United States,33.32,False
a005b4,United States,6.17,True
440020,Austria,240.77,False
aa914f,United States,47.33,False
8a064c,Indonesia,241.85,False
8a064d,Indonesia,175.35,False
accb22,United States,144.35,False
440005,Austria,226.51,False
874846,Japan,157.04,False
a5d02e,United States,115.91,False
a018ea,United States,56.44,False
a8431a,United States,177.07,False
484faa,Kingdom of the Netherlands,70.37,False
a8697f,United States,0.0,True
adc8e7,United States,235.0,False
440039,Austria,72.32,False
440037,Austria,256.23,False
440036,Austria,219.72,False
ad52e1,United States,68.5,False
a5939c,United States,222.67,False
abab67,United States,3.09,True
adc8fc,United States,51.54,False
492908,Portugal,212.2,False
aa9136,United States,122.95,False
8a0636,Indonesia,73.58,False
440031,Austria,232.87,False
e49ce4,Brazil,213.02,False
a138b8,United States,249.46,False
a34058,United States,49.48,False
44001c,Austria,256.73,False
44001b,Austria,193.29,False
a96329,United States,49.94,False
a6f01c,United States,240.69,False
44001a,Austria,214.97,False
3ffa28,Germany,42.29,False
a4d65c,United States,257.22,False
500213,San Marino,252.54,False
3ffa0c,Germany,40.33,False
3ffa0e,Germany,30.26,False
8a060e,Indonesia,70.69,False
a245b7,United States,135.84,False
70a8ee,Nepal,119.44,False
8840ee,Thailand,224.02,False
70a8e7,Nepal,114.06,False
70a8f4,Nepal,94.35,False
a91fe0,United States,70.24,False
3c4a8c,Germany,259.03,False
a4c34c,United States,10.29,True
8017a1,India,159.67,False
344195,Spain,248.75,False
c03330,Canada,135.1,False
8017a0,India,239.31,False
a258be,United States,235.19,False
a15b05,United States,266.11,False
841bd1,Japan,173.24,False
8960d9,United Arab Emirates,245.99,False
a5d003,United States,264.74,False
500214,San Marino,229.75,False
8960e0,United Arab Emirates,243.78,False
a28e0a,United States,262.17,False
aa0759,United States,0.0,True
ab271f,United States,0.0,True
5001d3,San Marino,176.06,False
a40b1f,United States,85.97,False
a41e4e,United States,35.06,False
781b3e,China,238.71,False
89611c,United Arab Emirates,258.45,False
89611b,United Arab Emirates,246.76,False
5001d4,San Marino,192.64,False
344295,Spain,116.46,False
8016da,India,11.32,True
47c1c2,Norway,0.0,True
a6ae15,United States,54.18,False
a2cb32,United States,254.64,False
48e1a4,Poland,35.96,False
a245fb,United States,218.17,False
405636,United Kingdom,188.33,False
405638,United Kingdom,215.02,False
405631,United Kingdom,230.51,False
4891b4,Poland,232.29,False
8016c5,India,0.06,True
aa909a,United States,139.73,False
8016ae,India,246.31,False
a39b19,United States,10.29,True
4891ad,Poland,11.32,True
4891ac,Poland,241.96,False
4891ab,Poland,163.27,False
a4e8ef,United States,244.07,False
896112,United Arab Emirates,252.63,False
4891b9,Poland,221.09,False
8016c9,India,183.86,False
471d6a,Hungary,92.54,False
4891b6,Poland,235.73,False
8016c7,India,244.74,False
471d6f,Hungary,56.14,False
471d6e,Hungary,0.0,True
8016d2,India,239.65,False
345597,Spain,68.03,False
aa9093,United States,201.58,False
5001e5,San Marino,247.03,False
8016d4,India,224.53,False
a245dd,United States,249.72,False
5001dc,San Marino,233.46,False
abbe26,United States,51.57,False
ac8e1d,United States,201.04,False
8016cb,India,219.19,False
c1ea74,Canada,8.75,True
4891a6,Poland,96.61,False
406948,United Kingdom,3.34,True
406947,United Kingdom,258.41,False
a16e7d,United States,241.69,False
471d68,Hungary,220.76,False
8003f3,India,99.33,False
471d69,Hungary,177.91,False
3e693f,Germany,37.36,False
471d62,Hungary,246.16,False
471d63,Hungary,231.78,False
3d2304,Germany,32.01,False
471d60,Hungary,3.34,True
471d61,Hungary,199.1,False
471d67,Hungary,214.85,False
471d65,Hungary,148.93,False
3d4973,Germany,119.51,False
ab12b0,United States,223.27,False
a232fb,United States,54.06,False
ac45ac,United States,237.52,False
ab5b2b,United States,235.44,False
ac45d5,United States,259.19,False
e4a613,Brazil,94.58,False
471d71,Hungary,0.0,True
471d72,Hungary,0.06,True
a12709,United States,182.95,False
471d5b,Hungary,228.33,False
abab10,United States,57.05,False
781b9e,China,240.51,False
471d5e,Hungary,73.27,False
471d5c,Hungary,160.42,False
393124,France,59.16,False
847183,Japan,256.46,False
a9767b,United States,65.63,False
3d1007,Germany,94.21,False
c07a7c,Canada,165.08,False
a1ab60,United States,26.68,False
4784c2,Norway,248.39,False
a95037,United States,230.51,False
a8304f,United States,239.34,False
40431c,United Kingdom,25.77,False
3ffa97,Germany,32.23,False
345543,Spain,11.83,True
344213,Spain,168.06,False
ab6e8b,United States,33.54,False
a12731,United States,207.25,False
a12732,United States,226.59,False
a77e97,United States,209.4,False
a12733,United States,219.35,False
a04daf,United States,43.26,False
a9c5c5,United States,240.45,False
841c60,Japan,193.96,False
801800,India,232.74,False
c044f2,Canada,41.49,False
a77e8f,United States,201.64,False
c044f3,Canada,44.3,False
aa3b85,United States,230.66,False
8a05e7,Indonesia,169.35,False
ada302,United States,5.92,True
a842ac,United States,223.45,False
a16db9,United States,232.18,False
ad5329,United States,236.56,False
801805,India,242.18,False
a04dd5,United States,58.2,False
ac468d,United States,0.0,True
a988f0,United States,175.39,False
a64b8f,United States,53.38,False
89617b,United Arab Emirates,263.02,False
ada336,United States,226.01,False
896190,United Arab Emirates,244.03,False
4a3121,Romania,203.0,False
4a3123,Romania,213.38,False
3c15be,Germany,233.38,False
c031ba,Canada,218.95,False
a8a5bf,United States,45.1,False
ddef31,,27.16,False
a7ce87,United States,36.06,False
adb656,United States,233.69,False
3c4b23,Germany,2.06,True
a90e5d,United States,69.45,False
aa4e80,United States,186.12,False
a8b8ba,United States,236.7,False
a24757,United States,245.78,False
801834,India,236.36,False
801835,India,233.43,False
ae6026,United States,66.7,False
a24753,United States,169.52,False
896176,United Arab Emirates,212.42,False
896174,United Arab Emirates,253.32,False
781b13,China,253.01,False
896179,United Arab Emirates,247.47,False
a04dfa,United States,2.06,True
a0f428,United States,233.46,False
a4870d,United States,226.42,False
ac205f,United States,0.0,True
80183b,India,219.91,False
a9d8c6,United States,29.61,False
89616a,United Arab Emirates,247.8,False
adb65b,United States,207.39,False
896187,United Arab Emirates,236.02,False
896184,United Arab Emirates,231.3,False
896188,United Arab Emirates,256.61,False
ad5398,United States,238.46,False
e49d96,Brazil,46.44,False
801819,India,178.43,False
801816,India,227.84,False
841c48,Japan,253.18,False
80180b,India,221.96,False
a722b1,United States,234.48,False
505d58,Slovakia,224.7,False
a1141f,United States,53.13,False
a988c3,United States,0.0,True
a8b8b9,United States,210.75,False
406909,United Kingdom,63.99,False
781b47,China,234.76,False
896169,United Arab Emirates,231.62,False
39dd2f,France,44.2,False
a48764,United States,82.39,False
ab284d,United States,236.82,False
452199,Bulgaria,233.78,False
452198,Bulgaria,222.36,False
a1aac8,United States,64.28,False
39dd49,France,241.25,False
a34119,United States,133.42,False
a39ab4,United States,186.36,False
a4740a,United States,71.27,False
39dd45,France,231.44,False
a12796,United States,219.72,False
a12797,United States,208.56,False
50013f,San Marino,262.08,False
8961b4,United Arab Emirates,269.58,False
a65dd6,United States,54.29,False
a35435,United States,44.92,False
a2342a,United States,49.44,False
a28de3,United States,240.88,False
ac8ee5,United States,225.65,False
a41db3,United States,35.44,False
3d8f7e,Germany,80.42,False
aaf53a,United States,239.04,False
a8570a,United States,33.25,False
ab6efc,United States,8.23,True
a47477,United States,79.65,False
440179,Austria,0.9,True
ababb7,United States,251.46,False
452153,Bulgaria,225.54,False
a9b2e0,United States,109.79,False
8a03e2,Indonesia,223.78,False
a019d4,United States,55.46,False
440169,Austria,56.4,False
45213e,Bulgaria,230.99,False
440165,Austria,42.18,False
47878c,Norway,214.67,False
440175,Austria,248.5,False
440172,Austria,213.17,False
47878d,Norway,236.17,False
440170,Austria,67.41,False
a39af5,United States,181.66,False
478772,Norway,258.08,False
ad6884,United States,218.06,False
70a9b1,Nepal,105.03,False
440198,Austria,229.23,False
aae23a,United States,106.49,False
45216e,Bulgaria,224.04,False
47875a,Norway,201.64,False
452179,Bulgaria,227.33,False
39dd53,France,5.92,True
ac8efa,United States,222.32,False
ab1596,United States,40.65,False
44017c,Austria,204.07,False
452172,Bulgaria,217.65,False
e49d21,Brazil,255.63,False
a3411f,United States,137.63,False
440189,Austria,216.96,False
440195,Austria,240.87,False
a3fdbc,United States,0.0,True
440191,Austria,1.29,False
a36799,United States,225.07,False
452166,Bulgaria,87.32,False
471dbf,Hungary,59.22,False
452121,Bulgaria,235.84,False
4bd8d0,Turkey,259.81,False
471dbd,Hungary,121.19,False
45caa8,Denmark,205.43,False
471dbe,Hungary,227.38,False
45caa2,Denmark,133.2,False
300a85,Italy,248.61,False
471dbb,Hungary,217.33,False
471dbc,Hungary,216.24,False
440132,Austria,215.16,False
471dba,Hungary,223.35,False
440141,Austria,7.2,True
a76af9,United States,0.0,False
0d12dd,Mexico,0.51,True
452119,Bulgaria,250.23,False
471dc0,Hungary,227.96,False
4b0e43,Switzerland,43.71,False
44012f,Austria,256.86,False
300a7b,Italy,158.54,False
4b0e44,Switzerland,48.2,False
471dc1,Hungary,0.0,True
4bd8d2,Turkey,236.39,False
a5e492,United States,94.51,False
45cab6,Denmark,110.13,False
4bd8cf,Turkey,242.43,False
4bd8ce,Turkey,248.25,False
4bd8cd,Turkey,234.28,False
4bd8cc,Turkey,242.89,False
a126c4,United States,0.0,True
a126c5,United States,160.66,False
a126c6,United States,76.45,False
300a8c,Italy,65.72,False
8a051c,Indonesia,189.12,False
452142,Bulgaria,225.22,False
ac20e7,United States,232.02,False
c03493,Canada,234.53,False
3d481d,Germany,53.48,False
440159,Austria,225.36,False
e49baf,Brazil,272.36,False
452138,Bulgaria,242.58,False
45211e,Bulgaria,239.75,False
45211b,Bulgaria,236.42,False
471db6,Hungary,148.91,False
682211,Mongolia,221.11,False
471db7,Hungary,221.01,False
471db4,Hungary,236.87,False
a3ff26,United States,241.43,False
471db8,Hungary,147.25,False
471db9,Hungary,214.43,False
4bd8c9,Turkey,224.29,False
4bd8c8,Turkey,239.49,False
ad9c6c,United States,81.6,False
4bd8c6,Turkey,237.19,False
4bd8c5,Turkey,249.57,False
452124,Bulgaria,239.73,False
471db3,Hungary,227.62,False
a2cafb,United States,53.47,False
4bd8c1,Turkey,151.85,False
4bb2b2,Turkey,252.17,False
4bb2b0,Turkey,0.0,True
a126ed,United States,235.89,False
c07aa4,Canada,198.28,False
4069dc,United Kingdom,48.57,False
8a0509,Indonesia,183.21,False
a85756,United States,66.6,False
4bb2aa,Turkey,256.71,False
a3b79c,United States,0.0,True
84d622,Japan,125.14,False
a96412,United States,287.15,False
7020a5,Bangladesh,119.42,False
300a3a,Italy,241.82,False
781aa6,China,267.25,False
a1bf3a,United States,188.05,False
4bb2af,Turkey,248.38,False
7020ab,Bangladesh,214.19,False
7020ac,Bangladesh,95.94,False
030076,Botswana,82.75,False
781aa8,China,259.05,False
7020b2,Bangladesh,133.3,False
ac4801,United States,241.68,False
0d12ac,Mexico,210.26,False
a8a748,United States,226.7,False
a113cf,United States,51.95,False
7020b8,Bangladesh,0.0,False
440117,Austria,202.01,False
a9770a,United States,56.79,False
a379d3,United States,219.14,False
7020c2,Bangladesh,247.18,False
8961eb,United Arab Emirates,136.33,False
8018c7,India,242.71,False
a379cd,United States,227.54,False
8018c9,India,234.16,False
4bb2a2,Turkey,226.59,False
ab6eb9,United States,237.42,False
e4a559,Brazil,53.79,False
781ac4,China,231.71,False
e49bfe,Brazil,156.74,False
a83108,United States,7.72,True
e4a54d,Brazil,232.78,False
a126e6,United States,135.31,False
e4a54f,Brazil,261.2,False
a126e7,United States,188.41,False
4bb2a9,Turkey,265.23,False
a6adda,United States,33.6,False
a8574c,United States,50.0,False
4bb2a3,Turkey,243.37,False
a499a0,United States,127.07,False
ad79ac,United States,45.32,False
8004d5,India,198.32,False
a41f6c,United States,229.38,False
a090f4,United States,41.18,False
ab5c17,United States,3.6,True
a1ac79,United States,43.52,False
8017ff,India,177.18,False
a53f5b,United States,217.26,False
a233e7,United States,156.78,False
4bb1e2,Turkey,82.31,False
506f88,Slovenia,32.56,False
506f87,Slovenia,23.15,False
781c6d,China,230.2,False
4bb1e1,Turkey,167.62,False
8004e0,India,196.22,False
a486ce,United States,34.82,False
8004df,India,252.77,False
89621a,United Arab Emirates,213.82,False
a39c41,United States,53.86,False
781c93,China,162.72,False
c0473b,Canada,4.37,True
adc9b6,United States,233.26,False
a3ec5b,United States,34.48,False
a736cc,United States,52.5,False
4bb1c4,Turkey,254.51,False
8017f3,India,160.89,False
a736c1,United States,0.0,True
a15c80,United States,214.43,False
4892c4,Poland,227.15,False
4892c2,Poland,243.05,False
8004af,India,188.62,False
a28f80,United States,232.22,False
34569a,Spain,149.71,False
4892c9,Poland,230.01,False
781c9e,China,241.32,False
4892c7,Poland,228.41,False
343046,Spain,215.43,False
a76c0f,United States,55.32,False
a486b3,United States,190.37,False
c07b8c,Canada,230.68,False
34568d,Spain,235.58,False
896213,United Arab Emirates,251.02,False
acdf3b,United States,33.0,False
345698,Spain,10.8,True
345699,Spain,204.02,False
ac33c4,United States,239.68,False
89620a,United Arab Emirates,138.43,False
345691,Spain,196.14,False
345692,Spain,216.08,False
a40c6c,United States,60.82,False
8a0579,Indonesia,264.65,False
884205,Thailand,221.82,False
aa9181,United States,33.88,False
a2cc6b,United States,44.42,False
471e60,Hungary,127.49,False
a1ac91,United States,173.21,False
e08594,Argentina,195.13,False
4785be,Norway,148.54,False
a629df,United States,74.32,False
471e5e,Hungary,237.25,False
ac33e2,United States,235.98,False
abbdfa,United States,227.54,False
a1bea8,United States,236.3,False
739572,Israel,221.71,False
a36825,United States,217.18,False
a16ec2,United States,237.63,False
acddf8,United States,9.26,True
a04edb,United States,5.14,True
4b0ca8,Switzerland,56.2,False
0d135d,Mexico,252.9,False
73956b,Israel,238.63,False
50018b,San Marino,85.46,False
4785c0,Norway,155.58,False
4785c2,Norway,127.68,False
ac3477,United States,216.67,False
8a04ab,Indonesia,234.27,False
4785c1,Norway,147.5,False
aaf47d,United States,220.81,False
4785af,Norway,26.8,False
a0920f,United States,42.57,False
e49c4e,Brazil,43.44,False
a8ef4d,United States,61.48,False
aa3c88,United States,41.57,False
abaaf7,United States,89.05,False
ac2154,United States,234.58,False
1153a3,Russian Federation,0.1,False
ad5480,United States,3.09,True
8a04a7,Indonesia,89.85,False
ac2173,United States,175.56,False
801904,India,62.14,False
e200d7,Argentina,36.61,False
a8dc45,United States,59.52,False
a4c3e4,United States,0.0,True
a5f6ef,United States,54.94,False
34560d,Spain,98.94,False
a580b6,United States,58.51,False
4bb323,Turkey,233.99,False
aae180,United States,90.06,False
3e557d,Germany,167.87,False
aa90a0,United States,251.75,False
345613,Spain,145.96,False
345612,Spain,189.05,False
ad4171,United States,93.18,False
a0f566,United States,225.57,False
39dd03,France,228.96,False
39dd02,France,3.6,True
39dd05,France,235.57,False
506f3a,Slovenia,46.52,False
a2deb2,United States,43.29,False
39dd01,France,244.29,False
39dd00,France,227.32,False
a7cf78,United States,176.16,False
a976a5,United States,249.58,False
a89f80,United States,216.05,False
488068,Poland,34.16,False
781c53,China,153.74,False
3824bd,France,64.6,False
ada492,United States,45.33,False
a76c54,United States,35.51,False
a9d9c1,United States,41.27,False
4bb321,Turkey,223.62,False
ab6f32,United States,50.99,False
852a24,Japan,187.18,False
781bf7,China,246.57,False
aac10d,United States,181.75,False
ad474c,United States,243.24,False
a02e0a,United States,236.87,False
4079f6,United Kingdom,247.11,False
a63cdb,United States,56.65,False
4079f7,United Kingdom,242.4,False
a6f643,United States,115.24,False
4066b9,United Kingdom,239.2,False
a1e04e,United States,45.25,False
3451d8,Spain,205.11,False
3451d9,Spain,115.5,False
4bb266,Turkey,214.96,False
3451d4,Spain,144.46,False
4bb265,Turkey,244.05,False
4bb262,Turkey,149.46,False
a70330,United States,43.52,False
4bb21a,Turkey,0.0,True
acaaad,United States,229.46,False
4079cc,United Kingdom,260.14,False
a6802d,United States,86.58,False
02010e,Morocco,127.23,False
4079d9,United Kingdom,46.01,False
500028,San Marino,76.94,False
4079d0,United Kingdom,3.09,True
4079d1,United Kingdom,226.3,False
a9da9e,United States,17.29,False
020113,Morocco,69.47,False
020112,Morocco,74.85,False
3847ff,France,2.31,True
a81005,United States,263.13,False
a87cbe,United States,234.16,False
020104,Morocco,229.1,False
a1f375,United States,39.08,False
a26e27,United States,221.51,False
a105b0,United States,158.95,False
4066fa,United Kingdom,220.77,False
aa1aa8,United States,48.43,False
4bb295,Turkey,248.01,False
a5d627,United States,52.02,False
4bb296,Turkey,226.99,False
738288,Israel,244.34,False
4bb293,Turkey,220.38,False
4bb294,Turkey,210.51,False
46b434,Greece,205.68,False
a5d623,United States,240.76,False
4bb292,Turkey,251.15,False
c038ca,Canada,286.74,False
4bb28e,Turkey,227.51,False
a9da9a,United States,61.79,False
ad479d,United States,197.52,False
abf486,United States,102.9,False
ab19a7,United States,241.64,False
ac5afd,United States,230.91,False
a76fc5,United States,82.64,False
a118c9,United States,74.94,False
44cdcf,Belgium,209.69,False
44cdcb,Belgium,246.87,False
c06e49,Canada,55.46,False
4bb276,Turkey,225.1,False
a238a6,United States,223.88,False
4bb274,Turkey,208.46,False
4bb270,Turkey,192.92,False
4bb26e,Turkey,221.85,False
3e78aa,Germany,28.71,False
a4b66b,United States,43.42,False
4bb26c,Turkey,208.27,False
aa971e,United States,48.44,False
4066ce,United Kingdom,4.12,True
3c5b31,Germany,134.32,False
4bb279,Turkey,64.83,False
3c5b32,Germany,188.92,False
c06e45,Canada,207.76,False
4bb287,Turkey,1.29,True
4bb282,Turkey,230.51,False
4bb281,Turkey,257.54,False
a14e29,United States,46.44,False
a01b5c,United States,238.43,False
896408,United Arab Emirates,260.38,False
896406,United Arab Emirates,262.62,False
a02e8b,United States,46.72,False
44cdc5,Belgium,223.31,False
44cdc2,Belgium,210.03,False
020175,Morocco,160.22,False
a37b0c,United States,241.77,False
44cdd1,Belgium,228.44,False
ac2700,United States,61.99,False
e90031,Uruguay,64.07,False
a238dc,United States,113.28,False
a095f0,United States,203.21,False
a01b56,United States,238.66,False
4b0d40,Switzerland,99.26,False
a105e8,United States,168.12,False
c038a3,Canada,238.38,False
a0e5d7,United States,3.34,True
40677c,United Kingdom,243.47,False
a4c8de,United States,134.9,False
02012c,Morocco,246.6,False
02012b,Morocco,224.21,False
e8063e,Chile,253.26,False
020139,Morocco,250.09,False
3d32f0,Germany,62.86,False
4bb1a2,Turkey,261.43,False
020124,Morocco,215.06,False
4bb1a6,Turkey,262.33,False
a3a8b5,United States,56.55,False
a25b59,United States,57.26,False
506cae,Slovenia,197.24,False
a8dff1,United States,4.89,True
34659a,Spain,247.38,False
a3a8c0,United States,206.61,False
a93007,United States,157.56,False
a25b66,United States,231.39,False
a37b1c,United States,167.71,False
a9ecad,United States,54.04,False
a082fd,United States,0.0,True
a81045,United States,227.93,False
84c43e,Japan,89.65,False
a3a8ba,United States,234.17,False
02013d,Morocco,269.07,False
a7037f,United States,151.25,False
a1f2b1,United States,233.62,False
506cb1,Slovenia,144.13,False
ad4744,United States,76.14,False
3dde80,Germany,42.66,False
020142,Morocco,138.22,False
345385,Spain,177.39,False
8005f4,India,238.85,False
345388,Spain,7.72,True
780a4e,China,6.17,True
e80609,Chile,65.8,False
e48ffb,Brazil,259.81,False
e48ffa,Brazil,77.93,False
8005f0,India,244.99,False
a968f8,United States,199.26,False
8005eb,India,251.93,False
896372,United Arab Emirates,229.14,False
896371,United Arab Emirates,72.93,False
780a66,China,7.2,True
896378,United Arab Emirates,75.09,False
a822a8,United States,36.64,False
344043,Spain,0.0,False
31e067,Italy,52.38,False
e80619,Chile,6.69,True
e80618,Chile,231.68,False
a9db07,United States,51.03,False
780a5c,China,258.71,False
781d8d,China,101.87,False
e8060d,Chile,220.92,False
aae5f7,United States,216.07,False
895058,Brunei Darussalam,148.91,False
896388,United Arab Emirates,241.57,False
ad7b17,United States,121.15,False
aa2e6f,United States,212.49,False
34535a,Spain,218.76,False
781d9c,China,270.41,False
e80628,Chile,155.77,False
ac5b43,United States,231.7,False
e80622,Chile,231.9,False
8005d5,India,221.11,False
346690,Spain,138.52,False
ac12d6,United States,222.7,False
346692,Spain,227.48,False
a09702,United States,235.11,False
a2ab6c,United States,207.81,False
e8061f,Chile,244.21,False
3d3462,Germany,3.86,True
e8061b,Chile,234.43,False
e80630,Chile,247.26,False
4c80a6,Cyprus,222.71,False
896353,United Arab Emirates,264.38,False
780a7a,China,160.64,False
e80632,Chile,209.9,False
346689,Spain,230.16,False
89634a,United Arab Emirates,199.1,False
a38e8e,United States,50.55,False
aa1b39,United States,6.43,True
a37b5a,United States,3.34,True
e8062f,Chile,223.0,False
780a96,China,281.0,False
780a93,China,0.0,True
3d8df8,Germany,88.35,False
e8062b,Chile,223.21,False
e8062c,Chile,223.85,False
0ac158,Colombia,118.73,False
4c80b8,Cyprus,3.34,True
a2ab4d,United States,56.59,False
780a98,China,235.09,False
739602,Israel,129.57,False
739600,Israel,135.42,False
739605,Israel,141.97,False
739603,Israel,128.41,False
4bb0f9,Turkey,260.82,False
acab59,United States,46.27,False
405455,United Kingdom,248.99,False
44ce79,Belgium,125.22,False
405457,United Kingdom,252.6,False
44ce78,Belgium,200.27,False
4bb0f5,Turkey,240.87,False
44ce77,Belgium,64.92,False
44ce76,Belgium,228.81,False
780a8f,China,182.54,False
4bb0f3,Turkey,232.01,False
adde5b,United States,86.78,False
896327,United Arab Emirates,213.89,False
896326,United Arab Emirates,252.19,False
a99e09,United States,0.0,True
44ce6a,Belgium,227.59,False
a3cb42,United States,50.51,False
a7f08e,United States,235.16,False
a34729,United States,6.69,True
c07fbb,Canada,102.47,False
4bb0ec,Turkey,71.0,False
4bb0ed,Turkey,269.51,False
4bb0eb,Turkey,259.53,False
780a9e,China,208.68,False
320053,Italy,49.52,False
a0e751,United States,231.31,False
c07fb1,Canada,215.55,False
44ce86,Belgium,63.16,False
02019c,Morocco,238.14,False
a4fe4c,United States,53.92,False
02019a,Morocco,238.2,False
a5d5ae,United States,225.37,False
0096c6,South Africa,232.34,False
a968bb,United States,1.8,True
c07fb8,Canada,197.75,False
404104,United Kingdom,46.28,False
731a76,Islamic Republic of Iran,118.85,False
34530d,Spain,221.23,False
896306,United Arab Emirates,228.23,False
88434b,Thailand,137.38,False
abf2ea,United States,15.95,True
841e00,Japan,247.8,False
346648,Spain,242.0,False
44ce62,Belgium,33.44,True
44ce61,Belgium,48.44,False
a848e9,United States,46.13,False
345314,Spain,207.69,False
4bb0e8,Turkey,244.81,False
406753,United Kingdom,225.87,False
89630a,United Arab Emirates,250.06,False
406755,United Kingdom,221.3,False
4bb0e3,Turkey,217.92,False
44ce66,Belgium,146.32,False
4bb0e1,Turkey,254.65,False
4bb0e2,Turkey,220.55,False
a2270f,United States,231.48,False
44ce72,Belgium,0.0,True
e80600,Chile,189.77,False
ad32ed,United States,134.88,False
a37aa3,United States,67.21,False
0200fb,Morocco,246.42,False
39a580,France,175.08,False
a26df9,United States,219.35,False
0200ed,Morocco,2.31,True
6832b3,Kazakhstan,80.84,False
a3ddc6,United States,55.31,False
34660d,Spain,219.39,False
0200f8,Morocco,247.29,False
34660e,Spain,220.07,False
ac0094,United States,231.15,False
a4671f,United States,3.34,True
a5d713,United States,239.14,False
346614,Spain,223.35,False
a4b737,United States,47.02,False
346613,Spain,214.47,False
346612,Spain,159.94,False
4ab821,Sweden,253.57,False
4ab822,Sweden,242.36,False
4ab823,Sweden,226.35,False
a98b76,United States,240.88,False
4ab825,Sweden,240.62,False
a9ee84,United States,4.63,True
a75da2,United States,149.65,False
a19103,United States,70.21,False
a75da8,United States,239.02,False
a63dc7,United States,225.54,False
a1f411,United States,86.89,False
780a18,China,266.75,False
89639f,United Arab Emirates,240.27,False
780a0d,China,233.83,False
780a0e,China,178.98,False
89639c,United Arab Emirates,0.13,True
505b03,Slovakia,59.78,False
a2bdff,United States,199.52,False
4bb208,Turkey,156.24,False
4bb209,Turkey,69.97,False
4bb206,Turkey,217.64,False
4bb207,Turkey,221.44,False
4bb204,Turkey,107.16,False
4bb205,Turkey,249.92,False
ac6e0b,United States,71.61,False
4bb212,Turkey,0.0,True
a1f480,United States,45.4,False
4bb210,Turkey,236.02,False
0200af,Morocco,247.49,False
780a28,China,276.53,False
780a1c,China,232.71,False
4bb219,Turkey,139.96,False
0ac138,Colombia,0.0,True
ac25b7,United States,42.42,False
4bb215,Turkey,238.43,False
a6f5fc,United States,241.64,False
4bb214,Turkey,227.3,False
0ac136,Colombia,116.81,False
aaf8f1,United States,67.91,False
781d68,China,228.78,False
780a38,China,256.63,False
780a35,China,270.23,False
47c01e,Norway,54.28,False
4bb20f,Turkey,253.16,False
a2147c,United States,1.29,True
89637c,United Arab Emirates,241.01,False
a9db14,United States,52.08,False
ac25c4,United States,237.99,False
a20132,United States,54.91,False
780a46,China,74.68,False
896398,United Arab Emirates,238.58,False
a0e78e,United States,55.65,False
0200ca,Morocco,87.43,False
e48fb6,Brazil,166.86,False
89505c,Brunei Darussalam,7.72,True
e48fb5,Brazil,183.99,False
780a3d,China,248.5,False
ab4e5e,United States,82.67,False
780a3a,China,260.67,False
800736,India,261.56,False
c06d8d,Canada,51.84,False
800734,India,245.56,False
a1914d,United States,52.89,False
780a59,China,6.94,True
4bb201,Turkey,111.28,False
800740,India,237.43,False
780a58,China,0.0,True
8a07b7,Indonesia,122.83,False
ac5b20,United States,39.1,True
a86ab5,United States,237.97,False
a99dba,United States,63.28,False
8830eb,Thailand,74.35,False
47857c,Norway,53.11,False
841ebc,Japan,7.2,True
8830f0,Thailand,154.35,False
ad4891,United States,45.84,False
a4414a,United States,236.66,False
ad221f,United States,83.3,False
48922b,Poland,194.92,False
aa1bef,United States,49.56,False
ac5bf6,United States,238.69,False
ab924d,United States,3.09,True
c013d0,Canada,203.23,False
4bb146,Turkey,248.35,False
4bb144,Turkey,292.06,False
a5615b,United States,37.94,False
a02f50,United States,69.78,False
8963f3,United Arab Emirates,0.0,True
489228,Poland,237.98,False
4bb109,Turkey,257.67,False
489227,Poland,240.76,False
489226,Poland,233.76,False
4bb103,Turkey,271.53,False
489229,Poland,220.13,False
4bb104,Turkey,241.73,False
8963eb,United Arab Emirates,255.83,False
ad7bdf,United States,219.9,False
8963ec,United Arab Emirates,247.02,False
ab9276,United States,6.69,True
a3a9a3,United States,148.4,False
a7045b,United States,198.81,False
c05c5b,Canada,65.5,False
c013da,Canada,192.9,False
aa1be0,United States,238.1,False
a83787,United States,227.29,False
4aa46c,Sweden,50.55,False
abf580,United States,54.02,False
a37aee,United States,47.69,False
489224,Poland,219.05,False
a69495,United States,239.94,False
489223,Poland,241.13,False
a3a9b6,United States,145.42,False
8963d4,United Arab Emirates,160.77,False
a0e6c4,United States,208.67,False
3452c9,Spain,222.6,False
aa8553,United States,75.11,False
484ee7,Kingdom of the Netherlands,19.72,False
484ee4,Kingdom of the Netherlands,223.47,False
484ee5,Kingdom of the Netherlands,224.54,False
3452c8,Spain,78.42,False
8963d8,United Arab Emirates,250.6,False
a239e5,United States,58.13,False
8963e5,United Arab Emirates,228.74,False
a4418d,United States,10.29,True
8963e3,United Arab Emirates,259.93,False
8963cf,United Arab Emirates,234.31,False
a5876c,United States,35.33,False
781e02,China,256.08,False
4bb187,Turkey,231.61,False
4bb186,Turkey,251.57,False
4bb181,Turkey,243.79,False
8963e9,United Arab Emirates,243.41,False
a359bc,United States,0.0,True
a4fddb,United States,227.01,False
8963b2,United Arab Emirates,121.8,False
3465d9,Spain,216.35,False
3465d8,Spain,255.69,False
3465d4,Spain,232.52,False
4bb147,Turkey,241.01,False
a2bf05,United States,55.22,False
4bb148,Turkey,253.63,False
3955f3,France,50.16,False
aa2ed8,United States,1.03,True
4bb155,Turkey,208.06,False
aa1ba0,United States,216.23,False
4bb153,Turkey,242.48,False
8963aa,United Arab Emirates,215.83,False
478528,Norway,19.56,False
e06611,Argentina,117.85,False
4bb14e,Turkey,265.43,False
ad2291,United States,70.13,False
4bb14b,Turkey,246.7,False
a01c37,United States,222.44,False
3465c9,Spain,232.41,False
467894,Finland,125.85,False
4067f2,United Kingdom,231.09,False
781e22,China,210.0,False
781e21,China,211.22,False
4067f5,United Kingdom,74.27,False
8963ba,United Arab Emirates,236.15,False
4067f7,United Kingdom,185.44,False
4067f0,United Kingdom,242.52,False
a50c15,United States,229.88,False
ab4ea8,United States,223.74,False
4ac9e2,Sweden,251.74,False
4ac9e3,Sweden,235.01,False
4ac9e7,Sweden,4.89,True
896530,United Arab Emirates,4.12,False
a333ae,United States,245.85,False
020058,Morocco,221.13,False
ac2813,United States,241.45,False
020057,Morocco,234.61,False
ab4eb5,United States,74.99,False
3d31f8,Germany,0.0,False
896536,United Arab Emirates,257.75,False
4ac9f0,Sweden,196.88,False
4ac9f2,Sweden,213.14,False
4ac9f3,Sweden,220.27,False
4ac9f4,Sweden,4.12,True
4ac9f5,Sweden,249.84,False
683320,Kazakhstan,0.0,True
a0c0b4,United States,53.1,False
a1f3b5,United States,109.25,False
a213d6,United States,32.41,True
89652d,United Arab Emirates,239.22,False
478514,Norway,158.95,False
a51f4a,United States,97.56,False
4ac9ea,Sweden,235.75,False
478513,Norway,137.77,False
4b1f4d,Switzerland,90.02,False
4b0c1d,Switzerland,59.7,False
02006f,Morocco,238.1,False
4ac9c4,Sweden,218.84,False
4ac9c5,Sweden,223.87,False
4bb192,Turkey,270.08,False
47c0fd,Norway,173.39,False
020072,Morocco,240.82,False
4bb18e,Turkey,253.4,False
4bb18b,Turkey,237.3,False
896513,United Arab Emirates,4.37,True
896517,United Arab Emirates,228.34,False
896515,United Arab Emirates,197.94,False
02005b,Morocco,211.04,False
89650a,United Arab Emirates,239.85,False
020066,Morocco,240.77,False
344099,Spain,230.31,False
4067a4,United Kingdom,224.05,False
a320c9,United States,173.53,False
a466fc,United States,231.08,False
a3a9af,United States,242.68,False
a9daac,United States,35.63,False
a9dab9,United States,50.93,False
781ce0,China,127.71,False
e064cb,Argentina,131.91,False
781ce6,China,262.32,False
ab4eeb,United States,230.27,False
4b1f5e,Switzerland,83.87,False
781cde,China,225.27,False
47c0d9,Norway,86.59,False
4ac9eb,Sweden,161.93,False
4ac9ec,Sweden,61.55,False
4ac9ed,Sweden,217.65,False
a320a6,United States,0.06,True
4890d0,Poland,44.41,False
a98ac7,United States,41.47,False
a9edc6,United States,55.77,False
a99df4,United States,0.06,True
34538d,Spain,203.38,False
4ac9fa,Sweden,222.58,False
345398,Spain,220.6,False
ac287c,United States,229.12,False
a81166,United States,223.39,False
a82498,United States,86.95,False
4bd6ab,Turkey,41.38,False
4bd6ba,Turkey,45.12,False
a5b18a,United States,150.01,False
a37c51,United States,45.33,False
a190cf,United States,159.48,False
e0658d,Argentina,144.2,False
acbf63,United States,1.29,True
89647f,United Arab Emirates,254.32,False
89647e,United Arab Emirates,256.88,False
a08512,United States,233.44,False
c05ac1,Canada,43.57,False
ab3c72,United States,51.44,False
896497,United Arab Emirates,253.04,False
3e0fe2,Germany,60.68,False
3e0fe1,Germany,58.36,False
4d02bc,Luxembourg,139.31,False
a74c56,United States,4.37,True
780b7f,China,236.4,False
a6f6dd,United States,94.7,False
a09852,United States,194.31,False
4d02c6,Luxembourg,195.95,False
a560f4,United States,123.99,False
344158,Spain,214.08,False
6831e7,Kazakhstan,267.21,False
344156,Spain,0.0,True
484f80,Kingdom of the Netherlands,72.68,False
acac54,United States,78.46,False
ac13f9,United States,240.17,False
896468,United Arab Emirates,237.16,False
484f6d,Kingdom of the Netherlands,249.43,False
a10809,United States,32.54,False
896477,United Arab Emirates,249.85,False
505a3f,Slovakia,60.53,False
896474,United Arab Emirates,213.93,False
a680d8,United States,58.64,False
484f89,Kingdom of the Netherlands,49.4,False
89646a,United Arab Emirates,149.72,False
3e7975,Germany,43.46,False
38365d,France,26.83,False
3e0fde,Germany,63.7,False
896481,United Arab Emirates,227.54,False
896488,United Arab Emirates,260.34,False
896486,United Arab Emirates,0.0,True
c06db5,Canada,176.43,False
aa1c48,United States,44.62,False
a01bbc,United States,225.51,False
a1f512,United States,71.23,False
a4ec3a,United States,174.36,False
39567c,France,62.97,False
896450,United Arab Emirates,70.17,False
40688b,United Kingdom,286.51,False
40688e,United Kingdom,228.69,False
c06dac,Canada,184.98,False
02008b,Morocco,242.92,False
a07228,United States,235.11,False
896453,United Arab Emirates,231.2,False
89643f,United Arab Emirates,242.86,False
89643d,United Arab Emirates,244.76,False
40688a,United Kingdom,128.23,False
a0721b,United States,75.17,False
89644b,United Arab Emirates,264.41,False
896456,United Arab Emirates,242.85,False
406891,United Kingdom,235.71,False
896462,United Arab Emirates,262.62,False
02007d,Morocco,230.62,False
a8bc03,United States,41.63,False
a9b9b8,United States,33.09,False
a5d6f9,United States,205.99,False
4d02e2,Luxembourg,152.35,False
a3cc88,United States,211.64,False
4d02d8,Luxembourg,145.49,False
abe0df,United States,220.6,False
a87f51,United States,244.65,False
a87f58,United States,85.91,False
a50c6f,United States,60.74,False
a703b8,United States,61.95,False
896439,United Arab Emirates,240.76,False
4d02e9,Luxembourg,197.04,False
896441,United Arab Emirates,256.28,False
a6e3a8,United States,123.28,False
aae810,United States,161.77,False
a6f6d4,United States,49.41,False
39b96e,France,64.11,False
a38ef5,United States,239.29,False
a1f557,United States,247.98,False
ac0196,United States,254.65,False
ab4f21,United States,44.9,False
780b09,China,94.19,False
738488,Israel,124.2,False
a1f548,United States,90.94,False
8963a2,United Arab Emirates,251.66,False
aa9830,United States,251.0,False
a5c504,United States,134.28,False
a4b859,United States,180.96,False
484f12,Kingdom of the Netherlands,18.27,False
781e3d,China,218.24,False
a4a539,United States,1.85,False
780b0e,China,167.57,False
780b0f,China,85.37,False
a13bbf,United States,76.57,False
484f06,Kingdom of the Netherlands,214.26,False
a930f0,United States,50.66,False
a6950e,United States,71.94,False
781e4f,China,237.77,False
a0d561,United States,235.28,False
781e4b,China,217.65,False
a3defa,United States,200.24,False
e06541,Argentina,210.06,False
a25bb7,United States,115.14,False
750109,Malaysia,221.54,False
a0857b,United States,39.45,False
780b33,China,260.15,False
a1f51c,United States,55.29,False
a6951b,United States,34.87,False
a75eb4,United States,212.16,False
e06542,Argentina,204.41,False
c012ed,Canada,0.0,True
780b46,China,201.66,False
a45570,United States,82.55,False
738447,Israel,217.11,False
738446,Israel,238.17,False
a8bc71,United States,238.59,False
738448,Israel,213.91,False
ab4f5d,United States,0.0,True
aae6d5,United States,225.94,False
a44238,United States,240.88,False
a3489f,United States,237.91,False
a810c3,United States,236.8,False
491471,Portugal,43.29,False
491472,Portugal,49.71,False
a930ce,United States,39.26,False
491470,Portugal,48.53,False
781e83,China,128.61,False
8460b0,Japan,258.81,False
491464,Portugal,43.97,False
491463,Portugal,33.6,False
ab3c58,United States,232.17,False
781e8a,China,269.32,False
a6d0f3,United States,67.75,False
a44213,United States,245.8,False
a44211,United States,202.88,False
a38af8,United States,232.54,False
a4a114,United States,140.04,False
a3a78e,United States,42.15,False
a5844b,United States,63.89,False
3965a6,France,238.21,False
3965a4,France,222.44,False
ad8ba2,United States,56.28,False
3965a9,France,253.27,False
a6f403,United States,217.75,False
683296,Kazakhstan,237.59,False
a03f0a,United States,98.59,False
4bb025,Turkey,220.52,False
3965b3,France,238.29,False
3965b2,France,204.08,False
008699,South Africa,98.68,False
ac2549,United States,121.48,False
484bae,Kingdom of the Netherlands,42.25,False
3475da,Spain,239.82,False
a38ad5,United States,166.51,False
c023c5,Canada,288.65,False
aa2bc1,United States,0.77,True
a3577d,United States,3.86,True
a4b470,United States,221.14,False
a3578a,United States,227.77,False
a63abe,United States,63.16,False
846333,Japan,226.88,False
a4c79b,United States,168.03,False
00869b,South Africa,130.81,False
485ec8,Kingdom of the Netherlands,110.84,False
c023aa,Canada,207.7,False
3475d9,Spain,203.52,False
3475d5,Spain,190.34,False
485ec6,Kingdom of the Netherlands,81.81,False
3475d4,Spain,247.28,False
aa2ba2,United States,238.83,False
aa2ba1,United States,222.16,False
c023ae,Canada,212.74,False
a5c127,United States,209.87,False
aae582,United States,180.41,False
4064bb,United Kingdom,226.1,False
e8047a,Chile,198.64,False
e8047b,Chile,226.62,False
3475c9,Spain,190.69,False
0ac425,Colombia,109.07,False
0ac420,Colombia,63.77,False
4bb056,Turkey,205.53,False
8964f9,United Arab Emirates,251.23,False
e8048f,Chile,244.96,False
4bb04d,Turkey,66.89,False
3c49ce,Germany,241.28,False
3c49cb,Germany,217.72,False
a129dc,United States,241.3,False
0ac412,Colombia,54.02,False
4bb069,Turkey,217.52,False
4bb066,Turkey,236.52,False
3c49d5,Germany,223.73,False
4bb065,Turkey,233.64,False
aa9506,United States,49.85,False
3c49d4,Germany,184.97,False
4bb061,Turkey,235.74,False
4077e0,United Kingdom,238.31,False
3ccf0f,Germany,83.67,False
a03f24,United States,240.91,False
8964bd,United Arab Emirates,254.89,False
3965ae,France,276.3,False
8964bc,United Arab Emirates,255.84,False
4bb029,Turkey,235.6,False
4077d3,United Kingdom,219.79,False
4064a4,United Kingdom,221.25,False
a03f1e,United States,84.88,False
4077d4,United Kingdom,218.35,False
780c06,China,200.82,False
4077ba,United Kingdom,219.16,False
4bb02b,Turkey,243.86,False
847628,Japan,98.6,False
8964e3,United Arab Emirates,254.09,False
4077bb,United Kingdom,222.1,False
a0d18f,United States,57.06,False
781f41,China,266.25,False
a51ac6,United States,166.23,False
a82163,United States,64.03,False
e8043b,Chile,239.64,False
8008d2,India,2.06,True
3ddc78,Germany,61.07,False
3ddc6b,Germany,61.39,False
896643,United Arab Emirates,256.45,False
4c8097,Cyprus,216.02,False
00b08a,South Africa,200.07,False
896648,United Arab Emirates,22.41,False
00b095,South Africa,229.54,False
01808f,Libyan Arab Jamahiriya,222.24,False
00b097,South Africa,207.06,False
3ddc74,Germany,10.35,False
8008d4,India,7.2,True
4c808d,Cyprus,5.66,True
e80457,Chile,178.18,False
a9eac4,United States,43.95,False
018099,Libyan Arab Jamahiriya,243.53,False
40655b,United Kingdom,219.48,False
40788c,United Kingdom,139.02,False
00b089,South Africa,197.94,False
896662,United Arab Emirates,212.68,False
aaf804,United States,215.08,False
885974,Thailand,170.06,False
781dd7,China,234.86,False
a02c35,United States,0.0,True
e8045b,Chile,258.98,False
780aa6,China,202.93,False
780aa3,China,246.78,False
345084,Spain,243.85,False
407898,United Kingdom,273.27,False
a9411b,United States,48.88,False
896625,United Arab Emirates,244.54,False
780aa8,China,247.9,False
a739b7,United States,57.76,False
484c9b,Kingdom of the Netherlands,8.75,True
4bb073,Turkey,254.93,False
e80472,Chile,257.53,False
3ff9ec,Germany,25.69,False
4ac8a8,Sweden,9.26,True
39b5d5,France,248.05,False
a26c12,United States,215.12,False
a3ef3e,United States,54.15,False
e8046f,Chile,263.5,False
e8046e,Chile,256.3,False
4bb06d,Turkey,214.72,False
780ab2,China,7.2,True
4bb06e,Turkey,193.96,False
4bb06b,Turkey,221.81,False
4bb06c,Turkey,117.43,False
4bb06a,Turkey,205.96,False
a596b1,United States,251.62,False
780ab9,China,246.66,False
40653a,United Kingdom,5.66,True
e80488,Chile,275.44,False
780aac,China,232.66,False
40653e,United Kingdom,199.53,False
e80482,Chile,6.43,True
0085b8,South Africa,206.3,False
780aab,China,267.57,False
e80481,Chile,201.19,False
40653d,United Kingdom,206.86,False
4c8090,Cyprus,210.5,False
8008c6,India,7.2,True
8008c3,India,155.09,False
a03f84,United States,4.89,True
8008c7,India,10.29,True
346398,Spain,210.12,False
896608,United Arab Emirates,240.33,False
a57160,United States,73.28,False
780ac5,China,222.31,False
781df6,China,250.71,False
c06ad9,Canada,42.4,False
ab1842,United States,229.89,False
a9a419,United States,245.13,False
a84788,United States,54.3,False
896601,United Arab Emirates,229.33,False
a9a40a,United States,38.56,False
4ab5d0,Sweden,2.31,True
4ab5d2,Sweden,125.45,False
a82128,United States,43.09,False
896603,United Arab Emirates,231.15,False
4ab5d5,Sweden,101.83,False
780abd,China,250.41,False
781dee,China,230.04,False
e80417,Chile,135.72,False
aaf831,United States,182.39,False
e80412,Chile,131.65,False
346386,Spain,252.67,False
780ad9,China,204.03,False
c06ac7,Canada,45.1,False
896618,United Arab Emirates,259.0,False
896612,United Arab Emirates,63.31,False
ac382e,United States,126.14,False
896617,United Arab Emirates,137.8,False
a27f7f,United States,123.13,False
896615,United Arab Emirates,265.27,False
e8040c,Chile,239.39,False
e80422,Chile,233.48,False
e80421,Chile,235.29,False
7c788f,Australia,91.8,False
885972,Thailand,71.25,False
ab0532,United States,244.88,False
345042,Spain,189.98,False
345043,Spain,178.5,False
ac250b,United States,234.41,False
7c7889,Australia,138.14,False
3ddc4b,Germany,66.88,False
abaeb2,United States,237.27,False
3e0f91,Germany,60.56,False
aaf83c,United States,216.86,False
e8041e,Chile,200.22,False
34768e,Spain,224.93,False
4a52e6,Romania,66.4,False
34768f,Spain,236.0,False
39a2e1,France,199.82,False
3008c8,Italy,34.2,False
780af2,China,201.45,False
3ff9ad,Germany,48.37,False
885963,Thailand,181.71,False
40658a,United Kingdom,208.96,False
a4b49c,United States,232.2,False
347695,Spain,112.23,False
780af8,China,0.64,True
485f82,Kingdom of the Netherlands,248.72,False
484c51,Kingdom of the Netherlands,12.86,True
4780ba,Norway,108.23,False
3ff9d2,Germany,30.77,False
3008bf,Italy,42.3,False
4780c9,Norway,222.24,False
e8042c,Chile,196.08,False
a223ba,United States,8.75,True
4780c7,Norway,214.59,False
e80443,Chile,214.85,False
4ab5c7,Sweden,54.17,False
780aec,China,284.41,False
a9a404,United States,234.68,False
484c52,Kingdom of the Netherlands,195.33,False
a369ee,United States,208.12,False
e80446,Chile,206.15,False
484c59,Kingdom of the Netherlands,128.01,False
89659b,United Arab Emirates,249.39,False
883294,Thailand,77.85,False
a38c7c,United States,45.92,False
a3dc75,United States,56.58,False
a2cf9e,United States,49.24,False
e48dc1,Brazil,250.93,False
3009bc,Italy,63.95,False
780c9e,China,226.89,False
40780c,United Kingdom,55.98,False
40780d,United Kingdom,156.5,False
34644f,Spain,160.87,False
34644e,Spain,247.28,False
461f9d,Finland,257.83,False
34644b,Spain,241.86,False
34644d,Spain,169.88,False
ab5f87,United States,237.6,False
a3dc7e,United States,235.31,False
a76f87,United States,228.42,False
a2bc5a,United States,243.0,False
461f6e,Finland,8.23,True
a700a4,United States,181.62,False
3d4553,Germany,6.26,False
a726fb,United States,234.49,False
c06aac,Canada,96.72,False
896596,United Arab Emirates,248.36,False
e06491,Argentina,216.88,False
346445,Spain,49.14,False
345116,Spain,197.89,False
484c24,Kingdom of the Netherlands,216.82,False
740825,Jordan,234.52,False
740828,Jordan,266.4,False
8a09ad,Indonesia,240.84,False
a1f0b4,United States,210.92,False
adb9cd,United States,37.55,False
a38c66,United States,0.0,True
a38c64,United States,13.38,True
8a09b8,Indonesia,240.36,False
48af11,Poland,248.15,False
a38c60,United States,241.38,False
a4a0d9,United States,233.2,False
e48db0,Brazil,247.6,False
345107,Spain,215.33,False
ac7f80,United States,57.53,False
3009b4,Italy,212.18,False
e48db1,Brazil,147.96,False
c06aa9,Canada,195.02,False
406542,United Kingdom,258.01,False
345101,Spain,248.15,False
406544,United Kingdom,245.04,False
345102,Spain,137.59,False
89655c,United Arab Emirates,5.92,True
7500dd,Malaysia,213.19,False
461f4a,Finland,0.0,True
896569,United Arab Emirates,219.67,False
adef60,United States,38.67,False
406540,United Kingdom,58.93,False
48af07,Poland,238.14,False
60084e,Azerbaijan,242.65,False
461f67,Finland,59.77,False
60084f,Azerbaijan,238.49,False
48af01,Poland,237.37,False
aae3f6,United States,108.16,False
406539,United Kingdom,223.07,False
44cc42,Belgium,0.0,True
461f65,Finland,235.85,False
89655f,United Arab Emirates,265.97,False
a4c6af,United States,150.76,False
405200,United Kingdom,124.58,False
600842,Azerbaijan,184.7,False
407862,United Kingdom,209.59,False
44cc46,Belgium,224.51,False
44cc45,Belgium,248.53,False
400ecc,United Kingdom,29.12,False
ad56df,United States,56.36,False
a1050b,United States,42.92,False
34640e,Spain,237.22,False
781ea6,China,148.08,False
461f5a,Finland,1.8,True
896582,United Arab Emirates,241.27,False
a02bb4,United States,66.76,False
896587,United Arab Emirates,230.8,False
896586,United Arab Emirates,233.33,False
600850,Azerbaijan,245.11,False
ab4c8b,United States,0.0,True
a7bf22,United States,221.23,False
a3dc3d,United States,52.51,False
a76f43,United States,186.08,False
ada6ed,United States,243.66,False
89653b,United Arab Emirates,269.09,False
ac10d8,United States,147.51,False
89653a,United Arab Emirates,255.84,False
7500c8,Malaysia,257.0,False
c0371f,Canada,185.49,False
ad43e6,United States,99.99,False
adef77,United States,46.81,False
40650b,United Kingdom,227.95,False
781ec3,China,272.55,False
a1f0f1,United States,4.89,True
a3ef7e,United States,225.61,False
896557,United Arab Emirates,223.8,False
4b9903,Turkey,87.56,False
896555,United Arab Emirates,249.09,False
781ebc,China,243.67,False
0d1079,Mexico,223.06,False
461f55,Finland,262.81,False
407837,United Kingdom,233.14,False
ad8c5f,United States,75.22,False
ada795,United States,40.68,False
400f9a,United Kingdom,2.31,True
a690fb,United States,246.44,False
4063e6,United Kingdom,2.83,True
a35854,United States,237.98,False
750239,Malaysia,130.19,False
ac249e,United States,124.58,False
8964c2,United Arab Emirates,261.74,False
400f99,United Kingdom,231.85,False
8964c0,United Arab Emirates,253.04,False
c06b6a,Canada,200.36,False
aad180,United States,43.22,False
adeddd,United States,192.05,False
8964bb,United Arab Emirates,257.28,False
a0f86b,United States,154.07,False
4b990e,Turkey,176.96,False
4b990d,Turkey,222.7,False
4b990c,Turkey,230.14,False
4076ed,United Kingdom,225.9,False
ac1190,United States,238.98,False
38efff,France,4.37,True
a9ec44,United States,48.37,False
4063c3,United Kingdom,79.83,False
780c46,China,147.62,False
05a054,Maldives,137.41,False
781f74,China,262.57,False
750214,Malaysia,207.11,False
a72823,United States,7.72,True
4076dd,United Kingdom,219.72,False
abf17f,United States,133.1,False
addadb,United States,0.0,False
0ac315,Colombia,148.6,False
0d1030,Mexico,115.96,False
4076e4,United Kingdom,219.01,False
4076e2,United Kingdom,244.48,False
4076e3,United Kingdom,103.26,False
8964a5,United Arab Emirates,255.18,False
750223,Malaysia,87.46,False
8964a2,United Arab Emirates,282.27,False
a7ac8f,United States,244.26,False
8964a8,United Arab Emirates,127.47,False
a11872,United States,34.1,False
8964a7,United Arab Emirates,252.44,False
a3587d,United States,37.55,False
4b8643,Turkey,271.22,False
780c62,China,142.37,False
4b8644,Turkey,119.97,False
3efbb2,Germany,31.0,False
76cc79,Singapore,143.09,False
a35881,United States,33.36,False
780c5d,China,273.87,False
840d81,Japan,221.82,False
a2bbb8,United States,32.22,False
aa2c86,United States,30.87,False
491117,Portugal,47.95,False
750206,Malaysia,229.39,False
750205,Malaysia,240.95,False
491115,Portugal,42.95,False
3e5241,Germany,183.12,False
e0645a,Argentina,215.43,False
ab4c1c,United States,206.37,False
ab4c1d,United States,203.36,False
48adad,Poland,209.45,False
8a09f8,Indonesia,209.47,False
a2254e,United States,32.02,False
c06b60,Canada,129.85,False
3d324c,Germany,73.28,False
4ab566,Sweden,92.32,False
4ab569,Sweden,0.06,True
e0b2c4,Argentina,205.38,False
3c48f1,Germany,197.66,False
399c15,France,243.71,False
3d68ce,Germany,71.47,False
3c48e8,Germany,72.17,False
aa7018,United States,50.25,False
4a524f,Romania,230.11,False
507cb3,Uzbekistan,159.24,False
39c9ae,France,0.0,False
ac1327,United States,4.89,True
4ab572,Sweden,43.08,False
a8351d,United States,304.69,False
3c48ea,Germany,210.66,False
3c48ee,Germany,188.05,False
478363,Norway,162.77,False
478362,Norway,96.15,False
4b1bcc,Switzerland,54.89,False
aa9679,United States,241.98,False
c024b8,Canada,161.71,False
4ab56f,Sweden,131.99,False
a94202,United States,57.98,False
4b1bbe,Switzerland,43.18,False
4078ae,United Kingdom,227.37,False
ab0693,United States,56.39,False
4b1bfb,Switzerland,72.66,False
c024dc,Canada,52.48,False
507cbd,Uzbekistan,80.77,False
507cbb,Uzbekistan,232.31,False
4078b7,United Kingdom,96.55,False
8a0927,Indonesia,68.59,False
e48e22,Brazil,92.41,False
a3323d,United States,5.4,True
a0e58a,United States,191.41,False
484cba,Kingdom of the Netherlands,252.77,False
aa831d,United States,132.99,False
84b40d,Japan,217.42,False
40408d,United Kingdom,48.77,False
e4a8b8,Brazil,226.15,False
ac267c,United States,239.99,False
484cb7,Kingdom of the Netherlands,220.4,False
507cab,Uzbekistan,250.55,False
a45224,United States,87.85,False
e48e36,Brazil,118.81,False
484cb4,Kingdom of the Netherlands,246.97,False
75029c,Malaysia,156.91,False
a0e59f,United States,246.06,False
4078a3,United Kingdom,57.76,False
aa8317,United States,87.62,False
507cc3,Uzbekistan,231.21,False
4ab561,Sweden,79.89,False
76cd01,Singapore,258.15,False
76cd03,Singapore,152.3,False
76cd02,Singapore,248.07,False
76cd04,Singapore,154.89,False
aad375,United States,229.2,False
76cd09,Singapore,1.8,True
e48e88,Brazil,199.61,False
75026b,Malaysia,218.19,False
4078fd,United Kingdom,165.16,False
a3a882,United States,46.3,False
4078fe,United Kingdom,218.81,False
ac0048,United States,225.33,False
ad201e,United States,237.88,False
8832e8,Thailand,132.76,False
4d024e,Luxembourg,205.98,False
75027b,Malaysia,145.43,False
abe030,United States,179.32,False
76cd0e,Singapore,255.84,False
75027d,Malaysia,182.7,False
7c78ad,Australia,191.38,False
a5e844,United States,62.35,False
8832cf,Thailand,3.6,True
750261,Malaysia,185.99,False
4d0233,Luxembourg,230.3,False
750260,Malaysia,251.22,False
4078ef,United Kingdom,4.89,True
4d0237,Luxembourg,244.26,False
8965f3,United Arab Emirates,230.19,False
44ccc2,Belgium,253.19,False
51300b,Bosnia and Herzegovina,176.14,False
780d23,China,237.01,False
44ccc6,Belgium,254.7,False
44ccc5,Belgium,237.77,False
7c78b3,Australia,72.1,False
a6f50c,United States,31.25,False
a57229,United States,0.0,True
4078dd,United Kingdom,256.2,False
e48e78,Brazil,145.74,False
44ccd8,Belgium,254.27,False
75025b,Malaysia,254.97,False
44ccca,Belgium,240.42,False
4d0240,Luxembourg,0.0,True
ac138c,United States,232.19,False
a7028b,United States,59.36,False
781ed3,China,269.42,False
a344a3,United States,34.57,False
c2b55d,Canada,87.98,False
7c5321,Australia,265.11,False
c81e05,New Zealand,245.5,False
e80330,Chile,160.17,False
3ff8ee,Germany,39.13,False
7c531e,Australia,238.46,False
7c531f,Australia,243.65,False
e80339,Chile,226.2,False
ac5a94,United States,239.69,False
0ac1b3,Colombia,6.94,True
0ac1b6,Colombia,0.0,True
406696,United Kingdom,126.23,False
780bb6,China,278.39,False
780bb7,China,231.07,False
ac390f,United States,228.51,False
780bad,China,237.24,False
780bab,China,228.78,False
84b495,Japan,5.66,True
780bac,China,229.59,False
c0127e,Canada,87.06,False
40667a,United Kingdom,227.67,False
461fa7,Finland,2.83,True
e8033d,Chile,218.46,False
e8033c,Chile,245.73,False
461fa2,Finland,201.91,False
461fa4,Finland,239.95,False
896749,United Arab Emirates,241.77,False
40666c,United Kingdom,218.59,False
40799c,United Kingdom,226.15,False
a3ca01,United States,250.59,False
896752,United Arab Emirates,234.19,False
43bfef,United Kingdom,2.31,True
40666a,United Kingdom,212.82,False
406674,United Kingdom,210.67,False
406673,United Kingdom,131.44,False
a02d68,United States,62.38,False
406670,United Kingdom,250.99,False
43bff8,United Kingdom,1.8,True
40665f,United Kingdom,221.4,False
40665e,United Kingdom,214.95,False
781efb,China,246.64,False
40798f,United Kingdom,22.57,False
461faa,Finland,233.8,False
43bfde,United Kingdom,3.34,True
a237d2,United States,34.28,False
4d0283,Luxembourg,6.17,False
ac7faf,United States,234.33,False
896723,United Arab Emirates,264.18,False
8a0988,Indonesia,169.77,False
a224f9,United States,240.45,False
ab195f,United States,48.33,False
89671b,United Arab Emirates,238.09,False
40406d,United Kingdom,72.15,False
89671c,United Arab Emirates,247.54,False
780bf9,China,199.26,False
780bf8,China,244.18,False
a9422a,United States,144.07,False
ab1979,United States,238.22,False
896741,United Arab Emirates,197.38,False
c0256e,Canada,160.89,False
ab5fdd,United States,5.14,True
471a7f,Hungary,154.99,False
89672f,United Arab Emirates,213.55,False
a477e5,United States,70.91,False
a14d6f,United States,40.25,False
346499,Spain,214.02,False
ac1301,United States,261.04,False
8a094b,Indonesia,206.32,False
84c790,Japan,190.28,False
896718,United Arab Emirates,242.63,False
896717,United Arab Emirates,158.76,False
abf308,United States,227.57,False
aa7034,United States,27.01,False
abafe4,United States,228.93,False
a081f4,United States,51.67,False
84b473,Japan,198.06,False
e80329,Chile,0.0,True
e80327,Chile,145.41,False
89670b,United Arab Emirates,220.59,False
a23901,United States,175.54,False
40660e,United Kingdom,231.04,False
0201a3,Morocco,238.72,False
ab04e6,United States,2.31,True
a51d91,United States,32.22,False
407941,United Kingdom,85.33,False
345250,Spain,11.32,True
ad57bb,United States,76.14,False
40792f,United Kingdom,235.09,False
40792e,United Kingdom,246.81,False
aa1a1c,United States,2.57,True
a7ad0d,United States,224.01,False
aa1a1d,United States,29.32,False
4794f2,Norway,9.77,True
8a08b6,Indonesia,237.84,False
e49fe4,Brazil,75.25,False
345249,Spain,237.26,False
407930,United Kingdom,251.51,False
a0d1eb,United States,54.65,False
ac24e4,United States,232.87,False
0201c5,Morocco,220.33,False
0201c4,Morocco,241.46,False
0201c3,Morocco,217.82,False
0201c2,Morocco,251.31,False
0201c1,Morocco,221.58,False
3deda7,Germany,71.93,False
e49fb3,Brazil,15.43,True
a2bd79,United States,81.22,False
c06bc9,Canada,40.8,False
0201b6,Morocco,146.78,False
0201b5,Morocco,248.0,False
781fa5,China,272.65,False
407913,United Kingdom,222.67,False
4b1c68,Switzerland,95.89,False
a2bd72,United States,0.0,True
407914,United Kingdom,209.19,False
152002,Russian Federation,230.04,False
c03887,Canada,44.94,False
346555,Spain,246.76,False
89667a,United Arab Emirates,253.17,False
346551,Spain,52.12,False
89667e,United Arab Emirates,0.64,True
406669,United Kingdom,215.97,False
7501fd,Malaysia,7.72,True
407992,United Kingdom,76.14,False
896690,United Arab Emirates,231.86,False
a08317,United States,229.62,False
4b1c8d,Switzerland,38.34,False
45da04,Denmark,71.92,False
a597de,United States,181.19,False
44cd64,Belgium,60.71,False
a11960,United States,41.43,False
89668a,United Arab Emirates,242.68,False
a47904,United States,144.11,False
407981,United Kingdom,142.36,False
a967a5,United States,47.33,False
40796b,United Kingdom,208.06,False
4d00c6,Luxembourg,177.84,False
ad44f2,United States,180.65,False
addd34,United States,51.57,False
400ff4,United Kingdom,220.45,False
407979,United Kingdom,263.3,False
345205,Spain,223.44,False
780ca3,China,195.47,False
aa2d14,United States,0.45,True
400fdb,United Kingdom,0.0,True
a10614,United States,235.67,False
400fe3,United Kingdom,224.48,False
a10611,United States,254.41,False
89665d,United Arab Emirates,239.63,False
89666d,United Arab Emirates,247.54,False
400fe2,United Kingdom,176.12,False
896678,United Arab Emirates,158.57,False
400fe0,United Kingdom,209.6,False
a5d4c3,United States,221.54,False
34650b,Spain,93.63,False
a3ca56,United States,28.97,False
a451db,United States,196.57,False
407959,United Kingdom,226.44,False
e0b391,Argentina,218.44,False
c010ec,Canada,237.42,False
76cd47,Singapore,234.48,False
4d00ee,Luxembourg,216.05,False
8965d1,United Arab Emirates,222.91,False
a47955,United States,83.49,False
4d00f6,Luxembourg,245.23,False
8965cb,United Arab Emirates,141.41,False
7c77f9,Australia,213.88,False
4d00ed,Luxembourg,235.79,False
a39fe4,United States,227.84,False
152053,Russian Federation,743.54,False
748051,Lebanon,261.45,False
a22669,United States,116.18,False
38347c,France,56.55,False
8965cc,United Arab Emirates,177.61,False
a1199a,United States,65.93,False
a19010,United States,75.53,False
c010f6,Canada,198.38,False
a8ba85,United States,44.3,False
780d59,China,126.02,False
748020,Lebanon,246.18,False
8965b1,United Arab Emirates,149.4,False
4b8508,Turkey,32.0,False
748026,Lebanon,142.58,False
748025,Lebanon,250.7,False
748028,Lebanon,247.62,False
4b8509,Turkey,52.72,False
4d00d5,Luxembourg,166.52,False
4d00d4,Luxembourg,186.71,False
4d00d9,Luxembourg,129.64,False
4b8502,Turkey,53.86,False
8965b4,United Arab Emirates,234.16,False
8965b3,United Arab Emirates,182.33,False
76cd71,Singapore,243.04,False
e48d6e,Brazil,0.0,True
76cd74,Singapore,263.27,False
4d00ca,Luxembourg,163.01,False
76cd75,Singapore,262.06,False
abf29f,United States,249.12,False
76cd77,Singapore,263.77,False
4d00dd,Luxembourg,240.45,False
8965c2,United Arab Emirates,231.32,False
780d5c,China,243.29,False
a0d30c,United States,136.98,False
8965ac,United Arab Emirates,238.26,False
4d00f5,Luxembourg,213.88,False
a1afc8,United States,216.48,False
76cd6e,Singapore,30.35,True
4d00f3,Luxembourg,237.05,False
4d00f2,Luxembourg,220.68,False
4d00e8,Luxembourg,228.13,False
15207b,Russian Federation,206.67,False
a84905,United States,53.43,False
8965ba,United Arab Emirates,85.4,False
780d75,China,232.03,False
3c49b1,Germany,0.0,True
a35949,United States,232.79,False
a3a97f,United States,53.5,False
a0d315,United States,48.09,False
4d00dc,Luxembourg,228.21,False
4d00db,Luxembourg,7.72,True
4d00da,Luxembourg,3.6,True
89409f,Bahrain,108.48,False
a9ed48,United States,37.94,False
a691f6,United States,51.56,False
a9b7f6,United States,118.48,False
89409b,Bahrain,4.63,True
89409c,Bahrain,239.05,False
a4ea7e,United States,246.58,False
780d89,China,228.49,False
4b9856,Turkey,133.87,False
4b1ba0,Switzerland,87.36,False
a2bce6,United States,187.72,False
a9b7dd,United States,164.58,False
152011,Russian Federation,9.46,False
a2cffc,United States,235.14,False
4b850d,Turkey,49.32,False
a954f6,United States,72.29,False
c010a8,Canada,211.51,False
748016,Lebanon,243.0,False
0201d1,Morocco,227.8,False
780d8a,China,219.81,False
152023,Russian Federation,10.8,True
152020,Russian Federation,132.72,False
a3efa2,United States,2.57,True
780d8f,China,272.53,False
4b1bc6,Switzerland,36.32,False
894097,Bahrain,256.46,False
a33339,United States,12.35,True
a7ad7c,United States,263.42,False
89408e,Bahrain,265.15,False
89408f,Bahrain,232.39,False
ab3a0c,United States,176.71,False
89408c,Bahrain,256.43,False
780d9f,China,234.3,False
c06c6c,Canada,65.93,False
4b1bb7,Switzerland,46.91,False
a3596c,United States,81.9,False
4b8533,Turkey,245.21,False
a0704a,United States,46.3,False
a9ed1f,United States,53.03,False
a954ca,United States,260.24,False
a3a93b,United States,221.01,False
a6e1e6,United States,57.62,False
a3e911,United States,222.76,False
89906e,Taiwan,171.32,False
a861d0,United States,57.52,False
46bc39,Greece,139.56,False
a981ac,United States,137.47,False
899088,Taiwan,0.0,True
a26626,United States,44.92,False
47b9f4,Norway,8.23,True
899087,Taiwan,253.41,False
a6ba69,United States,36.1,False
a7da2a,United States,234.08,False
040187,Ethiopia,204.0,False
ade8ff,United States,161.03,False
a66a92,United States,47.22,False
a981c8,United States,153.18,False
4ca4b0,Ireland,238.61,False
aa5b92,United States,255.0,False
abcb6a,United States,46.41,False
a874e1,United States,62.92,False
899095,Taiwan,211.8,False
a39925,United States,233.11,False
899097,Taiwan,144.25,False
adc2a7,United States,220.95,False
acfe9d,United States,61.44,False
89904f,Taiwan,123.97,False
a1a924,United States,156.03,False
a51601,United States,289.53,False
899063,Taiwan,232.75,False
c0405a,Canada,269.82,False
89905a,Taiwan,195.08,False
c04052,Canada,154.3,False
a491f1,United States,231.69,False
a01311,United States,63.53,False
899077,Taiwan,190.49,False
abcb8f,United States,57.85,False
899070,Taiwan,3.6,True
899071,Taiwan,220.73,False
c07998,Canada,232.38,False
c05337,Canada,74.66,False
a1a986,United States,89.61,False
4bcd85,Turkey,223.74,False
4bcd84,Turkey,214.39,False
c07993,Canada,222.97,False
89902a,Taiwan,259.13,False
706202,Kuwait,232.29,False
a3863a,United States,85.01,False
a80d40,United States,241.11,False
040143,Ethiopia,232.29,False
34260e,Spain,122.01,False
4ca4ea,Ireland,238.68,False
899059,Taiwan,220.55,False
a1200d,United States,233.61,False
040159,Ethiopia,234.28,False
c0797b,Canada,4.12,True
4ca4f0,Ireland,120.73,False
899051,Taiwan,80.86,False
899054,Taiwan,126.97,False
49d3ac,Czech Republic,207.69,False
899050,Taiwan,258.28,False
78150c,China,236.96,False
a2c93c,United States,84.01,False
899019,Taiwan,268.21,False
899026,Taiwan,232.98,False
a0bcb2,United States,3.09,True
899020,Taiwan,178.3,False
89901a,Taiwan,250.32,False
ac671b,United States,254.0,False
49d3d6,Czech Republic,220.29,False
48fc6b,Poland,70.46,False
a02681,United States,238.46,False
781537,China,207.55,False
c0799e,Canada,199.07,False
899036,Taiwan,256.44,False
a39948,United States,227.72,False
49d3ce,Czech Republic,217.81,False
a0267b,United States,4.37,True
a43ce3,United States,59.83,False
abde0b,United States,207.54,False
a68fe6,United States,73.57,False
7813b5,China,66.8,False
3c8481,Germany,176.71,False
adb086,United States,38.29,False
3e2793,Germany,140.39,False
acc8ac,United States,44.41,False
a13386,United States,209.53,False
a7b927,United States,34.99,False
486491,Kingdom of the Netherlands,251.87,False
e4894e,Brazil,233.96,False
e4894f,Brazil,199.27,False
a2c992,United States,122.3,False
adb071,United States,41.27,False
a7563a,United States,269.1,False
a68ffa,United States,47.37,False
c07973,Canada,83.47,False
a24014,United States,184.01,False
a3732b,United States,74.9,False
7800a3,China,7.72,True
486483,Kingdom of the Netherlands,0.0,True
4ca4ef,Ireland,239.75,False
4ca4ee,Ireland,248.99,False
abde34,United States,251.71,False
4ca4ed,Ireland,224.73,False
4ca4ec,Ireland,205.54,False
7813d9,China,227.44,False
49c0e7,Czech Republic,54.91,False
486464,Kingdom of the Netherlands,49.56,False
a3b02e,United States,0.0,True
c0662c,Canada,60.52,False
a2fcb7,United States,38.89,False
7800b2,China,160.11,False
485122,Kingdom of the Netherlands,228.96,False
a038c7,United States,222.55,False
a158a0,United States,67.01,False
a06e0b,United States,233.76,False
a4f601,United States,55.15,False
a12096,United States,251.63,False
a48039,United States,30.92,False
ab7b63,United States,99.22,False
dd991b,,49.4,False
498422,Czech Republic,270.3,False
ade8c8,United States,47.92,False
7813fe,China,237.93,False
aa2701,United States,0.0,True
882e62,Thailand,223.63,False
a4f625,United States,45.95,False
4409c0,Austria,228.44,False
89909f,Taiwan,212.78,False
a2b691,United States,203.45,False
3c1aeb,Germany,157.8,False
4409a8,Austria,27.8,False
7800eb,China,240.82,False
502daa,Latvia,9.26,True
a9e64c,United States,43.09,False
c051cc,Canada,235.18,False
a8a017,United States,225.33,False
463777,Finland,134.32,False
ad734a,United States,241.69,False
49d508,Czech Republic,202.99,False
49d504,Czech Republic,42.22,False
47a743,Norway,174.57,False
ac668d,United States,242.25,False
502dae,Latvia,210.7,False
78029d,China,257.94,False
a18e51,United States,297.29,False
502db3,Latvia,206.74,False
a17b16,United States,231.45,False
a4e39c,United States,74.99,False
845ce4,Japan,192.2,False
acb679,United States,261.56,False
3425cc,Spain,220.92,False
a038e6,United States,258.38,False
a3e8c4,United States,54.85,False
ac537f,United States,224.59,False
c1e7de,Canada,13.38,True
508429,Ukraine,223.92,False
3d06d8,Germany,35.69,False
ad6040,United States,238.73,False
ac538f,United States,234.61,False
aa6cfa,United States,261.47,False
a385c8,United States,223.77,False
394a00,France,239.53,False
394a08,France,235.03,False
3cc187,Germany,219.0,False
a1cb0f,United States,221.9,False
a4e35f,United States,239.77,False
4ca570,Ireland,234.68,False
a43e1a,United States,92.92,False
aa6cf1,United States,58.24,False
a3b04f,United States,60.53,False
c064c1,Canada,60.76,False
4ca566,Ireland,171.03,False
394a18,France,179.19,False
0d06de,Mexico,177.36,False
4ca569,Ireland,226.0,False
3e39a7,Germany,83.63,False
a1a8da,United States,0.0,True
49c21e,Czech Republic,48.17,False
a30b04,United States,47.55,False
a80cf8,United States,118.89,False
a2fe21,United States,231.34,False
7814b8,China,239.69,False
4ca536,Ireland,218.88,False
a18e4e,United States,62.32,False
ab58ca,United States,267.35,False
aca38e,United States,194.46,False
ab7b02,United States,252.5,False
780212,China,185.07,False
a372cc,United States,139.23,False
a79e31,United States,213.88,False
a1cb77,United States,53.18,False
aba941,United States,0.0,True
a6ce39,United States,194.82,False
899000,Taiwan,184.29,False
5082ef,Ukraine,228.45,False
395d6e,France,216.08,False
ac794d,United States,120.66,False
ac6622,United States,185.94,False
a92e28,United States,29.77,False
5082f0,Ukraine,16.46,True
899018,Taiwan,261.33,False
899014,Taiwan,263.91,False
a4e2c4,United States,66.51,False
a2eb38,United States,29.83,False
4995ec,Czech Republic,71.97,False
780231,China,267.61,False
4ca56c,Ireland,229.2,False
78022e,China,230.79,False
78155f,China,230.55,False
040204,Ethiopia,245.03,False
4ca56b,Ireland,121.6,False
4ca56a,Ireland,237.02,False
39ad22,France,54.41,False
a622bc,United States,214.52,False
ac796b,United States,222.02,False
abdcb5,United States,249.16,False
395d68,France,94.14,False
781581,China,260.16,False
395d69,France,0.0,True
ad2fd0,United States,252.45,False
a768ee,United States,43.3,False
06a3b7,Qatar,131.43,False
4a5d2e,Romania,239.74,False
06a3b1,Qatar,71.82,False
a02732,United States,238.33,False
ac5326,United States,199.76,False
ac7988,United States,187.75,False
781590,China,280.8,False
781591,China,276.63,False
3cd3b7,Germany,95.44,False
780267,China,206.77,False
a4f5a0,United States,238.8,False
781596,China,231.52,False
a3e8dc,United States,248.73,False
a4f5a7,United States,257.6,False
3c83e2,Germany,395.09,False
acc961,United States,245.61,False
34268b,Spain,72.96,False
760a07,Pakistan,237.39,False
3cd3a9,Germany,196.09,False
acb636,United States,241.34,False
3c70c1,Germany,246.7,False
abdcda,United States,243.52,False
3c70c5,Germany,89.0,False
3c70c8,Germany,191.91,False
a372f9,United States,52.43,False
a9f99e,United States,36.19,False
a2a2df,United States,229.19,False
a4f5c6,United States,69.98,False
a42b54,United States,37.21,False
780293,China,129.81,False
c1e89b,Canada,5.92,True
406dea,United Kingdom,83.72,False
502d10,Latvia,147.7,False
40292b,United Kingdom,60.24,False
a06de4,United States,78.6,False
4ba9ec,Turkey,228.22,False
44d1ba,Belgium,247.56,False
4ba9ef,Turkey,198.99,False
009e2b,South Africa,191.01,False
a05aac,United States,153.34,False
a7db4b,United States,154.47,False
aca3e6,United States,175.81,False
a0aaa0,United States,235.68,False
4481cd,Belgium,3.86,True
390408,France,62.21,False
009e27,South Africa,62.14,False
44d1a6,Belgium,244.32,False
44d1a7,Belgium,230.99,False
44d1a5,Belgium,0.06,True
4ba9cb,Turkey,252.92,False
4ba9cd,Turkey,163.34,False
4ba9cc,Turkey,0.0,True
71c015,Republic of Korea,129.02,False
a06dc9,United States,122.58,False
4ba9e9,Turkey,138.42,False
44d1b3,Belgium,103.02,False
4ba9e4,Turkey,244.12,False
a5170f,United States,216.34,False
71c010,Republic of Korea,240.81,False
040046,Ethiopia,245.7,False
4ba9e1,Turkey,242.03,False
502d24,Latvia,223.49,False
502d23,Latvia,6.94,True
040060,Ethiopia,240.24,False
04004b,Ethiopia,214.11,False
89917e,Taiwan,238.39,False
502d0f,Latvia,215.16,False
502d0e,Latvia,208.21,False
478d42,Norway,227.4,False
71c007,Republic of Korea,274.96,False
71c008,Republic of Korea,231.65,False
502d29,Latvia,228.94,False
44d1c2,Belgium,149.9,False
502d28,Latvia,132.69,False
a9e5a3,United States,44.14,False
a05af2,United States,44.86,False
89914a,Taiwan,7.2,True
406fdb,United Kingdom,108.55,False
76e966,Singapore,9.26,True
406fda,United Kingdom,226.81,False
a7db0b,United States,161.87,False
a17ad2,United States,240.85,False
502d59,Latvia,230.49,False
a12132,United States,86.67,False
47a7a8,Norway,239.98,False
78161d,China,231.26,False
502d44,Latvia,215.57,False
781634,China,276.72,False
780303,China,220.74,False
ab4840,United States,0.0,True
38941b,France,0.0,True
06a38d,Qatar,228.58,False
06a38c,Qatar,228.76,False
44d1a2,Belgium,207.93,False
44d1a1,Belgium,249.96,False
502d47,Latvia,240.99,False
781644,China,210.3,False
a6ce90,United States,225.22,False
ab3525,United States,136.85,False
a6ce7d,United States,236.03,False
0d075f,Mexico,226.45,False
86ef06,Japan,253.11,False
a7ee5a,United States,73.66,False
a06dfd,United States,149.96,False
89913f,Taiwan,243.28,False
89913c,Taiwan,121.82,False
49d2b7,Czech Republic,144.08,False
ab4865,United States,250.55,False
502d5f,Latvia,196.58,False
502d5a,Latvia,229.01,False
ab485e,United States,216.29,False
502d5b,Latvia,226.78,False
aa6f80,United States,236.13,False
8990a5,Taiwan,7.72,True
8990a8,Taiwan,239.69,False
71c078,Republic of Korea,232.5,False
71c079,Republic of Korea,213.63,False
3ce686,Germany,182.82,False
aa5bbc,United States,11.83,True
71c072,Republic of Korea,174.01,False
71c073,Republic of Korea,238.0,False
71c071,Republic of Korea,217.42,False
8990a9,Taiwan,177.69,False
71c074,Republic of Korea,232.92,False
71c075,Republic of Korea,237.43,False
a37479,United States,40.07,False
8990b3,Taiwan,242.23,False
8990b5,Taiwan,241.06,False
49d2d8,Czech Republic,66.27,False
aaac36,United States,47.16,False
acc9c3,United States,49.02,False
71c069,Republic of Korea,257.94,False
7801b7,China,240.62,False
a3612a,United States,195.04,False
3d067d,Germany,60.51,False
a1caf4,United States,43.92,False
ac53a0,United States,6.94,True
71c063,Republic of Korea,206.01,False
7801c7,China,1.8,True
a6243c,United States,3.86,True
7801c6,China,0.0,True
aabf80,United States,202.6,False
71c093,Republic of Korea,0.0,True
71c090,Republic of Korea,1.54,True
71c091,Republic of Korea,105.91,False
388161,France,1.8,False
3ce690,Germany,190.18,False
71c084,Republic of Korea,235.68,False
a5adf1,United States,254.8,False
49d2ee,Czech Republic,228.94,False
71c038,Republic of Korea,214.34,False
c06709,Canada,217.17,False
71c030,Republic of Korea,241.36,False
06a30b,Qatar,250.67,False
06a30c,Qatar,91.59,False
7801dc,China,142.75,False
71c026,Republic of Korea,241.57,False
ac53f8,United States,244.2,False
71c059,Republic of Korea,204.56,False
ad60b7,United States,0.0,True
ab20e7,United States,242.5,False
aaac90,United States,52.32,False
71c051,Republic of Korea,226.22,False
a4945f,United States,54.03,False
71c045,Republic of Korea,8.75,True
71c046,Republic of Korea,286.93,False
39049c,France,62.12,False
3e2649,Germany,194.01,False
48520b,Kingdom of the Netherlands,237.19,False
48520a,Kingdom of the Netherlands,216.32,False
71c043,Republic of Korea,242.84,False
48520d,Kingdom of the Netherlands,235.4,False
ad1f8c,United States,29.84,False
71c044,Republic of Korea,228.23,False
71c042,Republic of Korea,237.08,False
a7448c,United States,66.97,False
a7dadc,United States,150.95,False
485206,Kingdom of the Netherlands,138.37,False
ac5488,United States,196.12,False
adc43a,United States,48.94,False
a3e9c5,United States,68.94,False
479ee7,Norway,102.25,False
06a2e8,Qatar,181.97,False
48b502,Poland,38.34,False
06a2e5,Qatar,125.56,False
06a2e0,Qatar,249.03,False
06a2e1,Qatar,152.83,False
a8b46e,United States,150.16,False
06a2de,Qatar,231.52,False
06a2df,Qatar,258.49,False
06a2f7,Qatar,260.28,False
06a2f2,Qatar,250.08,False
a67f04,United States,143.07,False
502cc6,Latvia,13.38,True
49d406,Czech Republic,62.98,False
46ced4,Greece,138.39,False
06a2ed,Qatar,233.48,False
06a2ee,Qatar,218.18,False
06a2ec,Qatar,256.82,False
4b8df2,Turkey,3.34,True
a026e1,United States,6.69,True
3d3b10,Germany,41.98,False
48c812,Poland,215.67,False
add793,United States,232.64,False
ac79a3,United States,144.33,False
49d418,Czech Republic,155.48,False
49d414,Czech Republic,237.07,False
4b8de8,Turkey,143.25,False
06a2fe,Qatar,152.12,False
06a2fc,Qatar,116.77,False
3d05b0,Germany,54.55,False
06a2fd,Qatar,72.32,False
06a2fa,Qatar,7.72,True
ac79b1,United States,1.03,True
502ccd,Latvia,202.92,False
502ccf,Latvia,206.4,False
502cce,Latvia,205.92,False
ab8f0d,United States,0.0,True
3cc04e,Germany,219.5,False
a30c46,United States,212.74,False
a373b7,United States,217.47,False
502ce6,Latvia,198.83,False
7815b4,China,230.57,False
a0bf90,United States,242.2,False
502ce7,Latvia,7.2,True
502ce3,Latvia,220.52,False
a43f51,United States,250.88,False
c1e8f6,Canada,2.06,True
ac79c7,United States,76.64,False
502cc7,Latvia,0.0,True
a120d4,United States,57.18,False
a75786,United States,42.73,False
ab8f36,United States,268.85,False
a1cc47,United States,60.1,False
a1cc46,United States,222.8,False
49c100,Czech Republic,51.21,False
a1cc1f,United States,237.15,False
4b348f,Switzerland,40.52,False
49d42b,Czech Republic,243.0,False
acff02,United States,31.29,False
a120a1,United States,137.6,False
acc9b2,United States,0.0,True
382b3c,France,40.16,False
405d11,United Kingdom,224.6,False
7815d2,China,269.99,False
ab59f4,United States,71.52,False
3cc086,Germany,180.13,False
a399e4,United States,0.06,True
7815e6,China,92.57,False
a3e9b2,United States,2.06,True
491c8b,Portugal,93.23,False
a6cdfe,United States,45.54,False
a399de,United States,237.03,False
a373ea,United States,228.47,False
4850f5,Kingdom of the Netherlands,229.83,False
851186,Japan,206.79,False
a503d8,United States,56.55,False
899126,Taiwan,256.92,False
78165e,China,267.33,False
a4f6dd,United States,229.06,False
a3c3e6,United States,86.05,False
48a0c8,Poland,20.04,False
a6cf55,United States,48.24,False
89911f,Taiwan,0.0,True
a67f81,United States,251.61,False
89911c,Taiwan,257.46,False
a66c51,United States,30.91,False
49c12e,Czech Republic,27.96,False
899137,Taiwan,269.8,False
ac6744,United States,281.76,False
a8fc06,United States,70.57,False
a623c1,United States,49.65,False
a240dc,United States,0.0,True
502d7c,Latvia,6.17,True
502d7b,Latvia,128.56,False
a8fc09,United States,237.74,False
899135,Taiwan,250.45,False
a386fb,United States,234.32,False
394b2d,France,69.48,False
a120e4,United States,36.53,False
49c13b,Czech Republic,34.85,False
3f7b3c,Germany,286.05,False
899103,Taiwan,198.34,False
aa5c0b,United States,72.07,False
78034a,China,239.82,False
a54c6d,United States,193.31,False
78168a,China,207.26,False
899108,Taiwan,230.62,False
a120f6,United States,50.95,False
899109,Taiwan,174.84,False
899115,Taiwan,202.95,False
899116,Taiwan,231.38,False
a67f8a,United States,275.63,False
ab211e,United States,26.23,False
406ecd,United Kingdom,31.9,True
502d9f,Latvia,222.1,False
780372,China,241.14,False
a4e3f0,United States,103.44,False
4850c6,Kingdom of the Netherlands,215.06,False
7cf359,Australia,0.06,True
a13501,United States,216.9,False
780378,China,196.64,False
ad8769,United States,216.76,False
3d05c9,Germany,54.14,False
a9c151,United States,0.9,True
78169f,China,240.49,False
4ba9c5,Turkey,135.82,False
4ba9c8,Turkey,230.44,False
4ba9c2,Turkey,249.62,False
4ba9c1,Turkey,252.66,False
49c179,Czech Republic,59.38,False
4ba9c3,Turkey,194.86,False
4ba9d3,Turkey,242.08,False
4ba9d4,Turkey,249.97,False
c0539d,Canada,0.26,True
3d05d0,Germany,30.19,False
405bfc,United Kingdom,81.28,False
ac9abc,United States,223.74,False
46bc55,Greece,124.58,False
06a2b7,Qatar,243.4,False
46bc53,Greece,143.54,False
06a2b6,Qatar,215.97,False
4ba9a8,Turkey,221.35,False
a4f6bb,United States,190.42,False
ad611f,United States,144.6,False
46bc4e,Greece,134.64,False
46bc4f,Greece,143.54,False
a67f41,United States,47.34,False
ac9ace,United States,69.51,False
e499db,Brazil,41.95,False
ad6116,United States,182.47,False
06a2c6,Qatar,218.23,False
c078b2,Canada,205.0,False
a9c149,United States,58.9,False
46bc51,Greece,57.8,False
a9849a,United States,72.76,False
e09191,Argentina,210.04,False
008e65,South Africa,194.68,False
781706,China,148.85,False
781704,China,273.83,False
a67b81,United States,221.23,False
4b8e46,Turkey,224.77,False
781717,China,244.33,False
0b4171,Guatemala,8.75,True
ad96f7,United States,68.64,False
a765ec,United States,231.95,False
a79b55,United States,52.23,False
a07dc9,United States,161.46,False
a31b9f,United States,44.92,False
a752ea,United States,0.0,True
3d181d,Germany,48.89,False
ad70ba,United States,223.85,False
abdc78,United States,5.66,True
abdc92,United States,202.27,False
a8d5af,United States,160.85,False
781739,China,211.02,False
aa7f8d,United States,250.15,False
3b7542,France,223.66,False
3d5ea4,Germany,5.14,True
406d92,United Kingdom,217.79,False
406d90,United Kingdom,204.17,False
a7eb2f,United States,53.73,False
4ba8d5,Turkey,13.98,False
4011e3,United Kingdom,45.32,False
407fc1,United Kingdom,245.51,False
add3dc,United States,232.43,False
407fc7,United Kingdom,230.91,False
407faf,United Kingdom,0.06,False
a68e4c,United States,224.29,False
407fad,United Kingdom,218.8,False
a55b50,United States,224.59,False
a55b3c,United States,0.0,True
a3e5fa,United States,243.12,False
a525ee,United States,50.48,False
acfc6b,United States,7.72,True
a778e0,United States,48.55,False
ac50fa,United States,233.7,False
a8d5a0,United States,239.28,False
a39723,United States,142.5,False
78174f,China,237.72,False
a765e3,United States,51.06,False
aa23b3,United States,157.61,False
48c586,Poland,39.72,False
a9d069,United States,126.12,False
c0510c,Canada,75.79,False
c00dce,Canada,240.31,False
a06ab1,United States,55.31,False
3e6c99,Germany,49.4,False
a01112,United States,227.04,False
a02443,United States,240.66,False
43e7d3,United Kingdom,139.93,False
a79b1c,United States,151.97,False
47a597,Norway,58.07,False
0b418c,Guatemala,59.94,False
7802ac,China,269.24,False
a01160,United States,53.03,False
3e386c,Germany,170.98,False
3e120d,Germany,54.04,False
39bdac,France,221.13,False
39bdae,France,222.25,False
39bdaf,France,223.89,False
8991bc,Taiwan,249.42,False
7802c1,China,192.71,False
aa7ebc,United States,231.9,False
7802ba,China,154.68,False
a39760,United States,250.81,False
ab56ab,United States,82.58,False
8991d5,Taiwan,169.76,False
aa7ec3,United States,248.09,False
3e1217,Germany,13.8,False
4b32ff,Switzerland,8.3,False
3ecef0,Germany,39.37,False
3e1215,Germany,0.26,True
3e1214,Germany,42.83,False
39bda1,France,221.67,False
8991a4,Taiwan,183.08,False
ac0f40,United States,69.39,False
7815fa,China,273.41,False
ac76b6,United States,227.54,False
39bda8,France,259.92,False
a44db3,United States,228.48,False
a56dcf,United States,126.12,False
406d27,United Kingdom,6.94,True
4ca2c1,Ireland,218.18,False
4ca2c0,Ireland,228.33,False
4ca2ad,Ireland,130.45,False
a1dab3,United States,229.43,False
48888d,Poland,47.32,False
a2b416,United States,232.08,False
a14452,United States,248.27,False
8991a8,Taiwan,168.23,False
39bdb2,France,171.45,False
8991b6,Taiwan,4.37,True
a19dfb,United States,93.21,False
39bdb7,France,222.71,False
39bdb8,France,122.87,False
adc17b,United States,255.59,False
a19dff,United States,233.09,False
39bdb1,France,190.4,False
c00da8,Canada,0.0,True
7802f4,China,192.23,False
4407b3,Austria,44.3,False
adc180,United States,205.92,False
49d1cd,Czech Republic,172.09,False
4ca2bf,Ireland,208.2,False
a9e2df,United States,58.15,False
a992e4,United States,222.28,False
ad1c11,United States,226.16,False
c1e5fc,Canada,6.94,True
405a4a,United Kingdom,240.02,False
406d7b,United Kingdom,2.57,True
a2a144,United States,218.78,False
3d050d,Germany,40.68,False
ac0f4d,United States,233.56,False
a2b45b,United States,111.82,False
a07f15,United States,237.88,False
0b4139,Guatemala,54.99,False
405a47,United Kingdom,240.54,False
405a46,United Kingdom,208.35,False
405a49,United Kingdom,147.77,False
406d70,United Kingdom,237.57,False
abef54,United States,251.28,False
a4077d,United States,241.92,False
0acabf,Colombia,248.29,False
0acaaa,Colombia,6.17,True
ad83b2,United States,119.37,False
ad96e2,United States,57.56,False
ad83b7,United States,117.8,False
a3845c,United States,239.04,False
a3e72b,United States,73.51,False
a31ae8,United States,103.15,False
86dd6e,Japan,220.74,False
a4076a,United States,9.77,True
39bdca,France,39.13,False
406d4d,United Kingdom,236.35,False
406d4e,United Kingdom,240.23,False
406d4c,United Kingdom,226.16,False
a39781,United States,228.92,False
a01198,United States,67.6,False
a56db1,United States,124.45,False
85120e,Japan,108.23,False
4b330a,Switzerland,34.33,False
ab313c,United States,191.92,False
a6cad3,United States,0.0,True
a19f29,United States,221.82,False
503eb3,Lithuania,215.2,False
a4f488,United States,28.74,False
4ba94c,Turkey,228.16,False
008df8,South Africa,2.57,True
4ba94a,Turkey,263.91,False
a6cacb,United States,157.03,False
abedfe,United States,246.5,False
a88774,United States,244.15,False
4b3309,Switzerland,13.12,False
a049fd,United States,46.72,False
ab314f,United States,54.45,False
c1e5bf,Canada,5.14,True
008de5,South Africa,239.91,False
a07f60,United States,50.93,False
008de2,South Africa,56.22,False
acc768,United States,250.35,False
840587,Japan,186.48,False
4ba934,Turkey,5.14,True
e485cd,Brazil,214.23,False
503eaa,Lithuania,195.12,False
c062cc,Canada,70.77,False
acc76b,United States,237.32,False
4ba946,Turkey,251.48,False
a74151,United States,79.25,False
008dee,South Africa,75.06,False
008deb,South Africa,1.03,True
008dea,South Africa,86.31,False
a7fdf6,United States,65.71,False
a7fdf2,United States,242.04,False
8990e6,Taiwan,240.88,False
a3c137,United States,20.06,True
8990e2,Taiwan,256.59,False
8990e4,Taiwan,168.47,False
8990e3,Taiwan,227.24,False
8990e0,Taiwan,246.22,False
a5277d,United States,222.73,False
7816be,China,0.0,False
a52790,United States,73.19,False
8990f7,Taiwan,5.66,True
a44f0d,United States,244.4,False
a023e9,United States,51.47,False
a06c5e,United States,62.29,False
a396a9,United States,9.26,True
8990f2,Taiwan,84.09,False
8990f5,Taiwan,123.47,False
8990f0,Taiwan,224.35,False
86dc9a,Japan,251.0,False
8990ef,Taiwan,254.28,False
44083f,Austria,215.02,False
44083c,Austria,225.64,False
8990c7,Taiwan,184.04,False
8990c9,Taiwan,242.91,False
aa6aa1,United States,243.68,False
7803c3,China,219.47,False
a8741c,United States,163.18,False
49d327,Czech Republic,135.5,False
8990bb,Taiwan,230.63,False
8990ba,Taiwan,125.17,False
a32f1b,United States,218.1,False
a3c163,United States,216.95,False
aacf19,United States,99.69,False
503eee,Lithuania,6.43,True
7803be,China,241.39,False
503eea,Lithuania,2.06,True
440866,Austria,150.73,False
aa7dad,United States,221.21,False
c00e55,Canada,268.06,False
008dac,South Africa,54.85,False
a07f6a,United States,5.4,True
a3c15d,United States,6.43,True
7803bf,China,145.47,False
a143a3,United States,226.91,False
8990cf,Taiwan,247.19,False
a3719c,United States,37.09,False
8990ca,Taiwan,0.0,True
4ca304,Ireland,199.29,False
aa7f48,United States,164.88,False
781783,China,251.47,False
4ca34e,Ireland,253.59,False
a3d3b3,United States,253.46,False
44080b,Austria,35.06,False
a406e3,United States,66.03,False
781799,China,150.32,False
a5bf49,United States,45.92,False
781797,China,190.39,False
407ed8,United Kingdom,243.55,False
aa7f2b,United States,215.81,False
a526e1,United States,39.13,False
a646bc,United States,214.57,False
49d357,Czech Republic,249.43,False
39ab12,France,223.1,False
aa7f27,United States,239.46,False
0d08f4,Mexico,225.84,False
a143e2,United States,44.6,False
407ec0,United Kingdom,14.74,False
c00e25,Canada,237.82,False
c00e24,Canada,197.17,False
a2fc0f,United States,236.94,False
44082c,Austria,197.9,False
a7ff0e,United States,249.64,False
384e90,France,35.83,False
49d369,Czech Republic,236.83,False
49d365,Czech Republic,232.07,False
407eb2,United Kingdom,232.74,False
a779e3,United States,69.97,False
c00e17,Canada,274.58,False
49d371,Czech Republic,206.3,False
780488,China,238.37,False
440825,Austria,210.09,False
440823,Austria,212.31,False
407eb5,United Kingdom,203.66,False
a1dc31,United States,231.59,False
47a3b0,Norway,246.63,False
48e9f6,Poland,72.62,False
48e9f4,Poland,135.55,False
aa7f08,United States,232.92,False
c05056,Canada,205.12,False
40123f,United Kingdom,1.03,True
c05054,Canada,205.22,False
aa7f09,United States,243.06,False
a44f9c,United States,255.49,False
ac0dc3,United States,232.86,False
45ac54,Denmark,245.5,False
a539c9,United States,234.7,False
aba759,United States,167.5,False
4b8e04,Turkey,246.28,False
4b8e03,Turkey,43.21,True
c05044,Canada,196.12,False
ab9de9,United States,214.93,False
ac6431,United States,62.16,False
401240,United Kingdom,238.33,False
49d38c,Czech Republic,9.77,True
3c2d57,Germany,252.1,False
ac0dd9,United States,9.26,True
a659be,United States,72.04,False
76e9a4,Singapore,6.69,True
ab5787,United States,62.87,False
e498c6,Brazil,118.19,False
45ac30,Denmark,76.04,False
4ca36c,Ireland,42.6,False
45ac32,Denmark,161.24,False
45ac33,Denmark,216.93,False
a92ae9,United States,229.85,False
ab3133,United States,224.52,False
407eeb,United Kingdom,204.11,False
31d79b,Italy,8.75,True
a539f5,United States,228.54,False
c05067,Canada,239.28,False
45ac50,Denmark,215.86,False
48e9b9,Poland,230.52,False
e485a5,Brazil,162.7,False
4b8e0b,Turkey,207.47,False
a03816,United States,189.15,False
c06589,Canada,176.55,False
ad84de,United States,0.0,True
e4999e,Brazil,2.06,True
e4999d,Brazil,237.7,False
a07ed0,United States,67.39,False
e4999f,Brazil,175.49,False
a2a0ff,United States,243.85,False
ac64ef,United States,69.03,False
4b44a4,Switzerland,61.77,False
a993d6,United States,49.43,False
aa6d9a,United States,211.57,False
abdd91,United States,4.63,True
064270,Nigeria,186.21,False
c0523f,Canada,236.31,False
c0656f,Canada,274.34,False
a8d6bd,United States,154.24,False
71c257,Republic of Korea,198.55,False
71c255,Republic of Korea,184.87,False
a740f1,United States,128.31,False
781850,China,188.5,False
780528,China,246.72,False
780527,China,189.66,False
50808f,Ukraine,160.12,False
a993ad,United States,207.44,False
71c246,Republic of Korea,239.32,False
71c244,Republic of Korea,243.01,False
3fee6c,Germany,32.44,False
a43c7a,United States,12.35,True
71c248,Republic of Korea,8.23,True
71c242,Republic of Korea,166.74,False
503e44,Lithuania,242.73,False
780534,China,146.16,False
c06541,Canada,176.82,False
781860,China,232.14,False
89805e,Papua New Guinea,132.56,False
7cf631,Australia,2.31,True
a886bf,United States,237.6,False
744832,Jordan,213.95,False
c1e841,Canada,8.23,True
c0653d,Canada,253.83,False
744841,Jordan,222.17,False
a3d3f6,United States,231.7,False
74482f,Jordan,114.03,False
74482e,Jordan,216.36,False
c05218,Canada,233.83,False
74482d,Jordan,234.96,False
a1a85f,United States,55.93,False
74482b,Jordan,229.54,False
48506b,Kingdom of the Netherlands,200.91,False
48506d,Kingdom of the Netherlands,247.81,False
48506c,Kingdom of the Netherlands,222.33,False
4408de,Austria,233.06,False
a7ec01,United States,43.1,False
a20ef5,United States,64.71,False
c0651f,Canada,43.36,False
c1e851,Canada,12.35,True
744843,Jordan,244.9,False
c1e847,Canada,1.8,True
a67c4a,United States,27.84,False
4408f6,Austria,45.27,False
a5ac3b,United States,226.53,False
4aaa0f,Sweden,57.92,False
503e61,Lithuania,211.39,False
0d099a,Mexico,220.94,False
43c2b2,United Kingdom,148.48,False
a79c55,United States,57.11,False
a1584a,United States,89.28,False
c0522f,Canada,44.14,False
a4080c,United States,90.94,False
040240,Ethiopia,211.16,False
a1a83e,United States,58.13,False
c06558,Canada,147.68,False
473098,Hungary,56.39,False
744829,Jordan,132.53,False
744828,Jordan,0.0,True
744827,Jordan,68.34,False
744826,Jordan,206.91,False
744825,Jordan,112.11,False
71c208,Republic of Korea,257.75,False
744822,Jordan,222.11,False
744831,Jordan,220.3,False
485061,Kingdom of the Netherlands,229.49,False
c1e823,Canada,23.15,True
a6cc45,United States,236.71,False
a43bc6,United States,236.85,False
406e65,United Kingdom,4.37,True
aba7a3,United States,139.41,False
503cf5,Lithuania,0.0,True
e49938,Brazil,86.67,False
0d094c,Mexico,156.02,False
3d4ab0,Germany,39.76,False
7803f8,China,242.12,False
a3c21a,United States,235.78,False
0d0963,Mexico,244.16,False
abdd00,United States,231.27,False
aca29a,United States,232.86,False
e49902,Brazil,132.13,False
a3c233,United States,240.48,False
e49907,Brazil,261.36,False
44d068,Belgium,128.79,False
a02592,United States,42.85,False
a1a87e,United States,121.2,False
a7b832,United States,200.11,False
ab57f6,United States,130.75,False
39286c,France,42.99,False
a1dbd3,United States,94.27,False
406e2e,United Kingdom,223.92,False
503cee,Lithuania,57.11,False
abdd1c,United States,223.36,False
44d076,Belgium,230.01,False
ab7a21,United States,6.69,True
4408d8,Austria,223.61,False
406e9f,United Kingdom,253.13,False
aabd54,United States,38.71,False
71c279,Republic of Korea,204.47,False
4ba90e,Turkey,248.73,False
a76803,United States,64.99,False
a037b2,United States,191.01,False
a37265,United States,220.67,False
405b66,United Kingdom,202.7,False
49d0e0,Czech Republic,212.07,False
405b65,United Kingdom,75.97,False
0d090f,Mexico,227.87,False
405b67,United Kingdom,4.37,True
a3725a,United States,248.56,False
a980f4,United States,3.09,True
acb4c1,United States,238.04,False
e48618,Brazil,205.38,False
abdd4a,United States,233.62,False
a3724b,United States,40.51,False
71c293,Republic of Korea,204.29,False
a993f3,United States,135.03,False
ac51b2,United States,229.07,False
48630e,Kingdom of the Netherlands,172.65,False
a37245,United States,235.3,False
e49956,Brazil,205.92,False
ad97dd,United States,208.04,False
a37244,United States,226.63,False
0d0939,Mexico,223.94,False
4ba903,Turkey,238.95,False
4ba905,Turkey,150.46,False
4ba904,Turkey,259.24,False
a43bd6,United States,76.8,False
3c810b,Germany,8.23,True
e4993d,Brazil,97.83,False
acfd2c,United States,238.83,False
71c285,Republic of Korea,241.67,False
71c286,Republic of Korea,212.08,False
78180a,China,275.87,False
71c284,Republic of Korea,254.78,False
ad2efa,United States,244.65,False
a9e537,United States,50.35,False
86dca2,Japan,154.49,False
0641ee,Nigeria,240.44,False
7817b7,China,232.78,False
ab3275,United States,236.11,False
ac789b,United States,68.54,False
ade862,United States,87.91,False
a80be8,United States,0.06,True
7817ab,China,219.86,False
0aca5e,Colombia,234.77,False
7817c0,China,213.64,False
ab3282,United States,209.82,False
adc238,United States,235.74,False
aca251,United States,63.28,False
0aca4b,Colombia,136.88,False
7804a1,China,208.23,False
a98219,United States,252.46,False
85134a,Japan,219.42,False
c063ec,Canada,26.62,False
aca248,United States,110.61,False
a29a18,United States,44.42,False
a1dd2e,United States,218.8,False
a1dd2d,United States,168.51,False
ab329e,United States,6.94,True
7804c5,China,114.62,False
a407c8,United States,52.99,False
a2fd21,United States,85.99,False
a81eca,United States,45.51,False
7804c6,China,221.89,False
a251a0,United States,78.36,False
a80ba2,United States,59.04,False
009fa4,South Africa,22.69,False
a81ed7,United States,224.61,False
406e10,United Kingdom,246.37,False
a144e5,United States,6.94,True
4ba893,Turkey,107.22,False
4ba892,Turkey,224.73,False
a9f837,United States,50.35,False
a0aa1b,United States,199.86,False
c00f4c,Canada,36.45,False
a7feb1,United States,91.39,False
a81ebe,United States,91.76,False
7817fe,China,233.11,False
8991e5,Taiwan,135.32,False
a80bd5,United States,30.87,False
8991e0,Taiwan,9.77,True
8991e3,Taiwan,219.34,False
a9d0fe,United States,4.12,True
8991de,Taiwan,253.58,False
8991da,Taiwan,86.86,False
a7421b,United States,54.59,False
3c818f,Germany,12.35,True
4a1265,Romania,221.74,False
4ba869,Turkey,231.45,False
a9f818,United States,235.84,False
0aca7d,Colombia,9.26,True
48b1c2,Poland,96.26,False
0aca89,Colombia,0.0,True
7804f9,China,206.77,False
4ca243,Ireland,246.3,False
ab4515,United States,250.52,False
3fef34,Germany,40.09,False
4b3273,Switzerland,48.82,False
a384f2,United States,2.31,True
780580,China,8.23,True
780581,China,204.96,False
3d16f6,Germany,64.06,False
407fea,United Kingdom,224.22,False
4ca251,Ireland,91.39,False
7cf540,Australia,5.14,True
c00f13,Canada,48.87,False
406cab,United Kingdom,222.71,False
407fdd,United Kingdom,69.82,False
4ca246,Ireland,8.75,True
4ca245,Ireland,255.66,False
a03915,United States,84.24,False
8418cc,Japan,74.21,False
406cb3,United Kingdom,208.9,False
a7b7c5,United States,243.81,False
704009,Myanmar,169.27,False
3fef15,Germany,46.07,False
ab9eca,United States,218.73,False
a384d5,United States,210.09,False
ad2ea9,United States,0.0,True
407fca,United Kingdom,241.18,False
a0aa41,United States,73.38,False
4ca214,Ireland,144.28,False
4ca217,Ireland,219.47,False
4ca215,Ireland,230.02,False
4b3293,Switzerland,59.44,False
ab3214,United States,235.24,False
503e99,Lithuania,241.46,False
503e94,Lithuania,47.54,False
704015,Myanmar,242.45,False
ab586f,United States,222.97,False
a30a0e,United States,229.93,False
44093e,Austria,179.92,False
a1dd57,United States,49.31,False
4ca225,Ireland,247.52,False
3ce3d7,Germany,150.88,False
407fc9,United Kingdom,224.97,False
a29a37,United States,228.11,False
4ca281,Ireland,256.07,False
342592,Spain,213.79,False
40002f,United Kingdom,69.45,False
342591,Spain,225.71,False
401372,United Kingdom,42.1,False
ab321b,United States,211.85,False
0aca34,Colombia,96.69,False
4ca294,Ireland,192.73,False
4ca292,Ireland,198.65,False
a31d9c,United States,211.83,False
342581,Spain,209.23,False
4ca295,Ireland,195.01,False
e497e5,Brazil,80.68,False
e497e7,Brazil,207.4,False
e497e6,Brazil,268.33,False
4ca27b,Ireland,238.81,False
4ca27f,Ireland,239.73,False
49d276,Czech Republic,225.8,False
a9823d,United States,247.09,False
a527d5,United States,11.28,False
49d283,Czech Republic,242.44,False
a0aa7c,United States,244.63,False
a491c6,United States,72.15,False
4ca264,Ireland,179.55,False
4ca263,Ireland,233.59,False
3e49f8,Germany,169.7,False
400025,United Kingdom,20.06,False
4ca24e,Ireland,235.79,False
4ca24d,Ireland,244.37,False
49d26c,Czech Republic,241.61,False
a491ac,United States,186.32,False
ad853e,United States,245.49,False
4ca24c,Ireland,213.89,False
40000b,United Kingdom,16.46,False
ad7222,United States,49.9,False
ad7203,United States,43.75,False
a2b4ea,United States,186.77,False
407fff,United Kingdom,0.0,True
400008,United Kingdom,6.43,False
49d28d,Czech Republic,41.54,False
407ffd,United Kingdom,43.02,False
3e6c07,Germany,45.0,False
a07fa6,United States,189.52,False
4ca25a,Ireland,192.8,False
a1ca5f,United States,183.51,False
aed3f6,United States,37.45,False
781941,China,259.99,False
49d062,Czech Republic,44.59,False
781940,China,184.63,False
406b90,United Kingdom,73.15,False
781949,China,225.74,False
3ecd96,Germany,32.23,False
71c359,Republic of Korea,291.81,False
a2edb4,United States,6.94,True
406b80,United Kingdom,230.23,False
71c352,Republic of Korea,209.01,False
406b84,United Kingdom,6.69,True
781952,China,173.13,False
a1244b,United States,239.95,False
48b063,Poland,176.07,False
a54db6,United States,42.15,False
a30dc5,United States,226.15,False
71c346,Republic of Korea,279.24,False
71c347,Republic of Korea,243.7,False
a11136,United States,220.91,False
a1cdb7,United States,60.31,False
880c49,Thailand,117.35,False
880c48,Thailand,233.84,False
880c47,Thailand,210.68,False
a54dad,United States,6.69,True
406b5a,United Kingdom,1.03,True
4405ea,Austria,104.69,False
a8b5fc,United States,202.41,False
ab383c,United States,48.77,False
71c379,Republic of Korea,210.24,False
a3b41a,United States,193.89,False
a37738,United States,235.33,False
71c374,Republic of Korea,188.33,False
406b62,United Kingdom,215.15,False
a0044b,United States,172.17,False
780640,China,219.08,False
486073,Kingdom of the Netherlands,244.16,False
3d291b,Germany,62.81,False
406b54,United Kingdom,68.47,False
407e82,United Kingdom,228.11,False
71c361,Republic of Korea,229.03,False
704020,Myanmar,64.07,False
3fed38,Germany,40.98,False
780651,China,199.0,False
a77b76,United States,202.89,False
ab1203,United States,231.69,False
a6be8f,United States,57.85,False
e49c08,Brazil,176.83,False
a3778e,United States,248.66,False
78197e,China,231.76,False
ab385e,United States,230.66,False
a972be,United States,143.69,False
a89b55,United States,56.6,False
a972d3,United States,217.96,False
780661,China,174.8,False
71c308,Republic of Korea,167.52,False
a9d5e7,United States,193.75,False
a6be7a,United States,44.76,False
71c303,Republic of Korea,249.67,False
503d47,Lithuania,213.5,False
780674,China,146.58,False
503d40,Lithuania,242.19,False
ab6bc6,United States,204.5,False
a8b5c9,United States,3.6,True
a1babb,United States,9.77,True
3d4a6f,Germany,82.86,False
503d3d,Lithuania,128.86,False
71c334,Republic of Korea,246.95,False
71c332,Republic of Korea,199.67,False
71c337,Republic of Korea,245.67,False
71c336,Republic of Korea,21.09,True
a8eb21,United States,3.86,True
06a053,Qatar,253.38,False
71c328,Republic of Korea,0.0,True
a7de93,United States,160.99,False
78067f,China,243.73,False
71c322,Republic of Korea,3.86,True
4405b6,Austria,66.29,False
aa4c87,United States,206.3,False
a35109,United States,236.52,False
48e97b,Poland,238.04,False
06a064,Qatar,9.77,True
155c6c,Russian Federation,227.82,False
a6aab5,United States,0.0,True
3420ca,Spain,249.04,False
47a32e,Norway,250.43,False
a8fdb4,United States,223.03,False
ab23e1,United States,39.08,False
39ceb1,France,224.8,False
407e31,United Kingdom,77.93,False
7cf5f4,Australia,2.57,True
c0576b,Canada,127.42,False
39cea9,France,217.46,False
7448a7,Jordan,231.41,False
a05f31,United States,0.0,True
a78df7,United States,126.25,False
7448a3,Jordan,196.85,False
a05f37,United States,239.53,False
aca6c0,United States,240.45,False
48e979,Poland,236.16,False
a9741d,United States,249.44,False
48c310,Poland,45.11,False
a3a15a,United States,157.53,False
a4d483,United States,0.0,False
ad63a1,United States,223.78,False
39ceab,France,224.37,False
39ceac,France,221.12,False
a8a41d,United States,41.7,False
aaf0b1,United States,53.15,False
48e95e,Poland,243.51,False
48e95c,Poland,243.16,False
e49ac6,Brazil,108.96,False
48e95a,Poland,220.06,False
a8540b,United States,222.41,False
c04463,Canada,2.83,True
aaf0b8,United States,121.69,False
aaf0c6,United States,216.86,False
a3b49f,United States,47.38,False
a24493,United States,10.29,True
ad50a9,United States,231.16,False
48e94d,Poland,52.99,False
ab10cb,United States,250.27,False
a7dde1,United States,237.54,False
39cea2,France,239.02,False
39cea3,France,183.17,False
48e959,Poland,219.58,False
39cea4,France,245.69,False
39cea5,France,176.22,False
48e956,Poland,46.11,False
39cea8,France,2.57,True
39cea0,France,234.21,False
ac30ac,United States,50.49,False
155bac,Russian Federation,228.57,False
a77ad8,United States,231.59,False
acdc40,United States,244.0,False
155baf,Russian Federation,186.9,False
3d166e,Germany,53.08,False
e49aa8,Brazil,229.01,False
aaf0ce,United States,254.35,False
a66dc4,United States,39.93,False
71c399,Republic of Korea,263.57,False
71c398,Republic of Korea,254.71,False
a256a7,United States,58.03,False
880c4d,Thailand,210.88,False
abbc75,United States,0.0,True
880c4a,Thailand,217.27,False
407e71,United Kingdom,208.67,False
71c394,Republic of Korea,112.4,False
407e5f,United Kingdom,220.64,False
ac30e9,United States,283.35,False
781917,China,200.16,False
71c389,Republic of Korea,246.13,False
3d6fb7,Germany,140.37,False
71c381,Republic of Korea,4.37,True
a04c50,United States,42.8,False
407e4e,United Kingdom,211.17,False
3f6931,Germany,67.36,False
a62778,United States,255.43,False
a2b9a2,United States,132.15,False
c0440e,Canada,0.0,True
46dca2,Greece,222.87,False
407e53,United Kingdom,227.37,False
407e54,United Kingdom,214.07,False
c04413,Canada,9.26,True
384bff,France,9.77,True
adb3cb,United States,251.0,False
406b13,United Kingdom,240.14,False
407e45,United Kingdom,216.95,False
a48499,United States,263.83,False
a98700,United States,59.38,False
407e46,United Kingdom,219.52,False
440658,Austria,214.84,False
a123e0,United States,220.12,False
4b4408,Switzerland,33.51,False
a1cf6b,United States,0.0,True
44064a,Austria,1.29,True
a243d2,United States,232.59,False
a389f8,United States,190.6,False
ac69b6,United States,0.0,True
a9b14e,United States,72.29,False
a0af7c,United States,211.99,False
a2a6ad,United States,0.0,True
a3b3a7,United States,26.74,False
7818dc,China,217.87,False
e4a2dd,Brazil,112.79,False
a506d5,United States,211.81,False
a05f95,United States,201.89,False
a16c2c,United States,99.82,False
a9614d,United States,206.54,False
407cf7,United Kingdom,265.4,False
a123bf,United States,0.0,True
440669,Austria,0.19,True
440666,Austria,71.16,False
a1cf48,United States,231.57,False
44065c,Austria,2.31,True
44065b,Austria,225.33,False
a28c23,United States,240.73,False
a639f5,United States,229.47,False
a9615a,United States,12.35,True
440612,Austria,251.49,False
440611,Austria,254.61,False
4b4449,Switzerland,47.49,False
a72167,United States,198.3,False
a98799,United States,70.25,False
a2a6fe,United States,0.0,True
4b4444,Switzerland,49.17,False
a01805,United States,109.22,False
7805dd,China,223.15,False
440608,Austria,104.12,False
440606,Austria,228.44,False
440604,Austria,250.13,False
7805f2,China,208.24,False
4b441d,Switzerland,56.7,False
ad0f29,United States,231.74,False
a85493,United States,219.26,False
a8b760,United States,239.44,False
ac56ba,United States,242.85,False
a496cb,United States,199.77,False
48c1a9,Poland,174.29,False
aaaf71,United States,139.31,False
48c1a7,Poland,204.01,False
48c1a5,Poland,155.18,False
48c1a4,Poland,186.39,False
48c1a1,Poland,243.48,False
868dd7,Japan,278.16,False
a9876e,United States,257.91,False
440625,Austria,212.48,False
a1bc3b,United States,46.34,False
aa0481,United States,69.72,False
ac69fc,United States,215.09,False
44061d,Austria,207.61,False
44061c,Austria,217.04,False
4b4455,Switzerland,78.36,False
40104f,United Kingdom,218.95,False
abcf58,United States,221.67,False
ab1122,United States,3.34,True
ad7757,United States,54.26,False
3949ea,France,224.58,False
a470e3,United States,40.8,False
aaaddc,United States,219.27,False
3949ed,France,243.01,False
3949ec,France,244.21,False
4b4482,Switzerland,43.81,False
155c20,Russian Federation,96.79,False
a05eb4,United States,242.55,False
ad7760,United States,210.96,False
a590ce,United States,66.57,False
503d4d,Lithuania,240.8,False
a89c25,United States,44.33,False
a89c23,United States,233.41,False
4b4478,Switzerland,23.71,False
06a093,Qatar,4.37,True
39cf07,France,236.24,False
39cf09,France,241.75,False
06a07f,Qatar,234.31,False
8406d0,Japan,294.37,False
a470ae,United States,57.59,False
a7cc55,United States,130.7,False
06a07b,Qatar,245.01,False
39cf00,France,268.12,False
39cf02,France,234.9,False
39cf03,France,264.83,False
39cf04,France,232.88,False
49d124,Czech Republic,59.38,False
39cf0a,France,189.79,False
7cf647,Australia,0.06,True
39cf0c,France,158.64,False
090062,Angola,247.28,False
a42f8b,United States,223.72,False
503d71,Lithuania,232.61,False
45aa53,Denmark,231.8,False
06a08e,Qatar,248.71,False
4b448a,Switzerland,0.0,True
06a09b,Qatar,238.52,False
a8ec16,United States,57.53,False
a41c69,United States,1.29,True
06a09a,Qatar,241.29,False
aa4c42,United States,216.57,False
3949f9,France,188.87,False
ab1162,United States,150.35,False
a77c11,United States,208.09,False
4404ef,Austria,59.99,False
a17ecd,United States,228.94,False
407ce4,United Kingdom,0.0,True
e4a2d2,Brazil,150.64,False
a759eb,United States,235.63,False
e4a2d5,Brazil,194.62,False
7c806f,Australia,269.0,False
7cf69f,Australia,5.4,True
a3fc58,United States,122.02,False
a879d4,United States,1.29,False
4404f1,Austria,42.71,False
aa03a2,United States,207.12,False
ab249e,United States,245.56,False
39bc49,France,56.79,False
a9e9a5,United States,30.35,False
342211,Spain,100.99,False
342210,Spain,222.57,False
aca788,United States,201.76,False
49d163,Czech Republic,45.0,False
aca79d,United States,240.93,False
e4a2b8,Brazil,234.1,False
7cf67b,Australia,0.06,True
a9618a,United States,213.53,False
a866c7,United States,174.47,False
407cb4,United Kingdom,238.99,False
a879db,United States,62.58,False
407cb3,United Kingdom,194.46,False
aaf183,United States,144.3,False
407cb0,United Kingdom,197.44,False
a7cc00,United States,219.63,False
ab7f05,United States,66.88,False
4010ea,United Kingdom,227.09,False
4010ed,United Kingdom,229.45,False
0ac981,Colombia,53.92,False
4010ec,United Kingdom,203.28,False
4010eb,United Kingdom,100.33,False
480c03,Kingdom of the Netherlands,60.05,False
3ecc78,Germany,49.05,False
e4a393,Brazil,250.69,False
e4a392,Brazil,261.92,False
48619b,Kingdom of the Netherlands,41.93,False
780741,China,187.22,False
acca88,United States,3.86,True
4406de,Austria,258.04,False
4010dc,United Kingdom,208.89,False
4010db,United Kingdom,219.86,False
4010da,United Kingdom,214.48,False
4010e9,United Kingdom,225.27,False
a2454f,United States,232.55,False
4406f0,Austria,209.99,False
406c81,United Kingdom,233.87,False
406c80,United Kingdom,214.33,False
0ac956,Colombia,9.26,True
76b444,Singapore,168.23,False
51016c,Belarus,262.52,False
76b446,Singapore,225.27,False
76b448,Singapore,200.51,False
a2452f,United States,42.18,True
a8ec98,United States,194.77,False
a37842,United States,257.61,False
a8a3ce,United States,225.86,False
a35254,United States,0.06,True
abbca1,United States,172.01,False
76b453,Singapore,1.8,True
76b454,Singapore,241.41,False
4b9e4f,Turkey,1.29,True
76b455,Singapore,4.89,True
a24591,United States,220.2,False
a42efc,United States,197.17,False
48c46b,Poland,37.04,False
76b44d,Singapore,190.4,False
780788,China,145.18,False
e082d6,Argentina,226.93,False
ab398a,United States,237.22,False
ac9fdd,United States,31.7,False
76b45a,Singapore,9.26,True
a16bff,United States,106.56,False
ab133d,United States,47.22,False
a35220,United States,233.7,False
a42ee9,United States,238.05,False
8514f8,Japan,243.86,False
a9d6e7,United States,38.73,False
a41bb5,United States,205.25,False
ac3338,United States,246.72,False
a8ec53,United States,59.66,False
a36556,United States,235.57,False
0ac98a,Colombia,224.68,False
4b42f3,Switzerland,58.32,False
a59265,United States,55.51,False
3e350c,Germany,157.24,False
a017c9,United States,162.36,False
3d1548,Germany,57.09,False
c04552,Canada,41.97,False
aa9036,United States,99.46,False
a16d12,United States,48.98,False
407f41,United Kingdom,50.47,False
407f42,United Kingdom,113.95,False
407f2c,United Kingdom,296.26,False
a017a5,United States,216.34,False
407f38,United Kingdom,211.31,False
a017a8,United States,0.51,True
407f35,United Kingdom,226.58,False
407f1f,United Kingdom,201.63,False
ab11ea,United States,52.85,False
7cf6dd,Australia,5.92,True
a9c508,United States,77.21,False
ad51b7,United States,69.6,False
aa4ce9,United States,250.55,False
407f0e,United Kingdom,228.78,False
e4a346,Brazil,100.82,False
510131,Belarus,34.65,False
a4e86e,United States,92.0,False
aa198b,United States,85.4,False
8621ea,Japan,265.23,False
aa4ce2,United States,169.82,False
407f8c,United Kingdom,217.19,False
407f8d,United Kingdom,207.26,False
c0583f,Canada,224.14,False
a4d545,United States,58.3,False
abbd8d,United States,219.81,False
e20066,Argentina,34.71,False
44079a,Austria,248.38,False
407f7d,United Kingdom,230.3,False
a377a9,United States,48.38,False
aaf1fa,United States,246.98,False
407f7b,United Kingdom,216.4,False
407f7c,United Kingdom,208.45,False
c0582b,Canada,198.94,False
c0583a,Canada,241.2,False
adea26,United States,215.0,False
3e4801,Germany,191.4,False
406c3b,United Kingdom,269.64,False
840944,Japan,240.25,False
aa4cc1,United States,162.09,False
406c3a,United Kingdom,241.67,False
406c43,United Kingdom,243.41,False
c88092,Fiji,196.65,False
a65bbc,United States,235.49,False
78070b,China,96.4,False
a28d11,United States,44.25,False
009a02,South Africa,43.95,False
407f5f,United Kingdom,242.94,False
e2006a,Argentina,30.87,False
390024,France,50.94,False
c0584f,Canada,244.07,False
a137e0,United States,72.24,False
407f65,United Kingdom,240.87,False
a3a25c,United States,79.45,False
a74871,United States,96.21,False
407f66,United Kingdom,215.24,False
407f63,United Kingdom,245.77,False
406c39,United Kingdom,282.59,False
407f61,United Kingdom,235.32,False
407f62,United Kingdom,212.7,False
78071a,China,150.25,False
851580,Japan,122.15,False
401176,United Kingdom,44.19,False
a364c4,United States,69.72,False
440764,Austria,35.38,False
a3ea17,United States,237.17,False
a9b273,United States,192.57,False
e4a1e6,Brazil,0.0,True
a507f5,United States,227.86,False
a9b23d,United States,48.55,False
406ade,United Kingdom,179.28,False
a1bd47,United States,50.92,False
a3b4d6,United States,131.2,False
c82b16,New Zealand,63.56,False
406add,United Kingdom,224.23,False
df11f3,,27.0,False
a3b4e9,United States,99.63,False
407f0d,United Kingdom,163.07,False
407f19,United Kingdom,216.6,False
acdd01,United States,62.99,False
4b4322,Switzerland,37.93,False
c82b32,New Zealand,227.41,False
a01927,United States,53.54,False
ac8d3c,United States,4.12,True
a1bd88,United States,167.64,False
ac31a1,United States,231.91,False
48c2ad,Poland,199.33,False
48c2ac,Poland,242.56,False
a9d86c,United States,260.41,False
7cf6a4,Australia,1.03,True
48c2b9,Poland,173.64,False
48c2b7,Poland,185.96,False
48c2b8,Poland,241.2,False
48c2b6,Poland,114.76,False
48c2b3,Poland,240.17,False
342398,Spain,3.34,True
a1bd6a,United States,223.45,False
342397,Spain,212.17,False
48c2b1,Poland,240.45,False
ab24ea,United States,73.05,False
abbd47,United States,247.01,False
503c48,Lithuania,81.7,False
342396,Spain,110.03,False
4b302d,Switzerland,72.63,False
71c517,Republic of Korea,4.12,True
71c515,Republic of Korea,260.92,False
71c513,Republic of Korea,214.37,False
48c2a9,Poland,0.06,True
a854d0,United States,237.19,False
a8a4c7,United States,249.55,False
48c2a7,Poland,223.26,False
48c2a5,Poland,194.11,False
48c2a2,Poland,243.81,False
48c2a1,Poland,0.0,True
a64a73,United States,197.81,False
71c505,Republic of Korea,239.19,False
a9fa04,United States,94.58,False
a50900,United States,6.17,True
3e47ba,Germany,224.46,False
a471e0,United States,253.57,False
a52a99,United States,237.22,False
45ab53,Denmark,2.83,True
34368c,Spain,75.2,False
0d0297,Mexico,142.5,False
71c535,Republic of Korea,153.1,False
45ab54,Denmark,226.55,False
a2ca5f,United States,212.38,False
71c533,Republic of Korea,44.24,False
71c534,Republic of Korea,5.4,True
49d006,Czech Republic,241.7,False
a40a69,United States,80.65,False
8514b4,Japan,207.52,False
867d00,Japan,110.15,False
71c525,Republic of Korea,234.31,False
71c522,Republic of Korea,242.33,False
a2ca64,United States,256.43,False
a9d7ab,United States,44.53,False
a76a61,United States,97.14,False
a40a55,United States,40.13,False
acdbf4,United States,30.35,True
49d00d,Czech Republic,207.12,False
c069de,Canada,227.74,False
406ac4,United Kingdom,221.66,False
e49a64,Brazil,106.95,False
45ab50,Denmark,232.36,False
406ac3,United Kingdom,213.32,False
4b4394,Switzerland,57.85,False
86226a,Japan,214.53,False
49d039,Czech Republic,256.41,False
49d034,Czech Republic,130.86,False
ab129a,United States,228.11,False
a3fd91,United States,61.23,False
a601b5,United States,65.22,False
49d045,Czech Republic,197.9,False
a77d45,United States,33.24,False
acdbee,United States,208.41,False
acdbef,United States,233.09,False
45ab24,Denmark,206.12,False
45ab26,Denmark,237.32,False
45ab21,Denmark,144.44,False
aaf29f,United States,237.83,False
45ab22,Denmark,231.63,False
ad5273,United States,0.0,True
a43ea7,United States,251.1,False
a43ea6,United States,238.49,False
a983f3,United States,78.36,False
a8fc72,United States,221.5,False
407c6d,United Kingdom,227.5,False
3801da,France,0.0,True
71c595,Republic of Korea,193.88,False
71c596,Republic of Korea,155.24,False
abba6c,United States,250.64,False
adc4f2,United States,31.9,False
a37517,United States,229.37,False
71c590,Republic of Korea,260.35,False
71c594,Republic of Korea,207.21,False
a37514,United States,76.31,False
47a185,Norway,242.08,False
a91c91,United States,60.94,False
801407,India,230.04,False
801406,India,242.93,False
801410,India,239.71,False
71c584,Republic of Korea,237.84,False
a8a0d9,United States,240.27,False
71c580,Republic of Korea,228.11,False
71c581,Republic of Korea,215.28,False
e4a247,Brazil,0.0,True
780872,China,222.69,False
780873,China,120.7,False
aa4a90,United States,207.38,False
7c3fcb,Australia,122.75,False
a850dc,United States,228.26,False
48c139,Poland,224.46,False
48c135,Poland,8.75,True
789218,China,201.94,False
48c134,Poland,236.7,False
48c130,Poland,223.96,False
a9e6de,United States,54.02,False
78921a,China,235.65,False
78921b,China,147.72,False
78921c,China,2.57,True
ac692a,United States,244.08,False
48c129,Poland,240.02,False
78921d,China,225.87,False
48c127,Poland,231.29,False
789228,China,214.92,False
71c559,Republic of Korea,4.63,True
48c124,Poland,100.35,False
a983b7,United States,245.48,False
801439,India,68.37,False
789229,China,158.25,False
48c125,Poland,92.2,False
48c122,Poland,236.6,False
48c123,Poland,241.8,False
a3b0f3,United States,204.41,False
789234,China,191.43,False
aa01de,United States,6.94,True
789231,China,278.65,False
71c552,Republic of Korea,244.09,False
801442,India,211.1,False
71c558,Republic of Korea,248.2,False
71c555,Republic of Korea,253.17,False
789235,China,257.18,False
71c556,Republic of Korea,267.22,False
789230,China,263.93,False
ab8fd0,United States,234.16,False
a6cf94,United States,139.02,False
78922f,China,262.7,False
510080,Belarus,29.7,False
789242,China,267.02,False
71c541,Republic of Korea,3.86,True
789243,China,259.04,False
789249,China,233.83,False
71c544,Republic of Korea,0.06,True
789246,China,262.14,False
ab362c,United States,187.9,False
a6bc53,United States,79.45,False
789240,China,224.99,False
a863dd,United States,96.17,False
a43ec3,United States,244.52,False
71c574,Republic of Korea,4.12,False
789254,China,238.34,False
a49510,United States,245.48,False
a30bb3,United States,52.9,False
a66c99,United States,222.13,False
a2685b,United States,240.97,False
80141d,India,268.1,False
ad8935,United States,233.24,False
80141c,India,251.26,False
ab3655,United States,77.56,False
71c564,Republic of Korea,206.05,False
789267,China,5.66,True
789264,China,68.71,False
407c89,United Kingdom,117.54,False
71c568,Republic of Korea,164.45,False
801434,India,241.08,False
789269,China,261.12,False
71c567,Republic of Korea,170.37,False
aaacc3,United States,137.87,False
71c560,Republic of Korea,135.14,False
71c561,Republic of Korea,170.8,False
80146f,India,67.78,False
80146d,India,96.7,False
38295a,France,0.0,True
440498,Austria,6.55,False
4b9d82,Turkey,59.14,False
a3b23c,United States,42.88,False
a98519,United States,53.24,False
3444da,Spain,229.07,False
ad0d35,United States,81.34,False
a8b516,United States,0.06,True
a5f208,United States,241.54,False
adb29f,United States,231.04,False
3444cf,Spain,203.93,False
801495,India,234.7,False
44047d,Austria,72.24,False
4cc4a9,Iceland,243.43,False
3d1437,Germany,51.41,False
acda02,United States,218.02,False
600bbe,Azerbaijan,242.85,False
a1226e,United States,234.4,False
3444d0,Spain,245.54,False
a4d245,United States,59.76,False
7041c1,Myanmar,0.0,False
aced2b,United States,191.92,False
aced2f,United States,46.64,False
801460,India,239.33,False
a7a84a,United States,54.55,False
aced23,United States,213.53,False
80145a,India,245.93,False
aaad78,United States,0.0,False
a73224,United States,133.46,False
600bc6,Azerbaijan,7.72,True
abba43,United States,10.29,True
3d2700,Germany,59.66,False
440452,Austria,218.19,False
440461,Austria,0.0,False
009d4a,South Africa,241.81,False
ac41ab,United States,238.74,False
43f773,United Kingdom,155.53,False
a147b5,United States,6.43,True
aa6fca,United States,234.88,False
78080a,China,222.03,False
78080b,China,82.6,False
aa2969,United States,35.83,False
a04a01,United States,0.0,True
c06825,Canada,181.92,False
ac41d3,United States,30.57,False
80148e,India,71.0,False
407c0a,United Kingdom,239.69,False
440475,Austria,49.78,False
3e4719,Germany,199.95,False
3d270c,Germany,28.78,False
a3d890,United States,235.49,False
ac8a66,United States,119.95,False
440469,Austria,124.6,False
80149e,India,241.91,False
78083a,China,237.89,False
4cc4f1,Iceland,110.84,False
ad0d7f,United States,141.41,False
a6252d,United States,32.23,False
a29d37,United States,135.88,False
4a482d,Romania,252.62,False
06a1b2,Qatar,72.65,False
a04a42,United States,113.6,False
a1cd0d,United States,47.04,False
06a1c9,Qatar,246.34,False
a04a49,United States,216.48,False
407ad7,United Kingdom,63.21,False
06a1c8,Qatar,234.78,False
06a1c0,Qatar,175.65,False
c040e8,Canada,194.57,False
06a1bd,Qatar,222.86,False
06a1bb,Qatar,260.0,False
06a1bc,Qatar,190.03,False
3d148d,Germany,51.81,False
a17d1f,United States,71.11,False
407ac6,United Kingdom,215.58,False
407ac3,United Kingdom,139.93,False
a0ad24,United States,3.86,True
06a1ce,Qatar,261.18,False
44042f,Austria,208.59,False
06a1ca,Qatar,245.09,False
440429,Austria,35.56,False
a3fa01,United States,35.68,False
8a0235,Indonesia,236.44,False
a29d11,United States,26.23,False
a87898,United States,236.38,False
a05d9b,United States,0.06,True
c066fb,Canada,195.87,False
4bb848,Turkey,232.27,False
4bb847,Turkey,220.95,False
4bb845,Turkey,137.2,False
4bb842,Turkey,213.9,False
4bb841,Turkey,83.76,False
4bb850,Turkey,66.73,False
a9e857,United States,38.59,False
a28a53,United States,227.38,False
06a1ed,Qatar,213.4,False
06a1ea,Qatar,228.26,False
06a1eb,Qatar,259.79,False
343397,Spain,124.21,False
a1cd4e,United States,8.23,True
4bb859,Turkey,234.21,False
4bb855,Turkey,238.4,False
4bb852,Turkey,246.34,False
4bb861,Turkey,72.29,False
a8653c,United States,69.26,False
4bb84f,Turkey,224.25,False
4bb84c,Turkey,11.83,True
4bb84a,Turkey,112.26,False
343386,Spain,228.6,False
343385,Spain,161.23,False
a04a4d,United States,165.52,False
a05d92,United States,235.22,False
c1e9ce,Canada,6.94,True
0d04ae,Mexico,165.18,False
a8b533,United States,70.12,False
ac54a4,United States,57.14,False
a2ed22,United States,202.83,False
a0ad6c,United States,214.48,False
407af1,United Kingdom,0.0,True
3e210e,Germany,1.29,True
7cf7c6,Australia,77.17,False
7cf7c5,Australia,0.45,False
c053f6,Canada,207.81,False
344696,Spain,101.5,False
344697,Spain,246.42,False
aaad2c,United States,52.29,False
344699,Spain,6.43,True
344693,Spain,0.0,True
c1e9c4,Canada,6.69,True
8515a2,Japan,181.46,False
46a5e4,Greece,251.06,False
c1e9c6,Canada,6.69,True
46a5e3,Greece,221.81,False
344691,Spain,150.13,False
a7a7bf,United States,38.34,False
4bb886,Turkey,254.84,False
4bb885,Turkey,149.25,False
a877d3,United States,202.24,False
a997bf,United States,51.96,False
504e59,Republic of Moldova,264.84,False
78926f,China,235.49,False
4402f1,Austria,213.08,False
4402f0,Austria,222.52,False
aa01a6,United States,35.72,False
a2da59,United States,233.49,False
4cc53b,Iceland,237.7,False
78926c,China,89.31,False
ac4210,United States,228.77,False
4402db,Austria,231.26,False
a2a4ed,United States,49.97,False
789287,China,218.64,False
4cc53a,Iceland,194.47,False
4cc547,Iceland,201.55,False
a01616,United States,80.47,False
789280,China,211.78,False
ac4208,United States,44.03,False
4cc549,Iceland,260.47,False
4bb88f,Turkey,219.99,False
a1ba6b,United States,65.75,False
504e48,Republic of Moldova,253.55,False
ad8840,United States,48.89,False
ac420a,United States,73.06,False
c066dd,Canada,230.83,False
8515c4,Japan,228.63,False
a42d71,United States,61.54,False
4bb866,Turkey,237.54,False
4cc50e,Iceland,255.06,False
4bb867,Turkey,221.25,False
78927c,China,235.83,False
4bb863,Turkey,251.0,False
ac5544,United States,46.92,False
ab355c,United States,232.88,False
789297,China,226.09,False
4bb870,Turkey,221.35,False
c053c0,Canada,33.85,False
a78d73,United States,235.85,False
abcbb1,United States,51.67,False
789291,China,139.85,False
4cc516,Iceland,147.66,False
c066f0,Canada,80.69,False
789290,China,230.42,False
789295,China,189.17,False
4cc510,Iceland,182.47,False
4bb85a,Turkey,226.02,False
789293,China,237.5,False
789294,China,4.89,True
4bb86a,Turkey,89.73,False
504e61,Republic of Moldova,130.18,False
4bb875,Turkey,242.94,False
3e7c13,Germany,27.11,False
a1ba59,United States,100.69,False
4bb86f,Turkey,225.15,False
4bb86d,Turkey,199.09,False
4bb86e,Turkey,216.55,False
4bb86b,Turkey,137.27,False
a6bd51,United States,148.44,False
4cc586,Iceland,175.1,False
a2b919,United States,249.0,False
a9d59a,United States,247.46,False
adc531,United States,118.75,False
aa5d23,United States,202.38,False
4cc582,Iceland,80.07,False
4402ae,Austria,248.14,False
4402ac,Austria,176.37,False
4788d1,Norway,2.57,True
adc539,United States,53.96,False
a517dc,United States,229.46,False
ac5569,United States,192.74,False
a757ae,United States,252.65,False
504e8a,Republic of Moldova,237.37,False
a637c6,United States,63.63,False
4cc577,Iceland,265.61,False
469e45,Greece,243.6,False
344644,Spain,220.87,False
4cc594,Iceland,209.01,False
504e86,Republic of Moldova,235.84,False
504e84,Republic of Moldova,103.45,False
a2da8f,United States,248.52,False
a3c4d0,United States,241.48,False
4cc57e,Iceland,148.47,False
4cc57a,Iceland,130.77,False
4cc587,Iceland,208.16,False
47a097,Norway,225.32,False
acb88c,United States,50.93,False
46b8b3,Greece,207.14,False
a13608,United States,103.73,False
4402cd,Austria,75.91,False
a97282,United States,264.45,False
a624ac,United States,223.93,False
46b8ad,Greece,226.83,False
46b8aa,Greece,0.64,True
4402e8,Austria,229.75,False
403409,United Kingdom,61.41,False
46b8af,Greece,92.41,False
4cc573,Iceland,256.63,False
4cc574,Iceland,237.89,False
87304a,Japan,251.95,False
46b8a2,Greece,227.87,False
47a05e,Norway,229.85,False
7807bb,China,246.98,False
46b8a6,Greece,232.8,False
46b8a9,Greece,241.49,False
3814da,France,0.0,True
a1492e,United States,48.44,False
a05cf0,United States,231.82,False
780970,China,252.59,False
a12338,United States,46.02,False
4404ac,Austria,0.06,True
a0acbb,United States,5.4,True
a9c1c8,United States,39.43,False
a3761c,United States,178.3,False
780978,China,0.0,True
abbb8b,United States,38.21,False
06a117,Qatar,249.7,False
406a62,United Kingdom,225.95,False
a2b955,United States,48.79,False
48c26c,Poland,220.45,False
06a10f,Qatar,238.27,False
06a10d,Qatar,245.94,False
4021cd,United Kingdom,73.58,False
801527,India,74.11,False
e4a12a,Brazil,258.87,False
406a59,United Kingdom,235.6,False
06a128,Qatar,280.9,False
801536,India,213.56,False
06a125,Qatar,252.04,False
801534,India,249.7,False
06a122,Qatar,224.71,False
3ffd51,Germany,58.27,False
06a120,Qatar,263.91,False
43f7c7,United Kingdom,137.58,False
e4a125,Brazil,165.46,False
406a3e,United Kingdom,2.06,True
e4a128,Brazil,203.36,False
06a11d,Qatar,219.67,False
a7591f,United States,69.45,False
a8fd5a,United States,206.69,False
780999,China,93.18,False
a51965,United States,80.5,False
ac5700,United States,241.96,False
06a136,Qatar,256.58,False
4404e3,Austria,50.79,False
407d5f,United Kingdom,113.3,False
06a12b,Qatar,218.35,False
06a12a,Qatar,220.85,False
407d5b,United Kingdom,224.97,False
406a34,United Kingdom,83.85,False
06a149,Qatar,83.1,False
06a147,Qatar,254.93,False
c0307a,Canada,225.34,False
468d07,Greece,219.79,False
c0307c,Canada,235.53,False
48e89e,Poland,43.04,False
06a141,Qatar,238.62,False
4404d1,Austria,79.61,False
a13650,United States,189.38,False
80154b,India,77.36,False
a984d1,United States,224.21,False
a7dd69,United States,50.21,False
a9e7e8,United States,35.44,False
06a13c,Qatar,248.63,False
406a9e,United Kingdom,235.63,False
a1ccec,United States,148.8,False
406a9c,United Kingdom,43.21,True
a48321,United States,241.45,False
a2b997,United States,70.35,False
a2b991,United States,221.94,False
48c22e,Poland,214.55,False
48c22f,Poland,0.0,True
aaadb2,United States,0.0,True
48c22c,Poland,216.55,False
48c22d,Poland,219.92,False
801560,India,247.75,False
a36348,United States,96.34,False
3d24e0,Germany,68.81,False
80155a,India,171.83,False
48c238,Poland,145.01,False
86cf2b,Japan,245.22,False
48e899,Poland,238.2,False
a29cf5,United States,54.65,False
48c235,Poland,228.68,False
48c233,Poland,220.48,False
a3897f,United States,233.33,False
48c230,Poland,142.71,False
48e893,Poland,224.65,False
48c231,Poland,222.86,False
86cf38,Japan,254.47,False
801573,India,129.44,False
48e87f,Poland,228.19,False
406a95,United Kingdom,145.89,False
406a93,United Kingdom,129.18,False
801571,India,101.48,False
80152d,India,248.45,False
48c229,Poland,162.22,False
406a91,United Kingdom,242.48,False
48c227,Poland,239.95,False
48c228,Poland,237.43,False
80152c,India,138.55,False
48c225,Poland,292.81,False
a0acdd,United States,232.27,False
48c226,Poland,188.89,False
48c224,Poland,191.8,False
a1100d,United States,197.57,False
48c221,Poland,224.9,False
48c222,Poland,238.35,False
a29ce6,United States,71.0,False
ac5746,United States,226.18,False
80152f,India,219.86,False
86cf5a,Japan,234.43,False
48c210,Poland,62.55,False
090149,Angola,0.0,True
a851c3,United States,189.78,False
09013a,Angola,0.0,False
48e85a,Poland,0.0,True
a55fa2,United States,242.75,False
80158b,India,194.54,False
a3c68c,United States,157.81,False
a66ce0,United States,221.54,False
ab7e80,United States,134.83,False
a9e93b,United States,231.46,False
392422,France,48.23,False
80159a,India,224.23,False
148011,Russian Federation,0.0,False
00a3b9,South Africa,210.6,False
a97310,United States,90.79,False
407d00,United Kingdom,59.43,False
a148a4,United States,64.82,False
385db0,France,41.85,False
abbb24,United States,72.76,False
a4d35c,United States,63.78,False
c05678,Canada,52.41,False
a7333f,United States,40.02,False
801587,India,212.21,False
a7eff7,United States,179.55,False
a2a686,United States,230.04,False
85186a,Japan,68.91,False
801580,India,99.17,False
3fea74,Germany,54.3,False
ac8b43,United States,176.57,False
801581,India,116.78,False
80157c,India,228.08,False
a36352,United States,0.26,True
add8cb,United States,44.32,False
4b40c8,Switzerland,60.39,False
c03001,Canada,215.71,False
ac9e7b,United States,31.59,False
adc5a3,United States,48.66,False
a8530a,United States,31.98,False
801595,India,89.59,False
801596,India,249.17,False
acee50,United States,238.52,False
780928,China,255.74,False
50052e,San Marino,211.16,False
c04339,Canada,52.03,False
801591,India,214.03,False
a388a9,United States,14.4,True
a86605,United States,176.78,False
780935,China,177.56,False
3445d4,Spain,210.14,False
39244d,France,49.13,False
a66cb8,United States,43.39,False
3e31ea,Germany,226.49,False
ac9e9b,United States,82.13,False
a0ae33,United States,235.6,False
407d46,United Kingdom,82.37,False
440570,Austria,251.45,False
a54cd9,United States,144.59,False
adfb16,United States,0.0,False
a9e902,United States,49.2,False
a5afd0,United States,55.82,False
abbb77,United States,5.66,True
e08195,Argentina,75.95,False
a148b9,United States,275.13,False
4047cc,United Kingdom,36.76,False
440589,Austria,8.75,True
3ffd6c,Germany,34.41,False
06a106,Qatar,268.27,False
407d22,United Kingdom,235.4,False
06a107,Qatar,253.85,False
06a102,Qatar,131.74,False
851848,Japan,208.53,False
06a101,Qatar,240.37,False
a5aff2,United States,145.81,False
885112,Thailand,135.06,False
885114,Thailand,97.2,False
3ffcd1,Germany,31.89,False
a388e8,United States,101.91,False
3d1378,Germany,67.45,False
43f858,United Kingdom,224.77,False
c06909,Canada,28.46,False
a1bb25,United States,41.7,False
a1ce54,United States,47.4,False
ab1096,United States,47.67,False
885106,Thailand,272.32,False
ad5046,United States,68.22,False
7892a2,China,69.3,False
06a0a8,Qatar,249.94,False
a84057,United States,62.69,False
440521,Austria,46.35,False
3ffce4,Germany,54.72,False
407bde,United Kingdom,113.11,False
a42e13,United States,75.3,False
43f840,United Kingdom,175.25,False
a9b030,United States,107.54,False
3ffcd6,Germany,47.94,False
ac306b,United States,40.12,False
407bdc,United Kingdom,214.07,False
a2b8c2,United States,247.85,False
a78e09,United States,192.92,False
06a0b6,Qatar,244.59,False
a2b8c5,United States,241.03,False
7892ab,China,225.19,False
a4f8bd,United States,66.01,False
06a0ae,Qatar,177.82,False
06a0ab,Qatar,169.44,False
a9b007,United States,227.47,False
440549,Austria,244.76,False
06a0c0,Qatar,252.76,False
88510e,Thailand,186.79,False
88510d,Thailand,262.64,False
88510c,Thailand,242.89,False
adb35c,United States,231.36,False
a388af,United States,109.84,False
06a0bd,Qatar,233.74,False
885115,Thailand,129.22,False
a9d675,United States,60.62,False
43f819,United Kingdom,0.0,True
8013c3,India,94.44,False
ab6b02,United States,220.23,False
342189,Spain,0.0,True
342188,Spain,41.16,False
a362be,United States,87.0,False
155bd4,Russian Federation,256.66,False
a86674,United States,127.13,False
06a0e8,Qatar,247.34,False
06a0e6,Qatar,264.57,False
06a0e5,Qatar,257.23,False
8013d1,India,184.22,False
c041b9,Canada,1.29,True
a495bf,United States,237.37,False
155bce,Russian Federation,231.95,False
06a0de,Qatar,274.48,False
4acaa1,Sweden,199.61,False
4acaa3,Sweden,216.26,False
4acaa2,Sweden,224.97,False
4acaa4,Sweden,218.39,False
ac9e36,United States,220.07,False
8013a3,India,238.6,False
06a0f9,Qatar,139.69,False
06a0f7,Qatar,12.43,False
06a0f5,Qatar,246.48,False
a28b3c,United States,47.49,False
06a0f4,Qatar,5.66,True
a362b2,United States,231.57,False
a42e48,United States,0.0,True
a8a319,United States,143.51,False
a495b4,United States,230.7,False
8013b2,India,237.26,False
ab35cb,United States,0.0,True
a29e5c,United States,93.63,False
a1bb32,United States,82.6,False
ac9e3d,United States,52.57,False
0900bb,Angola,245.08,False
a362a2,United States,246.74,False
a9e965,United States,45.73,False
a04b92,United States,12.86,True
aaae4b,United States,252.36,False
06a0fd,Qatar,156.89,False
acb8ad,United States,119.71,False
06a0fa,Qatar,0.0,True
ad7634,United States,232.19,False
ad7633,United States,274.7,False
ad1fcf,United States,142.1,False
71c759,Republic of Korea,244.26,False
a745db,United States,224.21,False
a8b5b2,United States,223.72,False
4b4121,Switzerland,56.7,False
71c754,Republic of Korea,5.66,True
a3fb6f,United States,249.3,False
3935b8,France,48.38,False
8013fb,India,133.62,False
86cf09,Japan,255.95,False
a745d2,United States,37.57,False
a9d5a2,United States,246.68,False
71c744,Republic of Korea,220.47,False
88516d,Thailand,255.1,False
a6ab27,United States,244.07,False
71c743,Republic of Korea,177.45,False
aaf007,United States,228.49,False
4acaa6,Sweden,223.04,False
ab1028,United States,42.63,False
a495ef,United States,124.05,False
a732d9,United States,231.17,False
a865e3,United States,222.07,False
4acab0,Sweden,62.26,False
a65b64,United States,211.0,False
a65b65,United States,49.7,False
aa4b32,United States,0.0,True
a242f7,United States,91.9,False
8013f8,India,107.02,False
ab102a,United States,63.62,False
71c762,Republic of Korea,229.92,False
71c763,Republic of Korea,0.06,True
3d25d8,Germany,77.29,False
71c765,Republic of Korea,12.86,True
a65b76,United States,231.86,False
4acac3,Sweden,0.0,True
4acac2,Sweden,182.37,False
a7cb0b,United States,0.0,True
4a2184,Romania,187.42,False
0ac9de,Colombia,241.04,False
aa28f2,United States,251.84,False
a13748,United States,225.28,False
71c716,Republic of Korea,240.09,False
71c714,Republic of Korea,212.31,False
4a2182,Romania,248.02,False
71c719,Republic of Korea,210.41,False
7808ac,China,33.41,False
a638dd,United States,125.43,False
4a2183,Romania,210.82,False
71c717,Republic of Korea,207.82,False
4a2181,Romania,216.44,False
5004ea,San Marino,70.37,False
342107,Spain,209.05,False
0ac9f0,Colombia,5.4,True
342105,Spain,232.14,False
5004e4,San Marino,256.23,False
5004e3,San Marino,243.13,False
5004e2,San Marino,249.89,False
5004cf,San Marino,219.88,False
a66e3b,United States,229.55,False
71c703,Republic of Korea,106.75,False
71c709,Republic of Korea,234.13,False
a91e11,United States,143.27,False
39bb26,France,234.07,False
3ce078,Germany,234.21,False
71c700,Republic of Korea,137.44,False
a3b2c6,United States,30.69,False
39bb21,France,232.92,False
4cc468,Iceland,80.25,False
a3c5ea,United States,248.52,False
885179,Thailand,266.15,False
71c737,Republic of Korea,101.13,False
885170,Thailand,237.07,False
71c730,Republic of Korea,233.21,False
a9b041,United States,51.11,False
a482fc,United States,142.0,False
a7de16,United States,203.8,False
a4d2c5,United States,42.2,False
0ac9ad,Colombia,150.75,False
710dbc,Saudi Arabia,231.61,False
a9607d,United States,6.17,True
a41b89,United States,201.1,False
4b1815,Switzerland,77.9,False
398239,France,44.47,False
4b1819,Switzerland,145.49,False
408124,United Kingdom,219.29,False
88044f,Thailand,139.78,False
4b1812,Switzerland,257.45,False
a808bb,United States,40.69,False
4b1813,Switzerland,217.11,False
ade191,United States,4.89,True
440da5,Austria,228.76,False
880457,Thailand,130.55,False
880456,Thailand,143.69,False
4b1805,Switzerland,208.02,False
4b1806,Switzerland,54.59,False
a34e6a,United States,133.65,False
4b1807,Switzerland,5.14,True
aa56d4,United States,230.49,False
880450,Thailand,204.35,False
4b1801,Switzerland,236.64,False
4b1802,Switzerland,233.32,False
aa56bf,United States,50.25,False
7c6b31,Australia,140.12,False
aaef60,United States,220.13,False
4952ca,Portugal,236.09,False
a282e5,United States,224.56,False
4952ce,Portugal,2.31,True
7c6b36,Australia,7.72,True
4952cf,Portugal,245.85,False
7c6b35,Australia,213.42,False
a665c5,United States,118.55,False
ace6b5,United States,79.94,False
4952d2,Portugal,223.85,False
7c6b0e,Australia,214.69,False
a71e53,United States,54.62,False
aaa6e4,United States,251.82,False
a70b23,United States,231.19,False
aaef67,United States,54.94,False
4b181d,Switzerland,148.75,False
c0841b,Canada,62.93,False
4952d0,Portugal,225.76,False
a798ea,United States,32.32,False
01de72,Libyan Arab Jamahiriya,41.0,False
440dc7,Austria,41.67,False
a21b44,United States,240.9,False
aaa6dd,United States,254.18,False
4b181a,Switzerland,227.67,False
4b181c,Switzerland,216.43,False
4952c9,Portugal,238.75,False
aa56b6,United States,231.86,False
a08b7c,United States,136.28,False
a46e40,United States,228.98,False
aa56b8,United States,251.27,False
a1fb33,United States,228.03,False
ad3c27,United States,97.23,False
440daf,Austria,214.1,False
4952c2,Portugal,201.86,False
88045a,Thailand,235.68,False
4952c5,Portugal,230.72,False
4952c7,Portugal,208.55,False
4952c8,Portugal,211.88,False
403dbc,United Kingdom,32.23,False
a33b1e,United States,9.26,True
7c6b17,Australia,1.29,True
4952ac,Portugal,182.76,False
a5de4a,United States,56.23,False
7c6b12,Australia,251.37,False
4b180b,Switzerland,218.87,False
4952af,Portugal,228.03,False
3c6669,Germany,207.63,False
3c6668,Germany,228.51,False
3c6667,Germany,223.14,False
ab0f8b,United States,150.76,False
a7c37a,United States,65.78,False
3c664e,Germany,217.08,False
40814a,United Kingdom,123.08,False
e49443,Brazil,263.38,False
a7b057,United States,232.66,False
abb3b6,United States,217.3,False
3c6662,Germany,237.45,False
4952a7,Portugal,143.12,False
3c6678,Germany,122.83,False
ad3c48,United States,269.69,False
a2d2eb,United States,216.45,False
4952a1,Portugal,124.55,False
e4944e,Brazil,220.7,False
3c666e,Germany,257.72,False
3c666b,Germany,195.49,False
4952a6,Portugal,1.03,False
0a00c3,Algeria,257.72,False
3c6672,Germany,180.09,False
48cb15,Poland,109.46,False
3c6670,Germany,219.96,False
ac83d5,United States,201.42,False
3c6675,Germany,245.29,False
a88050,United States,51.88,False
a34e9d,United States,233.35,False
3c667a,Germany,214.68,False
a8f681,United States,77.37,False
ad90a3,United States,142.16,False
40812e,United Kingdom,0.0,True
3c666f,Germany,214.69,False
a2d2e2,United States,79.33,False
40812d,United Kingdom,215.02,False
ace6e2,United States,241.14,False
a0db9c,United States,77.9,False
0d0aca,Mexico,133.48,False
a6eb71,United States,45.11,False
a0574c,United States,246.49,False
a8e2c8,United States,33.75,False
3c65a2,Germany,246.41,False
4b187b,Switzerland,242.34,False
4b187e,Switzerland,234.16,False
3c65ad,Germany,262.44,False
3c65ab,Germany,246.79,False
4b1886,Switzerland,244.36,False
4b1887,Switzerland,224.72,False
3c65c3,Germany,248.85,False
3c65c2,Germany,209.07,False
3c65c1,Germany,230.42,False
a83e86,United States,235.78,False
a69b8f,United States,107.25,False
4b1882,Switzerland,245.06,False
0d0af7,Mexico,196.57,False
a0443b,United States,77.05,False
ac1afa,United States,95.45,False
3d1e40,Germany,78.5,False
3c65d4,Germany,248.2,False
acd481,United States,233.38,False
a915e6,United States,157.38,False
3c65d1,Germany,257.53,False
3c65c6,Germany,252.49,False
3c65c4,Germany,231.01,False
a94b2b,United States,238.16,False
3c65c9,Germany,207.61,False
acd486,United States,5.4,True
3c65c8,Germany,223.92,False
a45b96,United States,225.67,False
3c65cd,Germany,228.46,False
aab9a8,United States,164.01,False
3c65e1,Germany,212.63,False
a45b90,United States,62.5,False
ac7188,United States,255.41,False
3c65d8,Germany,211.75,False
3c65d7,Germany,111.99,False
3c65d6,Germany,192.1,False
a0a721,United States,50.87,False
861f66,Japan,263.71,False
3c65d9,Germany,236.54,False
3c65cc,Germany,245.08,False
3c65ca,Germany,220.29,False
a57b5a,United States,221.43,False
a928f4,United States,255.37,False
a9ae20,United States,53.11,False
0c4184,Dominican Republic,241.25,False
a33aa7,United States,175.73,False
a0579f,United States,86.55,False
abd9a6,United States,55.62,False
a71e5c,United States,182.46,False
a83e49,United States,242.46,False
a82b3b,United States,55.51,False
a785fd,United States,234.1,False
aa43c4,United States,103.33,False
aa9f6f,United States,210.51,False
ae0178,United States,216.97,False
a08acb,United States,250.35,False
aa441c,United States,0.0,True
a6fda3,United States,239.4,False
a3f43c,United States,196.6,False
a5ddb8,United States,53.56,False
3980a6,France,63.66,False
800daf,India,238.27,False
782005,China,219.78,False
a39116,United States,25.95,False
782019,China,173.47,False
e4808c,Brazil,221.35,False
a39113,United States,205.19,False
a6fdc4,United States,95.22,False
c82472,New Zealand,0.0,True
800da0,India,220.85,False
51603f,Montenegro,222.51,False
a30785,United States,48.33,False
a2d41d,United States,41.93,False
a6a414,United States,64.97,False
a1b449,United States,224.81,False
a1a117,United States,125.62,False
a65454,United States,135.82,False
516042,Montenegro,233.59,False
78201a,China,167.4,False
ac7103,United States,254.48,False
75833a,Philippines,148.82,False
a52143,United States,53.84,False
3d1e61,Germany,8.98,False
484679,Kingdom of the Netherlands,36.03,False
a3f401,United States,146.02,False
e492b0,Brazil,6.94,True
86d5c3,Japan,61.06,False
ac1ab8,United States,233.61,False
3c65da,Germany,242.63,False
ac2dea,United States,232.6,False
49530a,Portugal,232.41,False
78203e,China,275.84,False
abb440,United States,6.43,True
84cb66,Japan,223.16,False
758305,Philippines,233.02,False
516097,Montenegro,250.56,False
a58dae,United States,57.06,False
495306,Portugal,232.83,False
abc780,United States,129.33,False
495301,Portugal,240.7,False
a6b717,United States,28.35,False
495303,Portugal,144.48,False
48597d,Kingdom of the Netherlands,213.74,False
a4278e,United States,0.9,True
a3f436,United States,233.48,False
a0a6c5,United States,189.41,False
440cfe,Austria,199.3,False
3c6743,Germany,220.72,False
3c6748,Germany,5.92,True
44a015,Belgium,50.67,False
acd2d3,United States,127.57,False
abb2d5,United States,169.07,False
a7b133,United States,256.96,False
3c6757,Germany,215.91,False
44a00f,Belgium,56.92,False
c2bcd3,Canada,0.39,True
a70aed,United States,0.9,True
e4803d,Brazil,0.0,True
3c6753,Germany,142.55,False
3c6752,Germany,220.02,False
408064,United Kingdom,235.6,False
408066,United Kingdom,118.88,False
ad3b72,United States,68.76,False
a189d4,United States,62.45,False
40804e,United Kingdom,131.11,False
408059,United Kingdom,236.65,False
abb2fe,United States,237.98,False
408053,United Kingdom,207.06,False
408052,United Kingdom,244.0,False
a9adca,United States,42.75,False
a069fd,United States,47.87,False
40803f,United Kingdom,212.42,False
40803c,United Kingdom,240.34,False
3c6706,Germany,214.49,False
440cbd,Austria,201.38,False
440cbe,Austria,245.31,False
a7743a,United States,93.34,False
3c6703,Germany,226.59,False
440cbf,Austria,242.56,False
4b4c90,Switzerland,34.23,False
440cc1,Austria,214.65,False
c0831e,Canada,49.4,False
a7d754,United States,127.47,False
a95dd3,United States,232.85,False
a1fc3b,United States,85.58,False
3c6713,Germany,222.07,False
3c6712,Germany,252.63,False
a69adb,United States,38.56,False
a6a434,United States,249.59,False
3c6711,Germany,236.32,False
3c6710,Germany,260.9,False
3c6717,Germany,252.47,False
a69ade,United States,66.26,False
3c6716,Germany,205.91,False
a82aa0,United States,236.87,False
4b4c6d,Switzerland,27.27,False
a426b3,United States,77.76,False
4951ef,Portugal,240.43,False
a0ef90,United States,61.75,False
a030a8,United States,234.16,False
a22f60,United States,37.91,False
c08341,Canada,44.16,False
4951f0,Portugal,234.96,False
3c670f,Germany,245.41,False
3c670e,Germany,249.66,False
aa5775,United States,58.73,False
3c670c,Germany,4.63,True
e49388,Brazil,93.13,False
48ca60,Poland,76.82,False
4008b2,United Kingdom,6.17,True
40808b,United Kingdom,243.59,False
aa4440,United States,225.52,False
408095,United Kingdom,70.37,False
399519,France,63.39,False
7c4926,Australia,71.47,False
7c4921,Australia,5.14,True
4951cb,Portugal,224.51,False
4951cc,Portugal,226.4,False
4951cd,Portugal,233.07,False
a65490,United States,241.12,False
a7d764,United States,38.89,False
a3f3bd,United States,102.52,False
aa7a1f,United States,3.34,True
40822d,United Kingdom,243.86,False
40822e,United Kingdom,235.48,False
3c6583,Germany,96.93,False
3c6588,Germany,68.54,False
a69c29,United States,121.06,False
3c6585,Germany,68.8,False
a5cc37,United States,239.94,False
3ee214,Germany,27.9,False
3c658c,Germany,67.45,False
3c658b,Germany,230.02,False
a283ed,United States,231.48,False
4b4b8d,Switzerland,36.42,False
02a1a4,Tunisia,219.42,False
a390b1,United States,37.89,False
aa44ac,United States,1.8,True
c02ec7,Canada,242.71,False
3c6595,Germany,73.98,False
a1a0ba,United States,63.76,False
abc7d3,United States,59.03,False
02a1a8,Tunisia,220.19,False
408227,United Kingdom,241.2,False
39d315,France,237.09,False
ac0a22,United States,232.17,False
aa57e4,United States,90.4,False
39d319,France,86.28,False
408228,United Kingdom,230.07,False
aa57e6,United States,163.83,False
a69c52,United States,108.75,False
408229,United Kingdom,245.36,False
a5df79,United States,140.99,False
3dd55d,Germany,43.3,False
abea11,United States,1.54,True
39d310,France,225.71,False
39d311,France,239.69,False
a3e0c3,United States,72.3,False
40820e,United Kingdom,226.89,False
abc7e9,United States,239.14,False
40820f,United Kingdom,232.6,False
ad07cc,United States,58.3,False
4690fa,Greece,4.63,True
710412,Saudi Arabia,245.27,False
c08537,Canada,204.91,False
408213,United Kingdom,215.68,False
c08536,Canada,257.95,False
47bf9d,Norway,95.38,False
408210,United Kingdom,217.26,False
39d30c,France,114.62,False
39d30e,France,95.64,False
39d30f,France,234.46,False
a5cc3c,United States,218.96,False
aa8d21,United States,54.22,False
c02ee7,Canada,245.37,False
39d30b,France,222.71,False
3c6548,Germany,229.61,False
4690e9,Greece,220.43,False
abfd66,United States,242.32,False
4690e5,Greece,214.13,False
3c7878,Germany,8.75,True
4690e2,Greece,0.0,True
ac71ad,United States,0.0,True
39e68b,France,213.12,False
39e68d,France,106.81,False
39e68c,France,66.56,False
39e68e,France,67.03,False
3c6542,Germany,161.0,False
3c6541,Germany,214.14,False
4690f9,Greece,119.59,False
7c6c96,Australia,204.32,False
7c6c92,Australia,218.29,False
ae5d38,United States,69.36,False
aadd95,United States,133.76,False
3c6551,Germany,5.14,True
3c6550,Germany,13.38,True
4690ea,Greece,228.5,False
40825f,United Kingdom,213.86,False
a5a9e6,United States,163.98,False
3c6569,Germany,296.84,False
3c6568,Germany,214.26,False
39e681,France,220.26,False
408260,United Kingdom,12.35,True
39e684,France,259.77,False
39e686,France,221.31,False
39e688,France,222.74,False
aba1c9,United States,269.89,False
a05827,United States,141.64,False
abb4ea,United States,134.27,False
a413f8,United States,241.78,False
a533b8,United States,46.43,False
acd4d7,United States,176.55,False
a5cc15,United States,0.0,True
408251,United Kingdom,4.89,True
39e692,France,176.44,False
a5cc13,United States,6.43,True
39e695,France,0.0,True
40823f,United Kingdom,235.79,False
a3f3c9,United States,51.58,False
39e690,France,228.32,False
3c6571,Germany,234.77,False
40823c,United Kingdom,220.56,False
acc23f,United States,225.89,False
782078,China,257.06,False
a7b0c4,United States,244.71,False
a2e820,United States,49.49,False
ac858a,United States,231.34,False
ae5bdd,United States,63.06,False
a16548,United States,50.45,False
ac7283,United States,188.21,False
3c64a2,Germany,236.05,False
3c64a1,Germany,141.74,False
a1c82c,United States,38.6,False
a1c82a,United States,0.13,True
3c64b1,Germany,251.72,False
3c64b0,Germany,220.91,False
3c64a6,Germany,238.3,False
3c64a5,Germany,0.0,True
3c64a4,Germany,240.37,False
3c64a3,Germany,231.58,False
3c64a8,Germany,250.03,False
0a001a,Algeria,74.34,False
a9af59,United States,82.39,False
aba281,United States,234.86,False
3c64af,Germany,157.97,False
3c64ad,Germany,248.05,False
aa31f8,United States,76.01,False
0a0044,Algeria,224.87,False
e491c3,Brazil,223.86,False
aa31ed,United States,223.1,False
3c64ab,Germany,230.58,False
3c64aa,Germany,242.13,False
4080f9,United Kingdom,258.01,False
4080f6,United Kingdom,248.41,False
a640c1,United States,49.4,False
ad928e,United States,0.0,True
0a008b,Algeria,221.77,False
a640b7,United States,44.86,False
0a0092,Algeria,232.22,False
0a0090,Algeria,207.83,False
c083aa,Canada,218.36,False
ad9293,United States,122.44,False
a8e3b3,United States,219.85,False
02a1ae,Tunisia,7.72,True
0a0078,Algeria,206.5,False
0a0079,Algeria,251.02,False
a83f8c,United States,262.07,False
a5cc82,United States,56.1,False
02a1b4,Tunisia,221.52,False
ab77d5,United States,235.2,False
02a1b0,Tunisia,225.91,False
0a0075,Algeria,247.46,False
a0456a,United States,40.21,False
0a007a,Algeria,251.74,False
a903b9,United States,231.68,False
a22ef3,United States,216.39,False
a1fba0,United States,77.48,False
392e53,France,52.55,False
e00001,Argentina,109.31,False
3995c9,France,50.67,False
3cea41,Germany,213.48,False
758487,Philippines,236.41,False
ad4eb5,United States,145.48,False
c01c13,Canada,63.44,False
a33bef,United States,50.93,False
a5487e,United States,54.99,False
ac8514,United States,48.87,False
a4bef6,United States,201.02,False
4080a4,United Kingdom,224.09,False
3b31ff,France,5.92,True
a2d573,United States,165.42,False
c01c06,Canada,141.27,False
aa5868,United States,55.0,False
3d0a58,Germany,39.63,False
e4929c,Brazil,79.25,False
782137,China,207.65,False
a69bcd,United States,221.67,False
494141,Portugal,173.88,False
a69bd9,United States,286.13,False
a33bcf,United States,103.82,False
78212c,China,203.49,False
ad0851,United States,227.92,False
782144,China,277.29,False
a34eef,United States,196.31,False
c01c28,Canada,203.64,False
a4abf5,United States,68.78,False
ad4eba,United States,0.0,True
ac7218,United States,234.67,False
a70bc9,United States,254.87,False
49410e,Portugal,218.01,False
49410b,Portugal,205.45,False
782159,China,248.5,False
782158,China,277.71,False
0d0a77,Mexico,227.21,False
a5350f,United States,56.0,False
aa9eb3,United States,232.71,False
a057c7,United States,174.33,False
4080db,United Kingdom,225.86,False
ac9894,United States,274.6,False
3c64c8,Germany,193.66,False
494114,Portugal,214.27,False
3c64c6,Germany,227.15,False
4080e9,United Kingdom,84.66,False
494112,Portugal,7.2,True
769103,Singapore,236.91,False
494111,Portugal,0.0,True
769104,Singapore,160.49,False
769101,Singapore,260.63,False
4080e3,United Kingdom,250.45,False
4080e4,United Kingdom,235.44,False
4080e1,United Kingdom,253.39,False
4080e2,United Kingdom,237.96,False
782161,China,183.02,False
494119,Portugal,208.92,False
494118,Portugal,182.57,False
ac987b,United States,221.24,False
0a0028,Algeria,245.06,False
ab5257,United States,275.84,False
a39289,United States,2.83,True
782168,China,96.96,False
0a0021,Algeria,232.37,False
0a0022,Algeria,11.83,True
3d0a0f,Germany,60.11,False
4080cb,United Kingdom,243.79,False
e491a3,Brazil,118.36,False
ac8577,United States,227.29,False
4080cc,United Kingdom,123.63,False
e491a9,Brazil,99.89,False
a7b0db,United States,52.22,False
a880ed,United States,51.44,False
aa5828,United States,128.68,False
494108,Portugal,101.74,False
abb54f,United States,145.31,False
494106,Portugal,233.18,False
402c7d,United Kingdom,63.28,False
ade212,United States,83.62,False
782179,China,252.8,False
3c64f0,Germany,257.38,False
ac8588,United States,75.62,False
ac7256,United States,143.99,False
aa580e,United States,273.36,False
3c64f6,Germany,253.72,False
abb579,United States,250.16,False
4080c1,United Kingdom,224.18,False
4080c2,United Kingdom,216.71,False
a2d58d,United States,34.05,False
abc88e,United States,40.86,False
acd53f,United States,74.34,False
a39269,United States,88.4,False
ac8590,United States,39.1,False
abfbf3,United States,81.02,False
4080b6,United Kingdom,4.12,True
3c64f8,Germany,249.97,False
3981eb,France,58.85,False
4a08ea,Romania,246.89,False
a53551,United States,56.65,False
4b15a2,Switzerland,217.04,False
4b15a3,Switzerland,235.39,False
4a08ed,Romania,103.91,False
4a08ef,Romania,75.56,False
3d0a31,Germany,46.4,False
4b15ca,Switzerland,240.15,False
a1fd0b,United States,50.58,False
ad3c78,United States,56.55,False
a6a59d,United States,61.91,False
3c6635,Germany,5.66,True
3c6634,Germany,226.04,False
aadc9b,United States,48.18,False
a94bff,United States,188.77,False
3c6637,Germany,242.3,False
861ef8,Japan,167.42,False
4b15ed,Switzerland,205.45,False
408183,United Kingdom,3.6,True
4b15ee,Switzerland,233.68,False
4b15ef,Switzerland,212.63,False
408181,United Kingdom,223.58,False
c0716c,Canada,48.05,False
3c6643,Germany,238.88,False
3c6641,Germany,263.14,False
3c6658,Germany,224.32,False
4b4b41,Switzerland,28.34,False
4b15db,Switzerland,244.38,False
acd3ea,United States,54.88,False
3c664c,Germany,233.8,False
408170,United Kingdom,154.9,False
3c7982,Germany,215.12,False
40815b,United Kingdom,208.15,False
3c7985,Germany,248.54,False
3c6652,Germany,0.0,True
a8d206,United States,0.77,True
a21d70,United States,35.04,False
c08441,Canada,43.55,False
ade0cc,United States,41.8,False
39d303,France,243.79,False
39d305,France,228.77,False
39d307,France,248.22,False
39d308,France,176.05,False
a6fef8,United States,60.47,False
a6fef5,United States,177.44,False
39d302,France,143.28,False
3d0a8c,Germany,48.16,False
4009db,United Kingdom,262.66,False
4009da,United Kingdom,224.19,False
a271b0,United States,0.0,True
a5cbf3,United States,3.86,True
4b4b98,Switzerland,34.74,False
aaa82f,United States,192.34,False
861eb4,Japan,201.14,False
4b4b99,Switzerland,27.88,False
842208,Japan,73.63,False
a0ca25,United States,76.39,False
a3e28d,United States,66.22,False
e4925f,Brazil,74.55,False
aa4572,United States,62.58,False
7103d6,Saudi Arabia,208.74,False
7103d8,Saudi Arabia,213.12,False
44777c,Austria,238.38,False
4009d9,United Kingdom,112.94,False
a19a48,United States,114.38,False
a1c7e8,United States,49.49,False
a1b4b2,United States,242.52,False
aaa852,United States,50.81,False
3c6468,Germany,218.1,False
403bc5,United Kingdom,31.7,False
0d0e30,Mexico,227.78,False
400880,United Kingdom,139.51,False
400879,United Kingdom,243.94,False
400877,United Kingdom,7.72,True
ab87bb,United States,53.38,False
4843f2,Kingdom of the Netherlands,234.54,False
a5ef0e,United States,0.9,True
a96f07,United States,236.72,False
a58c29,United States,233.09,False
4a91fa,Sweden,217.34,False
a436ba,United States,49.7,False
ab74a8,United States,237.27,False
7820b9,China,230.37,False
a34c2f,United States,129.02,False
7c6d78,Australia,218.35,False
aab7bc,United States,90.23,False
399305,France,48.36,True
a0b6f9,United States,71.58,False
a173d2,United States,243.45,False
4b2923,Switzerland,68.4,False
a449e5,United States,239.22,False
3c6485,Germany,250.71,False
a58c2e,United States,214.9,False
7820ba,China,103.1,False
3c6489,Germany,109.53,False
3c6488,Germany,246.21,False
a1d6be,United States,37.45,False
3c648a,Germany,248.54,False
7583ed,Philippines,221.31,False
0d0e69,Mexico,100.84,False
0d0e5b,Mexico,237.93,False
3c6496,Germany,249.14,False
3c6495,Germany,105.3,False
3c6494,Germany,234.04,False
3c6427,Germany,241.12,False
3c6426,Germany,239.42,False
3c6429,Germany,242.81,False
c080dd,Canada,0.64,True
c080db,Canada,0.0,True
440c8e,Austria,242.7,False
a06815,United States,0.0,True
abd7d1,United States,142.37,False
7820db,China,154.72,False
3c6422,Germany,219.46,False
151dd3,Russian Federation,51.44,False
a77163,United States,80.29,False
7820f3,China,183.93,False
440c8c,Austria,228.67,False
440c8d,Austria,253.51,False
0d0e05,Mexico,231.24,False
7820f9,China,0.0,True
43ec6e,United Kingdom,85.27,False
a8079b,United States,87.21,False
abd7e7,United States,71.43,False
3c6448,Germany,101.07,False
7820ef,China,221.7,False
7583a8,Philippines,258.81,False
a689b8,United States,224.27,False
400896,United Kingdom,89.41,False
3c6441,Germany,198.8,False
3d1ab9,Germany,49.18,False
aaa4dc,United States,231.61,False
3c6443,Germany,124.5,False
4b161e,Switzerland,92.09,False
3c6442,Germany,222.98,False
a423c4,United States,200.37,False
151df1,Russian Federation,233.87,False
c820f2,New Zealand,254.73,False
3c644a,Germany,225.75,False
4b1620,Switzerland,163.86,False
a34c58,United States,265.28,False
ad04d0,United States,54.08,False
7c6d7f,Australia,1.29,True
7c6d93,Australia,258.18,False
424837,United Kingdom,213.39,False
a0ec98,United States,194.65,False
40087a,United Kingdom,230.13,False
3c6450,Germany,114.29,False
7c6d99,Australia,265.62,False
abc4d8,United States,235.42,False
a1d813,United States,69.94,False
a0683e,United States,52.61,False
a1d811,United States,220.44,False
39806f,France,50.51,False
a0b821,United States,232.17,False
a46c9a,United States,100.88,False
a0b826,United States,220.86,False
4869bd,Kingdom of the Netherlands,213.27,False
ac2bf8,United States,245.55,False
c080a4,Canada,182.97,False
c080a2,Canada,170.57,False
a0fea6,United States,236.43,False
c080a3,Canada,197.5,False
a0fea3,United States,71.0,False
a8f3c5,United States,222.61,False
a9bf4b,United States,207.42,False
a0681c,United States,228.83,False
39937d,France,39.87,False
a280fe,United States,216.43,False
aa41cb,United States,55.31,False
a5dc98,United States,1.29,True
4869c4,Kingdom of the Netherlands,198.38,False
440c6f,Austria,199.81,False
4869c3,Kingdom of the Netherlands,90.97,False
440c83,Austria,210.61,False
a0b803,United States,0.13,True
4869c1,Kingdom of the Netherlands,255.48,False
aa9d6e,United States,1.54,True
acf87c,United States,46.17,False
c080ac,Canada,197.08,False
acf88c,United States,49.81,False
e490f1,Brazil,206.63,False
495170,Portugal,0.0,True
495171,Portugal,182.3,False
7c6d2f,Australia,6.69,True
4b1698,Switzerland,2.83,True
4b1699,Switzerland,217.61,False
ab628c,United States,6.69,True
495168,Portugal,119.97,False
3e078c,Germany,66.28,False
acf89f,United States,4.12,True
49514f,Portugal,219.22,False
a10bbc,United States,214.41,False
ab629e,United States,48.02,False
a4380f,United States,225.2,False
a0ebab,United States,0.0,True
49514a,Portugal,229.68,False
e490ee,Brazil,190.42,False
49514b,Portugal,0.0,True
495155,Portugal,97.03,False
aa8a26,United States,217.75,False
84bb13,Japan,242.42,False
735829,Islamic Republic of Iran,217.93,False
495152,Portugal,212.08,False
495153,Portugal,238.92,False
a31829,United States,239.98,False
a84f5d,United States,34.94,False
a0b845,United States,234.57,False
a0b841,United States,4.89,True
a806e0,United States,204.24,False
495146,Portugal,241.95,False
495148,Portugal,239.57,False
495149,Portugal,219.88,False
a0b848,United States,8.75,True
a806d8,United States,232.76,False
440c34,Austria,14.4,True
0d0cfd,Mexico,156.13,False
aa8a07,United States,242.14,False
440c38,Austria,215.92,False
4246b7,United Kingdom,236.79,False
4246b9,United Kingdom,242.98,False
4246b3,United Kingdom,235.37,False
e4919f,Brazil,191.9,False
4246b5,United Kingdom,231.54,False
3cfc54,Germany,210.75,False
151e8f,Russian Federation,240.27,False
4246b4,United Kingdom,256.53,False
4b027f,Switzerland,211.3,False
ab1eb9,United States,63.44,False
a2e543,United States,86.91,False
4b0281,Switzerland,234.2,False
4b0280,Switzerland,250.72,False
a35ef1,United States,234.09,False
c03f02,Canada,241.03,False
151e90,Russian Federation,245.26,False
3d1c4e,Germany,48.66,False
4b0274,Switzerland,253.54,False
7c6bc2,Australia,248.47,False
7c6bc1,Australia,206.12,False
a0a54d,United States,259.21,False
a2f84d,United States,63.69,False
a0a54a,United States,252.41,False
758582,Philippines,42.18,False
a59eeb,United States,58.07,False
ab8862,United States,238.5,False
7c6bbf,Australia,256.41,False
a72ed9,United States,85.42,False
782260,China,236.52,False
7c6bbe,Australia,247.64,False
a59ef7,United States,243.39,False
a8e0de,United States,230.74,False
484442,Kingdom of the Netherlands,208.82,False
4b028c,Switzerland,220.59,False
484445,Kingdom of the Netherlands,217.02,False
a29548,United States,52.64,False
ac9516,United States,28.85,False
a0b88a,United States,0.0,True
a6652b,United States,223.1,False
a23eed,United States,60.51,False
4b0292,Switzerland,252.71,False
4b0291,Switzerland,224.15,False
a6a0f1,United States,44.64,False
782278,China,224.1,False
782277,China,117.86,False
ac2ba0,United States,176.93,False
151e60,Russian Federation,36.7,False
151e62,Russian Federation,211.56,False
ab8880,United States,0.0,True
46045e,Finland,48.02,False
ab6229,United States,243.15,False
782289,China,128.01,False
782287,China,211.78,False
3991e3,France,238.22,False
440af5,Austria,256.63,False
ac2bb7,United States,2.31,True
a95c8f,United States,78.23,False
3991e9,France,218.56,False
151e57,Russian Federation,250.1,False
782292,China,137.61,False
484416,Kingdom of the Netherlands,223.55,False
ad185a,United States,224.82,False
3d2f6e,Germany,66.35,False
758539,Philippines,116.99,False
ab6247,United States,235.42,False
151e5b,Russian Federation,215.5,False
c08179,Canada,0.0,True
aaebe2,United States,56.61,False
4246a3,United Kingdom,245.35,False
151e5e,Russian Federation,237.78,False
abb222,United States,228.89,False
758550,Philippines,181.37,False
78229d,China,272.36,False
ac2bd5,United States,5.66,True
151e72,Russian Federation,258.87,False
ac2bd6,United States,211.87,False
a2957a,United States,65.22,False
0d0d91,Mexico,240.91,False
4b27f2,Switzerland,0.19,True
abd6ed,United States,219.87,False
151da6,Russian Federation,246.95,False
a0b7b6,United States,2.06,True
a8e20f,United States,1.29,True
a53287,United States,222.37,False
ad4c2a,United States,150.46,False
3c6518,Germany,247.55,False
3c6517,Germany,6.17,True
ad03d5,United States,52.29,False
abd6ff,United States,73.57,False
a187ba,United States,238.46,False
aa9bf9,United States,166.49,False
a96ecb,United States,219.36,False
a7858e,United States,231.4,False
3c651a,Germany,245.86,False
ab60e3,United States,236.32,False
aa4252,United States,224.16,False
3d8519,Germany,43.76,False
a2d26c,United States,223.57,False
841043,Japan,223.16,False
3c6522,Germany,233.05,False
3c6521,Germany,235.57,False
a9beb0,United States,54.99,False
3cc82c,Germany,199.04,False
3991ea,France,148.71,False
3c7865,Germany,230.24,False
e4910b,Brazil,110.39,False
e4910e,Brazil,237.43,False
390908,France,56.02,False
4a91b2,Sweden,232.97,False
3c7861,Germany,251.03,False
842388,Japan,177.8,False
aaec9c,United States,228.52,False
060035,Mauritius,239.5,False
a437b5,United States,0.0,True
a174c8,United States,104.93,False
a041c3,United States,41.88,False
a7851c,United States,237.02,False
a7984a,United States,139.49,False
0d0d66,Mexico,198.02,False
e49174,Brazil,166.7,False
a91536,United States,239.46,False
782216,China,200.59,False
aa9bb7,United States,255.95,False
a79890,United States,227.87,False
78220b,China,8.23,False
acd0ca,United States,224.0,False
a08a1a,United States,57.7,False
a80874,United States,41.16,False
86d928,Japan,232.91,False
86d90e,Japan,255.62,False
a677be,United States,4.89,True
4951ca,Portugal,228.03,False
4951d4,Portugal,233.76,False
4951d6,Portugal,220.07,False
408000,United Kingdom,232.6,False
a0da51,United States,40.39,False
4951d1,Portugal,222.99,False
3e1988,Germany,57.62,False
3e0650,Germany,34.97,False
a304d8,United States,127.43,False
40097f,United Kingdom,228.04,False
40097d,United Kingdom,73.72,False
40097c,United Kingdom,2.31,True
a437da,United States,235.62,False
ab0e54,United States,235.66,False
a5a7c9,United States,62.57,False
ac2e41,United States,206.73,False
ab88ee,United States,223.76,False
400982,United Kingdom,247.56,False
400981,United Kingdom,7.46,True
7821e1,China,234.38,False
a10d82,United States,239.76,False
a34d52,United States,224.63,False
440ca1,Austria,133.49,False
0d0d2b,Mexico,206.22,False
a437d0,United States,47.24,False
440ca9,Austria,240.6,False
40095d,United Kingdom,69.97,False
0d0d41,Mexico,234.43,False
ad18e6,United States,74.54,False
a46d19,United States,45.25,False
a531ae,United States,51.06,False
3d2ceb,Germany,51.08,False
3c0cb2,Germany,242.34,False
a411d3,United States,225.9,False
3df926,Germany,11.75,False
c01a7d,Canada,223.58,False
408032,United Kingdom,224.32,False
a8e262,United States,240.51,False
4b2811,Switzerland,51.91,False
408033,United Kingdom,230.49,False
408034,United Kingdom,223.08,False
ac82b1,United States,32.41,False
a0ed9e,United States,76.25,False
84118c,Japan,261.76,False
392ae9,France,208.29,False
39812f,France,267.2,False
ace5e1,United States,149.22,False
392af0,France,242.62,False
aaa5ff,United States,77.17,False
392af3,France,248.7,False
a46d64,United States,45.6,False
392af9,France,211.04,False
ab62f8,United States,207.88,False
408011,United Kingdom,197.53,False
4a4eae,Romania,210.42,False
a46d4e,United States,217.61,False
392aec,France,239.28,False
ace5bc,United States,246.39,False
392aee,France,231.41,False
a70a67,United States,49.22,False
a05646,United States,216.66,False
75862c,Philippines,228.91,False
440d6e,Austria,235.68,False
c01a61,Canada,228.93,False
aba00b,United States,50.63,False
a82a44,United States,207.34,False
3c5099,Germany,201.84,False
a7d4cc,United States,65.82,False
a5ca4b,United States,145.51,False
86d9da,Japan,247.44,False
a11fe7,United States,161.14,False
a57a8a,United States,69.49,False
a6b4f7,United States,183.34,False
151e13,Russian Federation,78.58,False
440d71,Austria,240.63,False
a70a87,United States,45.51,False
a5ca89,United States,79.77,False
a70a89,United States,37.57,False
3cd8b8,Germany,206.42,False
a05629,United States,267.33,False
a05627,United States,223.1,False
39d151,France,33.88,False
3909a9,France,44.72,False
151e1a,Russian Federation,250.21,False
151e1b,Russian Federation,223.85,False
495297,Portugal,1.29,True
495298,Portugal,46.62,False
495299,Portugal,244.37,False
c081e4,Canada,224.21,False
a0562a,United States,66.06,False
c01a70,Canada,41.11,False
440d41,Austria,204.76,False
495290,Portugal,220.08,False
440d42,Austria,121.9,False
495292,Portugal,10.8,True
a69a32,United States,50.85,False
a1c63f,United States,62.22,False
aa55ee,United States,228.27,False
a6b4c3,United States,5.14,False
86d9b8,Japan,96.41,False
aa9e6d,United States,229.4,False
3de65d,Germany,66.24,False
a2f93b,United States,56.08,False
acc040,United States,136.49,False
aa8b40,United States,235.42,False
400944,United Kingdom,137.13,False
49526b,Portugal,185.72,False
a6c7e7,United States,34.47,False
a95d2e,United States,134.5,False
aa42aa,United States,5.92,True
38e9bc,France,49.24,False
440d4b,Austria,106.51,False
a771af,United States,0.0,True
ac707f,United States,81.72,False
495267,Portugal,241.48,False
a6a1b4,United States,247.98,False
7821a9,China,223.03,False
a6a1a0,United States,51.53,False
a0433b,United States,207.29,False
782359,China,176.47,False
781029,China,220.29,False
4007fb,United Kingdom,265.55,False
a67960,United States,184.06,False
aaffaa,United States,222.17,False
a80941,United States,236.48,False
a3900e,United States,239.79,False
4007ef,United Kingdom,3.09,True
4007ee,United Kingdom,218.69,False
151d87,Russian Federation,240.37,False
495242,Portugal,126.42,False
782362,China,227.35,False
782361,China,227.47,False
4007f9,United Kingdom,238.94,False
4007f6,United Kingdom,253.0,False
4007f3,United Kingdom,239.24,False
ac3fc5,United States,262.79,False
a7e93d,United States,43.3,False
a15027,United States,172.14,False
151d8e,Russian Federation,227.54,False
782377,China,221.61,False
781047,China,203.26,False
a1a004,United States,55.49,False
78236b,China,215.7,False
49521a,Portugal,2.31,True
4baac7,Turkey,197.11,False
a28347,United States,217.96,False
a2e646,United States,225.59,False
4baad0,Turkey,243.78,False
78103e,China,250.96,False
78103d,China,231.54,False
0d0ba3,Mexico,239.83,False
43ed08,United Kingdom,107.95,False
7105ae,Saudi Arabia,219.24,False
7105af,Saudi Arabia,127.15,False
484561,Kingdom of the Netherlands,225.46,False
78237a,China,214.64,False
495217,Portugal,181.32,False
a30657,United States,237.9,False
a27007,United States,50.46,False
484571,Kingdom of the Netherlands,46.77,False
ab1ffe,United States,12.35,True
495211,Portugal,182.19,False
495212,Portugal,238.84,False
781060,China,286.05,False
495214,Portugal,208.48,False
495216,Portugal,216.56,False
48455f,Kingdom of the Netherlands,232.83,False
484558,Kingdom of the Netherlands,193.53,False
ad5fe7,United States,264.53,False
abd971,United States,227.98,False
78105b,China,124.23,False
78105e,China,267.63,False
3490c3,Spain,61.79,False
151d45,Russian Federation,242.27,False
ace60c,United States,5.4,True
a82a6e,United States,53.05,False
abc651,United States,242.2,False
ab633b,United States,45.11,False
485870,Kingdom of the Netherlands,149.43,False
485874,Kingdom of the Netherlands,163.88,False
a09e0f,United States,225.55,False
4b39a4,Switzerland,114.22,False
a40027,United States,247.08,False
151d4a,Russian Federation,172.36,False
a2d359,United States,179.01,False
3d2e4e,Germany,0.0,True
a42680,United States,198.35,False
403d79,United Kingdom,96.27,False
ad9003,United States,212.04,False
ab635d,United States,249.8,False
ac8357,United States,128.15,False
78108c,China,224.02,False
ad5fea,United States,232.41,False
aaecff,United States,45.46,False
aa8a83,United States,124.62,False
acf975,United States,116.43,False
abb1c2,United States,234.58,False
4ca9c1,Ireland,241.69,False
a34e01,United States,199.24,False
4ca9c2,Ireland,200.32,False
4ca9c3,Ireland,191.99,False
a7869b,United States,4.63,True
4ca9aa,Ireland,230.47,False
a8e32b,United States,67.01,False
4b5c19,Switzerland,16.98,True
a7d673,United States,239.5,False
7585cd,Philippines,154.24,False
7585cc,Philippines,165.86,False
abb1d3,United States,60.52,False
4ca9d1,Ireland,242.42,False
4ca9d2,Ireland,201.04,False
ad04f3,United States,153.31,False
4ca9d3,Ireland,238.66,False
a068fd,United States,48.68,False
a9accd,United States,7.46,True
4b26b9,Switzerland,34.82,False
0d0c7d,Mexico,216.41,False
4ca9ba,Ireland,212.54,False
0d0c93,Mexico,181.52,False
4ca9a9,Ireland,224.52,False
84bacf,Japan,225.7,False
c08260,Canada,266.03,False
7585a1,Philippines,4.89,True
a95cd5,United States,145.58,False
a76066,United States,218.84,False
501fbf,Croatia,47.57,False
485814,Kingdom of the Netherlands,93.49,False
a39066,United States,107.28,False
ab8901,United States,51.66,False
abb1de,United States,223.74,False
501fc2,Croatia,47.55,False
a0b8af,United States,111.9,False
38d71b,France,0.0,True
a1fb23,United States,46.21,False
3dd2d5,Germany,38.56,False
aa5684,United States,24.93,False
a34e45,United States,250.92,False
a042cd,United States,46.01,False
a1b2a8,United States,238.74,False
a1fb1a,United States,252.84,False
a0b8fb,United States,0.0,True
4ca9eb,Ireland,124.31,False
acd1f6,United States,147.67,False
4ca9ec,Ireland,237.72,False
4ca9ed,Ireland,206.76,False
a7d630,United States,223.61,False
4ca9ea,Ireland,150.62,False
782327,China,4.37,True
151d9c,Russian Federation,7.72,True
151d9d,Russian Federation,27.27,False
a6c970,United States,55.37,False
a5468e,United States,254.61,False
782328,China,262.25,False
4b5c3a,Switzerland,15.95,True
a175f8,United States,201.22,False
a34e2c,United States,38.24,False
781001,China,275.82,False
440bd1,Austria,61.21,False
aab936,United States,235.66,False
abfa8e,United States,257.0,False
a4008e,United States,232.18,False
a438b0,United States,203.21,False
ab7613,United States,239.18,False
78100d,China,179.85,False
78100b,China,235.2,False
a21b19,United States,111.71,False
78233a,China,237.18,False
781021,China,243.77,False
e49037,Brazil,0.0,True
a95ca4,United States,199.4,False
43ea97,United Kingdom,58.25,False
49c4b5,Czech Republic,54.35,False
4601f2,Finland,83.92,False
c00bd4,Canada,60.33,False
394dc2,France,41.78,False
7822cc,China,221.51,False
a70f88,United States,221.83,False
ac0d69,United States,128.87,False
7822e4,China,199.81,False
846d0c,Japan,218.01,False
e49889,Brazil,267.56,False
4601f7,Finland,0.0,True
a393ff,United States,43.84,False
47ba1d,Norway,46.3,True
7822dc,China,147.89,False
e4988c,Brazil,205.92,False
425951,United Kingdom,11.83,True
4854cf,Kingdom of the Netherlands,97.34,False
440a8c,Austria,77.55,False
e4988f,Brazil,178.52,False
4601fa,Finland,134.19,False
a403df,United States,235.2,False
4867eb,Kingdom of the Netherlands,253.3,False
4867ec,Kingdom of the Netherlands,244.85,False
ac61bc,United States,8.75,True
a45f8e,United States,235.11,False
4bab2c,Turkey,218.5,False
4bab2d,Turkey,227.57,False
ae04d7,United States,226.46,False
425954,United Kingdom,3.86,True
400610,United Kingdom,215.53,False
e0f285,Argentina,91.23,False
42594a,United Kingdom,9.77,True
4841a5,Kingdom of the Netherlands,249.27,False
3e0551,Germany,39.97,False
a45f97,United States,46.27,False
4841a6,Kingdom of the Netherlands,252.95,False
a260f7,United States,43.96,False
c06238,Canada,53.62,False
abda54,United States,233.32,False
c0888d,Canada,4.89,True
aa34d0,United States,57.53,False
4854c7,Kingdom of the Netherlands,70.57,False
ac61db,United States,237.26,False
a6dc08,United States,229.25,False
aaba81,United States,237.98,False
490d0d,Portugal,136.51,False
a08edf,United States,53.67,False
490d0a,Portugal,228.05,False
490d0b,Portugal,229.33,False
490d09,Portugal,208.14,False
ad1a4e,United States,239.81,False
c08866,Canada,153.58,False
c08862,Canada,248.27,False
a5cf66,United States,247.14,False
490d05,Portugal,208.41,False
a896b2,United States,42.35,False
a5bc1f,United States,59.32,False
4867c1,Kingdom of the Netherlands,230.91,False
4867c4,Kingdom of the Netherlands,245.61,False
ad1a5d,United States,95.67,False
4867c2,Kingdom of the Netherlands,225.85,False
394df2,France,53.47,False
a15516,United States,0.0,True
7608eb,Pakistan,247.41,False
abda7d,United States,249.55,False
758767,Philippines,225.07,False
e49809,Brazil,137.66,False
70c150,Oman,232.17,False
acb27c,United States,249.19,False
0acccb,Colombia,0.0,True
758774,Philippines,244.18,False
a3e525,United States,237.97,False
758772,Philippines,0.26,True
758770,Philippines,238.61,False
a03597,United States,51.74,False
75875f,Philippines,7.72,True
a0cbd6,United States,0.0,True
acc59d,United States,62.76,False
a33ed6,United States,243.59,False
a65847,United States,114.36,False
a1a51a,United States,51.18,False
a21ebc,United States,59.16,False
a08efd,United States,228.72,False
a6583b,United States,226.94,False
a16883,United States,256.86,False
e49849,Brazil,211.97,False
ac0d21,United States,227.91,False
c060bf,Canada,175.71,False
c060bb,Canada,0.0,True
c060ba,Canada,241.47,False
4b2788,Switzerland,40.75,False
8411a4,Japan,109.24,False
a32bf5,United States,107.02,False
aa4906,United States,91.12,False
a32bcb,United States,227.5,False
4baac4,Turkey,245.09,False
a2b223,United States,2.57,True
c060c5,Canada,5.66,True
c060c4,Canada,109.92,False
c060c7,Canada,84.27,False
a38237,United States,237.8,False
3de586,Germany,73.25,False
a32bbf,United States,148.82,False
a21efb,United States,233.9,False
70c124,Oman,241.26,False
a3e503,United States,205.48,False
3cc57d,Germany,251.71,False
4b012b,Switzerland,142.71,False
a27567,United States,77.17,False
a1424f,United States,55.06,False
758707,Philippines,225.65,False
abed37,United States,0.0,True
781148,China,169.86,False
a81bc4,United States,278.18,False
486897,Kingdom of the Netherlands,165.12,False
781150,China,205.63,False
acd83d,United States,7.46,True
7c1474,Australia,105.46,False
7c1475,Australia,0.0,True
7c1476,Australia,87.61,False
486882,Kingdom of the Netherlands,79.41,False
7c1473,Australia,287.65,False
ac6227,United States,232.6,False
a76552,United States,4.12,True
e483ba,Brazil,211.48,False
781169,China,196.95,False
abfefd,United States,231.32,False
7c1464,Australia,246.69,False
ac7566,United States,220.62,False
3d2d6e,Germany,81.81,False
78115f,China,237.02,False
78115d,China,269.65,False
abebbe,United States,239.02,False
a7b551,United States,72.7,False
4ca973,Ireland,157.31,False
4ca97c,Ireland,221.26,False
a8986e,United States,44.04,False
a7c878,United States,7.2,True
896f9c,United Arab Emirates,32.41,False
770453,Sri Lanka,228.26,False
7c6ded,Australia,149.64,False
ac756c,United States,229.48,False
a7650b,United States,236.28,False
a20d0e,United States,248.22,False
ac6266,United States,249.17,False
781194,China,148.25,False
a06a26,United States,41.67,False
a8981e,United States,158.43,False
ade548,United States,239.74,False
ad8238,United States,125.26,False
a06a1e,United States,43.77,False
a287ab,United States,242.66,False
48683e,Kingdom of the Netherlands,244.24,False
a69ee0,United States,59.82,False
a56bd6,United States,64.06,False
ac758a,United States,237.69,False
a76516,United States,295.19,False
c01f1e,Canada,197.98,False
a7c849,United States,210.62,False
a5255a,United States,0.9,True
a167c1,United States,247.46,False
a047ca,United States,225.71,False
75876b,Philippines,238.12,False
ade569,United States,78.74,False
008feb,South Africa,240.77,False
758794,Philippines,15.95,True
a68bd7,United States,32.87,False
a6587b,United States,119.04,False
a4f239,United States,258.6,False
4017cd,United Kingdom,33.54,False
88084f,Thailand,220.32,False
86787c,Japan,268.35,False
a394b8,United States,92.14,False
a2c4b8,United States,44.95,False
c06183,Canada,209.24,False
a06a62,United States,231.56,False
c0617d,Canada,1.29,True
c0617a,Canada,190.04,False
a06a5a,United States,237.94,False
7609ee,Pakistan,227.17,False
486802,Kingdom of the Netherlands,188.98,False
486803,Kingdom of the Netherlands,68.54,False
a19d84,United States,72.93,False
846bfa,Japan,220.8,False
c06179,Canada,3.34,True
782409,China,282.84,False
486800,Kingdom of the Netherlands,251.01,False
7609ed,Pakistan,229.51,False
880845,Thailand,135.75,False
c827e3,New Zealand,252.5,False
c0616e,Canada,2.83,True
880843,Thailand,182.62,False
880842,Thailand,227.93,False
a1b7cd,United States,136.84,False
86789e,Japan,230.61,False
a19d59,United States,7.72,True
7609f6,Pakistan,236.93,False
7609f1,Pakistan,247.55,False
3c0ca3,Germany,239.13,False
7586ca,Philippines,238.14,False
3c0ca7,Germany,243.13,False
c06196,Canada,234.68,False
39f2bc,France,65.63,False
76d104,Singapore,118.0,False
76d106,Singapore,231.58,False
70c0f7,Oman,172.36,False
7609e3,Pakistan,233.56,False
a06a54,United States,110.43,False
a537ed,United States,223.96,False
782437,China,235.31,False
4ca8e8,Ireland,233.78,False
781102,China,223.23,False
782431,China,186.37,False
a31a57,United States,189.86,False
4ca8e4,Ireland,94.03,False
4ca8e6,Ireland,270.99,False
3c61f9,Germany,59.9,False
a32d85,United States,52.7,False
7c6de4,Australia,256.02,False
a394f9,United States,100.86,False
781108,China,224.11,False
7c6dda,Australia,7.46,True
78242f,China,161.85,False
3d2d8e,Germany,49.5,False
a8856d,United States,219.31,False
add0ff,United States,31.65,False
4bab27,Turkey,214.43,False
4bab28,Turkey,72.03,False
4bab26,Turkey,217.66,False
4bab23,Turkey,240.65,False
a6dbf3,United States,1.03,True
a7c88b,United States,95.85,False
4bab2a,Turkey,171.53,False
a31a50,United States,220.13,False
a2fa33,United States,33.44,False
846bd8,Japan,149.72,False
a7a25f,United States,249.09,False
a1ed5f,United States,240.6,False
a6329d,United States,244.26,False
7609b8,Pakistan,234.4,False
3dd1bd,Germany,58.32,False
7609b6,Pakistan,242.78,False
ab686f,United States,73.05,False
7609b7,Pakistan,233.38,False
7609b0,Pakistan,214.09,False
781134,China,190.27,False
84bbbd,Japan,220.75,False
4ca8d8,Ireland,239.0,False
4ca8d4,Ireland,191.23,False
ac6204,United States,227.4,False
a1a4e9,United States,47.03,False
78245e,China,165.83,False
c0614d,Canada,201.97,False
a1ed5a,United States,30.36,False
a141df,United States,139.69,False
4baa45,Turkey,241.12,False
ab8b62,United States,127.73,False
4baa42,Turkey,250.76,False
4baa43,Turkey,243.56,False
3c7438,Germany,249.93,False
3c7439,Germany,242.94,False
7810d2,China,238.75,False
4b24fe,Switzerland,31.25,False
a3d1ed,United States,69.99,False
4baa49,Turkey,24.02,False
4baa46,Turkey,230.11,False
4baa47,Turkey,246.2,False
4baa53,Turkey,238.86,False
a8d4ad,United States,0.0,True
a511f6,United States,154.95,False
3c0ac7,Germany,3.6,True
4baa52,Turkey,235.02,False
a21fa1,United States,2.57,True
ac75fa,United States,240.76,False
3c743a,Germany,240.62,False
c0765f,Canada,70.48,False
4baa4e,Turkey,231.23,False
4baa4a,Turkey,29.26,False
4baa59,Turkey,0.64,False
4c31e3,Serbia,8.75,True
4c31e2,Serbia,209.7,False
a4f1e5,United States,186.62,False
40072b,United Kingdom,233.62,False
49c3b5,Czech Republic,47.43,False
c06366,Canada,127.19,False
acb2c2,United States,201.73,False
c06361,Canada,155.91,False
add2b0,United States,249.04,False
aa7e7d,United States,242.71,False
a31a76,United States,124.85,False
4baa0b,Turkey,198.47,False
c0635f,Canada,198.54,False
c0635e,Canada,148.36,False
7cad4f,Australia,279.07,False
3f2401,Germany,15.68,False
3c0acb,Germany,239.23,False
a381e0,United States,78.17,False
7c4a57,Australia,250.71,False
4baa88,Turkey,207.34,False
a2d92a,United States,241.75,False
47bb0a,Norway,15.95,True
abdb88,United States,186.27,False
a3d1b1,United States,239.07,False
a3e4e0,United States,62.61,False
a27633,United States,52.87,False
a6a7d6,United States,47.85,False
4baa7a,Turkey,0.0,True
4855d0,Kingdom of the Netherlands,208.04,False
aa35e1,United States,0.0,True
4855d1,Kingdom of the Netherlands,182.19,False
a0232a,United States,212.67,False
add2ad,United States,148.08,False
4baa92,Turkey,255.22,False
70c0fe,Oman,240.97,False
c1e610,Canada,4.63,True
4868f8,Kingdom of the Netherlands,238.14,False
4baa8e,Turkey,219.18,False
acc5fb,United States,129.52,False
a777bf,United States,0.0,True
4a1924,Romania,234.35,False
aa7e51,United States,216.64,False
4a1921,Romania,237.87,False
4baa66,Turkey,105.81,False
a7c7d2,United States,0.0,True
4baa65,Turkey,248.73,False
4baa62,Turkey,244.29,False
4baa63,Turkey,255.37,False
7586fc,Philippines,244.08,False
4baa61,Turkey,233.43,False
4baa5a,Turkey,1365.55,False
abdb8f,United States,31.14,False
c00cd6,Canada,231.77,False
3d3db8,Germany,46.53,False
4baa69,Turkey,196.83,False
3c7425,Germany,249.2,False
4baa73,Turkey,182.47,False
3c7428,Germany,239.39,False
4868bc,Kingdom of the Netherlands,241.05,False
4baa6d,Turkey,230.99,False
a03657,United States,73.52,False
3c7421,Germany,247.2,False
3c7422,Germany,245.18,False
489e28,Poland,42.3,False
3c7424,Germany,235.08,False
49c3fa,Czech Republic,47.47,False
4ca90a,Ireland,191.73,False
a1ecd8,United States,37.97,False
a1566e,United States,111.31,False
0b4229,Guatemala,1.29,True
3df79e,Germany,4.15,False
c82744,New Zealand,66.21,False
a27665,United States,69.76,False
a53975,United States,252.78,False
a2c635,United States,141.14,False
440b1e,Austria,99.42,False
ac508b,United States,8.75,True
4868b9,Kingdom of the Netherlands,146.91,False
a1ecbd,United States,243.86,False
abb8a0,United States,225.86,False
c82757,New Zealand,215.66,False
3d3f03,Germany,45.28,False
ab68cc,United States,62.96,False
a6594f,United States,190.38,False
a2d93a,United States,115.02,False
a1eca4,United States,26.34,False
a1433a,United States,233.55,False
c8274f,New Zealand,138.87,False
a01037,United States,224.96,False
7cad40,Australia,240.3,False
0b425c,Guatemala,0.13,True
a7b4ea,United States,230.06,False
a37020,United States,254.47,False
7810a3,China,240.29,False
ae4e01,United States,0.0,True
a44cca,United States,219.34,False
495038,Portugal,213.3,False
495039,Portugal,0.0,True
e49707,Brazil,126.73,False
45d069,Denmark,243.2,False
48a687,Poland,56.27,False
48436a,Kingdom of the Netherlands,148.11,False
4ca92b,Ireland,236.64,False
a6ca7f,United States,234.16,False
39929d,France,69.72,False
ac88ef,United States,59.32,False
4ca935,Ireland,238.64,False
45d066,Denmark,205.44,False
48436d,Kingdom of the Netherlands,237.57,False
45d068,Denmark,213.34,False
48436f,Kingdom of the Netherlands,240.95,False
a7a1e8,United States,228.93,False
484370,Kingdom of the Netherlands,9.77,True
4ca947,Ireland,234.59,False
a0106c,United States,250.54,False
43c8d5,United Kingdom,154.79,False
a991c1,United States,47.42,False
c087fb,Canada,55.48,False
e495d0,Brazil,261.97,False
ae5fe9,United States,80.38,False
4ca86e,Ireland,96.04,False
78125b,China,237.77,False
3d09fa,Germany,54.87,False
78125f,China,162.65,False
4005c0,United Kingdom,257.68,False
ac765b,United States,222.04,False
4ca891,Ireland,105.59,False
4ca892,Ireland,255.17,False
770594,Sri Lanka,229.88,False
aa234a,United States,164.2,False
e495cc,Brazil,267.39,False
e495cd,Brazil,200.44,False
ac899c,United States,50.44,False
e495cf,Brazil,270.25,False
ac501e,United States,0.0,True
ad7016,United States,90.12,False
a63388,United States,135.22,False
4ca84c,Ireland,149.6,False
4ca84e,Ireland,241.28,False
e495b3,Brazil,269.41,False
4ca84a,Ireland,200.75,False
4ca857,Ireland,245.82,False
a44cfd,United States,248.93,False
4ca850,Ireland,5.66,True
ad2ce1,United States,234.03,False
4ca852,Ireland,221.43,False
acd97e,United States,67.52,False
4ca85c,Ireland,1.29,True
ac5041,United States,9.77,True
393c0f,France,40.76,False
a4afff,United States,55.23,False
a70fda,United States,59.76,False
e495fc,Brazil,197.39,False
ac769b,United States,1.03,True
a022c4,United States,248.32,False
a70fcc,United States,48.18,False
ac5066,United States,195.56,False
a62008,United States,134.15,False
486954,Kingdom of the Netherlands,200.18,False
486953,Kingdom of the Netherlands,198.31,False
c087f8,Canada,35.16,False
e495db,Brazil,190.77,False
a0ce0a,United States,83.16,False
4ca894,Ireland,88.9,False
aca02f,United States,143.82,False
aa8fbe,United States,74.22,False
a06b1a,United States,53.8,False
ade66f,United States,212.51,False
4005be,United Kingdom,263.31,False
4005bd,United Kingdom,224.93,False
4005bb,United Kingdom,218.4,False
a75320,United States,36.53,False
a382b3,United States,232.58,False
a395e3,United States,102.92,False
e48396,Brazil,259.85,False
a1a5cf,United States,224.57,False
a9e391,United States,157.52,False
a395d5,United States,81.88,False
a3e5d3,United States,221.35,False
4bbd08,Turkey,232.45,False
4bbd05,Turkey,240.67,False
4bbd04,Turkey,243.29,False
4bbd03,Turkey,249.87,False
a778d2,United States,43.04,False
781200,China,8.75,True
c1e589,Canada,13.89,True
486902,Kingdom of the Netherlands,48.82,False
ac760d,United States,8.23,True
a1db12,United States,31.68,False
a55b2a,United States,34.32,False
a898a9,United States,17.49,True
872fc2,Japan,8.75,True
0d09b2,Mexico,229.33,False
4bbd1a,Turkey,230.49,False
781229,China,204.01,False
47ba78,Norway,228.32,False
501db3,Croatia,200.13,False
4baa09,Turkey,230.89,False
781230,China,245.18,False
ac0cab,United States,253.74,False
aa1076,United States,48.37,False
7587d5,Philippines,217.51,False
3c0c99,Germany,241.61,False
a382e5,United States,164.96,False
ac0cb1,United States,82.32,False
4a04e3,Romania,225.84,False
0d09bd,Mexico,228.44,False
4bbd10,Turkey,202.34,False
490d85,Portugal,229.36,False
490d86,Portugal,245.88,False
490d83,Portugal,0.06,True
4601fc,Finland,0.0,True
abecb9,United States,236.4,False
872fe4,Japan,252.22,False
a32e83,United States,41.92,False
501dc8,Croatia,42.42,False
a32e86,United States,119.99,False
aa1056,United States,5.4,True
ad3fd9,United States,141.09,False
4bbd19,Turkey,221.23,False
501dd0,Croatia,148.04,False
ad3fd6,United States,219.07,False
4bbd15,Turkey,206.06,False
ad3fd2,United States,37.16,False
4bbd14,Turkey,219.6,False
4bbd13,Turkey,75.69,False
a8c32a,United States,231.45,False
76d24f,Singapore,71.55,False
4bbd12,Turkey,155.21,False
3c0c9e,Germany,5.4,True
a658a1,United States,229.73,False
0d09ce,Mexico,232.83,False
c1e53e,Canada,5.4,True
aba655,United States,78.05,False
ab3014,United States,38.59,False
4ca7b5,Ireland,206.03,False
a7405c,United States,60.27,False
4ca7b6,Ireland,227.59,False
78124a,China,235.96,False
4ca7b3,Ireland,235.78,False
4bbd0e,Turkey,229.89,False
4bbd0c,Turkey,113.51,False
4bbd0b,Turkey,209.05,False
a9f655,United States,176.26,False
ac8985,United States,236.35,False
ad3e36,United States,234.49,False
888184,Viet Nam,80.0,False
48c8e3,Poland,60.21,False
4b23e9,Switzerland,59.87,False
abfe38,United States,57.49,False
abb5bf,United States,134.56,False
5084a6,Ukraine,270.05,False
a3f4ee,United States,56.68,False
4a4c6b,Romania,48.66,False
49d5b4,Czech Republic,212.09,False
a0591c,United States,60.52,False
abb5c9,United States,8.23,True
a654d5,United States,46.99,False
e49650,Brazil,62.93,False
abfe45,United States,252.16,False
49d5aa,Czech Republic,0.0,True
aa7b33,United States,232.2,False
ab52be,United States,36.13,False
abeb31,United States,250.2,False
4ca6c4,Ireland,219.01,False
a44a1b,United States,93.1,False
5084d1,Ukraine,245.58,False
3ce977,Germany,59.68,False
ac85ce,United States,248.5,False
a521e1,United States,36.13,False
4ca6aa,Ireland,243.4,False
a271e4,United States,44.4,False
49d5d7,Czech Republic,238.16,False
c02fed,Canada,180.03,False
e4962d,Brazil,208.35,False
a32a35,United States,32.38,False
8413d7,Japan,212.04,False
49d5ce,Czech Republic,42.2,False
4ca6be,Ireland,133.19,False
88817c,Viet Nam,231.04,False
a44a18,United States,94.16,False
86eaea,Japan,262.89,False
3d0924,Germany,82.0,False
86eaf2,Japan,7.2,True
88812a,Viet Nam,254.7,False
e48358,Brazil,177.77,False
ac0b61,United States,231.14,False
888138,Viet Nam,75.19,False
ac0b74,United States,236.86,False
44d2b6,Belgium,239.37,False
44d2ab,Belgium,0.0,True
44d2aa,Belgium,233.77,False
390567,France,53.59,False
a57d42,United States,225.29,False
88811c,Viet Nam,239.0,False
88811a,Viet Nam,123.95,False
49d5ee,Czech Republic,159.25,False
e49698,Brazil,203.53,False
e49699,Brazil,208.46,False
888129,Viet Nam,255.6,False
02a199,Tunisia,214.43,False
02a197,Tunisia,218.36,False
888166,Viet Nam,216.34,False
3c1ca9,Germany,0.0,True
3d0941,Germany,47.95,False
888164,Viet Nam,128.33,False
a3f4d7,United States,232.69,False
ade2b8,United States,6.94,True
ac72f0,United States,231.05,False
02a194,Tunisia,207.86,False
02a192,Tunisia,225.84,False
49d5fc,Czech Republic,36.06,False
a44a61,United States,251.93,False
43c5ed,United Kingdom,68.61,False
888152,Viet Nam,87.24,False
43c5ee,United Kingdom,222.19,False
478e27,Norway,202.32,False
a667e8,United States,211.88,False
ac0b7f,United States,243.18,False
ad2b5f,United States,60.44,False
4ca6fb,Ireland,220.14,False
c02fc2,Canada,43.73,False
4ca6fc,Ireland,91.1,False
390590,France,59.94,False
7824a3,China,235.8,False
a33ca9,United States,208.95,False
a81a78,United States,130.9,False
70606e,Kuwait,98.28,False
a30961,United States,209.22,False
c071db,Canada,50.83,False
3e167d,Germany,65.68,False
4ca806,Ireland,229.01,False
4ca808,Ireland,208.05,False
4ca802,Ireland,243.73,False
4ca805,Ireland,224.02,False
ad9373,United States,90.5,False
3f232b,Germany,12.23,False
a0330a,United States,240.88,False
8880a5,Viet Nam,243.7,False
8880a3,Viet Nam,229.67,False
add02d,United States,39.35,False
a16647,United States,99.27,False
a2992f,United States,180.88,False
a81a81,United States,241.28,False
7811a2,China,232.54,False
706049,Kuwait,249.72,False
02a0ad,Tunisia,247.79,False
4ca82e,Ireland,0.0,True
7811b0,China,243.25,False
7811b5,China,142.94,False
4ca836,Ireland,4.37,True
48c98e,Poland,58.24,False
44c06b,Belgium,104.91,False
76d1c7,Singapore,231.04,False
ad08b6,United States,57.09,False
a894bb,United States,243.41,False
aa32ec,United States,49.99,False
a881a0,United States,56.78,False
706056,Kuwait,238.3,False
4ca847,Ireland,76.58,False
aade30,United States,161.3,False
4ca849,Ireland,274.73,False
aa7b78,United States,237.34,False
501d20,Croatia,252.41,False
a0a98f,United States,148.98,False
ad3e16,United States,229.4,False
4ca80c,Ireland,223.85,False
4ca80d,Ireland,206.74,False
a04692,United States,235.4,False
48b651,Poland,96.6,False
485343,Kingdom of the Netherlands,243.9,False
706067,Kuwait,247.79,False
a1b659,United States,63.53,False
a04695,United States,175.99,False
7811d8,China,234.83,False
706060,Kuwait,234.47,False
4ca815,Ireland,218.97,False
4ca816,Ireland,142.71,False
0d8535,Venezuela,235.87,False
ac1e1c,United States,78.82,False
a94d2d,United States,36.44,False
abfe12,United States,233.46,False
a2998d,United States,257.86,False
a7fa2d,United States,206.67,False
7811e3,China,216.19,False
a34fcc,United States,23.43,False
501d0a,Croatia,255.94,False
845c8d,Japan,164.18,False
706072,Kuwait,251.63,False
a54928,United States,49.4,False
a34fe6,United States,209.24,False
70605c,Kuwait,235.22,False
a46fad,United States,215.13,False
abb5a2,United States,115.75,False
4a0481,Romania,225.8,False
781385,China,136.35,False
486651,Kingdom of the Netherlands,9.77,True
78137a,China,0.9,True
e494b4,Brazil,189.21,False
4bcde9,Turkey,133.45,False
4bcde8,Turkey,9.77,True
4bcde6,Turkey,240.48,False
4bcdf6,Turkey,256.03,False
486661,Kingdom of the Netherlands,38.89,False
49c416,Czech Republic,26.85,False
846dc8,Japan,201.74,False
a2c35b,United States,154.04,False
781392,China,234.88,False
48664a,Kingdom of the Netherlands,221.47,False
4bcdee,Turkey,198.15,False
4bcded,Turkey,131.61,False
4ca770,Ireland,249.71,False
4bcdeb,Turkey,244.77,False
486649,Kingdom of the Netherlands,234.47,False
49c40c,Czech Republic,37.86,False
a1a375,United States,24.18,False
a3d039,United States,218.74,False
4ca75f,Ireland,196.62,False
4bcdf9,Turkey,162.06,False
4ca769,Ireland,238.31,False
4ca765,Ireland,231.53,False
4ca766,Ireland,242.64,False
48663e,Kingdom of the Netherlands,246.58,False
4ca764,Ireland,244.1,False
4bcdef,Turkey,247.4,False
4bcdba,Turkey,1.03,True
a7d96d,United States,60.39,False
a1537f,United States,39.62,False
a7b314,United States,62.86,False
ab400f,United States,0.0,True
a3d03f,United States,206.74,False
4ca737,Ireland,227.53,False
4ca738,Ireland,241.45,False
78139f,China,289.71,False
a4298a,United States,60.47,False
abb63a,United States,58.64,False
a0339f,United States,142.17,False
ad4fe1,United States,240.12,False
a39346,United States,58.97,False
4ca73f,Ireland,223.72,False
ac1cde,United States,131.78,False
a64363,United States,172.87,False
a78991,United States,174.33,False
4ca73d,Ireland,240.07,False
c084b9,Canada,149.19,False
4ca73a,Ireland,240.68,False
e494a6,Brazil,241.41,False
4bcde5,Turkey,245.81,False
4bcde2,Turkey,4.89,True
4bcde1,Turkey,239.3,False
780092,China,258.77,False
a2868e,United States,106.21,False
4ca740,Ireland,213.61,False
4bcdce,Turkey,139.31,False
acc31a,United States,222.17,False
e494f7,Brazil,203.61,False
49c450,Czech Republic,36.45,False
a78945,United States,220.63,False
a5363e,United States,234.74,False
ace96d,United States,207.34,False
48c910,Poland,28.57,False
394c3b,France,28.8,False
e481d8,Brazil,200.48,False
a58fdf,United States,230.82,False
a2b05b,United States,106.71,False
4ca782,Ireland,80.11,False
394c0a,France,7.72,True
4bcdfa,Turkey,217.77,False
acc350,United States,238.26,False
c01d16,Canada,200.76,False
49c478,Czech Republic,36.56,False
e494bb,Brazil,227.55,False
841400,Japan,240.38,False
3ce8c7,Germany,106.73,False
449682,Belgium,211.41,False
a5232b,United States,267.29,False
acd675,United States,218.71,False
a7b36a,United States,90.23,False
3f22cc,Germany,17.83,False
ade1b7,United States,144.41,False
a08e82,United States,96.72,False
7705c6,Sri Lanka,245.52,False
ae5d5f,United States,63.78,False
a19b49,United States,88.87,False
491d8e,Portugal,284.8,False
491d8d,Portugal,238.14,False
491d8b,Portugal,249.76,False
a9067b,United States,254.41,False
394c99,France,59.71,False
aaa910,United States,108.78,False
781324,China,250.47,False
888123,Viet Nam,273.83,False
888124,Viet Nam,204.77,False
ad2a81,United States,23.46,False
aaa929,United States,244.63,False
780005,China,188.32,False
a8c028,United States,0.0,True
a0a8de,United States,225.53,False
43c61d,United Kingdom,161.97,False
a69e14,United States,42.42,False
4ca6a9,Ireland,227.47,False
781347,China,227.93,False
781346,China,268.68,False
781343,China,258.18,False
781344,China,278.66,False
4ca6a6,Ireland,193.32,False
a0cb5f,United States,53.82,False
c08565,Canada,78.56,False
a0de99,United States,0.0,True
4864ec,Kingdom of the Netherlands,9.26,True
846def,Japan,274.28,False
391802,France,64.97,False
489a4e,Poland,53.43,False
a94ce5,United States,62.81,False
4b7f4c,Switzerland,256.16,False
780022,China,153.0,False
14fa38,Russian Federation,92.29,False
a07b8f,United States,0.0,True
a33e64,United States,0.0,True
a77687,United States,123.19,False
4864ea,Kingdom of the Netherlands,0.9,True
4864eb,Kingdom of the Netherlands,134.01,False
ac9936,United States,49.73,False
781361,China,219.73,False
02a260,Tunisia,184.33,False
4851b0,Kingdom of the Netherlands,256.02,False
780035,China,212.12,False
aaefbf,United States,29.83,False
ac8618,United States,78.24,False
781371,China,246.91,False
c07244,Canada,87.67,False
abb624,United States,253.75,False
e49527,Brazil,92.59,False
e49528,Brazil,209.05,False
4ca5c8,Ireland,146.28,False
4853d0,Kingdom of the Netherlands,244.4,False
a82e3c,United States,170.13,False
3d0840,Germany,66.4,False
a57e87,United States,173.97,False
501c0c,Croatia,228.39,False
4866ee,Kingdom of the Netherlands,257.04,False
501c1c,Croatia,250.32,False
a788fc,United States,197.4,False
7cf0d8,Australia,0.06,True
7cf0d9,Australia,2.31,True
4853d3,Kingdom of the Netherlands,232.39,False
7cf0d5,Australia,4.37,True
e49524,Brazil,249.08,False
e49525,Brazil,204.77,False
48ea00,Poland,226.66,False
501c13,Croatia,233.61,False
a4ae99,United States,80.36,False
706130,Kuwait,223.05,False
706131,Kuwait,200.12,False
a69e6f,United States,54.79,False
e4952d,Brazil,226.66,False
4866de,Kingdom of the Netherlands,208.26,False
c01dcb,Canada,163.7,False
48c9f3,Poland,78.74,False
501c15,Croatia,246.87,False
4bce43,Turkey,217.63,False
4bce42,Turkey,245.03,False
4866e0,Kingdom of the Netherlands,233.24,False
aacc5b,United States,225.99,False
acc3b1,United States,146.65,False
424510,United Kingdom,286.25,False
a7b2a1,United States,29.82,False
390614,France,48.94,False
3c1bab,Germany,249.77,False
3c1bac,Germany,4.12,True
48c9e5,Poland,49.92,False
a6a5f9,United States,75.8,False
a7fb0b,United States,47.29,False
4bce47,Turkey,122.68,False
ac73d5,United States,43.26,False
4bce45,Turkey,233.1,False
501c2b,Croatia,194.46,False
501c2d,Croatia,230.79,False
abff87,United States,218.5,False
e49511,Brazil,271.39,False
e49512,Brazil,264.02,False
501c39,Croatia,252.16,False
a82e57,United States,256.77,False
394ce0,France,43.09,False
49d4c6,Czech Republic,59.39,False
4613ab,Finland,67.19,False
845d04,Japan,238.79,False
48c9c9,Poland,29.34,False
48ea2a,Poland,25.59,False
501c5e,Croatia,132.92,False
a535be,United States,232.8,False
501c5a,Croatia,202.21,False
401885,United Kingdom,58.75,False
501c55,Croatia,226.19,False
48fd75,Poland,72.78,False
e4956e,Brazil,222.12,False
ac0c8b,United States,241.12,False
aa8f2f,United States,56.83,False
7c1832,Australia,0.0,True
abec6c,United States,235.87,False
3de0bf,Germany,46.95,False
a548fa,United States,49.39,False
43c6f7,United Kingdom,220.2,False
501c58,Croatia,206.56,False
4613d1,Finland,11.73,False
405ee1,United Kingdom,225.76,False
a5bb17,United States,218.75,False
405ee0,United Kingdom,113.72,False
a5bb10,United States,51.26,False
a668ee,United States,248.75,False
48ea4e,Poland,215.59,False
8414a9,Japan,170.36,False
acb0b6,United States,245.02,False
7cf0dc,Australia,2.06,True
781418,China,235.59,False
478f43,Norway,236.88,False
4bce8e,Turkey,222.88,False
401855,United Kingdom,41.83,False
a56b51,United States,39.11,False
c08737,Canada,50.2,False
48ea77,Poland,73.08,False
48418b,Kingdom of the Netherlands,226.56,False
3cc24a,Germany,204.35,False
48ea6e,Poland,185.29,False
a19ab4,United States,48.18,False
3cc24f,Germany,204.8,False
48ea89,Poland,52.52,False
3cc23c,Germany,148.77,False
3cc247,Germany,229.48,False
7812a3,China,220.52,False
7812a2,China,241.73,False
a882f8,United States,186.17,False
86da1e,Japan,267.66,False
7caf1d,Australia,0.0,True
49c1f5,Czech Republic,53.99,False
484186,Kingdom of the Netherlands,243.97,False
48548c,Kingdom of the Netherlands,250.0,False
48548d,Kingdom of the Netherlands,11.83,True
a3e426,United States,46.81,False
50848a,Ukraine,209.98,False
a9f2c6,United States,257.81,False
48415e,Kingdom of the Netherlands,218.25,False
48548e,Kingdom of the Netherlands,201.89,False
48415f,Kingdom of the Netherlands,11.83,True
a2b10b,United States,5.4,True
7812bd,China,268.58,False
a2b10f,United States,203.09,False
4bcda6,Turkey,154.99,False
4bcda5,Turkey,238.1,False
aacc07,United States,191.9,False
4bcda4,Turkey,218.18,False
845d88,Japan,117.56,False
4bcda2,Turkey,263.46,False
4ca718,Ireland,232.14,False
484162,Kingdom of the Netherlands,233.1,False
484161,Kingdom of the Netherlands,232.92,False
48414c,Kingdom of the Netherlands,221.99,False
a32ad5,United States,128.43,False
c87ee8,New Zealand,29.84,True
a2b110,United States,192.44,False
4bcdb5,Turkey,147.9,False
4bcdb4,Turkey,227.56,False
3cc207,Germany,156.19,False
4bcdb3,Turkey,198.18,False
7812e3,China,248.55,False
a32ac6,United States,81.81,False
4bcdae,Turkey,221.73,False
a2c41c,United States,75.12,False
a1b779,United States,132.87,False
484132,Kingdom of the Netherlands,0.0,True
c00b93,Canada,233.39,False
3cc243,Germany,11.32,True
86da16,Japan,182.06,False
501c08,Croatia,241.42,False
a0cac6,United States,171.13,False
a1a435,United States,244.26,False
a1b766,United States,9.77,False
ac1f61,United States,219.08,False
ad2c19,United States,0.0,True
484123,Kingdom of the Netherlands,152.18,False
a1b75e,United States,69.48,False
4ca708,Ireland,9.26,True
ace9ba,United States,120.9,False
4ca704,Ireland,242.19,False
a81b63,United States,229.66,False
4ca700,Ireland,162.51,False
4ca701,Ireland,6.69,True
a8e5d0,United States,37.64,False
4ca702,Ireland,158.01,False
48411d,Kingdom of the Netherlands,235.08,False
a5bb8e,United States,57.32,False
a7b40e,United States,233.49,False
a39493,United States,81.93,False
49d629,Czech Republic,201.12,False
49d624,Czech Republic,77.93,False
486782,Kingdom of the Netherlands,68.42,False
c085d5,Canada,228.47,False
78149e,China,242.89,False
78016d,China,250.74,False
78149f,China,244.14,False
78016e,China,243.13,False
4029e1,United Kingdom,62.81,False
aa477b,United States,237.91,False
c87efe,New Zealand,0.0,True
382d1c,France,53.28,False
c87efd,New Zealand,0.0,True
abfdaf,United States,242.99,False
ac1ddb,United States,0.0,True
465aeb,Finland,41.16,False
aa2121,United States,64.02,False
aacaac,United States,0.64,True
4ca63a,Ireland,234.21,False
4ca63b,Ireland,239.47,False
a2b151,United States,153.08,False
4ca645,Ireland,218.99,False
49d633,Czech Republic,51.56,False
780193,China,188.92,False
4ca643,Ireland,218.85,False
a2b12d,United States,227.08,False
aacad4,United States,252.67,False
a38141,United States,0.0,True
4bcca9,Turkey,0.0,True
a2b135,United States,220.73,False
78018f,China,219.37,False
405f11,United Kingdom,156.92,False
4ca614,Ireland,216.0,False
4bccab,Turkey,191.67,False
4bccaa,Turkey,185.73,False
4ca61e,Ireland,236.13,False
4ca61f,Ireland,257.72,False
478df2,Norway,210.06,False
a32acf,United States,97.24,False
486741,Kingdom of the Netherlands,216.72,False
aa7aa6,United States,231.02,False
486742,Kingdom of the Netherlands,227.75,False
4ca61c,Ireland,115.2,False
78019c,China,235.01,False
4ca61d,Ireland,189.44,False
a2b130,United States,238.94,False
aa7aa0,United States,216.78,False
4bccb5,Turkey,226.49,False
4ca623,Ireland,209.86,False
4bccaf,Turkey,201.11,False
845be4,Japan,8.75,True
4bccae,Turkey,232.83,False
a94db6,United States,36.59,False
4ca621,Ireland,235.3,False
45f424,Denmark,218.74,False
e480a4,Brazil,241.74,False
a0cc06,United States,204.76,False
49d665,Czech Republic,219.65,False
8880c0,Viet Nam,25.21,True
a1c9d6,United States,0.0,True
a0a9f6,United States,217.03,False
49d65d,Czech Republic,114.73,False
a77721,United States,230.5,False
49d675,Czech Republic,219.21,False
a2b17a,United States,230.32,False
49d677,Czech Republic,195.53,False
ad2ad5,United States,47.42,False
a3d122,United States,65.58,False
a53774,United States,254.86,False
a046f2,United States,5.4,True
a3d123,United States,88.76,False
4ca64e,Ireland,144.39,False
49d66f,Czech Republic,222.66,False
49d66b,Czech Republic,159.16,False
c01e36,Canada,59.5,False
ac747c,United States,52.79,False
8880e0,Viet Nam,248.5,False
e493c5,Brazil,203.67,False
c01e28,Canada,215.48,False
ad2aea,United States,234.81,False
3d07b6,Germany,34.39,False
c01e1a,Canada,176.57,False
ad2af4,United States,209.19,False
e4814b,Brazil,268.02,False
448423,Belgium,52.24,False
78141e,China,262.0,False
888218,Viet Nam,239.73,False
781432,China,142.72,False
a75184,United States,55.13,False
a6319f,United States,72.02,False
35360b,Spain,74.88,False
a1a3a9,United States,233.03,False
a08f6b,United States,6.94,True
c06081,Canada,244.86,False
a6b9c1,United States,10.29,True
a07c57,United States,67.16,False
e48135,Brazil,185.74,False
a789b4,United States,209.35,False
e4818c,Brazil,272.17,False
3d3d66,Germany,64.95,False
48fe02,Poland,49.9,False
4852f4,Kingdom of the Netherlands,217.93,False
781462,China,258.31,False
4bce0f,Turkey,224.18,False
3d3d5a,Germany,73.98,False
a82dfb,United States,172.13,False
e48198,Brazil,71.33,False
4852f5,Kingdom of the Netherlands,3.6,True
a8e76a,United States,220.27,False
a7faad,United States,83.47,False
7c1795,Australia,95.01,False
a1ff90,United States,143.51,False
a7b444,United States,139.94,False
48a2b3,Poland,154.3,False
a273f5,United States,130.11,False
4bce09,Turkey,146.4,False
4bce08,Turkey,223.3,False
4bce06,Turkey,246.93,False
4bce02,Turkey,255.09,False
4bce10,Turkey,40.98,False
781499,China,188.48,False
3b51ff,France,0.0,True
a8712a,United States,227.82,False
4bce19,Turkey,235.14,False
4bce16,Turkey,256.07,False
4bce15,Turkey,158.01,False
a63193,United States,235.42,False
4bce14,Turkey,258.9,False
780170,China,182.47,False
a8aac8,United States,230.38,False
e400d9,Brazil,214.1,False
a086ce,United States,256.81,False
ad389e,United States,42.18,False
45fcd4,Denmark,8.23,True
a7e122,United States,29.43,False
ad2573,United States,246.05,False
ac4bfe,United States,253.04,False
ac058a,United States,231.43,False
4d0106,Luxembourg,0.06,True
4d0104,Luxembourg,261.17,False
4d0109,Luxembourg,248.73,False
a92145,United States,157.24,False
a8011f,United States,45.32,False
ab8296,United States,48.53,False
abd26b,United States,114.62,False
a6717b,United States,46.83,False
479301,Norway,210.89,False
468644,Greece,55.74,False
a97ab3,United States,84.13,False
a6c15f,United States,223.69,False
a7f474,United States,78.33,False
a50f24,United States,127.9,False
a099f8,United States,54.81,False
a0e9d2,United States,43.66,False
405066,United Kingdom,34.87,False
4075af,United Kingdom,230.2,False
a060ae,United States,247.46,False
8940ca,Bahrain,245.22,False
3ff897,Germany,79.42,False
a25f6e,United States,249.77,False
3ff896,Germany,40.28,False
780e22,China,232.84,False
a6e75b,United States,141.98,False
a00c80,United States,196.04,False
a2af3e,United States,203.54,False
4d0131,Luxembourg,92.4,False
8940db,Bahrain,12.86,True
780e33,China,200.31,False
4b1af2,Switzerland,2.57,True
780e30,China,213.43,False
46862c,Greece,37.6,False
780e2c,China,210.75,False
748063,Lebanon,156.53,False
4d0119,Luxembourg,235.85,False
469934,Greece,106.5,False
a6c120,United States,230.06,False
a12c42,United States,0.0,True
780e41,China,207.96,False
8940b5,Bahrain,237.63,False
400e14,United Kingdom,127.37,False
400e13,United Kingdom,216.54,False
8940c3,Bahrain,240.02,False
8940c2,Bahrain,242.83,False
a79122,United States,251.88,False
45b616,Denmark,109.3,False
a203a9,United States,217.62,False
c05f93,Canada,57.87,False
4d010c,Luxembourg,2.83,True
8940c9,Bahrain,244.97,False
e809fb,Chile,70.94,False
780e59,China,267.72,False
ac0519,United States,205.87,False
781ff7,China,210.62,False
aa0d55,United States,101.87,False
424cc1,United Kingdom,122.63,False
a2af91,United States,228.94,False
48ad85,Poland,200.68,False
a180cc,United States,93.38,False
507c7c,Uzbekistan,225.39,False
48ad83,Poland,56.47,False
7502cd,Malaysia,255.38,False
48ad81,Poland,223.02,False
76cccf,Singapore,252.55,False
76ccce,Singapore,241.85,False
ab3ee2,United States,217.99,False
346182,Spain,87.07,False
76cce5,Singapore,223.16,False
76cce3,Singapore,272.57,False
40631a,United Kingdom,238.95,False
a08805,United States,0.0,True
781ffe,China,207.36,False
40631b,United Kingdom,235.29,False
781ffd,China,188.55,False
400cd8,United Kingdom,62.26,False
a7e198,United States,202.36,False
a696d5,United States,200.72,False
a9217c,United States,0.0,True
4791dd,Norway,250.78,False
3c4906,Germany,71.65,False
780cdc,China,197.34,False
ac5ed9,United States,90.8,False
34615a,Spain,0.0,True
406319,United Kingdom,180.07,False
acaec5,United States,232.82,False
aab215,United States,57.43,False
a826c5,United States,78.26,False
5140bc,Georgia,3.09,True
407642,United Kingdom,125.85,False
a24c73,United States,241.9,False
7502d8,Malaysia,249.18,False
7502d9,Malaysia,245.27,False
507c96,Uzbekistan,239.31,False
a85c01,United States,230.46,False
40762c,United Kingdom,234.2,False
a719ff,United States,236.63,False
a336df,United States,224.73,False
401fe8,United Kingdom,36.0,False
869232,Japan,286.34,False
780cfb,China,228.59,False
40769a,United Kingdom,81.08,False
a8aaff,United States,219.88,False
851bdc,Japan,0.0,True
346147,Spain,205.07,False
872863,Japan,245.18,False
7502b3,Malaysia,184.34,False
7502b0,Malaysia,186.39,False
5140e6,Georgia,6.94,False
3006b5,Italy,125.39,False
4b1c01,Switzerland,64.21,False
40768c,United Kingdom,213.31,False
ad3870,United States,69.97,False
a7e158,United States,234.18,False
a3cf4f,United States,199.3,False
459a64,Denmark,1.03,True
3d41aa,Germany,51.96,False
34744c,Spain,76.86,False
abd230,United States,236.37,False
a310cf,United States,118.54,False
40767a,United Kingdom,237.97,False
347454,Spain,247.19,False
3950ce,France,157.96,False
407688,United Kingdom,229.91,False
347453,Spain,236.94,False
48ad0d,Poland,222.18,False
34610f,Spain,230.05,False
40766d,United Kingdom,224.34,False
702702,Bangladesh,84.71,False
a6f9b3,United States,225.1,False
48ad10,Poland,100.59,False
400ceb,United Kingdom,223.39,False
a49f89,United States,234.0,False
34754c,Spain,102.26,False
a25ec6,United States,56.78,False
48ad03,Poland,175.5,False
a45804,United States,28.46,False
347555,Spain,247.41,False
485d0e,Kingdom of the Netherlands,0.13,True
a1f822,United States,98.69,False
aa0c9e,United States,74.61,False
ad7f96,United States,231.01,False
06e02c,Rwanda,243.31,False
750405,Malaysia,208.46,False
750400,Malaysia,227.09,False
a07522,United States,193.34,False
4b82d0,Turkey,59.99,False
3c496d,Germany,249.12,False
3c496a,Germany,217.9,False
a8bf73,United States,2.57,True
76cda8,Singapore,249.24,False
76cda5,Singapore,263.12,False
a56503,United States,31.89,False
407630,United Kingdom,158.5,False
407631,United Kingdom,243.6,False
a44520,United States,240.32,False
adbc94,United States,40.03,False
780da6,China,224.42,False
76cdb2,Singapore,280.02,False
76cdb3,Singapore,94.23,False
44a7cc,Belgium,56.88,False
76cdb9,Singapore,264.01,False
a0757f,United States,5.4,True
76cdae,Singapore,266.72,False
c0174d,Canada,249.26,False
a6f9fa,United States,0.06,True
a6d3b3,United States,0.0,True
76cdba,Singapore,271.68,False
ad10ec,United States,0.0,True
4b95fa,Turkey,51.54,False
780dc9,China,198.04,False
ac181d,United States,230.03,False
a7f3ae,United States,225.46,False
a98f2d,United States,236.07,False
a37ec4,United States,240.67,False
407600,United Kingdom,7.2,True
a25ebe,United States,57.45,False
407603,United Kingdom,34.94,False
a61c8a,United States,68.34,False
a1954d,United States,51.45,False
a33843,United States,0.0,True
8966f2,United Arab Emirates,240.68,False
750484,Malaysia,94.03,False
780e4b,China,233.03,False
a3bbd6,United States,72.58,False
750480,Malaysia,178.47,False
8966f0,United Arab Emirates,247.51,False
389dff,France,6.17,True
c0171a,Canada,241.9,False
a44565,United States,235.71,False
400d5b,United Kingdom,212.86,False
400d5a,United Kingdom,157.52,False
8966eb,United Arab Emirates,247.71,False
8966f9,United Arab Emirates,264.05,False
a0628f,United States,241.01,False
750475,Malaysia,213.54,False
c01734,Canada,239.92,False
acaf0b,United States,63.88,False
8940a3,Bahrain,235.3,False
8940a2,Bahrain,237.28,False
ab93a5,United States,222.95,False
39b449,France,50.68,False
a43221,United States,85.4,False
8966ee,United Arab Emirates,230.16,False
c01729,Canada,222.99,False
3e765f,Germany,43.32,False
75047c,Malaysia,239.97,False
8940a4,Bahrain,245.33,False
300892,Italy,28.01,False
c01725,Canada,220.07,False
c01723,Canada,224.76,False
ac4c21,United States,229.62,False
780e6e,China,238.39,False
a7f50a,United States,172.71,False
c0173a,Canada,142.72,False
75044b,Malaysia,258.33,False
aa8850,United States,0.0,True
c0173f,Canada,251.64,False
75044d,Malaysia,256.76,False
8966bc,United Arab Emirates,245.25,False
8966ca,United Arab Emirates,256.69,False
4074b5,United Kingdom,209.21,False
a70885,United States,116.18,False
c01754,Canada,246.21,False
8966d3,United Arab Emirates,234.0,False
750453,Malaysia,245.08,False
8966e2,United Arab Emirates,47.08,False
8966e3,United Arab Emirates,60.76,False
396446,France,261.12,False
396445,France,259.02,False
c05db1,Canada,116.05,False
8966cf,United Arab Emirates,224.73,False
c0172e,Canada,258.04,False
a3bbff,United States,111.17,False
780e94,China,90.21,False
a69894,United States,241.47,False
c00416,Canada,43.18,False
8966e4,United Arab Emirates,54.15,False
750467,Malaysia,234.76,False
750441,Malaysia,81.47,False
a920f4,United States,215.05,False
3ff92b,Germany,38.73,False
a00d18,United States,79.64,False
a97c9a,United States,239.96,False
a2f26b,United States,26.48,False
851c64,Japan,209.15,False
abf6d8,United States,58.83,False
780e9e,China,249.93,False
300849,Italy,49.92,False
300847,Italy,65.18,False
8966aa,United Arab Emirates,244.46,False
75043c,Malaysia,144.88,False
8966ab,United Arab Emirates,238.14,False
3ff941,Germany,61.36,False
8966c3,United Arab Emirates,236.57,False
8966c4,United Arab Emirates,223.0,False
8966c5,United Arab Emirates,253.72,False
a97c85,United States,0.64,True
3ff90e,Germany,65.5,False
4b1aa5,Switzerland,50.77,False
aac3f4,United States,246.72,False
750419,Malaysia,179.68,False
a57867,United States,69.56,False
aab0ba,United States,7.72,True
4b8419,Turkey,59.68,False
75041f,Malaysia,196.66,False
a7081a,United States,196.27,False
0092e6,South Africa,210.1,False
75041b,Malaysia,142.4,False
3473d0,Spain,64.89,False
a4588d,United States,51.74,False
8966a6,United Arab Emirates,235.36,False
a74ea4,United States,128.22,False
479227,Norway,6.43,True
0092de,South Africa,39.58,False
39b44e,France,207.42,False
ad6c3b,United States,224.83,False
ac03f2,United States,141.8,False
8966a3,United Arab Emirates,230.61,False
aab38f,United States,73.57,False
4cafc4,Ireland,200.34,False
4cafc0,Ireland,249.94,False
4cafc1,Ireland,226.0,False
48ada9,Poland,237.93,False
48ada6,Poland,213.34,False
478124,Norway,32.9,False
48ada7,Poland,14.92,False
48ada4,Poland,166.99,False
a217ce,United States,52.94,False
4cafcc,Ireland,75.74,False
48ada1,Poland,231.51,False
abc058,United States,98.26,False
3d419c,Germany,92.65,False
0c21b9,Panama,242.97,False
4cafd0,Ireland,245.56,False
4cafd1,Ireland,228.29,False
4ab344,Sweden,38.08,False
4cafd3,Ireland,104.08,False
400f02,United Kingdom,208.41,False
717c85,Saudi Arabia,220.27,False
4b8349,Turkey,54.23,False
a577b9,United States,97.46,False
a7e24a,United States,239.78,False
300903,Italy,65.29,False
4cafb4,Ireland,215.66,False
c03a90,Canada,151.88,False
4076cd,United Kingdom,239.83,False
a061cb,United States,51.7,False
4bd347,Turkey,51.22,False
a5525a,United States,47.51,False
a23a28,United States,251.45,False
a23a27,United States,0.06,True
0c21fc,Panama,213.81,False
ad0074,United States,238.39,False
a98edc,United States,6.69,True
c03a1e,Canada,69.48,False
780f3f,China,256.18,False
a24d5f,United States,52.46,False
780f3d,China,268.54,False
abc093,United States,64.67,False
4076b1,United Kingdom,228.99,False
c04d98,Canada,191.84,False
4076b0,United Kingdom,249.65,False
a23a03,United States,7.72,True
780f69,China,198.7,False
a23a01,United States,49.01,False
c004ea,Canada,185.15,False
a36d14,United States,144.14,False
a7e20a,United States,243.65,False
a9dea3,United States,58.14,False
ac05b4,United States,86.55,False
780f71,China,241.79,False
aa7668,United States,209.98,False
a97ba2,United States,70.42,False
4caff6,Ireland,198.5,False
4caff7,Ireland,234.3,False
4caff4,Ireland,236.94,False
01024b,Egypt,209.02,False
3964ec,France,222.37,False
407795,United Kingdom,210.12,False
01024d,Egypt,229.56,False
3964eb,France,245.8,False
01024c,Egypt,135.43,False
a5fd2d,United States,240.25,False
01024e,Egypt,79.46,False
3007ee,Italy,10.29,True
3964ef,France,246.08,False
aa0e74,United States,54.23,False
86804f,Japan,139.8,False
484b8f,Kingdom of the Netherlands,194.45,False
407793,United Kingdom,247.39,False
407794,United Kingdom,194.18,False
40777c,United Kingdom,242.17,False
780ddd,China,86.06,False
010257,Egypt,164.9,False
010259,Egypt,250.73,False
39a1a4,France,42.58,False
01023b,Egypt,241.64,False
aa0e62,United States,233.63,False
01023d,Egypt,217.17,False
86803e,Japan,122.55,False
40643b,United Kingdom,231.21,False
a23a6f,United States,33.95,False
40643d,United Kingdom,214.34,False
010244,Egypt,145.09,False
010243,Egypt,6.43,True
010246,Egypt,76.76,False
010247,Egypt,151.31,False
a181fe,United States,41.2,False
a684c4,United States,165.61,False
406442,United Kingdom,233.78,False
881050,Thailand,222.21,False
406444,United Kingdom,210.37,False
01026e,Egypt,258.38,False
3e73f3,Germany,36.82,False
484b6e,Kingdom of the Netherlands,226.25,False
010283,Egypt,5.4,True
406440,United Kingdom,200.93,False
40775c,United Kingdom,217.32,False
3964e2,France,113.72,False
48ae86,Poland,219.6,False
48ae82,Poland,234.43,False
48ae83,Poland,242.86,False
48ae80,Poland,184.09,False
3964f1,France,77.88,False
7503f6,Malaysia,66.31,False
399a40,France,226.82,False
010264,Egypt,6.94,True
010263,Egypt,219.6,False
3964f4,France,7.46,True
3951c2,France,232.05,False
010265,Egypt,211.17,False
a1e4e9,United States,239.95,False
40641d,United Kingdom,206.14,False
a60a48,United States,85.07,False
01025a,Egypt,227.27,False
a6c29b,United States,84.26,False
01020a,Egypt,241.82,False
3007c0,Italy,69.72,False
717c9e,Saudi Arabia,115.18,False
33ffe5,Italy,171.51,False
34758c,Spain,236.45,False
aa88d2,United States,226.59,False
a5fd07,United States,53.87,False
a01fd9,United States,56.18,False
717c98,Saudi Arabia,243.54,False
a13fc2,United States,178.07,False
717c93,Saudi Arabia,222.85,False
a1f909,United States,81.36,False
a577d4,United States,239.82,False
abc012,United States,210.88,False
010206,Egypt,243.11,False
a7e279,United States,197.91,False
a9225e,United States,138.55,False
abd356,United States,85.4,False
aaa02c,United States,189.1,False
868042,Japan,211.66,False
a564ab,United States,188.19,False
4b1b18,Switzerland,40.75,False
3e73a0,Germany,51.97,False
a3bd61,United States,54.11,False
a697cf,United States,201.54,False
a08948,United States,54.34,False
4792d3,Norway,209.87,False
484b32,Kingdom of the Netherlands,10.29,True
a59a0f,United States,53.89,False
346355,Spain,237.49,False
39c801,France,48.17,False
346350,Spain,195.47,False
a3260d,United States,3.86,True
4b1a23,Switzerland,169.83,False
75050c,Malaysia,123.91,False
a49fa6,United States,63.3,False
4792a6,Norway,155.33,False
a6c1dc,United States,57.53,False
3d5506,Germany,76.7,False
48ae23,Poland,231.21,False
48ae21,Poland,227.97,False
4b1a18,Switzerland,1.54,True
a7f4ec,United States,258.23,False
346345,Spain,81.95,False
a25fbe,United States,62.89,False
a20643,United States,67.78,False
485e2d,Kingdom of the Netherlands,256.91,False
4b1a02,Switzerland,224.65,False
84b4b7,Japan,158.22,False
a3391b,United States,53.79,False
4b1a2d,Switzerland,211.78,False
4b1a2e,Switzerland,240.55,False
4b1a2f,Switzerland,211.58,False
48ae06,Poland,224.57,False
34764a,Spain,257.8,False
48ae07,Poland,258.18,False
48ae04,Poland,223.74,False
48ae05,Poland,221.35,False
4b1a2a,Switzerland,228.75,False
4b1a2c,Switzerland,239.14,False
485e30,Kingdom of the Netherlands,268.07,False
780eb3,China,233.1,False
601834,Turkmenistan,96.05,False
4b1a34,Switzerland,228.45,False
780eb5,China,111.37,False
4b1a1a,Switzerland,194.68,False
4b1a1b,Switzerland,211.99,False
346317,Spain,208.58,False
4b1a25,Switzerland,119.6,False
84b4d9,Japan,239.31,False
4b1a26,Switzerland,127.17,False
4b1a27,Switzerland,202.0,False
347645,Spain,230.76,False
4b1a28,Switzerland,237.56,False
4b1a29,Switzerland,203.45,False
346316,Spain,242.54,False
ad11eb,United States,122.93,False
347646,Spain,222.23,False
a84a1a,United States,236.98,False
347641,Spain,177.56,False
a801a9,United States,212.8,False
a73d74,United States,51.12,False
4d24cb,Malta,243.13,False
4b1a65,Switzerland,3.6,True
601828,Turkmenistan,236.09,False
4b1a66,Switzerland,212.94,False
4d24cc,Malta,68.35,False
a2afeb,United States,244.82,False
4b1a67,Switzerland,212.5,False
aa0d8a,United States,101.78,False
010296,Egypt,7.72,True
40773b,United Kingdom,228.69,False
4d24d7,Malta,209.9,False
4d24d4,Malta,236.23,False
a671ba,United States,209.31,False
4d24d5,Malta,223.35,False
346303,Spain,224.38,False
400dae,United Kingdom,113.04,False
780ed0,China,234.65,False
4d24de,Malta,233.5,False
4d24f0,Malta,182.88,False
a3396b,United States,141.77,False
40772f,United Kingdom,210.62,False
a4ca6a,United States,237.93,False
010292,Egypt,210.52,False
34761a,Spain,100.77,False
40772e,United Kingdom,252.69,False
c0187a,Canada,0.06,True
76cee8,Singapore,257.85,False
4d24e6,Malta,212.89,False
400db2,United Kingdom,242.39,False
407739,United Kingdom,220.13,False
a1d332,United States,47.16,False
407731,United Kingdom,229.85,False
4d24af,Malta,192.04,False
a671f2,United States,77.07,False
a7f4e9,United States,240.25,False
478096,Norway,2.06,True
ab9624,United States,0.64,True
4d24ab,Malta,220.5,False
400db1,United Kingdom,210.41,False
8464b0,Japan,228.87,False
507c60,Uzbekistan,237.92,False
34760b,Spain,1.03,True
76cef7,Singapore,262.57,False
4d24b4,Malta,221.98,False
4d24b5,Malta,126.38,False
4d24b6,Malta,226.45,False
780edb,China,203.79,False
4d24b0,Malta,219.42,False
4d24b1,Malta,93.35,False
4d24b2,Malta,209.79,False
a814f1,United States,46.82,False
3ff6e1,Germany,65.29,False
780ef6,China,201.95,False
84c7d2,Japan,68.2,False
4d24ba,Malta,196.28,False
507c57,Uzbekistan,238.73,False
461e1f,Finland,233.33,False
a0d98d,United States,0.64,True
3e60f9,Germany,45.1,False
780eed,China,249.24,False
780eec,China,246.92,False
4d24c2,Malta,130.17,False
4b1a5f,Switzerland,225.38,False
347605,Spain,7.46,True
47808c,Norway,84.26,False
347601,Spain,209.65,False
a37fd3,United States,193.22,False
a32630,United States,55.69,False
87ad79,Japan,3.6,True
0091f3,South Africa,60.19,False
aa1ffc,United States,178.17,False
38eefb,France,78.92,False
780f84,China,262.74,False
c05ec7,Canada,208.16,False
750596,Malaysia,194.89,False
4075f3,United Kingdom,229.73,False
a4200d,United States,238.16,False
780f7d,China,182.72,False
4075df,United Kingdom,225.96,False
ac4d1a,United States,268.47,False
0101bb,Egypt,211.34,False
3ff868,Germany,39.62,False
0101be,Egypt,245.0,False
461e14,Finland,59.7,False
ad6d03,United States,223.96,False
461e15,Finland,3.6,True
461e16,Finland,221.45,False
4075e0,United Kingdom,215.55,False
395222,France,49.77,False
ac4d43,United States,278.31,False
aafa0d,United States,227.07,False
a49ffc,United States,36.06,False
ac04ae,United States,250.37,False
ab1a1e,United States,222.31,False
39a205,France,239.58,False
0101fa,Egypt,224.77,False
c05edf,Canada,198.07,False
c05edb,Canada,207.64,False
ac04c5,United States,114.97,False
ac04c3,United States,199.7,False
a85cad,United States,230.86,False
a17049,United States,136.27,False
a5c990,United States,42.79,False
750593,Malaysia,211.69,False
4d24ff,Malta,141.56,False
400e4a,United Kingdom,221.4,False
44a8a6,Belgium,244.12,False
497cdf,Portugal,69.92,False
a18380,United States,143.75,False
0101db,Egypt,250.33,False
a48cc1,United States,48.44,False
0101df,Egypt,253.65,False
ac04d3,United States,240.57,False
7c66d5,Australia,219.11,False
c05ed8,Canada,61.13,False
a4463e,United States,3.86,True
a50fcc,United States,30.87,False
750561,Malaysia,0.0,True
75054c,Malaysia,220.4,False
e0a691,Argentina,215.35,False
750552,Malaysia,230.81,False
750554,Malaysia,229.89,False
3ff81e,Germany,50.63,False
4062ed,United Kingdom,45.54,False
3461cf,Spain,222.78,False
750540,Malaysia,234.91,False
c05ea2,Canada,146.75,False
ab2d9a,United States,77.38,False
c05ea6,Canada,2.57,True
a70947,United States,36.54,False
4075fd,United Kingdom,234.54,False
4075fe,United Kingdom,236.43,False
48aca8,Poland,47.43,False
0101b7,Egypt,226.52,False
0101b9,Egypt,156.88,False
48aca1,Poland,45.76,False
3deba2,Germany,58.2,False
0101b8,Egypt,171.64,False
acf1a3,United States,73.27,False
3e6208,Germany,33.2,False
ac3a60,United States,241.13,False
3ff808,Germany,50.22,False
a61cac,United States,186.49,False
45b424,Denmark,112.23,False
4d2511,Malta,35.44,False
4d2518,Malta,4.37,True
7504a1,Malaysia,1.03,True
505941,Slovakia,80.67,False
a87eef,United States,39.68,False
a95881,United States,257.52,False
40749b,United Kingdom,7.2,True
4caea0,Ireland,105.19,False
a93229,United States,109.88,False
4caeaf,Ireland,207.78,False
4d2521,Malta,205.51,False
3ec399,Germany,31.4,False
4d2522,Malta,166.81,False
4caead,Ireland,116.11,False
a9587d,United States,122.96,False
4d2527,Malta,143.2,False
4d2528,Malta,243.32,False
4d2529,Malta,219.58,False
ab9383,United States,218.05,False
4caeb8,Ireland,193.31,False
ac1698,United States,232.2,False
4caeb6,Ireland,242.13,False
4caeb1,Ireland,228.02,False
ad101f,United States,44.88,False
a8cebc,United States,87.41,False
a44262,United States,228.78,False
400aff,United Kingdom,218.16,False
400afc,United Kingdom,215.02,False
400afb,United Kingdom,211.99,False
4d2501,Malta,234.92,False
4d2502,Malta,4.12,True
4d2504,Malta,236.69,False
4d2500,Malta,238.09,False
4d2509,Malta,126.59,False
a44257,United States,233.06,False
a6d241,United States,106.45,False
a9eeb6,United States,209.15,False
84b794,Japan,230.24,False
a9a82d,United States,161.89,False
adccd0,United States,204.03,False
a70538,United States,214.01,False
4d253b,Malta,144.19,False
4caee6,Ireland,227.34,False
4caee7,Ireland,240.08,False
4caee8,Ireland,219.08,False
4caee2,Ireland,0.0,True
4caee3,Ireland,0.0,True
76bd42,Singapore,232.46,False
4caee4,Ireland,239.73,False
4caee5,Ireland,229.43,False
76bd45,Singapore,0.0,True
76bd49,Singapore,102.54,False
a347b1,United States,224.82,False
ad237f,United States,233.25,False
abd063,United States,67.95,False
a00a3e,United States,44.86,False
a4ebd9,United States,209.84,False
a00a50,United States,53.36,False
a071c2,United States,101.76,False
4d2534,Malta,248.55,False
4d2536,Malta,210.77,False
4d2532,Malta,224.9,False
4d2533,Malta,200.77,False
a83876,United States,236.82,False
a5d87a,United States,220.26,False
76bd4b,Singapore,85.52,False
4d251b,Malta,252.22,False
c014e0,Canada,183.97,False
4d251c,Malta,193.86,False
4caec8,Ireland,59.04,False
4d251a,Malta,224.6,False
71ba01,Republic of Korea,180.95,False
4caee0,Ireland,177.18,False
71ba05,Republic of Korea,253.55,False
347295,Spain,115.96,False
71ba04,Republic of Korea,251.83,False
a82532,United States,45.8,False
4caeca,Ireland,228.67,False
4d252f,Malta,167.19,False
4d252b,Malta,247.27,False
aab09a,United States,216.53,False
347288,Spain,247.55,False
a467f1,United States,141.61,False
a4b7d2,United States,54.37,False
a4b7d7,United States,207.91,False
ab4fd3,United States,235.42,False
ab0969,United States,231.49,False
8466a0,Japan,232.67,False
7b1040,China,10.8,True
aae958,United States,249.43,False
46d2f2,Greece,128.46,False
aae960,United States,2.31,True
348593,Spain,52.88,False
a24a0a,United States,248.13,False
a36a10,United States,256.54,False
4932a4,Portugal,159.1,False
347258,Spain,209.26,False
a24a31,United States,234.94,False
347257,Spain,245.53,False
a0d4db,United States,39.94,False
485b42,Kingdom of the Netherlands,255.42,False
a1f4b1,United States,3.34,True
485b45,Kingdom of the Netherlands,273.43,False
485b43,Kingdom of the Netherlands,246.53,False
485b44,Kingdom of the Netherlands,247.09,False
a837a5,United States,242.07,False
7504fe,Malaysia,242.92,False
a6828e,United States,53.98,False
abe302,United States,119.46,False
7504e0,Malaysia,176.02,False
40745e,United Kingdom,201.83,False
a441c9,United States,239.45,False
7504cd,Malaysia,203.19,False
aab001,United States,224.63,False
a441ac,United States,241.79,False
ad495b,United States,246.45,False
a441ab,United States,233.59,False
407463,United Kingdom,79.38,False
406133,United Kingdom,216.34,False
c2a55d,Canada,88.5,False
aa739e,United States,233.78,False
a24a65,United States,41.2,False
4b1a00,Switzerland,236.21,False
87adaa,Japan,3.86,True
4b1a01,Switzerland,221.54,False
adcca0,United States,163.09,False
a334f8,United States,52.17,False
ae6960,United States,150.41,False
a09902,United States,142.56,False
347219,Spain,118.08,False
7504af,Malaysia,181.52,False
7504aa,Malaysia,223.14,False
a49d3f,United States,28.48,False
7504d0,Malaysia,225.44,False
ad2328,United States,46.7,False
40742e,United Kingdom,123.31,False
a93257,United States,215.79,False
ac033e,United States,213.12,False
a8bbda,United States,54.64,False
a21603,United States,24.18,False
4caf26,Ireland,176.04,False
4caf27,Ireland,140.74,False
4caf28,Ireland,244.97,False
4caf29,Ireland,228.92,False
780fa5,China,71.79,False
4caf20,Ireland,188.73,False
a811af,United States,83.31,False
a09961,United States,251.84,False
adba03,United States,51.96,False
4caf0a,Ireland,7.72,True
a97a34,United States,57.55,False
c05bd6,Canada,215.37,False
c05bd2,Canada,225.4,False
a48a83,United States,239.95,False
a441ef,United States,4.12,True
780fb4,China,221.3,False
4caf1f,Ireland,181.54,False
a6e4e8,United States,87.24,False
acad76,United States,218.8,False
a441f5,United States,231.4,False
abe1bd,United States,30.82,False
a10931,United States,5.92,True
400b84,United Kingdom,176.18,False
400b83,United Kingdom,2.06,True
adba0a,United States,209.0,False
4caf12,Ireland,8.23,True
4caf13,Ireland,6.17,True
4caf14,Ireland,87.32,False
4072dc,United Kingdom,229.03,False
84b5ee,Japan,232.45,False
4072e5,United Kingdom,42.33,False
4d23ab,Malta,225.0,False
a1e302,United States,237.72,False
76bcc3,Singapore,231.1,False
76bcc7,Singapore,254.06,False
ad7d9f,United States,260.95,False
348603,Spain,131.33,False
a0733a,United States,229.17,False
a704bf,United States,132.84,False
348602,Spain,216.07,False
c05ba9,Canada,194.92,False
780ff6,China,167.4,False
717caa,Saudi Arabia,67.64,False
4d23bb,Malta,194.47,False
7c561d,Australia,118.49,False
adba2b,United States,58.9,False
c0150d,Canada,1.54,True
4d23c3,Malta,241.75,False
881059,Thailand,77.09,False
881058,Thailand,168.3,False
881057,Thailand,245.02,False
ae54f8,United States,110.7,False
86808a,Japan,227.81,False
a6e4bb,United States,165.18,False
a694dd,United States,0.06,True
780fff,China,194.6,False
780ffb,China,231.15,False
4caf2b,Ireland,223.03,False
4caf2a,Ireland,205.21,False
a85a19,United States,53.5,False
c06ee2,Canada,37.75,False
84b5ac,Japan,185.83,False
a21633,United States,209.53,False
ac291f,United States,251.3,False
ab4fae,United States,244.74,False
4d23a3,Malta,242.75,False
a837e5,United States,83.31,False
c02876,Canada,224.34,False
a86d38,United States,54.99,False
a0c362,United States,41.27,False
4d23f9,Malta,240.16,False
3d5466,Germany,97.28,False
a3dfeb,United States,208.36,False
4d23ea,Malta,127.05,False
300640,Italy,51.94,False
4d23fe,Malta,219.81,False
a9a901,United States,238.74,False
4d23fa,Malta,250.72,False
8a0a8c,Indonesia,228.72,False
4d23fb,Malta,187.04,False
4d23fc,Malta,234.49,False
a44308,United States,238.15,False
e0a551,Argentina,72.62,False
4caf82,Ireland,1.29,True
a5d965,United States,223.18,False
a4694d,United States,71.88,False
a3ccf3,United States,228.96,False
a8aa87,United States,222.72,False
a20347,United States,161.3,False
a9ca5c,United States,64.26,False
a1e30b,United States,50.46,False
4d23db,Malta,263.71,False
a19357,United States,4.37,True
3d673b,Germany,50.82,False
a1806a,United States,99.07,False
ac5d38,United States,223.53,False
4b3ea7,Switzerland,57.8,False
51403f,Georgia,227.36,False
ad7d28,United States,43.29,False
4a1ec2,Romania,61.81,False
ac27cf,United States,223.85,False
a0b05c,United States,67.85,False
a1e395,United States,51.57,False
ac27f0,United States,9.26,True
4072c8,United Kingdom,198.86,False
3ff706,Germany,77.79,False
a1804c,United States,246.86,False
abf4ae,United States,91.43,False
ad34b4,United States,209.39,False
33fd0a,Italy,232.85,False
a20376,United States,37.45,False
a45671,United States,60.04,False
a32367,United States,0.13,True
a32368,United States,129.13,False
a4ffb7,United States,225.17,False
47197f,Hungary,40.21,False
45d994,Denmark,58.24,False
4072a4,United Kingdom,220.66,False
4072a5,United Kingdom,0.0,True
ac01b7,United States,77.38,False
e900a1,Uruguay,53.03,False
a4b952,United States,120.48,False
0081ef,South Africa,205.49,False
a31093,United States,57.68,False
a25e11,United States,43.6,False
a348a1,United States,246.58,False
7505c2,Malaysia,222.73,False
a8cffd,United States,145.4,False
84b86d,Japan,2.06,True
4d2402,Malta,228.06,False
86e518,Japan,97.06,False
a6837d,United States,6.43,True
4d2409,Malta,244.95,False
3485c3,Spain,245.56,False
45c86a,Denmark,211.69,False
45c86b,Denmark,231.24,False
aab169,United States,237.0,False
7505bf,Malaysia,243.88,False
ac047d,United States,182.72,False
a9efbb,United States,87.04,False
3ff54f,Germany,34.66,False
a085a4,United States,174.85,False
aa746c,United States,149.8,False
ad1142,United States,226.16,False
3ec259,Germany,42.36,False
4a0aae,Romania,214.41,False
0a80dd,Bahamas,117.22,False
ac049e,United States,207.81,False
ab09b4,United States,236.69,False
ad1153,United States,48.98,False
a12b2d,United States,268.58,False
a86cb5,United States,60.84,False
a25e57,United States,32.41,False
a6832a,United States,72.15,False
4cadbe,Ireland,205.54,False
aa7468,United States,235.4,False
4cadbf,Ireland,16.46,True
3c459a,Germany,3.09,True
aae9a3,United States,228.47,False
4cadba,Ireland,203.52,False
4cadbc,Ireland,219.78,False
4d241c,Malta,148.46,False
a2ae1b,United States,213.11,False
c05e62,Canada,1.54,True
4d241a,Malta,180.07,False
4cadc7,Ireland,252.29,False
a6d30c,United States,53.68,False
4cadc1,Ireland,209.38,False
4cadc2,Ireland,232.14,False
4cade0,Ireland,230.85,False
ddaad5,,0.0,True
4d2449,Malta,171.59,False
4cade2,Ireland,0.45,True
a12b51,United States,147.48,False
4cadcb,Ireland,150.97,False
a12b53,United States,257.84,False
a75fdf,United States,196.57,False
4d242e,Malta,161.58,False
34608f,Spain,105.27,False
aa1df3,United States,80.08,False
4d242a,Malta,162.77,False
4d242b,Malta,226.53,False
4d2413,Malta,148.67,False
a12b0a,United States,0.0,True
a2ae12,United States,239.05,False
aa0aab,United States,149.55,False
aa6113,United States,5.92,True
4d2418,Malta,191.55,False
346091,Spain,201.86,False
a00b2d,United States,246.5,False
39a06e,France,49.39,False
4cada9,Ireland,207.43,False
4cada3,Ireland,249.86,False
44a838,Belgium,250.05,False
84b84b,Japan,192.67,False
4cada4,Ireland,185.33,False
a085e8,United States,67.52,False
a5c672,United States,86.65,False
a4ecfd,United States,51.96,False
48ac82,Poland,216.73,False
aa1dcd,United States,252.13,False
4d2424,Malta,174.41,False
48ac80,Poland,240.55,False
a9a929,United States,222.42,False
4d2426,Malta,223.01,False
4cadc0,Ireland,108.55,False
a6d326,United States,124.52,False
346088,Spain,234.59,False
4d2423,Malta,93.71,False
346083,Spain,214.85,False
4d2428,Malta,249.52,False
4d2429,Malta,225.98,False
4cadaa,Ireland,99.56,False
4d240d,Malta,244.75,False
4d240e,Malta,107.11,False
4cadb8,Ireland,202.81,False
c05e72,Canada,264.91,False
a7f302,United States,221.06,False
4cadb6,Ireland,203.97,False
009400,South Africa,34.53,False
a8130d,United States,42.82,False
406222,United Kingdom,239.11,False
3c7a41,Germany,223.04,False
406229,United Kingdom,220.74,False
3c7a46,Germany,244.88,False
4cadfe,Ireland,95.25,False
4cadff,Ireland,234.37,False
a335f4,United States,8.75,True
4bd159,Turkey,160.05,False
40753d,United Kingdom,147.9,False
4cadfc,Ireland,233.74,False
4d245c,Malta,211.33,False
4bd155,Turkey,228.26,False
a4ee2e,United States,89.42,False
ac1720,United States,219.74,False
40753f,United Kingdom,211.75,False
a37e80,United States,233.56,False
34604b,Spain,181.62,False
34604d,Spain,221.06,False
34604c,Spain,239.92,False
a0c2f7,United States,56.54,False
86d266,Japan,259.54,False
4d2484,Malta,228.25,False
a36b2d,United States,0.0,True
4d2480,Malta,224.37,False
347388,Spain,15.95,True
4cadf0,Ireland,215.97,False
407534,United Kingdom,220.48,False
a9205a,United States,55.75,False
4cadf2,Ireland,217.35,False
a825a8,United States,50.0,False
4d2455,Malta,195.52,False
407535,United Kingdom,199.33,False
407536,United Kingdom,239.32,False
3e0a34,Germany,63.97,False
4d244a,Malta,188.99,False
4caddb,Ireland,257.68,False
4caddd,Ireland,210.03,False
4cadde,Ireland,236.4,False
ddaace,,26.2,False
40751b,United Kingdom,218.46,False
a37e63,United States,33.69,False
3c7a4a,Germany,199.67,False
4d243b,Malta,175.39,False
40751c,United Kingdom,208.44,False
4d243d,Malta,243.7,False
4cade7,Ireland,234.27,False
84b7a1,Japan,3.86,True
4d2450,Malta,244.34,False
3c7a4b,Germany,229.39,False
4cade3,Ireland,191.8,False
a825a6,United States,229.47,False
3c7a4d,Germany,238.04,False
4cade5,Ireland,79.67,False
4cade6,Ireland,124.48,False
4d2468,Malta,222.98,False
4d2464,Malta,140.91,False
4d245a,Malta,210.71,False
4cadec,Ireland,68.5,False
a12b76,United States,123.99,False
a50e7f,United States,48.84,False
4d244b,Malta,231.8,False
ab942f,United States,0.51,True
4d244c,Malta,231.33,False
4cadf9,Ireland,236.98,False
86d288,Japan,211.04,False
a4a5f3,United States,47.37,False
4cadf5,Ireland,242.38,False
a455a4,United States,70.46,False
4cadf6,Ireland,256.19,False
4cadf7,Ireland,223.86,False
0a80c2,Bahamas,128.02,False
a442f3,United States,221.9,False
e47f50,Brazil,194.97,False
40624e,United Kingdom,5.66,True
34734f,Spain,226.79,False
a67084,United States,56.18,False
40757f,United Kingdom,223.92,False
40624f,United Kingdom,235.99,False
43bc99,United Kingdom,0.0,False
abe40a,United States,238.35,False
a67080,United States,92.61,False
40756f,United Kingdom,211.09,False
40756e,United Kingdom,214.63,False
43bc7f,United Kingdom,24.75,False
40756b,United Kingdom,0.0,True
347344,Spain,244.74,False
407575,United Kingdom,143.85,False
a6709e,United States,81.85,False
4d248d,Malta,218.43,False
abe448,United States,244.29,False
407574,United Kingdom,196.64,False
a6709b,United States,233.61,False
40755f,United Kingdom,69.9,False
40622f,United Kingdom,219.62,False
009498,South Africa,65.27,False
a4ee33,United States,82.86,False
407567,United Kingdom,232.84,False
a335fa,United States,235.11,False
a9202a,United States,48.74,False
400be5,United Kingdom,0.0,True
406230,United Kingdom,248.47,False
406231,United Kingdom,121.88,False
43bc9b,United Kingdom,0.0,False
43bc9c,United Kingdom,0.0,False
abe450,United States,222.67,False
34864a,Spain,48.15,False
a9dce9,United States,241.81,False
4d248f,Malta,194.98,False
4b3e2c,Switzerland,0.0,True
4cae00,Ireland,232.28,False
a33716,United States,78.79,False
424c98,United Kingdom,216.42,False
a8ab3c,United States,0.0,True
4cae12,Ireland,98.09,False
4cae11,Ireland,237.57,False
abe2f6,United States,240.14,False
a9cb18,United States,229.22,False
c0168f,Canada,124.54,False
a7f2d2,United States,229.41,False
adbb39,United States,209.46,False
a812e9,United States,56.4,False
a25dcc,United States,39.62,False
a12ac5,United States,246.64,False
44b9e5,Belgium,65.44,False
300795,Italy,39.0,False
a25dcf,United States,59.32,False
4cae49,Ireland,235.74,False
a97b04,United States,60.15,False
a12ac9,United States,7.46,True
a5c5e8,United States,184.85,False
a45730,United States,44.04,False
4cae48,Ireland,237.57,False
a945b9,United States,41.42,False
3ff4aa,Germany,50.44,False
a6d2a6,United States,70.96,False
a12ac2,United States,196.93,False
a4ee82,United States,218.51,False
a61b4e,United States,202.46,False
c05cb6,Canada,35.7,False
3ff4d9,Germany,42.19,False
4cae56,Ireland,206.79,False
a562e8,United States,232.21,False
4cae57,Ireland,237.09,False
4cae58,Ireland,102.95,False
4cae59,Ireland,195.85,False
4d22b1,Malta,233.56,False
4cae52,Ireland,226.39,False
4cae54,Ireland,239.34,False
a37db9,United States,227.33,False
aa72b1,United States,223.69,False
a838e5,United States,242.19,False
a12aa5,United States,238.72,False
aa85d9,United States,91.2,False
4cae29,Ireland,177.17,False
ac1701,United States,279.54,False
300782,Italy,139.15,False
ac1704,United States,36.03,False
4cae32,Ireland,144.9,False
4cae1f,Ireland,188.58,False
4cae1d,Ireland,253.35,False
4cae1e,Ireland,214.66,False
424c84,United Kingdom,237.96,False
a3244f,United States,240.77,False
a3244a,United States,128.61,False
4073b5,United Kingdom,0.0,True
4cae83,Ireland,200.53,False
4cae84,Ireland,228.32,False
4cae6c,Ireland,0.0,True
4cae6d,Ireland,183.35,False
4cae8c,Ireland,131.7,False
4cae8d,Ireland,98.54,False
761488,Pakistan,202.0,False
a1f77c,United States,224.3,False
4cae96,Ireland,248.02,False
4cae97,Ireland,220.7,False
4cae98,Ireland,231.9,False
39b323,France,42.7,False
a3376c,United States,236.26,False
4cae92,Ireland,211.94,False
aa7409,United States,210.96,False
4cae93,Ireland,258.48,False
4cae94,Ireland,234.7,False
4cae95,Ireland,240.68,False
4cae90,Ireland,173.21,False
a31122,United States,194.63,False
a1f794,United States,224.02,False
846844,Japan,207.62,False
4073a0,United Kingdom,220.02,False
a1f792,United States,136.92,False
4cae5a,Ireland,244.2,False
a9cb83,United States,228.02,False
4d22ac,Malta,222.97,False
4cae67,Ireland,242.74,False
ac28e5,United States,198.5,False
4cae68,Ireland,222.48,False
4cae69,Ireland,221.52,False
4d22c2,Malta,90.56,False
4cae63,Ireland,228.96,False
4cae64,Ireland,187.11,False
a12adb,United States,45.7,False
4cae65,Ireland,67.46,False
4cae66,Ireland,246.5,False
4cae60,Ireland,195.07,False
4d22b9,Malta,199.11,False
4cae62,Ireland,231.86,False
4d22b2,Malta,111.68,False
4d22b3,Malta,202.17,False
a69761,United States,220.8,False
4d22b5,Malta,215.85,False
a18135,United States,54.57,False
4cae4a,Ireland,226.64,False
4cae4b,Ireland,247.73,False
4cae4c,Ireland,239.75,False
4d22bf,Malta,234.28,False
4cae6a,Ireland,0.64,True
4cae6b,Ireland,221.38,False
a1d105,United States,87.04,False
4d22bb,Malta,211.51,False
4d22be,Malta,233.16,False
a1813b,United States,87.07,False
4cae75,Ireland,214.57,False
4d22c8,Malta,210.05,False
a6e72d,United States,222.86,False
4d22c6,Malta,211.09,False
846866,Japan,204.19,False
4d22ba,Malta,169.83,False
a1d16a,United States,53.29,False
39a025,France,156.66,False
468476,Greece,46.04,False
ad6b14,United States,152.15,False
3472cc,Spain,224.84,False
a44477,United States,224.52,False
39a038,France,45.2,False
a9cb5d,United States,75.3,False
a48ae7,United States,0.06,True
ac02b4,United States,128.6,False
4073ce,United Kingdom,238.41,False
4cae9b,Ireland,232.66,False
4cae9d,Ireland,222.38,False
4cae9e,Ireland,201.69,False
4cae9a,Ireland,232.31,False
3c5999,Germany,194.93,False
a3cdc8,United States,50.6,False
3472c9,Spain,215.89,False
3472c3,Spain,0.39,True
a4eda4,United States,54.23,False
a57742,United States,230.3,False
4cae8e,Ireland,231.12,False
4cae8f,Ireland,255.8,False
4d22ff,Malta,234.93,False
300702,Italy,64.03,False
e0a457,Argentina,209.49,False
a48ac4,United States,229.62,False
ac5e6e,United States,0.0,True
4cae9f,Ireland,232.66,False
868340,Japan,269.07,False
86d310,Japan,93.08,False
a47d11,United States,231.76,False
407267,United Kingdom,215.95,False
469534,Greece,81.9,False
a8059b,United States,230.19,False
ac08b1,United States,219.68,False
8a0aad,Indonesia,159.85,False
ac08ae,United States,50.61,False
a4cd23,United States,239.49,False
86d334,Japan,203.41,False
a3ad47,United States,195.91,False
a327ba,United States,57.11,False
ac3e21,United States,77.92,False
abe8b6,United States,202.92,False
ab0b13,United States,121.03,False
a7d284,United States,227.39,False
a22a01,United States,52.5,False
71bc36,Republic of Korea,280.83,False
800b14,India,137.26,False
a09a90,United States,6.94,True
a35d79,United States,0.0,True
a7e55c,United States,33.5,False
ad5e27,United States,0.9,True
a54299,United States,156.76,False
a7e54f,United States,240.87,False
a1c1c7,United States,4.37,True
71bc19,Republic of Korea,264.59,False
71bc17,Republic of Korea,213.55,False
4cacb4,Ireland,207.22,False
ab0b42,United States,231.86,False
a291c1,United States,99.67,False
abe8e4,United States,143.54,False
a8aef3,United States,233.0,False
4d2304,Malta,229.39,False
a327f7,United States,77.9,False
348386,Spain,49.8,False
4d2300,Malta,117.24,False
a80595,United States,206.93,False
ad4b05,United States,237.16,False
a794d9,United States,96.42,False
3c56ee,Germany,201.46,False
4d234a,Malta,210.89,False
3c56f6,Germany,221.54,False
3c56f5,Germany,230.03,False
a6c4d7,United States,0.0,True
4d2350,Malta,257.02,False
4d2351,Malta,220.17,False
3c56ec,Germany,243.14,False
ab6020,United States,224.17,False
4d2369,Malta,238.86,False
4d2368,Malta,213.27,False
a301f3,United States,231.9,False
a2090d,United States,0.0,True
4d234c,Malta,218.29,False
4d234d,Malta,232.8,False
4d234f,Malta,225.59,False
a661c7,United States,163.0,False
ad6ff2,United States,131.63,False
adbfae,United States,150.84,False
4d2336,Malta,226.87,False
a661e3,United States,168.62,False
48bc0c,Poland,46.84,False
aaa34c,United States,89.97,False
3985a3,France,155.17,False
3985a1,France,80.25,False
4d2330,Malta,226.82,False
3985a7,France,235.05,False
4d2347,Malta,229.71,False
4d2346,Malta,227.21,False
abd685,United States,44.67,False
a301d8,United States,237.86,False
4d2340,Malta,244.97,False
a19910,United States,119.87,False
4849eb,Kingdom of the Netherlands,62.38,False
4d2390,Malta,0.0,True
aa9b20,United States,14.92,True
44a3e6,Belgium,28.54,False
abd69d,United States,9.77,True
4d239b,Malta,119.57,False
4d239c,Malta,240.17,False
a1863b,United States,222.1,False
a59d63,United States,220.97,False
348319,Spain,46.21,False
39d5e2,France,68.79,False
348318,Spain,37.33,False
800b9d,India,233.78,False
348313,Spain,39.37,False
a3ad6d,United States,270.06,False
4d2378,Malta,209.65,False
a5a4c6,United States,136.0,False
4d236a,Malta,230.16,False
ad036e,United States,220.43,False
4d236b,Malta,1.54,True
a32919,United States,127.67,False
ad036b,United States,211.91,False
a46a7e,United States,231.01,False
a3ad89,United States,196.9,False
3985e2,France,60.7,False
4d2374,Malta,86.56,False
402ee9,United Kingdom,31.49,False
a84d25,United States,206.97,False
348305,Spain,206.73,False
c03d1a,Canada,136.66,False
4d2387,Malta,243.64,False
8a0adb,Indonesia,240.9,False
3c56f0,Germany,242.56,False
3c56f4,Germany,187.51,False
3c56f3,Germany,197.36,False
3ff495,Germany,53.71,False
3c56f1,Germany,246.72,False
a0b615,United States,45.93,False
a06646,United States,0.0,True
300393,Italy,7.2,True
4d2384,Malta,82.23,False
a5b7ec,United States,259.0,False
4d2382,Malta,218.12,False
a0b65d,United States,247.14,False
8694d8,Japan,272.19,False
a47ca4,United States,49.41,False
a35cba,United States,0.0,True
a1e97f,United States,253.13,False
84b7fa,Japan,5.14,True
348405,Spain,59.89,False
348401,Spain,145.37,False
abe918,United States,37.84,False
a7d1f6,United States,40.68,False
a4dfbf,United States,56.62,False
a4493f,United States,232.6,False
a4493d,United States,246.7,False
a71a9c,United States,35.5,False
0d0ef1,Mexico,75.57,False
a4493a,United States,243.34,False
a0a30e,United States,225.09,False
3c5835,Germany,229.71,False
4d228f,Malta,8.23,True
4d228b,Malta,225.32,False
abe90c,United States,94.76,False
4083e6,United Kingdom,4.12,True
4d2290,Malta,122.96,False
8681ba,Japan,185.13,False
a4dfd8,United States,233.83,False
8681be,Japan,227.22,False
4d2298,Malta,247.09,False
0d0efa,Mexico,85.36,False
ac0941,United States,228.38,False
a60cb8,United States,54.28,False
8681b6,Japan,133.41,False
8681b9,Japan,128.36,False
ac4fb5,United States,240.44,False
8681aa,Japan,82.16,False
8681ae,Japan,264.29,False
4083d1,United Kingdom,123.78,False
3ff3a4,Germany,44.43,False
862d0c,Japan,229.41,False
ab2fe4,United States,215.36,False
4cad26,Ireland,40.98,False
a2803d,United States,225.1,False
abe959,United States,256.46,False
398600,France,177.98,False
abd627,United States,213.04,False
398601,France,144.18,False
398602,France,159.1,False
4cad39,Ireland,92.75,False
a43667,United States,237.45,False
a924fc,United States,212.86,False
4cad1e,Ireland,223.72,False
ac4fd8,United States,199.01,False
4cad1f,Ireland,4.12,False
a4497f,United States,231.77,False
3cdc92,Germany,134.79,False
a44988,United States,146.86,False
4070eb,United Kingdom,233.48,False
4070ec,United Kingdom,219.92,False
a44981,United States,231.55,False
4070ea,United Kingdom,223.27,False
4070ef,United Kingdom,186.02,False
a36fff,United States,229.63,False
a924d9,United States,249.0,False
a1e99f,United States,35.04,False
ac096a,United States,226.47,False
4b2a47,Switzerland,245.69,False
a2934f,United States,211.31,False
a16037,United States,236.94,False
aaa326,United States,202.33,False
4070f0,United Kingdom,212.07,False
4cad13,Ireland,112.42,False
4cad15,Ireland,77.88,False
3f06fd,Germany,32.03,False
4b91b2,Turkey,245.56,False
4cad11,Ireland,253.25,False
4cad12,Ireland,203.22,False
4070e8,United Kingdom,231.24,False
4070e9,United Kingdom,225.37,False
0d0ed6,Mexico,248.69,False
a4dfa6,United States,242.19,False
4070e1,United Kingdom,87.04,False
4070e6,United Kingdom,227.85,False
4070e7,United Kingdom,232.74,False
4070e4,United Kingdom,232.97,False
4070e5,United Kingdom,221.3,False
ab1d5e,United States,175.93,False
a5435c,United States,15.62,False
a0c8a3,United States,62.76,False
a7d316,United States,0.0,True
a2807a,United States,237.52,False
4c01e2,Serbia,175.7,False
abe7e3,United States,222.09,False
4c01e0,Serbia,213.82,False
ac2a33,United States,236.0,False
398640,France,125.12,False
4c01e5,Serbia,215.55,False
151fd1,Russian Federation,77.7,False
a28075,United States,122.68,False
4c01e7,Serbia,221.75,False
3db512,Germany,51.08,False
a1b070,United States,100.34,False
3ceee1,Germany,216.84,False
a72ce1,United States,41.95,False
4c01f4,Serbia,147.66,False
e02288,Argentina,101.48,False
3c4589,Germany,246.14,False
a29391,United States,243.24,False
a7d32e,United States,152.77,False
3482d9,Spain,39.37,False
4cad40,Ireland,221.74,False
4cad41,Ireland,247.59,False
151ffb,Russian Federation,203.61,False
151ffc,Russian Federation,256.54,False
84b940,Japan,222.87,False
38c93c,France,57.77,False
3c4598,Germany,253.85,False
151ff0,Russian Federation,243.84,False
846978,Japan,1.29,True
3c458b,Germany,261.8,False
151ff7,Russian Federation,33.17,False
ab0a73,United States,231.4,False
4cad55,Ireland,195.63,False
3c458c,Germany,5.92,False
4cad51,Ireland,98.86,False
4d21a2,Malta,237.82,False
a6503f,United States,5.66,True
151feb,Russian Federation,124.36,False
151fec,Russian Federation,213.14,False
4cad3e,Ireland,267.41,False
151fed,Russian Federation,230.72,False
4cad3f,Ireland,250.96,False
3c4590,Germany,240.42,False
3c4591,Germany,245.32,False
4cad3a,Ireland,198.82,True
3c4596,Germany,259.13,False
4cad3b,Ireland,199.04,False
3c4597,Germany,253.44,False
4cad3c,Ireland,228.85,False
c00899,Canada,222.36,False
ab1d9e,United States,37.68,False
a4ccba,United States,196.42,False
4cad9f,Ireland,113.97,False
4083bd,United Kingdom,72.24,False
4d21ef,Malta,236.63,False
ad14f9,United States,231.89,False
515147,Tajikistan,62.45,False
a66316,United States,219.38,False
a41090,United States,136.78,False
ace1af,United States,6.94,True
4d21f7,Malta,245.95,False
3c450f,Germany,149.15,False
ac91d4,United States,226.22,False
4d21ec,Malta,146.6,False
4083c0,United Kingdom,239.41,False
4d21ea,Malta,220.27,False
a1e8ae,United States,147.94,False
a6c615,United States,32.1,False
862d94,Japan,195.4,False
4083b7,United Kingdom,2.31,True
4d21fc,Malta,206.56,False
a198ea,United States,51.75,False
4d21fd,Malta,123.9,False
4d21fe,Malta,218.83,False
4d21fa,Malta,207.09,False
4cad7a,Ireland,7.72,True
4cad7b,Ireland,0.0,True
4cad7c,Ireland,115.17,False
4cad7d,Ireland,0.45,True
4c01eb,Serbia,245.72,False
4c01ec,Serbia,221.05,False
4cad86,Ireland,106.51,False
4cad87,Ireland,242.71,False
4cad88,Ireland,61.15,False
4cad89,Ireland,239.59,False
4083a4,United Kingdom,48.94,False
4c01ee,Serbia,161.09,False
a208b1,United States,215.67,False
151fbd,Russian Federation,4.12,False
4cad6d,Ireland,8.23,True
a54357,United States,49.49,False
a4105b,United States,228.87,False
a4105a,United States,84.07,False
acf4f9,United States,52.46,False
4cad98,Ireland,10.29,True
151fb6,Russian Federation,242.34,False
4d21f1,Malta,233.8,False
4d21f2,Malta,192.15,False
151fb9,Russian Federation,33.44,False
4cad93,Ireland,225.24,False
4cad94,Ireland,247.05,False
4cad91,Ireland,223.04,False
4cad92,Ireland,217.02,False
4d21e9,Malta,220.12,False
4d21da,Malta,246.01,False
a1b098,United States,67.52,False
4d21db,Malta,187.51,False
4d21dc,Malta,181.17,False
4cad7e,Ireland,205.33,False
4cad7f,Ireland,140.47,False
45d965,Denmark,216.67,False
ad29a6,United States,80.13,False
a4ce21,United States,233.29,False
45d962,Denmark,219.18,False
a2f5ba,United States,57.37,False
3ff336,Germany,43.24,False
adf160,United States,66.43,False
71bd87,Republic of Korea,194.36,False
abb19c,United States,243.79,False
45d972,Denmark,231.97,False
800c01,India,233.97,False
a35e49,United States,238.65,False
ac3f25,United States,54.02,False
a448d6,United States,0.32,True
0d0f5a,Mexico,245.42,False
40736a,United Kingdom,62.73,False
45d970,Denmark,233.8,False
a568f6,United States,188.16,False
a555c3,United States,256.75,False
e8c0a3,Peru,190.4,False
40602e,United Kingdom,183.59,False
a91382,United States,211.85,False
4d20f9,Malta,218.09,False
4d20ef,Malta,4.37,True
39c475,France,24.89,False
3c68b4,Germany,230.46,False
4d20fd,Malta,212.19,False
3f068f,Germany,28.61,False
4d20fb,Malta,247.12,False
aa79a6,United States,262.02,False
3003ad,Italy,72.93,False
ac2c23,United States,138.46,False
a6a03c,United States,42.1,False
485a81,Kingdom of the Netherlands,232.04,False
a7c00f,United States,193.32,False
485a86,Kingdom of the Netherlands,254.36,False
485a84,Kingdom of the Netherlands,225.93,False
485a85,Kingdom of the Netherlands,229.84,False
a5307f,United States,254.9,False
850df2,Japan,176.24,False
4d2209,Malta,244.04,False
3ff302,Germany,40.97,False
4c0222,Serbia,92.02,False
4c0221,Serbia,218.35,False
4c0224,Serbia,233.06,False
a22b87,United States,60.7,False
800c11,India,191.42,False
800c0c,India,71.99,False
a65086,United States,226.88,False
aaec3e,United States,56.38,False
862df4,Japan,234.22,False
868428,Japan,151.61,False
862dd8,Japan,183.49,False
abc3c0,United States,80.69,False
406071,United Kingdom,41.95,False
a35e66,United States,239.0,False
a7d35e,United States,264.52,False
a448f6,United States,235.59,False
a448f5,United States,202.72,False
ac3dec,United States,74.81,False
4d2237,Malta,261.27,False
4d2238,Malta,235.36,False
4cabd1,Ireland,230.33,False
4d2239,Malta,224.08,False
4cabd3,Ireland,0.0,True
4d2234,Malta,141.53,False
4d2235,Malta,234.91,False
4d2236,Malta,249.72,False
4d221e,Malta,261.96,False
4d221f,Malta,245.18,False
46d1cf,Greece,141.69,False
800c6d,India,88.49,False
3986e7,France,164.29,False
3986e8,France,208.78,False
4d221a,Malta,215.97,False
34714d,Spain,220.42,False
4d221d,Malta,226.62,False
a0b705,United States,74.91,False
aa9c85,United States,203.96,False
aaeae5,United States,52.41,False
800c87,India,214.42,False
a4bb89,United States,55.58,False
4d2245,Malta,235.95,False
ab879f,United States,249.87,False
4c0262,Serbia,188.33,False
4d223a,Malta,248.77,False
4d223b,Malta,253.76,False
4c0263,Serbia,234.26,False
a05410,United States,0.0,True
a7e5c1,United States,73.57,False
4d222f,Malta,234.31,False
4d222c,Malta,218.85,False
4d222e,Malta,233.91,False
4d2240,Malta,244.0,False
4d2241,Malta,207.53,False
4d2216,Malta,232.81,False
485a32,Kingdom of the Netherlands,212.4,False
4d2219,Malta,242.44,False
485a35,Kingdom of the Netherlands,243.62,False
abd77e,United States,223.59,False
4d2226,Malta,151.67,False
4d2228,Malta,191.29,False
4d2229,Malta,230.86,False
4d2224,Malta,159.56,False
4c0242,Serbia,0.0,True
abc478,United States,246.5,False
4c0241,Serbia,139.76,False
0d0f08,Mexico,158.46,False
4c0244,Serbia,96.48,False
4d220a,Malta,225.34,False
4d220b,Malta,213.77,False
4d220c,Malta,216.9,False
710000,Saudi Arabia,258.85,False
4d2220,Malta,222.59,False
4d2221,Malta,237.26,False
a47e89,United States,239.94,False
4d226b,Malta,229.12,False
4d226d,Malta,242.73,False
4d226e,Malta,237.57,False
4d226a,Malta,167.45,False
40600d,United Kingdom,141.89,False
a6d8e5,United States,83.48,False
4d225e,Malta,210.26,False
c008f0,Canada,157.28,False
4d225f,Malta,216.73,False
4d2273,Malta,242.25,False
4d2270,Malta,241.9,False
4d2271,Malta,147.89,False
4d2272,Malta,123.98,False
406016,United Kingdom,136.35,False
406015,United Kingdom,250.54,False
4d2288,Malta,242.79,False
3ff390,Germany,50.48,False
4d2289,Malta,119.55,False
4d227c,Malta,249.39,False
4d227d,Malta,210.84,False
4d227e,Malta,165.02,False
a555f5,United States,86.79,False
406011,United Kingdom,231.89,False
a925a8,United States,46.7,False
40732c,United Kingdom,84.76,False
48bd04,Poland,3.71,False
4d2287,Malta,95.26,False
ab618b,United States,0.0,True
4d2255,Malta,238.04,False
4d2256,Malta,226.68,False
4d224a,Malta,217.9,False
3c55c2,Germany,246.38,False
3c55c1,Germany,222.97,False
a6c5d0,United States,42.7,False
aa79f6,United States,223.61,False
401cd5,United Kingdom,65.92,False
4d2269,Malta,127.32,False
4d225d,Malta,253.3,False
ac3f09,United States,219.56,False
3c55c6,Germany,240.42,False
ad049a,United States,229.47,False
4cabec,Ireland,234.61,False
3c55c3,Germany,6.43,True
4d224d,Malta,235.55,False
3c55c9,Germany,208.09,False
4d224e,Malta,225.9,False
3c55c8,Germany,9.77,True
3c55c7,Germany,237.02,False
4d2262,Malta,212.57,False
4d2263,Malta,242.4,False
4d2264,Malta,3.86,True
4d2265,Malta,243.44,False
4d2260,Malta,224.02,False
4d2261,Malta,238.88,False
400a7d,United Kingdom,261.27,False
4d218c,Malta,222.24,False
a9ab87,United States,0.0,True
710070,Saudi Arabia,89.8,False
4d2190,Malta,148.1,False
710071,Saudi Arabia,130.6,False
4d2192,Malta,65.29,False
04c115,Kenya,84.58,False
a3add3,United States,234.47,False
49328e,Portugal,185.03,False
a35dbe,United States,212.42,False
71004c,Saudi Arabia,241.06,False
861b47,Japan,223.42,False
493298,Portugal,60.47,False
a3adce,United States,167.24,False
aa6711,United States,199.12,False
49328c,Portugal,171.94,False
400a73,United Kingdom,48.9,False
71007c,Saudi Arabia,216.49,False
493292,Portugal,59.39,False
a3ade9,United States,246.99,False
400a5b,United Kingdom,225.35,False
4d216a,Malta,185.75,False
424a71,United Kingdom,216.85,False
a53107,United States,49.05,False
493289,Portugal,149.36,False
424a72,United Kingdom,25.21,False
4071d7,United Kingdom,241.65,False
493288,Portugal,54.3,False
8682da,Japan,0.32,True
a6c71c,United States,235.72,False
348508,Spain,172.8,False
86d2aa,Japan,0.9,True
4b19f4,Switzerland,138.47,False
4b19f5,Switzerland,203.68,False
c0809d,Canada,230.22,False
a35dc2,United States,153.14,False
c0809e,Canada,189.79,False
a53105,United States,47.45,False
493282,Portugal,228.28,False
70e064,Cambodia,235.44,False
ad1717,United States,34.32,False
861b69,Japan,208.47,False
70e071,Cambodia,228.18,False
4d2186,Malta,213.27,False
aab740,United States,95.61,False
a2941b,United States,40.6,False
4b19e6,Switzerland,120.1,False
c08041,Canada,49.48,False
ab741e,United States,116.21,False
300564,Italy,189.98,False
4b4f63,Switzerland,33.44,False
a34ae0,United States,5.14,True
4cac14,Ireland,4.12,False
a2e465,United States,50.51,False
a96e9a,United States,232.34,False
8695a4,Japan,244.47,False
861b03,Japan,235.42,False
a34ae6,United States,5.92,True
710050,Saudi Arabia,255.44,False
a30460,United States,215.32,False
710057,Saudi Arabia,262.98,False
71002b,Saudi Arabia,143.58,False
abc432,United States,224.73,False
a3adb9,United States,11.83,True
a7d2f1,United States,235.17,False
151ec5,Russian Federation,250.3,False
758081,Philippines,198.25,False
acf5be,United States,234.58,False
aafe7d,United States,41.65,False
a28193,United States,53.29,False
a28194,United States,36.19,False
71be23,Republic of Korea,210.29,False
a28195,United States,55.73,False
71be22,Republic of Korea,292.06,False
71be21,Republic of Korea,285.98,False
4d20b1,Malta,228.69,False
4cac54,Ireland,266.3,False
4cac55,Ireland,191.41,False
4cac56,Ireland,216.18,False
151eb9,Russian Federation,235.88,False
4cac53,Ireland,223.44,False
ad15cf,United States,244.42,False
71be17,Republic of Korea,229.4,False
a6c76c,United States,54.26,False
800af4,India,230.44,False
850dae,Japan,198.7,False
a6b470,United States,257.64,False
4cac23,Ireland,244.85,False
4cac24,Ireland,227.68,False
ad4b54,United States,147.09,False
4b3c8a,Switzerland,50.93,False
a066a3,United States,0.06,True
71be40,Republic of Korea,100.91,False
71be45,Republic of Korea,228.26,False
3483da,Spain,70.41,False
c03cf4,Canada,156.63,False
4cac36,Ireland,255.89,False
a41144,United States,225.44,False
758073,Philippines,74.66,False
aa5449,United States,1.54,False
a0ff00,United States,44.25,False
4cac1e,Ireland,232.53,False
151ecd,Russian Federation,200.71,False
ad5e6b,United States,166.32,False
4cac7b,Ireland,90.12,False
4cac7a,Ireland,239.44,False
401d78,United Kingdom,3.34,False
4d20e5,Malta,0.0,True
4cac87,Ireland,237.46,False
4071ab,United Kingdom,41.78,False
04c15a,Kenya,253.95,False
3483d9,Spain,62.42,False
a173a8,United States,233.07,False
4cac84,Ireland,238.26,False
4d20d9,Malta,137.0,False
a71aa5,United States,232.84,False
4cac8a,Ireland,216.34,False
3483c9,Spain,254.96,False
ac2b8e,United States,134.7,False
70e087,Cambodia,243.33,False
885b48,Thailand,238.51,False
885b46,Thailand,242.66,False
4cac97,Ireland,61.27,False
4d20e8,Malta,150.97,False
3483c2,Spain,59.54,False
3ff2e9,Germany,53.44,False
a199dd,United States,44.86,False
39c427,France,267.36,False
04c148,Kenya,2.83,True
04c147,Kenya,80.15,False
400a25,United Kingdom,217.93,False
3ff2dc,Germany,46.3,False
4d20c0,Malta,179.61,False
a449a8,United States,245.71,False
400a0e,United Kingdom,84.55,False
4d20b7,Malta,9.77,True
71be05,Republic of Korea,5.14,True
c04ff7,Canada,243.79,False
c04fe4,Canada,248.17,False
4d20bd,Malta,225.54,False
4d20bf,Malta,220.2,False
c04fe0,Canada,219.01,False
4d20d5,Malta,253.94,False
4d20d0,Malta,236.72,False
4cac79,Ireland,214.71,False
4d20c9,Malta,224.08,False
a79768,United States,224.35,False
4d20bc,Malta,132.8,False
acf486,United States,1.03,True
a9ccde,United States,161.38,False
3ff214,Germany,44.99,False
0c20a5,Panama,230.73,False
47292b,Hungary,0.51,False
408356,United Kingdom,214.99,False
800d0f,India,211.06,False
408354,United Kingdom,57.81,False
408352,United Kingdom,229.47,False
407022,United Kingdom,220.91,False
40700a,United Kingdom,221.75,False
a7f684,United States,232.61,False
348191,Spain,57.42,False
a2e098,United States,206.03,False
acf49d,United States,46.92,False
4b4db1,Switzerland,28.74,False
40832b,United Kingdom,215.81,False
c00700,Canada,248.35,False
408330,United Kingdom,68.65,False
acf48c,United States,1.03,True
403ffd,United Kingdom,18.2,False
ab1c04,United States,218.12,False
acf48f,United States,213.76,False
ab1c01,United States,38.8,False
a8f00e,United States,219.82,False
a6868b,United States,53.92,False
0ae0f4,Costa Rica,56.1,False
a6c343,United States,77.93,False
ac4f29,United States,175.46,False
a445c7,United States,212.74,False
a36e73,United States,191.61,False
40838a,United Kingdom,219.96,False
40838b,United Kingdom,222.87,False
a23b48,United States,60.82,False
a35b27,United States,0.0,True
4b4dc9,Switzerland,42.1,False
40837b,United Kingdom,242.4,False
a7e310,United States,263.0,False
40837c,United Kingdom,223.35,False
a23b55,United States,0.0,True
dd8eb5,,36.0,False
408389,United Kingdom,0.0,True
0ae0d0,Costa Rica,61.01,False
0ae0d1,Costa Rica,51.79,False
a6c365,United States,215.67,False
a12e80,United States,230.71,False
408387,United Kingdom,221.99,False
408388,United Kingdom,214.27,False
408386,United Kingdom,233.14,False
a445a9,United States,240.02,False
ab2f69,United States,95.54,False
a445a4,United States,9.26,True
40836c,United Kingdom,226.6,False
a6c358,United States,98.08,False
c04e8e,Canada,120.61,False
486a31,Kingdom of the Netherlands,60.74,False
0c20ad,Panama,5.92,True
aa5130,United States,157.04,False
407045,United Kingdom,0.0,True
40702e,United Kingdom,181.74,False
0ae0bb,Costa Rica,48.31,False
0ae0ba,Costa Rica,49.98,False
0c20b9,Panama,231.13,False
48ba01,Poland,75.22,False
710107,Saudi Arabia,219.54,False
4691c7,Greece,180.72,False
4691c3,Greece,186.65,False
e8c061,Peru,93.32,False
ab975c,United States,197.89,False
a72b25,United States,54.54,False
c03b15,Canada,234.05,False
a0fb97,United States,52.29,False
a35b81,United States,248.24,False
710110,Saudi Arabia,259.09,False
4d2127,Malta,237.22,False
4b3aca,Switzerland,34.14,False
3a27ff,France,1.8,True
a4cb59,United States,70.33,False
4d211a,Malta,243.88,False
a445ef,United States,11.32,True
0c218c,Panama,232.51,False
0c218b,Panama,251.15,False
a445ee,United States,0.0,True
4d210f,Malta,198.41,False
4d210b,Malta,256.91,False
4d2120,Malta,229.48,False
a445f2,United States,235.79,False
710102,Saudi Arabia,5.66,True
710101,Saudi Arabia,248.89,False
0c2188,Panama,238.27,False
a72b40,United States,4.89,True
71011e,Saudi Arabia,150.08,False
c005e9,Canada,70.7,False
0c217c,Panama,226.12,False
010163,Egypt,244.04,False
0c217a,Panama,229.65,False
010153,Egypt,0.39,True
a552f4,United States,169.82,False
a1d2dc,United States,229.41,False
710119,Saudi Arabia,109.11,False
a73e63,United States,1.03,True
4d2101,Malta,217.61,False
3d0d4e,Germany,31.53,False
a948c4,United States,6.17,True
010146,Egypt,216.93,False
ac3ac9,United States,130.44,False
710121,Saudi Arabia,266.45,False
710120,Saudi Arabia,252.98,False
4d2100,Malta,241.85,False
800d7a,India,226.93,False
0c2172,Panama,154.27,False
adbdd3,United States,50.58,False
a7d085,United States,195.85,False
408329,United Kingdom,194.18,False
acf441,United States,45.54,False
4caaf1,Ireland,237.68,False
adbdd2,United States,173.88,False
4d214b,Malta,235.88,False
49ffff,Czech Republic,40.33,False
4d214d,Malta,239.74,False
a3be50,United States,113.52,False
4d213e,Malta,0.0,True
4c0177,Serbia,138.04,False
4d2154,Malta,255.74,False
ac4dfb,United States,230.02,False
ac078b,United States,220.68,False
4d2150,Malta,206.44,False
408314,United Kingdom,224.01,False
a5c8d7,United States,55.96,False
403ff3,United Kingdom,31.08,False
aafaf4,United States,53.03,False
408319,United Kingdom,74.66,False
4d215d,Malta,264.21,False
4d215a,Malta,231.5,False
a708b0,United States,5.66,True
a685a7,United States,44.03,False
ac912e,United States,96.33,False
aa76a8,United States,143.83,False
4d2134,Malta,200.31,False
01010b,Egypt,230.32,False
408305,United Kingdom,230.57,False
3c54a1,Germany,196.22,False
a3be73,United States,40.13,False
4d2149,Malta,71.12,False
79a060,China,234.75,False
4d2146,Malta,243.86,False
abc14d,United States,237.25,False
3c54a5,Germany,239.37,False
3ff248,Germany,43.58,False
3c54a4,Germany,98.02,False
3c54a3,Germany,168.84,False
4081bf,United Kingdom,242.23,False
adbe91,United States,236.69,False
4081bc,United Kingdom,216.29,False
39d2aa,France,259.97,False
4081bd,United Kingdom,120.18,False
39d2ac,France,252.64,False
4081bb,United Kingdom,219.79,False
39d2ad,France,215.56,False
39d2b7,France,233.41,False
4b18b8,Switzerland,237.89,False
4b18b9,Switzerland,222.64,False
39d2b0,France,222.03,False
39d2b3,France,276.59,False
39d2b5,France,263.91,False
a36da0,United States,31.82,False
a06461,United States,211.24,False
0ae119,Costa Rica,52.74,False
4d207c,Malta,186.07,False
4081aa,United Kingdom,257.0,False
4d207d,Malta,0.0,True
acf2e4,United States,231.95,False
4d2086,Malta,31.38,True
4d2087,Malta,220.3,False
4d2085,Malta,224.08,False
4b18a3,Switzerland,226.07,False
a20737,United States,179.85,False
a3bdb3,United States,45.53,False
4d204b,Malta,220.23,False
a06435,United States,0.0,True
4d204a,Malta,153.87,False
4081a9,United Kingdom,231.66,False
4d2054,Malta,113.14,False
4081a3,United Kingdom,5.14,True
4081a1,United Kingdom,0.0,True
a8ae7f,United States,241.62,False
4d2068,Malta,228.55,False
4b18ba,Switzerland,7.2,True
4b18bb,Switzerland,0.19,True
401a0e,United Kingdom,36.19,False
a56742,United States,8.23,True
4d2067,Malta,205.88,False
39d2a0,France,268.85,False
a05165,United States,191.01,False
4081fb,United Kingdom,75.06,False
4b18f1,Switzerland,231.85,False
4b18f2,Switzerland,220.1,False
a0648e,United States,66.21,False
4b18f3,Switzerland,211.75,False
4b18f4,Switzerland,236.0,False
4b18f5,Switzerland,241.37,False
010169,Egypt,225.25,False
a815e4,United States,3.34,True
a35ab8,United States,13.38,True
ab8412,United States,82.64,False
4d208a,Malta,294.96,False
aa0e8a,United States,46.14,False
4d2090,Malta,169.56,False
4d2092,Malta,260.31,False
a6c2f6,United States,39.79,False
3982fc,France,38.98,False
a802e7,United States,199.02,False
4d2093,Malta,6.69,False
a24dcd,United States,0.06,True
4d2096,Malta,246.21,False
a60b9b,United States,36.12,False
4b18fc,Switzerland,257.86,False
4b18fd,Switzerland,223.37,False
4b18ff,Switzerland,243.77,False
a7e2af,United States,199.28,False
86e800,Japan,240.2,False
ad38bf,United States,248.31,False
a4478d,United States,232.74,False
abe5a2,United States,255.74,False
aa0ddb,United States,87.21,False
a47ad2,United States,226.97,False
a31486,United States,91.96,False
a2915e,United States,73.41,False
600010,Armenia,242.98,False
c01968,Canada,234.8,False
a35af8,United States,219.86,False
86e822,Japan,244.06,False
ab1b3e,United States,234.63,False
a84ab1,United States,210.67,False
71bf75,Republic of Korea,171.85,False
7100b3,Saudi Arabia,257.45,False
a3278f,United States,55.6,False
a23af9,United States,55.41,False
aa0dd5,United States,72.02,False
ae58e8,United States,78.58,False
a1d484,United States,113.69,False
a4caee,United States,118.76,False
a0a174,United States,87.49,False
a3144c,United States,56.47,False
aab2bf,United States,9.26,True
a1d470,United States,56.17,False
a67407,United States,236.83,False
a339b4,United States,232.47,False
a339b1,United States,225.06,False
3ff1e1,Germany,5.37,False
ac3b51,United States,213.23,False
71bf08,Republic of Korea,4.63,True
adbe2c,United States,103.23,False
0100a2,Egypt,236.95,False
ac3b78,United States,243.34,False
0100a4,Egypt,246.45,False
a9bb70,United States,178.73,False
aa7718,United States,192.4,False
3ff1ad,Germany,41.37,False
adab31,United States,135.89,False
71bf25,Republic of Korea,215.45,False
71bf20,Republic of Korea,6.17,True
a5fdb9,United States,68.03,False
3d0ca0,Germany,34.68,False
3ff1cc,Germany,27.28,False
71bf17,Republic of Korea,214.85,False
a1f9ef,United States,69.14,False
a24f4c,United States,129.53,False
a709a9,United States,58.89,False
4b191b,Switzerland,249.3,False
acf591,United States,66.49,False
4b1921,Switzerland,238.74,False
abc29a,United States,198.47,False
398578,France,73.82,False
a709ae,United States,50.64,False
398579,France,204.47,False
a4df31,United States,41.12,False
a12f4c,United States,229.52,False
4caa5a,Ireland,176.49,False
4b1950,Switzerland,158.96,False
39856a,France,202.06,False
407131,United Kingdom,0.0,True
a12f52,United States,222.98,False
4caa60,Ireland,191.1,False
4caa61,Ireland,245.1,False
39856f,France,212.75,False
4b193a,Switzerland,223.99,False
4b1942,Switzerland,205.04,False
4b0618,Switzerland,53.42,False
449ab3,Belgium,53.54,False
a6e9a5,United States,45.56,False
40710f,United Kingdom,52.46,False
ab1d28,United States,221.83,False
4caa5f,Ireland,222.25,False
aac7ab,United States,193.45,False
71bf92,Republic of Korea,230.08,False
71bf90,Republic of Korea,261.71,False
40717c,United Kingdom,239.91,False
40717d,United Kingdom,206.84,False
40717a,United Kingdom,220.81,False
40717b,United Kingdom,222.38,False
a433b0,United States,40.38,False
40717e,United Kingdom,209.6,False
40717f,United Kingdom,230.4,False
71bf89,Republic of Korea,144.87,False
407182,United Kingdom,218.67,False
7c6a54,Australia,0.06,True
407181,United Kingdom,208.01,False
ab97e6,United States,42.18,True
4b194a,Switzerland,248.65,False
ab84ab,United States,1.29,True
4b194b,Switzerland,169.7,False
4b194c,Switzerland,246.17,False
7100be,Saudi Arabia,86.21,False
4b194d,Switzerland,233.79,False
4b194e,Switzerland,75.96,False
7100bd,Saudi Arabia,187.76,False
407179,United Kingdom,212.89,False
407177,United Kingdom,6.17,True
a23c3e,United States,62.13,False
407178,United Kingdom,220.08,False
ab84c9,United States,236.42,False
868688,Japan,187.29,False
ad14a8,United States,95.69,False
ad14a3,United States,230.58,False
34824e,Spain,49.48,False
3cc9ce,Germany,180.05,False
a2f3fd,United States,71.91,False
a7f6c2,United States,40.9,False
abc201,United States,248.5,False
abd536,United States,243.13,False
00901b,South Africa,30.84,False
ad6ecb,United States,231.07,False
a4cc4f,United States,60.84,False
aaa224,United States,242.46,False
48ce43,Poland,41.98,False
48ce42,Poland,44.19,False
c006db,Canada,59.16,False
3c66ba,Germany,250.21,False
c006d2,Canada,222.71,False
3c66e4,Germany,226.01,False
a420af,United States,239.99,False
3c66e3,Germany,243.29,False
0c206c,Panama,223.24,False
3c66e2,Germany,213.88,False
0c206b,Panama,234.63,False
3c66e1,Germany,207.14,False
a35c97,United States,230.46,False
c006e0,Canada,238.46,False
abe872,United States,241.19,False
a793b1,United States,254.65,False
0c2074,Panama,234.59,False
451e8c,Bulgaria,248.2,False
a0a0e8,United States,86.05,False
86d5a1,Japan,254.14,False
aa64ca,United States,245.12,False
3c66e7,Germany,244.27,False
861e56,Japan,10.29,True
4c2655,Serbia,185.95,False
3c66e9,Germany,253.6,False
0c2057,Panama,225.46,False
4692d8,Greece,79.23,False
4692d6,Greece,6.43,True
86e8ac,Japan,202.49,False
4692d2,Greece,248.85,False
0c2059,Panama,159.89,False
a446eb,United States,249.74,False
4692cd,Greece,218.48,False
abe892,United States,229.84,False
a660c4,United States,146.45,False
3ff15a,Germany,37.68,False
ad6ef0,United States,228.81,False
0c2051,Panama,199.94,False
3c66ea,Germany,245.45,False
348212,Spain,221.09,False
407113,United Kingdom,64.84,False
4d2035,Malta,234.43,False
3ff141,Germany,48.64,False
a73f35,United States,242.63,False
ab7270,United States,0.0,True
4d201d,Malta,146.01,False
3c79b8,Germany,250.6,False
3c79b9,Germany,73.41,False
348206,Spain,222.95,False
7c47a9,Australia,63.52,False
348204,Spain,151.92,False
4848bd,Kingdom of the Netherlands,40.07,False
3c79ba,Germany,0.0,True
7c47a3,Australia,52.46,False
4d2049,Malta,157.95,False
4d203b,Malta,220.21,False
4d203d,Malta,251.03,False
3c79c5,Germany,227.0,False
3c79c1,Germany,233.55,False
a32814,United States,163.22,False
4d2042,Malta,152.35,False
a3ac59,United States,51.57,False
4d2040,Malta,202.59,False
451e8b,Bulgaria,245.96,False
3ff10c,Germany,34.68,False
4d2013,Malta,207.38,False
4d2015,Malta,53.66,False
3c66b1,Germany,240.45,False
3c66a3,Germany,215.45,False
3c66a2,Germany,216.82,False
3c66a1,Germany,180.07,False
3c66a7,Germany,180.78,False
a32803,United States,227.41,False
3d1f1d,Germany,75.0,False
4d2011,Malta,244.7,False
a0c810,United States,57.62,False
4d2029,Malta,65.4,False
3c66ab,Germany,166.13,False
3c66c2,Germany,226.41,False
3c66b5,Germany,230.27,False
3c66b4,Germany,153.45,False
3c66b3,Germany,243.48,False
a85f20,United States,0.0,False
3c66b2,Germany,220.77,False
3c66b9,Germany,222.23,False
3c66b8,Germany,241.93,False
3c66b7,Germany,242.43,False
4d200d,Malta,220.92,False
3c66b6,Germany,216.52,False
4d2020,Malta,198.25,False
0c2093,Panama,0.0,True
4b9067,Turkey,66.49,False
4b9065,Turkey,234.56,False
a29212,United States,245.34,False
4082e7,United Kingdom,216.96,False
0ae011,Costa Rica,0.0,True
adac79,United States,118.89,False
a32861,United States,0.0,True
a9bc5d,United States,65.34,False
a8f0e1,United States,44.24,False
4082cd,United Kingdom,159.37,False
4082cb,United Kingdom,233.04,False
a32851,United States,209.87,False
ace0d2,United States,231.29,False
a0524f,United States,85.86,False
a56842,United States,84.26,False
ae20c4,United States,250.32,False
a5b81e,United States,86.65,False
4082bb,United Kingdom,124.25,False
a24ec1,United States,241.95,False
4598c8,Denmark,29.61,False
a32844,United States,201.91,False
ac0818,United States,218.44,False
300347,Italy,36.82,True
4082ac,United Kingdom,2.06,True
3ef6f2,Germany,22.2,False
4082ab,United Kingdom,258.18,False
4598d3,Denmark,53.07,False
463e19,Finland,76.05,False
4598d4,Denmark,70.21,False
a56862,United States,221.65,False
a96c93,United States,69.71,False
ac0831,United States,232.6,False
a18597,United States,39.01,False
a30246,United States,206.13,False
a84c4d,United States,36.54,False
ab2ed7,United States,46.31,False
04c312,Kenya,222.29,False
ab2ed4,United States,204.39,False
a7f6f6,United States,66.44,False
3b33ff,France,8.23,True
3d1f6a,Germany,44.67,False
a0fbfa,United States,242.65,False
a1c229,United States,11.83,True
a3020e,United States,236.71,False
800cb9,India,244.51,False
800cc2,India,123.04,False
a18571,United States,59.6,False
a56817,United States,44.04,False
a936dd,United States,57.79,False
a48ebb,United States,205.44,False
4b17f8,Switzerland,117.54,False
300302,Italy,78.59,False
a1d546,United States,0.06,True
0c2016,Panama,208.93,False
3e3f72,Germany,182.24,False
a4350c,United States,132.23,False
ab8553,United States,136.25,False
4b17e3,Switzerland,0.0,True
ad2840,United States,56.63,False
a6b0d2,United States,65.41,False
3481ce,Spain,50.12,False
abf9eb,United States,31.14,False
a96ba2,United States,237.83,False
ac4f74,United States,40.46,False
aac6f5,United States,248.92,False
4b17fc,Switzerland,231.14,False
4b17fd,Switzerland,6.69,True
4caa15,Ireland,233.34,False
39d500,France,49.12,False
a66241,United States,165.46,False
aafc52,United States,56.53,False
a2e24c,United States,184.31,False
ac06f5,United States,4.12,True
ab2f8b,United States,173.56,False
c00783,Canada,57.18,False
a72bda,United States,255.73,False
a80560,United States,236.29,False
a78246,United States,135.06,False
a0b59d,United States,211.27,False
ad5c3a,United States,193.22,False
86d607,Japan,152.45,False
c03ab6,Canada,264.7,False
a8aeb6,United States,211.91,False
44b692,Belgium,28.74,False
a17294,United States,73.66,False
ac90a7,United States,139.13,False
abd3c7,United States,227.75,False
a5a580,United States,26.92,False
458667,Denmark,221.58,False
157713,Russian Federation,27.96,False
4b3a82,Switzerland,45.4,False
44b662,Belgium,48.68,False
a3beee,United States,208.14,False
398560,France,138.7,False
398569,France,237.51,False
a0b4a5,United States,63.72,False
4caa57,Ireland,237.41,False
a67535,United States,47.06,False
4caa59,Ireland,145.27,False
4caa54,Ireland,96.65,False
a3befa,United States,141.47,False
398570,France,7.72,True
4b1916,Switzerland,261.27,False
4b1918,Switzerland,252.83,False
402e3a,United Kingdom,53.62,False
4b1919,Switzerland,234.17,False
c04db0,Canada,51.37,False
04c37b,Kenya,168.79,False
ad5c89,United States,0.0,True
850fb6,Japan,1.03,True
c00741,Canada,206.95,False
aa781f,United States,253.16,False
4b1903,Switzerland,238.4,False
a4359b,United States,223.6,False
392ef1,France,58.89,False
a0c7b3,United States,138.81,False
a6d83c,United States,236.58,False
458664,Denmark,216.96,False
458666,Denmark,224.35,False
458665,Denmark,215.01,False
