[2026-09-19T09:26:04.846+0000] {processor.py:161} INFO - Started process (PID=73) to work on /opt/airflow/dags/flight-pipeline.py
[2026-09-19T09:26:04.850+0000] {processor.py:830} INFO - Processing file /opt/airflow/dags/flight-pipeline.py for tasks to queue
[2026-09-19T09:26:04.855+0000] {logging_mixin.py:188} INFO - [2026-09-19T09:26:04.854+0000] {dagbag.py:545} INFO - Filling up the DagBag from /opt/airflow/dags/flight-pipeline.py
[2026-09-19T09:26:05.934+0000] {processor.py:840} INFO - DAG(s) 'flights_ops_medallion_pipe' retrieved from /opt/airflow/dags/flight-pipeline.py
[2026-09-19T09:26:06.051+0000] {logging_mixin.py:188} INFO - [2026-09-19T09:26:06.051+0000] {dag.py:3089} INFO - Sync 1 DAGs
[2026-09-19T09:26:06.090+0000] {logging_mixin.py:188} INFO - [2026-09-19T09:26:06.090+0000] {dag.py:3947} INFO - Setting next_dagrun for flights_ops_medallion_pipe to 2026-09-19 08:30:00+00:00, run_after=2026-09-19 09:00:00+00:00
[2026-09-19T09:26:06.121+0000] {processor.py:183} INFO - Processing /opt/airflow/dags/flight-pipeline.py took 1.291 seconds
[2026-09-19T09:26:36.390+0000] {processor.py:161} INFO - Started process (PID=307) to work on /opt/airflow/dags/flight-pipeline.py
[2026-09-19T09:26:36.392+0000] {processor.py:830} INFO - Processing file /opt/airflow/dags/flight-pipeline.py for tasks to queue
[2026-09-19T09:26:36.396+0000] {logging_mixin.py:188} INFO - [2026-09-19T09:26:36.395+0000] {dagbag.py:545} INFO - Filling up the DagBag from /opt/airflow/dags/flight-pipeline.py
[2026-09-19T09:26:36.916+0000] {processor.py:840} INFO - DAG(s) 'flights_ops_medallion_pipe' retrieved from /opt/airflow/dags/flight-pipeline.py
[2026-09-19T09:26:36.967+0000] {logging_mixin.py:188} INFO - [2026-09-19T09:26:36.966+0000] {dag.py:3089} INFO - Sync 1 DAGs
[2026-09-19T09:26:37.004+0000] {logging_mixin.py:188} INFO - [2026-09-19T09:26:37.004+0000] {dag.py:3947} INFO - Setting next_dagrun for flights_ops_medallion_pipe to 2026-09-19 09:00:00+00:00, run_after=2026-09-19 09:30:00+00:00
[2026-09-19T09:26:37.032+0000] {processor.py:183} INFO - Processing /opt/airflow/dags/flight-pipeline.py took 0.658 seconds
[2026-09-19T09:27:07.297+0000] {processor.py:161} INFO - Started process (PID=309) to work on /opt/airflow/dags/flight-pipeline.py
[2026-09-19T09:27:07.299+0000] {processor.py:830} INFO - Processing file /opt/airflow/dags/flight-pipeline.py for tasks to queue
[2026-09-19T09:27:07.303+0000] {logging_mixin.py:188} INFO - [2026-09-19T09:27:07.302+0000] {dagbag.py:545} INFO - Filling up the DagBag from /opt/airflow/dags/flight-pipeline.py
[2026-09-19T09:27:07.811+0000] {processor.py:840} INFO - DAG(s) 'flights_ops_medallion_pipe' retrieved from /opt/airflow/dags/flight-pipeline.py
[2026-09-19T09:27:07.873+0000] {logging_mixin.py:188} INFO - [2026-09-19T09:27:07.872+0000] {dag.py:3089} INFO - Sync 1 DAGs
[2026-09-19T09:27:07.910+0000] {logging_mixin.py:188} INFO - [2026-09-19T09:27:07.910+0000] {dag.py:3947} INFO - Setting next_dagrun for flights_ops_medallion_pipe to 2026-09-19 09:00:00+00:00, run_after=2026-09-19 09:30:00+00:00
[2026-09-19T09:27:07.937+0000] {processor.py:183} INFO - Processing /opt/airflow/dags/flight-pipeline.py took 0.649 seconds
[2026-09-19T09:27:38.221+0000] {processor.py:161} INFO - Started process (PID=311) to work on /opt/airflow/dags/flight-pipeline.py
[2026-09-19T09:27:38.223+0000] {processor.py:830} INFO - Processing file /opt/airflow/dags/flight-pipeline.py for tasks to queue
[2026-09-19T09:27:38.229+0000] {logging_mixin.py:188} INFO - [2026-09-19T09:27:38.227+0000] {dagbag.py:545} INFO - Filling up the DagBag from /opt/airflow/dags/flight-pipeline.py
[2026-09-19T09:27:38.749+0000] {processor.py:840} INFO - DAG(s) 'flights_ops_medallion_pipe' retrieved from /opt/airflow/dags/flight-pipeline.py
[2026-09-19T09:27:38.800+0000] {logging_mixin.py:188} INFO - [2026-09-19T09:27:38.799+0000] {dag.py:3089} INFO - Sync 1 DAGs
[2026-09-19T09:27:38.846+0000] {logging_mixin.py:188} INFO - [2026-09-19T09:27:38.846+0000] {dag.py:3947} INFO - Setting next_dagrun for flights_ops_medallion_pipe to 2026-09-19 09:00:00+00:00, run_after=2026-09-19 09:30:00+00:00
[2026-09-19T09:27:38.875+0000] {processor.py:183} INFO - Processing /opt/airflow/dags/flight-pipeline.py took 0.664 seconds
[2026-09-19T09:28:09.064+0000] {processor.py:161} INFO - Started process (PID=313) to work on /opt/airflow/dags/flight-pipeline.py
[2026-09-19T09:28:09.066+0000] {processor.py:830} INFO - Processing file /opt/airflow/dags/flight-pipeline.py for tasks to queue
[2026-09-19T09:28:09.069+0000] {logging_mixin.py:188} INFO - [2026-09-19T09:28:09.068+0000] {dagbag.py:545} INFO - Filling up the DagBag from /opt/airflow/dags/flight-pipeline.py
[2026-09-19T09:28:09.563+0000] {processor.py:840} INFO - DAG(s) 'flights_ops_medallion_pipe' retrieved from /opt/airflow/dags/flight-pipeline.py
[2026-09-19T09:28:09.605+0000] {logging_mixin.py:188} INFO - [2026-09-19T09:28:09.604+0000] {dag.py:3089} INFO - Sync 1 DAGs
[2026-09-19T09:28:09.638+0000] {logging_mixin.py:188} INFO - [2026-09-19T09:28:09.637+0000] {dag.py:3947} INFO - Setting next_dagrun for flights_ops_medallion_pipe to 2026-09-19 09:00:00+00:00, run_after=2026-09-19 09:30:00+00:00
[2026-09-19T09:28:09.664+0000] {processor.py:183} INFO - Processing /opt/airflow/dags/flight-pipeline.py took 0.609 seconds
[2026-09-19T09:28:39.954+0000] {processor.py:161} INFO - Started process (PID=315) to work on /opt/airflow/dags/flight-pipeline.py
[2026-09-19T09:28:39.957+0000] {processor.py:830} INFO - Processing file /opt/airflow/dags/flight-pipeline.py for tasks to queue
[2026-09-19T09:28:39.962+0000] {logging_mixin.py:188} INFO - [2026-09-19T09:28:39.962+0000] {dagbag.py:545} INFO - Filling up the DagBag from /opt/airflow/dags/flight-pipeline.py
[2026-09-19T09:28:40.534+0000] {processor.py:840} INFO - DAG(s) 'flights_ops_medallion_pipe' retrieved from /opt/airflow/dags/flight-pipeline.py
[2026-09-19T09:28:40.603+0000] {logging_mixin.py:188} INFO - [2026-09-19T09:28:40.602+0000] {dag.py:3089} INFO - Sync 1 DAGs
[2026-09-19T09:28:40.657+0000] {logging_mixin.py:188} INFO - [2026-09-19T09:28:40.657+0000] {dag.py:3947} INFO - Setting next_dagrun for flights_ops_medallion_pipe to 2026-09-19 09:00:00+00:00, run_after=2026-09-19 09:30:00+00:00
[2026-09-19T09:28:40.929+0000] {processor.py:183} INFO - Processing /opt/airflow/dags/flight-pipeline.py took 0.992 seconds
[2026-09-19T09:29:11.191+0000] {processor.py:161} INFO - Started process (PID=317) to work on /opt/airflow/dags/flight-pipeline.py
[2026-09-19T09:29:11.193+0000] {processor.py:830} INFO - Processing file /opt/airflow/dags/flight-pipeline.py for tasks to queue
[2026-09-19T09:29:11.197+0000] {logging_mixin.py:188} INFO - [2026-09-19T09:29:11.196+0000] {dagbag.py:545} INFO - Filling up the DagBag from /opt/airflow/dags/flight-pipeline.py
[2026-09-19T09:29:11.707+0000] {processor.py:840} INFO - DAG(s) 'flights_ops_medallion_pipe' retrieved from /opt/airflow/dags/flight-pipeline.py
[2026-09-19T09:29:11.747+0000] {logging_mixin.py:188} INFO - [2026-09-19T09:29:11.747+0000] {dag.py:3089} INFO - Sync 1 DAGs
[2026-09-19T09:29:11.783+0000] {logging_mixin.py:188} INFO - [2026-09-19T09:29:11.782+0000] {dag.py:3947} INFO - Setting next_dagrun for flights_ops_medallion_pipe to 2026-09-19 09:00:00+00:00, run_after=2026-09-19 09:30:00+00:00
[2026-09-19T09:29:11.811+0000] {processor.py:183} INFO - Processing /opt/airflow/dags/flight-pipeline.py took 0.629 seconds
[2026-09-19T09:29:42.126+0000] {processor.py:161} INFO - Started process (PID=319) to work on /opt/airflow/dags/flight-pipeline.py
[2026-09-19T09:29:42.128+0000] {processor.py:830} INFO - Processing file /opt/airflow/dags/flight-pipeline.py for tasks to queue
[2026-09-19T09:29:42.132+0000] {logging_mixin.py:188} INFO - [2026-09-19T09:29:42.131+0000] {dagbag.py:545} INFO - Filling up the DagBag from /opt/airflow/dags/flight-pipeline.py
[2026-09-19T09:29:42.648+0000] {processor.py:840} INFO - DAG(s) 'flights_ops_medallion_pipe' retrieved from /opt/airflow/dags/flight-pipeline.py
[2026-09-19T09:29:42.699+0000] {logging_mixin.py:188} INFO - [2026-09-19T09:29:42.699+0000] {dag.py:3089} INFO - Sync 1 DAGs
[2026-09-19T09:29:42.731+0000] {logging_mixin.py:188} INFO - [2026-09-19T09:29:42.731+0000] {dag.py:3947} INFO - Setting next_dagrun for flights_ops_medallion_pipe to 2026-09-19 09:00:00+00:00, run_after=2026-09-19 09:30:00+00:00
[2026-09-19T09:29:42.757+0000] {processor.py:183} INFO - Processing /opt/airflow/dags/flight-pipeline.py took 0.644 seconds
[2026-09-19T09:30:13.037+0000] {processor.py:161} INFO - Started process (PID=436) to work on /opt/airflow/dags/flight-pipeline.py
[2026-09-19T09:30:13.039+0000] {processor.py:830} INFO - Processing file /opt/airflow/dags/flight-pipeline.py for tasks to queue
[2026-09-19T09:30:13.043+0000] {logging_mixin.py:188} INFO - [2026-09-19T09:30:13.042+0000] {dagbag.py:545} INFO - Filling up the DagBag from /opt/airflow/dags/flight-pipeline.py
[2026-09-19T09:30:13.591+0000] {processor.py:840} INFO - DAG(s) 'flights_ops_medallion_pipe' retrieved from /opt/airflow/dags/flight-pipeline.py
[2026-09-19T09:30:13.647+0000] {logging_mixin.py:188} INFO - [2026-09-19T09:30:13.646+0000] {dag.py:3089} INFO - Sync 1 DAGs
[2026-09-19T09:30:13.684+0000] {logging_mixin.py:188} INFO - [2026-09-19T09:30:13.684+0000] {dag.py:3947} INFO - Setting next_dagrun for flights_ops_medallion_pipe to 2026-09-19 09:30:00+00:00, run_after=2026-09-19 10:00:00+00:00
[2026-09-19T09:30:13.717+0000] {processor.py:183} INFO - Processing /opt/airflow/dags/flight-pipeline.py took 0.689 seconds
[2026-09-19T09:30:43.903+0000] {processor.py:161} INFO - Started process (PID=439) to work on /opt/airflow/dags/flight-pipeline.py
[2026-09-19T09:30:43.905+0000] {processor.py:830} INFO - Processing file /opt/airflow/dags/flight-pipeline.py for tasks to queue
[2026-09-19T09:30:43.909+0000] {logging_mixin.py:188} INFO - [2026-09-19T09:30:43.909+0000] {dagbag.py:545} INFO - Filling up the DagBag from /opt/airflow/dags/flight-pipeline.py
[2026-09-19T09:30:44.344+0000] {processor.py:840} INFO - DAG(s) 'flights_ops_medallion_pipe' retrieved from /opt/airflow/dags/flight-pipeline.py
[2026-09-19T09:30:44.387+0000] {logging_mixin.py:188} INFO - [2026-09-19T09:30:44.386+0000] {dag.py:3089} INFO - Sync 1 DAGs
[2026-09-19T09:30:44.422+0000] {logging_mixin.py:188} INFO - [2026-09-19T09:30:44.421+0000] {dag.py:3947} INFO - Setting next_dagrun for flights_ops_medallion_pipe to 2026-09-19 09:30:00+00:00, run_after=2026-09-19 10:00:00+00:00
[2026-09-19T09:30:44.446+0000] {processor.py:183} INFO - Processing /opt/airflow/dags/flight-pipeline.py took 0.550 seconds
[2026-09-19T09:31:14.713+0000] {processor.py:161} INFO - Started process (PID=441) to work on /opt/airflow/dags/flight-pipeline.py
[2026-09-19T09:31:14.716+0000] {processor.py:830} INFO - Processing file /opt/airflow/dags/flight-pipeline.py for tasks to queue
[2026-09-19T09:31:14.720+0000] {logging_mixin.py:188} INFO - [2026-09-19T09:31:14.720+0000] {dagbag.py:545} INFO - Filling up the DagBag from /opt/airflow/dags/flight-pipeline.py
[2026-09-19T09:31:15.248+0000] {processor.py:840} INFO - DAG(s) 'flights_ops_medallion_pipe' retrieved from /opt/airflow/dags/flight-pipeline.py
[2026-09-19T09:31:15.297+0000] {logging_mixin.py:188} INFO - [2026-09-19T09:31:15.296+0000] {dag.py:3089} INFO - Sync 1 DAGs
[2026-09-19T09:31:15.334+0000] {logging_mixin.py:188} INFO - [2026-09-19T09:31:15.334+0000] {dag.py:3947} INFO - Setting next_dagrun for flights_ops_medallion_pipe to 2026-09-19 09:30:00+00:00, run_after=2026-09-19 10:00:00+00:00
[2026-09-19T09:31:15.363+0000] {processor.py:183} INFO - Processing /opt/airflow/dags/flight-pipeline.py took 0.659 seconds
[2026-09-19T09:31:45.521+0000] {processor.py:161} INFO - Started process (PID=443) to work on /opt/airflow/dags/flight-pipeline.py
[2026-09-19T09:31:45.525+0000] {processor.py:830} INFO - Processing file /opt/airflow/dags/flight-pipeline.py for tasks to queue
[2026-09-19T09:31:45.528+0000] {logging_mixin.py:188} INFO - [2026-09-19T09:31:45.528+0000] {dagbag.py:545} INFO - Filling up the DagBag from /opt/airflow/dags/flight-pipeline.py
[2026-09-19T09:31:46.017+0000] {processor.py:840} INFO - DAG(s) 'flights_ops_medallion_pipe' retrieved from /opt/airflow/dags/flight-pipeline.py
[2026-09-19T09:31:46.067+0000] {logging_mixin.py:188} INFO - [2026-09-19T09:31:46.066+0000] {dag.py:3089} INFO - Sync 1 DAGs
[2026-09-19T09:31:46.102+0000] {logging_mixin.py:188} INFO - [2026-09-19T09:31:46.102+0000] {dag.py:3947} INFO - Setting next_dagrun for flights_ops_medallion_pipe to 2026-09-19 09:30:00+00:00, run_after=2026-09-19 10:00:00+00:00
[2026-09-19T09:31:46.352+0000] {processor.py:183} INFO - Processing /opt/airflow/dags/flight-pipeline.py took 0.851 seconds
[2026-09-19T09:32:16.653+0000] {processor.py:161} INFO - Started process (PID=445) to work on /opt/airflow/dags/flight-pipeline.py
[2026-09-19T09:32:16.655+0000] {processor.py:830} INFO - Processing file /opt/airflow/dags/flight-pipeline.py for tasks to queue
[2026-09-19T09:32:16.658+0000] {logging_mixin.py:188} INFO - [2026-09-19T09:32:16.658+0000] {dagbag.py:545} INFO - Filling up the DagBag from /opt/airflow/dags/flight-pipeline.py
[2026-09-19T09:32:17.140+0000] {processor.py:840} INFO - DAG(s) 'flights_ops_medallion_pipe' retrieved from /opt/airflow/dags/flight-pipeline.py
[2026-09-19T09:32:17.187+0000] {logging_mixin.py:188} INFO - [2026-09-19T09:32:17.186+0000] {dag.py:3089} INFO - Sync 1 DAGs
[2026-09-19T09:32:17.220+0000] {logging_mixin.py:188} INFO - [2026-09-19T09:32:17.220+0000] {dag.py:3947} INFO - Setting next_dagrun for flights_ops_medallion_pipe to 2026-09-19 09:30:00+00:00, run_after=2026-09-19 10:00:00+00:00
[2026-09-19T09:32:17.248+0000] {processor.py:183} INFO - Processing /opt/airflow/dags/flight-pipeline.py took 0.604 seconds
[2026-09-19T09:32:47.552+0000] {processor.py:161} INFO - Started process (PID=447) to work on /opt/airflow/dags/flight-pipeline.py
[2026-09-19T09:32:47.555+0000] {processor.py:830} INFO - Processing file /opt/airflow/dags/flight-pipeline.py for tasks to queue
[2026-09-19T09:32:47.560+0000] {logging_mixin.py:188} INFO - [2026-09-19T09:32:47.559+0000] {dagbag.py:545} INFO - Filling up the DagBag from /opt/airflow/dags/flight-pipeline.py
[2026-09-19T09:32:48.093+0000] {processor.py:840} INFO - DAG(s) 'flights_ops_medallion_pipe' retrieved from /opt/airflow/dags/flight-pipeline.py
[2026-09-19T09:32:48.144+0000] {logging_mixin.py:188} INFO - [2026-09-19T09:32:48.144+0000] {dag.py:3089} INFO - Sync 1 DAGs
[2026-09-19T09:32:48.186+0000] {logging_mixin.py:188} INFO - [2026-09-19T09:32:48.185+0000] {dag.py:3947} INFO - Setting next_dagrun for flights_ops_medallion_pipe to 2026-09-19 09:30:00+00:00, run_after=2026-09-19 10:00:00+00:00
[2026-09-19T09:32:48.215+0000] {processor.py:183} INFO - Processing /opt/airflow/dags/flight-pipeline.py took 0.680 seconds
[2026-09-19T09:33:18.325+0000] {processor.py:161} INFO - Started process (PID=449) to work on /opt/airflow/dags/flight-pipeline.py
[2026-09-19T09:33:18.328+0000] {processor.py:830} INFO - Processing file /opt/airflow/dags/flight-pipeline.py for tasks to queue
[2026-09-19T09:33:18.332+0000] {logging_mixin.py:188} INFO - [2026-09-19T09:33:18.331+0000] {dagbag.py:545} INFO - Filling up the DagBag from /opt/airflow/dags/flight-pipeline.py
[2026-09-19T09:33:18.842+0000] {processor.py:840} INFO - DAG(s) 'flights_ops_medallion_pipe' retrieved from /opt/airflow/dags/flight-pipeline.py
[2026-09-19T09:33:18.890+0000] {logging_mixin.py:188} INFO - [2026-09-19T09:33:18.889+0000] {dag.py:3089} INFO - Sync 1 DAGs
[2026-09-19T09:33:18.924+0000] {logging_mixin.py:188} INFO - [2026-09-19T09:33:18.923+0000] {dag.py:3947} INFO - Setting next_dagrun for flights_ops_medallion_pipe to 2026-09-19 09:30:00+00:00, run_after=2026-09-19 10:00:00+00:00
[2026-09-19T09:33:18.957+0000] {processor.py:183} INFO - Processing /opt/airflow/dags/flight-pipeline.py took 0.643 seconds
[2026-09-19T09:33:49.234+0000] {processor.py:161} INFO - Started process (PID=451) to work on /opt/airflow/dags/flight-pipeline.py
[2026-09-19T09:33:49.236+0000] {processor.py:830} INFO - Processing file /opt/airflow/dags/flight-pipeline.py for tasks to queue
[2026-09-19T09:33:49.239+0000] {logging_mixin.py:188} INFO - [2026-09-19T09:33:49.239+0000] {dagbag.py:545} INFO - Filling up the DagBag from /opt/airflow/dags/flight-pipeline.py
[2026-09-19T09:33:49.735+0000] {processor.py:840} INFO - DAG(s) 'flights_ops_medallion_pipe' retrieved from /opt/airflow/dags/flight-pipeline.py
[2026-09-19T09:33:49.777+0000] {logging_mixin.py:188} INFO - [2026-09-19T09:33:49.777+0000] {dag.py:3089} INFO - Sync 1 DAGs
[2026-09-19T09:33:49.814+0000] {logging_mixin.py:188} INFO - [2026-09-19T09:33:49.813+0000] {dag.py:3947} INFO - Setting next_dagrun for flights_ops_medallion_pipe to 2026-09-19 09:30:00+00:00, run_after=2026-09-19 10:00:00+00:00
[2026-09-19T09:33:49.837+0000] {processor.py:183} INFO - Processing /opt/airflow/dags/flight-pipeline.py took 0.614 seconds
[2026-09-19T09:34:19.927+0000] {processor.py:161} INFO - Started process (PID=453) to work on /opt/airflow/dags/flight-pipeline.py
[2026-09-19T09:34:19.929+0000] {processor.py:830} INFO - Processing file /opt/airflow/dags/flight-pipeline.py for tasks to queue
[2026-09-19T09:34:19.932+0000] {logging_mixin.py:188} INFO - [2026-09-19T09:34:19.932+0000] {dagbag.py:545} INFO - Filling up the DagBag from /opt/airflow/dags/flight-pipeline.py
[2026-09-19T09:34:20.377+0000] {processor.py:840} INFO - DAG(s) 'flights_ops_medallion_pipe' retrieved from /opt/airflow/dags/flight-pipeline.py
[2026-09-19T09:34:20.424+0000] {logging_mixin.py:188} INFO - [2026-09-19T09:34:20.423+0000] {dag.py:3089} INFO - Sync 1 DAGs
[2026-09-19T09:34:20.462+0000] {logging_mixin.py:188} INFO - [2026-09-19T09:34:20.461+0000] {dag.py:3947} INFO - Setting next_dagrun for flights_ops_medallion_pipe to 2026-09-19 09:30:00+00:00, run_after=2026-09-19 10:00:00+00:00
[2026-09-19T09:34:20.497+0000] {processor.py:183} INFO - Processing /opt/airflow/dags/flight-pipeline.py took 0.578 seconds
[2026-09-19T09:34:50.796+0000] {processor.py:161} INFO - Started process (PID=455) to work on /opt/airflow/dags/flight-pipeline.py
[2026-09-19T09:34:50.798+0000] {processor.py:830} INFO - Processing file /opt/airflow/dags/flight-pipeline.py for tasks to queue
[2026-09-19T09:34:50.802+0000] {logging_mixin.py:188} INFO - [2026-09-19T09:34:50.801+0000] {dagbag.py:545} INFO - Filling up the DagBag from /opt/airflow/dags/flight-pipeline.py
[2026-09-19T09:34:51.325+0000] {processor.py:840} INFO - DAG(s) 'flights_ops_medallion_pipe' retrieved from /opt/airflow/dags/flight-pipeline.py
[2026-09-19T09:34:51.378+0000] {logging_mixin.py:188} INFO - [2026-09-19T09:34:51.378+0000] {dag.py:3089} INFO - Sync 1 DAGs
[2026-09-19T09:34:51.412+0000] {logging_mixin.py:188} INFO - [2026-09-19T09:34:51.411+0000] {dag.py:3947} INFO - Setting next_dagrun for flights_ops_medallion_pipe to 2026-09-19 09:30:00+00:00, run_after=2026-09-19 10:00:00+00:00
[2026-09-19T09:34:51.633+0000] {processor.py:183} INFO - Processing /opt/airflow/dags/flight-pipeline.py took 0.847 seconds
[2026-09-19T09:35:21.940+0000] {processor.py:161} INFO - Started process (PID=457) to work on /opt/airflow/dags/flight-pipeline.py
[2026-09-19T09:35:21.943+0000] {processor.py:830} INFO - Processing file /opt/airflow/dags/flight-pipeline.py for tasks to queue
[2026-09-19T09:35:21.946+0000] {logging_mixin.py:188} INFO - [2026-09-19T09:35:21.946+0000] {dagbag.py:545} INFO - Filling up the DagBag from /opt/airflow/dags/flight-pipeline.py
[2026-09-19T09:35:22.473+0000] {processor.py:840} INFO - DAG(s) 'flights_ops_medallion_pipe' retrieved from /opt/airflow/dags/flight-pipeline.py
[2026-09-19T09:35:22.524+0000] {logging_mixin.py:188} INFO - [2026-09-19T09:35:22.523+0000] {dag.py:3089} INFO - Sync 1 DAGs
[2026-09-19T09:35:22.558+0000] {logging_mixin.py:188} INFO - [2026-09-19T09:35:22.558+0000] {dag.py:3947} INFO - Setting next_dagrun for flights_ops_medallion_pipe to 2026-09-19 09:30:00+00:00, run_after=2026-09-19 10:00:00+00:00
[2026-09-19T09:35:22.584+0000] {processor.py:183} INFO - Processing /opt/airflow/dags/flight-pipeline.py took 0.657 seconds
[2026-09-19T09:35:52.759+0000] {processor.py:161} INFO - Started process (PID=459) to work on /opt/airflow/dags/flight-pipeline.py
[2026-09-19T09:35:52.761+0000] {processor.py:830} INFO - Processing file /opt/airflow/dags/flight-pipeline.py for tasks to queue
[2026-09-19T09:35:52.764+0000] {logging_mixin.py:188} INFO - [2026-09-19T09:35:52.764+0000] {dagbag.py:545} INFO - Filling up the DagBag from /opt/airflow/dags/flight-pipeline.py
[2026-09-19T09:35:53.281+0000] {processor.py:840} INFO - DAG(s) 'flights_ops_medallion_pipe' retrieved from /opt/airflow/dags/flight-pipeline.py
[2026-09-19T09:35:53.326+0000] {logging_mixin.py:188} INFO - [2026-09-19T09:35:53.326+0000] {dag.py:3089} INFO - Sync 1 DAGs
[2026-09-19T09:35:53.359+0000] {logging_mixin.py:188} INFO - [2026-09-19T09:35:53.359+0000] {dag.py:3947} INFO - Setting next_dagrun for flights_ops_medallion_pipe to 2026-09-19 09:30:00+00:00, run_after=2026-09-19 10:00:00+00:00
[2026-09-19T09:35:53.386+0000] {processor.py:183} INFO - Processing /opt/airflow/dags/flight-pipeline.py took 0.638 seconds
[2026-09-19T09:36:23.720+0000] {processor.py:161} INFO - Started process (PID=461) to work on /opt/airflow/dags/flight-pipeline.py
[2026-09-19T09:36:23.722+0000] {processor.py:830} INFO - Processing file /opt/airflow/dags/flight-pipeline.py for tasks to queue
[2026-09-19T09:36:23.725+0000] {logging_mixin.py:188} INFO - [2026-09-19T09:36:23.725+0000] {dagbag.py:545} INFO - Filling up the DagBag from /opt/airflow/dags/flight-pipeline.py
[2026-09-19T09:36:24.206+0000] {processor.py:840} INFO - DAG(s) 'flights_ops_medallion_pipe' retrieved from /opt/airflow/dags/flight-pipeline.py
[2026-09-19T09:36:24.257+0000] {logging_mixin.py:188} INFO - [2026-09-19T09:36:24.256+0000] {dag.py:3089} INFO - Sync 1 DAGs
[2026-09-19T09:36:24.292+0000] {logging_mixin.py:188} INFO - [2026-09-19T09:36:24.292+0000] {dag.py:3947} INFO - Setting next_dagrun for flights_ops_medallion_pipe to 2026-09-19 09:30:00+00:00, run_after=2026-09-19 10:00:00+00:00
[2026-09-19T09:36:24.320+0000] {processor.py:183} INFO - Processing /opt/airflow/dags/flight-pipeline.py took 0.610 seconds
[2026-09-19T09:36:54.610+0000] {processor.py:161} INFO - Started process (PID=463) to work on /opt/airflow/dags/flight-pipeline.py
[2026-09-19T09:36:54.612+0000] {processor.py:830} INFO - Processing file /opt/airflow/dags/flight-pipeline.py for tasks to queue
[2026-09-19T09:36:54.616+0000] {logging_mixin.py:188} INFO - [2026-09-19T09:36:54.615+0000] {dagbag.py:545} INFO - Filling up the DagBag from /opt/airflow/dags/flight-pipeline.py
[2026-09-19T09:36:55.114+0000] {processor.py:840} INFO - DAG(s) 'flights_ops_medallion_pipe' retrieved from /opt/airflow/dags/flight-pipeline.py
[2026-09-19T09:36:55.163+0000] {logging_mixin.py:188} INFO - [2026-09-19T09:36:55.162+0000] {dag.py:3089} INFO - Sync 1 DAGs
[2026-09-19T09:36:55.200+0000] {logging_mixin.py:188} INFO - [2026-09-19T09:36:55.199+0000] {dag.py:3947} INFO - Setting next_dagrun for flights_ops_medallion_pipe to 2026-09-19 09:30:00+00:00, run_after=2026-09-19 10:00:00+00:00
[2026-09-19T09:36:55.225+0000] {processor.py:183} INFO - Processing /opt/airflow/dags/flight-pipeline.py took 0.624 seconds
[2026-09-19T09:37:25.545+0000] {processor.py:161} INFO - Started process (PID=465) to work on /opt/airflow/dags/flight-pipeline.py
[2026-09-19T09:37:25.548+0000] {processor.py:830} INFO - Processing file /opt/airflow/dags/flight-pipeline.py for tasks to queue
[2026-09-19T09:37:25.554+0000] {logging_mixin.py:188} INFO - [2026-09-19T09:37:25.553+0000] {dagbag.py:545} INFO - Filling up the DagBag from /opt/airflow/dags/flight-pipeline.py
[2026-09-19T09:37:26.062+0000] {processor.py:840} INFO - DAG(s) 'flights_ops_medallion_pipe' retrieved from /opt/airflow/dags/flight-pipeline.py
[2026-09-19T09:37:26.110+0000] {logging_mixin.py:188} INFO - [2026-09-19T09:37:26.110+0000] {dag.py:3089} INFO - Sync 1 DAGs
[2026-09-19T09:37:26.143+0000] {logging_mixin.py:188} INFO - [2026-09-19T09:37:26.142+0000] {dag.py:3947} INFO - Setting next_dagrun for flights_ops_medallion_pipe to 2026-09-19 09:30:00+00:00, run_after=2026-09-19 10:00:00+00:00
[2026-09-19T09:37:26.173+0000] {processor.py:183} INFO - Processing /opt/airflow/dags/flight-pipeline.py took 0.646 seconds
[2026-09-19T09:37:56.463+0000] {processor.py:161} INFO - Started process (PID=467) to work on /opt/airflow/dags/flight-pipeline.py
[2026-09-19T09:37:56.465+0000] {processor.py:830} INFO - Processing file /opt/airflow/dags/flight-pipeline.py for tasks to queue
[2026-09-19T09:37:56.470+0000] {logging_mixin.py:188} INFO - [2026-09-19T09:37:56.469+0000] {dagbag.py:545} INFO - Filling up the DagBag from /opt/airflow/dags/flight-pipeline.py
[2026-09-19T09:37:56.945+0000] {processor.py:840} INFO - DAG(s) 'flights_ops_medallion_pipe' retrieved from /opt/airflow/dags/flight-pipeline.py
[2026-09-19T09:37:56.988+0000] {logging_mixin.py:188} INFO - [2026-09-19T09:37:56.987+0000] {dag.py:3089} INFO - Sync 1 DAGs
[2026-09-19T09:37:57.020+0000] {logging_mixin.py:188} INFO - [2026-09-19T09:37:57.020+0000] {dag.py:3947} INFO - Setting next_dagrun for flights_ops_medallion_pipe to 2026-09-19 09:30:00+00:00, run_after=2026-09-19 10:00:00+00:00
[2026-09-19T09:37:57.259+0000] {processor.py:183} INFO - Processing /opt/airflow/dags/flight-pipeline.py took 0.810 seconds
[2026-09-19T09:38:27.515+0000] {processor.py:161} INFO - Started process (PID=469) to work on /opt/airflow/dags/flight-pipeline.py
[2026-09-19T09:38:27.517+0000] {processor.py:830} INFO - Processing file /opt/airflow/dags/flight-pipeline.py for tasks to queue
[2026-09-19T09:38:27.520+0000] {logging_mixin.py:188} INFO - [2026-09-19T09:38:27.520+0000] {dagbag.py:545} INFO - Filling up the DagBag from /opt/airflow/dags/flight-pipeline.py
[2026-09-19T09:38:28.029+0000] {processor.py:840} INFO - DAG(s) 'flights_ops_medallion_pipe' retrieved from /opt/airflow/dags/flight-pipeline.py
[2026-09-19T09:38:28.075+0000] {logging_mixin.py:188} INFO - [2026-09-19T09:38:28.075+0000] {dag.py:3089} INFO - Sync 1 DAGs
[2026-09-19T09:38:28.110+0000] {logging_mixin.py:188} INFO - [2026-09-19T09:38:28.110+0000] {dag.py:3947} INFO - Setting next_dagrun for flights_ops_medallion_pipe to 2026-09-19 09:30:00+00:00, run_after=2026-09-19 10:00:00+00:00
[2026-09-19T09:38:28.135+0000] {processor.py:183} INFO - Processing /opt/airflow/dags/flight-pipeline.py took 0.631 seconds
[2026-09-19T09:38:58.459+0000] {processor.py:161} INFO - Started process (PID=471) to work on /opt/airflow/dags/flight-pipeline.py
[2026-09-19T09:38:58.463+0000] {processor.py:830} INFO - Processing file /opt/airflow/dags/flight-pipeline.py for tasks to queue
[2026-09-19T09:38:58.470+0000] {logging_mixin.py:188} INFO - [2026-09-19T09:38:58.469+0000] {dagbag.py:545} INFO - Filling up the DagBag from /opt/airflow/dags/flight-pipeline.py
[2026-09-19T09:38:59.030+0000] {processor.py:840} INFO - DAG(s) 'flights_ops_medallion_pipe' retrieved from /opt/airflow/dags/flight-pipeline.py
[2026-09-19T09:38:59.103+0000] {logging_mixin.py:188} INFO - [2026-09-19T09:38:59.102+0000] {dag.py:3089} INFO - Sync 1 DAGs
[2026-09-19T09:38:59.140+0000] {logging_mixin.py:188} INFO - [2026-09-19T09:38:59.140+0000] {dag.py:3947} INFO - Setting next_dagrun for flights_ops_medallion_pipe to 2026-09-19 09:30:00+00:00, run_after=2026-09-19 10:00:00+00:00
[2026-09-19T09:38:59.168+0000] {processor.py:183} INFO - Processing /opt/airflow/dags/flight-pipeline.py took 0.727 seconds
[2026-09-19T09:39:29.491+0000] {processor.py:161} INFO - Started process (PID=473) to work on /opt/airflow/dags/flight-pipeline.py
[2026-09-19T09:39:29.493+0000] {processor.py:830} INFO - Processing file /opt/airflow/dags/flight-pipeline.py for tasks to queue
[2026-09-19T09:39:29.497+0000] {logging_mixin.py:188} INFO - [2026-09-19T09:39:29.496+0000] {dagbag.py:545} INFO - Filling up the DagBag from /opt/airflow/dags/flight-pipeline.py
[2026-09-19T09:39:30.035+0000] {processor.py:840} INFO - DAG(s) 'flights_ops_medallion_pipe' retrieved from /opt/airflow/dags/flight-pipeline.py
[2026-09-19T09:39:30.078+0000] {logging_mixin.py:188} INFO - [2026-09-19T09:39:30.077+0000] {dag.py:3089} INFO - Sync 1 DAGs
[2026-09-19T09:39:30.115+0000] {logging_mixin.py:188} INFO - [2026-09-19T09:39:30.115+0000] {dag.py:3947} INFO - Setting next_dagrun for flights_ops_medallion_pipe to 2026-09-19 09:30:00+00:00, run_after=2026-09-19 10:00:00+00:00
[2026-09-19T09:39:30.144+0000] {processor.py:183} INFO - Processing /opt/airflow/dags/flight-pipeline.py took 0.670 seconds
[2026-09-19T09:40:00.422+0000] {processor.py:161} INFO - Started process (PID=475) to work on /opt/airflow/dags/flight-pipeline.py
[2026-09-19T09:40:00.424+0000] {processor.py:830} INFO - Processing file /opt/airflow/dags/flight-pipeline.py for tasks to queue
[2026-09-19T09:40:00.429+0000] {logging_mixin.py:188} INFO - [2026-09-19T09:40:00.428+0000] {dagbag.py:545} INFO - Filling up the DagBag from /opt/airflow/dags/flight-pipeline.py
[2026-09-19T09:40:00.920+0000] {processor.py:840} INFO - DAG(s) 'flights_ops_medallion_pipe' retrieved from /opt/airflow/dags/flight-pipeline.py
[2026-09-19T09:40:00.965+0000] {logging_mixin.py:188} INFO - [2026-09-19T09:40:00.964+0000] {dag.py:3089} INFO - Sync 1 DAGs
[2026-09-19T09:40:01.000+0000] {logging_mixin.py:188} INFO - [2026-09-19T09:40:01.000+0000] {dag.py:3947} INFO - Setting next_dagrun for flights_ops_medallion_pipe to 2026-09-19 09:30:00+00:00, run_after=2026-09-19 10:00:00+00:00
[2026-09-19T09:40:01.027+0000] {processor.py:183} INFO - Processing /opt/airflow/dags/flight-pipeline.py took 0.615 seconds
[2026-09-19T09:40:31.335+0000] {processor.py:161} INFO - Started process (PID=477) to work on /opt/airflow/dags/flight-pipeline.py
[2026-09-19T09:40:31.337+0000] {processor.py:830} INFO - Processing file /opt/airflow/dags/flight-pipeline.py for tasks to queue
[2026-09-19T09:40:31.342+0000] {logging_mixin.py:188} INFO - [2026-09-19T09:40:31.341+0000] {dagbag.py:545} INFO - Filling up the DagBag from /opt/airflow/dags/flight-pipeline.py
[2026-09-19T09:40:31.832+0000] {processor.py:840} INFO - DAG(s) 'flights_ops_medallion_pipe' retrieved from /opt/airflow/dags/flight-pipeline.py
[2026-09-19T09:40:31.879+0000] {logging_mixin.py:188} INFO - [2026-09-19T09:40:31.878+0000] {dag.py:3089} INFO - Sync 1 DAGs
[2026-09-19T09:40:31.914+0000] {logging_mixin.py:188} INFO - [2026-09-19T09:40:31.913+0000] {dag.py:3947} INFO - Setting next_dagrun for flights_ops_medallion_pipe to 2026-09-19 09:30:00+00:00, run_after=2026-09-19 10:00:00+00:00
[2026-09-19T09:40:31.939+0000] {processor.py:183} INFO - Processing /opt/airflow/dags/flight-pipeline.py took 0.613 seconds
[2026-09-19T09:41:02.229+0000] {processor.py:161} INFO - Started process (PID=479) to work on /opt/airflow/dags/flight-pipeline.py
[2026-09-19T09:41:02.231+0000] {processor.py:830} INFO - Processing file /opt/airflow/dags/flight-pipeline.py for tasks to queue
[2026-09-19T09:41:02.235+0000] {logging_mixin.py:188} INFO - [2026-09-19T09:41:02.235+0000] {dagbag.py:545} INFO - Filling up the DagBag from /opt/airflow/dags/flight-pipeline.py
[2026-09-19T09:41:02.769+0000] {processor.py:840} INFO - DAG(s) 'flights_ops_medallion_pipe' retrieved from /opt/airflow/dags/flight-pipeline.py
[2026-09-19T09:41:02.831+0000] {logging_mixin.py:188} INFO - [2026-09-19T09:41:02.831+0000] {dag.py:3089} INFO - Sync 1 DAGs
[2026-09-19T09:41:02.869+0000] {logging_mixin.py:188} INFO - [2026-09-19T09:41:02.869+0000] {dag.py:3947} INFO - Setting next_dagrun for flights_ops_medallion_pipe to 2026-09-19 09:30:00+00:00, run_after=2026-09-19 10:00:00+00:00
[2026-09-19T09:41:03.128+0000] {processor.py:183} INFO - Processing /opt/airflow/dags/flight-pipeline.py took 0.909 seconds
[2026-09-19T09:41:33.238+0000] {processor.py:161} INFO - Started process (PID=481) to work on /opt/airflow/dags/flight-pipeline.py
[2026-09-19T09:41:33.241+0000] {processor.py:830} INFO - Processing file /opt/airflow/dags/flight-pipeline.py for tasks to queue
[2026-09-19T09:41:33.244+0000] {logging_mixin.py:188} INFO - [2026-09-19T09:41:33.244+0000] {dagbag.py:545} INFO - Filling up the DagBag from /opt/airflow/dags/flight-pipeline.py
[2026-09-19T09:41:33.694+0000] {processor.py:840} INFO - DAG(s) 'flights_ops_medallion_pipe' retrieved from /opt/airflow/dags/flight-pipeline.py
[2026-09-19T09:41:33.749+0000] {logging_mixin.py:188} INFO - [2026-09-19T09:41:33.748+0000] {dag.py:3089} INFO - Sync 1 DAGs
[2026-09-19T09:41:34.074+0000] {logging_mixin.py:188} INFO - [2026-09-19T09:41:34.074+0000] {dag.py:3947} INFO - Setting next_dagrun for flights_ops_medallion_pipe to 2026-09-19 09:30:00+00:00, run_after=2026-09-19 10:00:00+00:00
[2026-09-19T09:41:34.105+0000] {processor.py:183} INFO - Processing /opt/airflow/dags/flight-pipeline.py took 0.886 seconds
[2026-09-19T09:42:04.422+0000] {processor.py:161} INFO - Started process (PID=483) to work on /opt/airflow/dags/flight-pipeline.py
[2026-09-19T09:42:04.424+0000] {processor.py:830} INFO - Processing file /opt/airflow/dags/flight-pipeline.py for tasks to queue
[2026-09-19T09:42:04.428+0000] {logging_mixin.py:188} INFO - [2026-09-19T09:42:04.427+0000] {dagbag.py:545} INFO - Filling up the DagBag from /opt/airflow/dags/flight-pipeline.py
[2026-09-19T09:42:04.988+0000] {processor.py:840} INFO - DAG(s) 'flights_ops_medallion_pipe' retrieved from /opt/airflow/dags/flight-pipeline.py
[2026-09-19T09:42:05.033+0000] {logging_mixin.py:188} INFO - [2026-09-19T09:42:05.032+0000] {dag.py:3089} INFO - Sync 1 DAGs
[2026-09-19T09:42:05.070+0000] {logging_mixin.py:188} INFO - [2026-09-19T09:42:05.069+0000] {dag.py:3947} INFO - Setting next_dagrun for flights_ops_medallion_pipe to 2026-09-19 09:30:00+00:00, run_after=2026-09-19 10:00:00+00:00
[2026-09-19T09:42:05.100+0000] {processor.py:183} INFO - Processing /opt/airflow/dags/flight-pipeline.py took 0.689 seconds
[2026-09-19T09:42:35.406+0000] {processor.py:161} INFO - Started process (PID=485) to work on /opt/airflow/dags/flight-pipeline.py
[2026-09-19T09:42:35.408+0000] {processor.py:830} INFO - Processing file /opt/airflow/dags/flight-pipeline.py for tasks to queue
[2026-09-19T09:42:35.412+0000] {logging_mixin.py:188} INFO - [2026-09-19T09:42:35.411+0000] {dagbag.py:545} INFO - Filling up the DagBag from /opt/airflow/dags/flight-pipeline.py
[2026-09-19T09:42:35.900+0000] {processor.py:840} INFO - DAG(s) 'flights_ops_medallion_pipe' retrieved from /opt/airflow/dags/flight-pipeline.py
[2026-09-19T09:42:35.947+0000] {logging_mixin.py:188} INFO - [2026-09-19T09:42:35.946+0000] {dag.py:3089} INFO - Sync 1 DAGs
[2026-09-19T09:42:35.980+0000] {logging_mixin.py:188} INFO - [2026-09-19T09:42:35.980+0000] {dag.py:3947} INFO - Setting next_dagrun for flights_ops_medallion_pipe to 2026-09-19 09:30:00+00:00, run_after=2026-09-19 10:00:00+00:00
[2026-09-19T09:42:36.007+0000] {processor.py:183} INFO - Processing /opt/airflow/dags/flight-pipeline.py took 0.614 seconds
[2026-09-19T09:43:06.160+0000] {processor.py:161} INFO - Started process (PID=487) to work on /opt/airflow/dags/flight-pipeline.py
[2026-09-19T09:43:06.162+0000] {processor.py:830} INFO - Processing file /opt/airflow/dags/flight-pipeline.py for tasks to queue
[2026-09-19T09:43:06.165+0000] {logging_mixin.py:188} INFO - [2026-09-19T09:43:06.165+0000] {dagbag.py:545} INFO - Filling up the DagBag from /opt/airflow/dags/flight-pipeline.py
[2026-09-19T09:43:06.632+0000] {processor.py:840} INFO - DAG(s) 'flights_ops_medallion_pipe' retrieved from /opt/airflow/dags/flight-pipeline.py
[2026-09-19T09:43:06.693+0000] {logging_mixin.py:188} INFO - [2026-09-19T09:43:06.692+0000] {dag.py:3089} INFO - Sync 1 DAGs
[2026-09-19T09:43:06.730+0000] {logging_mixin.py:188} INFO - [2026-09-19T09:43:06.730+0000] {dag.py:3947} INFO - Setting next_dagrun for flights_ops_medallion_pipe to 2026-09-19 09:30:00+00:00, run_after=2026-09-19 10:00:00+00:00
[2026-09-19T09:43:06.758+0000] {processor.py:183} INFO - Processing /opt/airflow/dags/flight-pipeline.py took 0.606 seconds
[2026-09-19T09:43:37.080+0000] {processor.py:161} INFO - Started process (PID=489) to work on /opt/airflow/dags/flight-pipeline.py
[2026-09-19T09:43:37.083+0000] {processor.py:830} INFO - Processing file /opt/airflow/dags/flight-pipeline.py for tasks to queue
[2026-09-19T09:43:37.086+0000] {logging_mixin.py:188} INFO - [2026-09-19T09:43:37.086+0000] {dagbag.py:545} INFO - Filling up the DagBag from /opt/airflow/dags/flight-pipeline.py
[2026-09-19T09:43:37.651+0000] {processor.py:840} INFO - DAG(s) 'flights_ops_medallion_pipe' retrieved from /opt/airflow/dags/flight-pipeline.py
[2026-09-19T09:43:37.707+0000] {logging_mixin.py:188} INFO - [2026-09-19T09:43:37.706+0000] {dag.py:3089} INFO - Sync 1 DAGs
[2026-09-19T09:43:37.765+0000] {logging_mixin.py:188} INFO - [2026-09-19T09:43:37.765+0000] {dag.py:3947} INFO - Setting next_dagrun for flights_ops_medallion_pipe to 2026-09-19 09:30:00+00:00, run_after=2026-09-19 10:00:00+00:00
[2026-09-19T09:43:37.807+0000] {processor.py:183} INFO - Processing /opt/airflow/dags/flight-pipeline.py took 0.744 seconds
[2026-09-19T09:44:08.113+0000] {processor.py:161} INFO - Started process (PID=491) to work on /opt/airflow/dags/flight-pipeline.py
[2026-09-19T09:44:08.115+0000] {processor.py:830} INFO - Processing file /opt/airflow/dags/flight-pipeline.py for tasks to queue
[2026-09-19T09:44:08.118+0000] {logging_mixin.py:188} INFO - [2026-09-19T09:44:08.118+0000] {dagbag.py:545} INFO - Filling up the DagBag from /opt/airflow/dags/flight-pipeline.py
[2026-09-19T09:44:08.616+0000] {processor.py:840} INFO - DAG(s) 'flights_ops_medallion_pipe' retrieved from /opt/airflow/dags/flight-pipeline.py
[2026-09-19T09:44:08.663+0000] {logging_mixin.py:188} INFO - [2026-09-19T09:44:08.662+0000] {dag.py:3089} INFO - Sync 1 DAGs
[2026-09-19T09:44:08.705+0000] {logging_mixin.py:188} INFO - [2026-09-19T09:44:08.705+0000] {dag.py:3947} INFO - Setting next_dagrun for flights_ops_medallion_pipe to 2026-09-19 09:30:00+00:00, run_after=2026-09-19 10:00:00+00:00
[2026-09-19T09:44:08.917+0000] {processor.py:183} INFO - Processing /opt/airflow/dags/flight-pipeline.py took 0.812 seconds
[2026-09-19T09:44:39.065+0000] {processor.py:161} INFO - Started process (PID=493) to work on /opt/airflow/dags/flight-pipeline.py
[2026-09-19T09:44:39.067+0000] {processor.py:830} INFO - Processing file /opt/airflow/dags/flight-pipeline.py for tasks to queue
[2026-09-19T09:44:39.071+0000] {logging_mixin.py:188} INFO - [2026-09-19T09:44:39.070+0000] {dagbag.py:545} INFO - Filling up the DagBag from /opt/airflow/dags/flight-pipeline.py
[2026-09-19T09:44:39.609+0000] {processor.py:840} INFO - DAG(s) 'flights_ops_medallion_pipe' retrieved from /opt/airflow/dags/flight-pipeline.py
[2026-09-19T09:44:39.656+0000] {logging_mixin.py:188} INFO - [2026-09-19T09:44:39.656+0000] {dag.py:3089} INFO - Sync 1 DAGs
[2026-09-19T09:44:39.690+0000] {logging_mixin.py:188} INFO - [2026-09-19T09:44:39.690+0000] {dag.py:3947} INFO - Setting next_dagrun for flights_ops_medallion_pipe to 2026-09-19 09:30:00+00:00, run_after=2026-09-19 10:00:00+00:00
[2026-09-19T09:44:39.714+0000] {processor.py:183} INFO - Processing /opt/airflow/dags/flight-pipeline.py took 0.662 seconds
[2026-09-19T09:45:10.016+0000] {processor.py:161} INFO - Started process (PID=495) to work on /opt/airflow/dags/flight-pipeline.py
[2026-09-19T09:45:10.019+0000] {processor.py:830} INFO - Processing file /opt/airflow/dags/flight-pipeline.py for tasks to queue
[2026-09-19T09:45:10.024+0000] {logging_mixin.py:188} INFO - [2026-09-19T09:45:10.023+0000] {dagbag.py:545} INFO - Filling up the DagBag from /opt/airflow/dags/flight-pipeline.py
[2026-09-19T09:45:10.531+0000] {processor.py:840} INFO - DAG(s) 'flights_ops_medallion_pipe' retrieved from /opt/airflow/dags/flight-pipeline.py
[2026-09-19T09:45:10.580+0000] {logging_mixin.py:188} INFO - [2026-09-19T09:45:10.580+0000] {dag.py:3089} INFO - Sync 1 DAGs
[2026-09-19T09:45:10.617+0000] {logging_mixin.py:188} INFO - [2026-09-19T09:45:10.617+0000] {dag.py:3947} INFO - Setting next_dagrun for flights_ops_medallion_pipe to 2026-09-19 09:30:00+00:00, run_after=2026-09-19 10:00:00+00:00
[2026-09-19T09:45:10.645+0000] {processor.py:183} INFO - Processing /opt/airflow/dags/flight-pipeline.py took 0.642 seconds
[2026-09-19T09:45:40.962+0000] {processor.py:161} INFO - Started process (PID=497) to work on /opt/airflow/dags/flight-pipeline.py
[2026-09-19T09:45:40.964+0000] {processor.py:830} INFO - Processing file /opt/airflow/dags/flight-pipeline.py for tasks to queue
[2026-09-19T09:45:40.967+0000] {logging_mixin.py:188} INFO - [2026-09-19T09:45:40.967+0000] {dagbag.py:545} INFO - Filling up the DagBag from /opt/airflow/dags/flight-pipeline.py
[2026-09-19T09:45:41.518+0000] {processor.py:840} INFO - DAG(s) 'flights_ops_medallion_pipe' retrieved from /opt/airflow/dags/flight-pipeline.py
[2026-09-19T09:45:41.572+0000] {logging_mixin.py:188} INFO - [2026-09-19T09:45:41.572+0000] {dag.py:3089} INFO - Sync 1 DAGs
[2026-09-19T09:45:41.607+0000] {logging_mixin.py:188} INFO - [2026-09-19T09:45:41.607+0000] {dag.py:3947} INFO - Setting next_dagrun for flights_ops_medallion_pipe to 2026-09-19 09:30:00+00:00, run_after=2026-09-19 10:00:00+00:00
[2026-09-19T09:45:41.633+0000] {processor.py:183} INFO - Processing /opt/airflow/dags/flight-pipeline.py took 0.681 seconds
[2026-09-19T09:46:11.965+0000] {processor.py:161} INFO - Started process (PID=499) to work on /opt/airflow/dags/flight-pipeline.py
[2026-09-19T09:46:11.967+0000] {processor.py:830} INFO - Processing file /opt/airflow/dags/flight-pipeline.py for tasks to queue
[2026-09-19T09:46:11.971+0000] {logging_mixin.py:188} INFO - [2026-09-19T09:46:11.971+0000] {dagbag.py:545} INFO - Filling up the DagBag from /opt/airflow/dags/flight-pipeline.py
[2026-09-19T09:46:12.472+0000] {processor.py:840} INFO - DAG(s) 'flights_ops_medallion_pipe' retrieved from /opt/airflow/dags/flight-pipeline.py
[2026-09-19T09:46:12.520+0000] {logging_mixin.py:188} INFO - [2026-09-19T09:46:12.519+0000] {dag.py:3089} INFO - Sync 1 DAGs
[2026-09-19T09:46:12.553+0000] {logging_mixin.py:188} INFO - [2026-09-19T09:46:12.553+0000] {dag.py:3947} INFO - Setting next_dagrun for flights_ops_medallion_pipe to 2026-09-19 09:30:00+00:00, run_after=2026-09-19 10:00:00+00:00
[2026-09-19T09:46:12.581+0000] {processor.py:183} INFO - Processing /opt/airflow/dags/flight-pipeline.py took 0.625 seconds
[2026-09-19T09:46:42.861+0000] {processor.py:161} INFO - Started process (PID=501) to work on /opt/airflow/dags/flight-pipeline.py
[2026-09-19T09:46:42.863+0000] {processor.py:830} INFO - Processing file /opt/airflow/dags/flight-pipeline.py for tasks to queue
[2026-09-19T09:46:42.866+0000] {logging_mixin.py:188} INFO - [2026-09-19T09:46:42.865+0000] {dagbag.py:545} INFO - Filling up the DagBag from /opt/airflow/dags/flight-pipeline.py
[2026-09-19T09:46:43.300+0000] {processor.py:840} INFO - DAG(s) 'flights_ops_medallion_pipe' retrieved from /opt/airflow/dags/flight-pipeline.py
[2026-09-19T09:46:43.344+0000] {logging_mixin.py:188} INFO - [2026-09-19T09:46:43.343+0000] {dag.py:3089} INFO - Sync 1 DAGs
[2026-09-19T09:46:43.377+0000] {logging_mixin.py:188} INFO - [2026-09-19T09:46:43.377+0000] {dag.py:3947} INFO - Setting next_dagrun for flights_ops_medallion_pipe to 2026-09-19 09:30:00+00:00, run_after=2026-09-19 10:00:00+00:00
[2026-09-19T09:46:43.403+0000] {processor.py:183} INFO - Processing /opt/airflow/dags/flight-pipeline.py took 0.550 seconds
[2026-09-19T09:47:13.719+0000] {processor.py:161} INFO - Started process (PID=503) to work on /opt/airflow/dags/flight-pipeline.py
[2026-09-19T09:47:13.722+0000] {processor.py:830} INFO - Processing file /opt/airflow/dags/flight-pipeline.py for tasks to queue
[2026-09-19T09:47:13.727+0000] {logging_mixin.py:188} INFO - [2026-09-19T09:47:13.726+0000] {dagbag.py:545} INFO - Filling up the DagBag from /opt/airflow/dags/flight-pipeline.py
[2026-09-19T09:47:14.237+0000] {processor.py:840} INFO - DAG(s) 'flights_ops_medallion_pipe' retrieved from /opt/airflow/dags/flight-pipeline.py
[2026-09-19T09:47:14.287+0000] {logging_mixin.py:188} INFO - [2026-09-19T09:47:14.286+0000] {dag.py:3089} INFO - Sync 1 DAGs
[2026-09-19T09:47:14.321+0000] {logging_mixin.py:188} INFO - [2026-09-19T09:47:14.321+0000] {dag.py:3947} INFO - Setting next_dagrun for flights_ops_medallion_pipe to 2026-09-19 09:30:00+00:00, run_after=2026-09-19 10:00:00+00:00
[2026-09-19T09:47:14.569+0000] {processor.py:183} INFO - Processing /opt/airflow/dags/flight-pipeline.py took 0.860 seconds
[2026-09-19T09:47:44.917+0000] {processor.py:161} INFO - Started process (PID=505) to work on /opt/airflow/dags/flight-pipeline.py
[2026-09-19T09:47:44.920+0000] {processor.py:830} INFO - Processing file /opt/airflow/dags/flight-pipeline.py for tasks to queue
[2026-09-19T09:47:44.927+0000] {logging_mixin.py:188} INFO - [2026-09-19T09:47:44.926+0000] {dagbag.py:545} INFO - Filling up the DagBag from /opt/airflow/dags/flight-pipeline.py
[2026-09-19T09:47:45.433+0000] {processor.py:840} INFO - DAG(s) 'flights_ops_medallion_pipe' retrieved from /opt/airflow/dags/flight-pipeline.py
[2026-09-19T09:47:45.478+0000] {logging_mixin.py:188} INFO - [2026-09-19T09:47:45.477+0000] {dag.py:3089} INFO - Sync 1 DAGs
[2026-09-19T09:47:45.524+0000] {logging_mixin.py:188} INFO - [2026-09-19T09:47:45.524+0000] {dag.py:3947} INFO - Setting next_dagrun for flights_ops_medallion_pipe to 2026-09-19 09:30:00+00:00, run_after=2026-09-19 10:00:00+00:00
[2026-09-19T09:47:45.551+0000] {processor.py:183} INFO - Processing /opt/airflow/dags/flight-pipeline.py took 0.648 seconds
[2026-09-19T09:48:15.631+0000] {processor.py:161} INFO - Started process (PID=507) to work on /opt/airflow/dags/flight-pipeline.py
[2026-09-19T09:48:15.633+0000] {processor.py:830} INFO - Processing file /opt/airflow/dags/flight-pipeline.py for tasks to queue
[2026-09-19T09:48:15.636+0000] {logging_mixin.py:188} INFO - [2026-09-19T09:48:15.636+0000] {dagbag.py:545} INFO - Filling up the DagBag from /opt/airflow/dags/flight-pipeline.py
[2026-09-19T09:48:16.115+0000] {processor.py:840} INFO - DAG(s) 'flights_ops_medallion_pipe' retrieved from /opt/airflow/dags/flight-pipeline.py
[2026-09-19T09:48:16.157+0000] {logging_mixin.py:188} INFO - [2026-09-19T09:48:16.156+0000] {dag.py:3089} INFO - Sync 1 DAGs
[2026-09-19T09:48:16.190+0000] {logging_mixin.py:188} INFO - [2026-09-19T09:48:16.190+0000] {dag.py:3947} INFO - Setting next_dagrun for flights_ops_medallion_pipe to 2026-09-19 09:30:00+00:00, run_after=2026-09-19 10:00:00+00:00
[2026-09-19T09:48:16.217+0000] {processor.py:183} INFO - Processing /opt/airflow/dags/flight-pipeline.py took 0.594 seconds
[2026-09-19T09:48:46.527+0000] {processor.py:161} INFO - Started process (PID=509) to work on /opt/airflow/dags/flight-pipeline.py
[2026-09-19T09:48:46.529+0000] {processor.py:830} INFO - Processing file /opt/airflow/dags/flight-pipeline.py for tasks to queue
[2026-09-19T09:48:46.534+0000] {logging_mixin.py:188} INFO - [2026-09-19T09:48:46.533+0000] {dagbag.py:545} INFO - Filling up the DagBag from /opt/airflow/dags/flight-pipeline.py
[2026-09-19T09:48:47.032+0000] {processor.py:840} INFO - DAG(s) 'flights_ops_medallion_pipe' retrieved from /opt/airflow/dags/flight-pipeline.py
[2026-09-19T09:48:47.088+0000] {logging_mixin.py:188} INFO - [2026-09-19T09:48:47.087+0000] {dag.py:3089} INFO - Sync 1 DAGs
[2026-09-19T09:48:47.126+0000] {logging_mixin.py:188} INFO - [2026-09-19T09:48:47.126+0000] {dag.py:3947} INFO - Setting next_dagrun for flights_ops_medallion_pipe to 2026-09-19 09:30:00+00:00, run_after=2026-09-19 10:00:00+00:00
[2026-09-19T09:48:47.164+0000] {processor.py:183} INFO - Processing /opt/airflow/dags/flight-pipeline.py took 0.655 seconds
[2026-09-19T09:49:17.335+0000] {processor.py:161} INFO - Started process (PID=511) to work on /opt/airflow/dags/flight-pipeline.py
[2026-09-19T09:49:17.338+0000] {processor.py:830} INFO - Processing file /opt/airflow/dags/flight-pipeline.py for tasks to queue
[2026-09-19T09:49:17.342+0000] {logging_mixin.py:188} INFO - [2026-09-19T09:49:17.342+0000] {dagbag.py:545} INFO - Filling up the DagBag from /opt/airflow/dags/flight-pipeline.py
[2026-09-19T09:49:17.829+0000] {processor.py:840} INFO - DAG(s) 'flights_ops_medallion_pipe' retrieved from /opt/airflow/dags/flight-pipeline.py
[2026-09-19T09:49:17.883+0000] {logging_mixin.py:188} INFO - [2026-09-19T09:49:17.882+0000] {dag.py:3089} INFO - Sync 1 DAGs
[2026-09-19T09:49:17.914+0000] {logging_mixin.py:188} INFO - [2026-09-19T09:49:17.914+0000] {dag.py:3947} INFO - Setting next_dagrun for flights_ops_medallion_pipe to 2026-09-19 09:30:00+00:00, run_after=2026-09-19 10:00:00+00:00
[2026-09-19T09:49:17.939+0000] {processor.py:183} INFO - Processing /opt/airflow/dags/flight-pipeline.py took 0.613 seconds
[2026-09-19T09:49:48.240+0000] {processor.py:161} INFO - Started process (PID=513) to work on /opt/airflow/dags/flight-pipeline.py
[2026-09-19T09:49:48.242+0000] {processor.py:830} INFO - Processing file /opt/airflow/dags/flight-pipeline.py for tasks to queue
[2026-09-19T09:49:48.247+0000] {logging_mixin.py:188} INFO - [2026-09-19T09:49:48.246+0000] {dagbag.py:545} INFO - Filling up the DagBag from /opt/airflow/dags/flight-pipeline.py
[2026-09-19T09:49:48.749+0000] {processor.py:840} INFO - DAG(s) 'flights_ops_medallion_pipe' retrieved from /opt/airflow/dags/flight-pipeline.py
[2026-09-19T09:49:48.797+0000] {logging_mixin.py:188} INFO - [2026-09-19T09:49:48.796+0000] {dag.py:3089} INFO - Sync 1 DAGs
[2026-09-19T09:49:48.831+0000] {logging_mixin.py:188} INFO - [2026-09-19T09:49:48.831+0000] {dag.py:3947} INFO - Setting next_dagrun for flights_ops_medallion_pipe to 2026-09-19 09:30:00+00:00, run_after=2026-09-19 10:00:00+00:00
[2026-09-19T09:49:48.864+0000] {processor.py:183} INFO - Processing /opt/airflow/dags/flight-pipeline.py took 0.634 seconds
[2026-09-19T09:50:19.180+0000] {processor.py:161} INFO - Started process (PID=515) to work on /opt/airflow/dags/flight-pipeline.py
[2026-09-19T09:50:19.182+0000] {processor.py:830} INFO - Processing file /opt/airflow/dags/flight-pipeline.py for tasks to queue
[2026-09-19T09:50:19.187+0000] {logging_mixin.py:188} INFO - [2026-09-19T09:50:19.186+0000] {dagbag.py:545} INFO - Filling up the DagBag from /opt/airflow/dags/flight-pipeline.py
[2026-09-19T09:50:19.735+0000] {processor.py:840} INFO - DAG(s) 'flights_ops_medallion_pipe' retrieved from /opt/airflow/dags/flight-pipeline.py
[2026-09-19T09:50:19.805+0000] {logging_mixin.py:188} INFO - [2026-09-19T09:50:19.804+0000] {dag.py:3089} INFO - Sync 1 DAGs
[2026-09-19T09:50:19.849+0000] {logging_mixin.py:188} INFO - [2026-09-19T09:50:19.849+0000] {dag.py:3947} INFO - Setting next_dagrun for flights_ops_medallion_pipe to 2026-09-19 09:30:00+00:00, run_after=2026-09-19 10:00:00+00:00
[2026-09-19T09:50:20.126+0000] {processor.py:183} INFO - Processing /opt/airflow/dags/flight-pipeline.py took 0.955 seconds
[2026-09-19T09:50:50.432+0000] {processor.py:161} INFO - Started process (PID=517) to work on /opt/airflow/dags/flight-pipeline.py
[2026-09-19T09:50:50.433+0000] {processor.py:830} INFO - Processing file /opt/airflow/dags/flight-pipeline.py for tasks to queue
[2026-09-19T09:50:50.437+0000] {logging_mixin.py:188} INFO - [2026-09-19T09:50:50.436+0000] {dagbag.py:545} INFO - Filling up the DagBag from /opt/airflow/dags/flight-pipeline.py
[2026-09-19T09:50:50.890+0000] {processor.py:840} INFO - DAG(s) 'flights_ops_medallion_pipe' retrieved from /opt/airflow/dags/flight-pipeline.py
[2026-09-19T09:50:50.937+0000] {logging_mixin.py:188} INFO - [2026-09-19T09:50:50.937+0000] {dag.py:3089} INFO - Sync 1 DAGs
[2026-09-19T09:50:51.176+0000] {logging_mixin.py:188} INFO - [2026-09-19T09:50:51.176+0000] {dag.py:3947} INFO - Setting next_dagrun for flights_ops_medallion_pipe to 2026-09-19 09:30:00+00:00, run_after=2026-09-19 10:00:00+00:00
[2026-09-19T09:50:51.202+0000] {processor.py:183} INFO - Processing /opt/airflow/dags/flight-pipeline.py took 0.779 seconds
[2026-09-19T09:51:21.611+0000] {processor.py:161} INFO - Started process (PID=519) to work on /opt/airflow/dags/flight-pipeline.py
[2026-09-19T09:51:21.613+0000] {processor.py:830} INFO - Processing file /opt/airflow/dags/flight-pipeline.py for tasks to queue
[2026-09-19T09:51:21.617+0000] {logging_mixin.py:188} INFO - [2026-09-19T09:51:21.617+0000] {dagbag.py:545} INFO - Filling up the DagBag from /opt/airflow/dags/flight-pipeline.py
[2026-09-19T09:51:22.068+0000] {processor.py:840} INFO - DAG(s) 'flights_ops_medallion_pipe' retrieved from /opt/airflow/dags/flight-pipeline.py
[2026-09-19T09:51:22.119+0000] {logging_mixin.py:188} INFO - [2026-09-19T09:51:22.118+0000] {dag.py:3089} INFO - Sync 1 DAGs
[2026-09-19T09:51:22.153+0000] {logging_mixin.py:188} INFO - [2026-09-19T09:51:22.153+0000] {dag.py:3947} INFO - Setting next_dagrun for flights_ops_medallion_pipe to 2026-09-19 09:30:00+00:00, run_after=2026-09-19 10:00:00+00:00
[2026-09-19T09:51:22.183+0000] {processor.py:183} INFO - Processing /opt/airflow/dags/flight-pipeline.py took 0.582 seconds
[2026-09-19T09:51:52.504+0000] {processor.py:161} INFO - Started process (PID=521) to work on /opt/airflow/dags/flight-pipeline.py
[2026-09-19T09:51:52.508+0000] {processor.py:830} INFO - Processing file /opt/airflow/dags/flight-pipeline.py for tasks to queue
[2026-09-19T09:51:52.512+0000] {logging_mixin.py:188} INFO - [2026-09-19T09:51:52.511+0000] {dagbag.py:545} INFO - Filling up the DagBag from /opt/airflow/dags/flight-pipeline.py
[2026-09-19T09:51:52.997+0000] {processor.py:840} INFO - DAG(s) 'flights_ops_medallion_pipe' retrieved from /opt/airflow/dags/flight-pipeline.py
[2026-09-19T09:51:53.046+0000] {logging_mixin.py:188} INFO - [2026-09-19T09:51:53.046+0000] {dag.py:3089} INFO - Sync 1 DAGs
[2026-09-19T09:51:53.094+0000] {logging_mixin.py:188} INFO - [2026-09-19T09:51:53.094+0000] {dag.py:3947} INFO - Setting next_dagrun for flights_ops_medallion_pipe to 2026-09-19 09:30:00+00:00, run_after=2026-09-19 10:00:00+00:00
[2026-09-19T09:51:53.122+0000] {processor.py:183} INFO - Processing /opt/airflow/dags/flight-pipeline.py took 0.638 seconds
[2026-09-19T09:52:23.395+0000] {processor.py:161} INFO - Started process (PID=523) to work on /opt/airflow/dags/flight-pipeline.py
[2026-09-19T09:52:23.398+0000] {processor.py:830} INFO - Processing file /opt/airflow/dags/flight-pipeline.py for tasks to queue
[2026-09-19T09:52:23.401+0000] {logging_mixin.py:188} INFO - [2026-09-19T09:52:23.401+0000] {dagbag.py:545} INFO - Filling up the DagBag from /opt/airflow/dags/flight-pipeline.py
[2026-09-19T09:52:23.908+0000] {processor.py:840} INFO - DAG(s) 'flights_ops_medallion_pipe' retrieved from /opt/airflow/dags/flight-pipeline.py
[2026-09-19T09:52:23.960+0000] {logging_mixin.py:188} INFO - [2026-09-19T09:52:23.960+0000] {dag.py:3089} INFO - Sync 1 DAGs
[2026-09-19T09:52:23.995+0000] {logging_mixin.py:188} INFO - [2026-09-19T09:52:23.995+0000] {dag.py:3947} INFO - Setting next_dagrun for flights_ops_medallion_pipe to 2026-09-19 09:30:00+00:00, run_after=2026-09-19 10:00:00+00:00
[2026-09-19T09:52:24.026+0000] {processor.py:183} INFO - Processing /opt/airflow/dags/flight-pipeline.py took 0.641 seconds
[2026-09-19T09:52:54.352+0000] {processor.py:161} INFO - Started process (PID=525) to work on /opt/airflow/dags/flight-pipeline.py
[2026-09-19T09:52:54.354+0000] {processor.py:830} INFO - Processing file /opt/airflow/dags/flight-pipeline.py for tasks to queue
[2026-09-19T09:52:54.358+0000] {logging_mixin.py:188} INFO - [2026-09-19T09:52:54.358+0000] {dagbag.py:545} INFO - Filling up the DagBag from /opt/airflow/dags/flight-pipeline.py
[2026-09-19T09:52:54.898+0000] {processor.py:840} INFO - DAG(s) 'flights_ops_medallion_pipe' retrieved from /opt/airflow/dags/flight-pipeline.py
[2026-09-19T09:52:54.948+0000] {logging_mixin.py:188} INFO - [2026-09-19T09:52:54.948+0000] {dag.py:3089} INFO - Sync 1 DAGs
[2026-09-19T09:52:54.983+0000] {logging_mixin.py:188} INFO - [2026-09-19T09:52:54.983+0000] {dag.py:3947} INFO - Setting next_dagrun for flights_ops_medallion_pipe to 2026-09-19 09:30:00+00:00, run_after=2026-09-19 10:00:00+00:00
[2026-09-19T09:52:55.236+0000] {processor.py:183} INFO - Processing /opt/airflow/dags/flight-pipeline.py took 0.902 seconds
[2026-09-19T09:53:25.541+0000] {processor.py:161} INFO - Started process (PID=527) to work on /opt/airflow/dags/flight-pipeline.py
[2026-09-19T09:53:25.544+0000] {processor.py:830} INFO - Processing file /opt/airflow/dags/flight-pipeline.py for tasks to queue
[2026-09-19T09:53:25.550+0000] {logging_mixin.py:188} INFO - [2026-09-19T09:53:25.549+0000] {dagbag.py:545} INFO - Filling up the DagBag from /opt/airflow/dags/flight-pipeline.py
[2026-09-19T09:53:26.029+0000] {processor.py:840} INFO - DAG(s) 'flights_ops_medallion_pipe' retrieved from /opt/airflow/dags/flight-pipeline.py
[2026-09-19T09:53:26.072+0000] {logging_mixin.py:188} INFO - [2026-09-19T09:53:26.071+0000] {dag.py:3089} INFO - Sync 1 DAGs
[2026-09-19T09:53:26.342+0000] {logging_mixin.py:188} INFO - [2026-09-19T09:53:26.342+0000] {dag.py:3947} INFO - Setting next_dagrun for flights_ops_medallion_pipe to 2026-09-19 09:30:00+00:00, run_after=2026-09-19 10:00:00+00:00
[2026-09-19T09:53:26.367+0000] {processor.py:183} INFO - Processing /opt/airflow/dags/flight-pipeline.py took 0.843 seconds
[2026-09-19T09:53:56.678+0000] {processor.py:161} INFO - Started process (PID=529) to work on /opt/airflow/dags/flight-pipeline.py
[2026-09-19T09:53:56.680+0000] {processor.py:830} INFO - Processing file /opt/airflow/dags/flight-pipeline.py for tasks to queue
[2026-09-19T09:53:56.683+0000] {logging_mixin.py:188} INFO - [2026-09-19T09:53:56.683+0000] {dagbag.py:545} INFO - Filling up the DagBag from /opt/airflow/dags/flight-pipeline.py
[2026-09-19T09:53:57.231+0000] {processor.py:840} INFO - DAG(s) 'flights_ops_medallion_pipe' retrieved from /opt/airflow/dags/flight-pipeline.py
[2026-09-19T09:53:57.276+0000] {logging_mixin.py:188} INFO - [2026-09-19T09:53:57.275+0000] {dag.py:3089} INFO - Sync 1 DAGs
[2026-09-19T09:53:57.315+0000] {logging_mixin.py:188} INFO - [2026-09-19T09:53:57.315+0000] {dag.py:3947} INFO - Setting next_dagrun for flights_ops_medallion_pipe to 2026-09-19 09:30:00+00:00, run_after=2026-09-19 10:00:00+00:00
[2026-09-19T09:53:57.343+0000] {processor.py:183} INFO - Processing /opt/airflow/dags/flight-pipeline.py took 0.674 seconds
[2026-09-19T09:54:27.626+0000] {processor.py:161} INFO - Started process (PID=531) to work on /opt/airflow/dags/flight-pipeline.py
[2026-09-19T09:54:27.628+0000] {processor.py:830} INFO - Processing file /opt/airflow/dags/flight-pipeline.py for tasks to queue
[2026-09-19T09:54:27.632+0000] {logging_mixin.py:188} INFO - [2026-09-19T09:54:27.631+0000] {dagbag.py:545} INFO - Filling up the DagBag from /opt/airflow/dags/flight-pipeline.py
[2026-09-19T09:54:28.180+0000] {processor.py:840} INFO - DAG(s) 'flights_ops_medallion_pipe' retrieved from /opt/airflow/dags/flight-pipeline.py
[2026-09-19T09:54:28.237+0000] {logging_mixin.py:188} INFO - [2026-09-19T09:54:28.236+0000] {dag.py:3089} INFO - Sync 1 DAGs
[2026-09-19T09:54:28.271+0000] {logging_mixin.py:188} INFO - [2026-09-19T09:54:28.270+0000] {dag.py:3947} INFO - Setting next_dagrun for flights_ops_medallion_pipe to 2026-09-19 09:30:00+00:00, run_after=2026-09-19 10:00:00+00:00
[2026-09-19T09:54:28.296+0000] {processor.py:183} INFO - Processing /opt/airflow/dags/flight-pipeline.py took 0.679 seconds
[2026-09-19T09:54:58.488+0000] {processor.py:161} INFO - Started process (PID=533) to work on /opt/airflow/dags/flight-pipeline.py
[2026-09-19T09:54:58.490+0000] {processor.py:830} INFO - Processing file /opt/airflow/dags/flight-pipeline.py for tasks to queue
[2026-09-19T09:54:58.493+0000] {logging_mixin.py:188} INFO - [2026-09-19T09:54:58.493+0000] {dagbag.py:545} INFO - Filling up the DagBag from /opt/airflow/dags/flight-pipeline.py
[2026-09-19T09:54:58.995+0000] {processor.py:840} INFO - DAG(s) 'flights_ops_medallion_pipe' retrieved from /opt/airflow/dags/flight-pipeline.py
[2026-09-19T09:54:59.044+0000] {logging_mixin.py:188} INFO - [2026-09-19T09:54:59.043+0000] {dag.py:3089} INFO - Sync 1 DAGs
[2026-09-19T09:54:59.080+0000] {logging_mixin.py:188} INFO - [2026-09-19T09:54:59.080+0000] {dag.py:3947} INFO - Setting next_dagrun for flights_ops_medallion_pipe to 2026-09-19 09:30:00+00:00, run_after=2026-09-19 10:00:00+00:00
[2026-09-19T09:54:59.112+0000] {processor.py:183} INFO - Processing /opt/airflow/dags/flight-pipeline.py took 0.634 seconds
[2026-09-19T09:55:10.659+0000] {processor.py:161} INFO - Started process (PID=535) to work on /opt/airflow/dags/flight-pipeline.py
[2026-09-19T09:55:10.661+0000] {processor.py:830} INFO - Processing file /opt/airflow/dags/flight-pipeline.py for tasks to queue
[2026-09-19T09:55:10.664+0000] {logging_mixin.py:188} INFO - [2026-09-19T09:55:10.664+0000] {dagbag.py:545} INFO - Filling up the DagBag from /opt/airflow/dags/flight-pipeline.py
[2026-09-19T09:55:11.205+0000] {processor.py:840} INFO - DAG(s) 'flights_ops_medallion_pipe' retrieved from /opt/airflow/dags/flight-pipeline.py
[2026-09-19T09:55:11.649+0000] {logging_mixin.py:188} INFO - [2026-09-19T09:55:11.648+0000] {dag.py:3089} INFO - Sync 1 DAGs
[2026-09-19T09:55:11.678+0000] {logging_mixin.py:188} INFO - [2026-09-19T09:55:11.678+0000] {dag.py:3947} INFO - Setting next_dagrun for flights_ops_medallion_pipe to 2026-09-19 09:30:00+00:00, run_after=2026-09-19 10:00:00+00:00
[2026-09-19T09:55:11.704+0000] {processor.py:183} INFO - Processing /opt/airflow/dags/flight-pipeline.py took 1.055 seconds
[2026-09-19T09:55:18.756+0000] {processor.py:161} INFO - Started process (PID=537) to work on /opt/airflow/dags/flight-pipeline.py
[2026-09-19T09:55:18.758+0000] {processor.py:830} INFO - Processing file /opt/airflow/dags/flight-pipeline.py for tasks to queue
[2026-09-19T09:55:18.761+0000] {logging_mixin.py:188} INFO - [2026-09-19T09:55:18.761+0000] {dagbag.py:545} INFO - Filling up the DagBag from /opt/airflow/dags/flight-pipeline.py
[2026-09-19T09:55:19.279+0000] {processor.py:840} INFO - DAG(s) 'flights_ops_medallion_pipe' retrieved from /opt/airflow/dags/flight-pipeline.py
[2026-09-19T09:55:19.302+0000] {logging_mixin.py:188} INFO - [2026-09-19T09:55:19.301+0000] {dag.py:3089} INFO - Sync 1 DAGs
[2026-09-19T09:55:19.338+0000] {logging_mixin.py:188} INFO - [2026-09-19T09:55:19.338+0000] {dag.py:3947} INFO - Setting next_dagrun for flights_ops_medallion_pipe to 2026-09-19 09:30:00+00:00, run_after=2026-09-19 10:00:00+00:00
[2026-09-19T09:55:19.374+0000] {processor.py:183} INFO - Processing /opt/airflow/dags/flight-pipeline.py took 0.628 seconds
[2026-09-19T09:55:49.703+0000] {processor.py:161} INFO - Started process (PID=539) to work on /opt/airflow/dags/flight-pipeline.py
[2026-09-19T09:55:49.706+0000] {processor.py:830} INFO - Processing file /opt/airflow/dags/flight-pipeline.py for tasks to queue
[2026-09-19T09:55:49.711+0000] {logging_mixin.py:188} INFO - [2026-09-19T09:55:49.710+0000] {dagbag.py:545} INFO - Filling up the DagBag from /opt/airflow/dags/flight-pipeline.py
[2026-09-19T09:55:50.212+0000] {processor.py:840} INFO - DAG(s) 'flights_ops_medallion_pipe' retrieved from /opt/airflow/dags/flight-pipeline.py
[2026-09-19T09:55:50.257+0000] {logging_mixin.py:188} INFO - [2026-09-19T09:55:50.256+0000] {dag.py:3089} INFO - Sync 1 DAGs
[2026-09-19T09:55:50.288+0000] {logging_mixin.py:188} INFO - [2026-09-19T09:55:50.288+0000] {dag.py:3947} INFO - Setting next_dagrun for flights_ops_medallion_pipe to 2026-09-19 09:30:00+00:00, run_after=2026-09-19 10:00:00+00:00
[2026-09-19T09:55:50.316+0000] {processor.py:183} INFO - Processing /opt/airflow/dags/flight-pipeline.py took 0.626 seconds
[2026-09-19T09:56:20.661+0000] {processor.py:161} INFO - Started process (PID=541) to work on /opt/airflow/dags/flight-pipeline.py
[2026-09-19T09:56:20.664+0000] {processor.py:830} INFO - Processing file /opt/airflow/dags/flight-pipeline.py for tasks to queue
[2026-09-19T09:56:20.669+0000] {logging_mixin.py:188} INFO - [2026-09-19T09:56:20.669+0000] {dagbag.py:545} INFO - Filling up the DagBag from /opt/airflow/dags/flight-pipeline.py
[2026-09-19T09:56:21.157+0000] {processor.py:840} INFO - DAG(s) 'flights_ops_medallion_pipe' retrieved from /opt/airflow/dags/flight-pipeline.py
[2026-09-19T09:56:21.207+0000] {logging_mixin.py:188} INFO - [2026-09-19T09:56:21.206+0000] {dag.py:3089} INFO - Sync 1 DAGs
[2026-09-19T09:56:21.244+0000] {logging_mixin.py:188} INFO - [2026-09-19T09:56:21.244+0000] {dag.py:3947} INFO - Setting next_dagrun for flights_ops_medallion_pipe to 2026-09-19 09:30:00+00:00, run_after=2026-09-19 10:00:00+00:00
[2026-09-19T09:56:21.481+0000] {processor.py:183} INFO - Processing /opt/airflow/dags/flight-pipeline.py took 0.834 seconds
[2026-09-19T09:56:51.772+0000] {processor.py:161} INFO - Started process (PID=543) to work on /opt/airflow/dags/flight-pipeline.py
[2026-09-19T09:56:51.775+0000] {processor.py:830} INFO - Processing file /opt/airflow/dags/flight-pipeline.py for tasks to queue
[2026-09-19T09:56:51.779+0000] {logging_mixin.py:188} INFO - [2026-09-19T09:56:51.778+0000] {dagbag.py:545} INFO - Filling up the DagBag from /opt/airflow/dags/flight-pipeline.py
[2026-09-19T09:56:52.300+0000] {processor.py:840} INFO - DAG(s) 'flights_ops_medallion_pipe' retrieved from /opt/airflow/dags/flight-pipeline.py
[2026-09-19T09:56:52.352+0000] {logging_mixin.py:188} INFO - [2026-09-19T09:56:52.351+0000] {dag.py:3089} INFO - Sync 1 DAGs
[2026-09-19T09:56:52.389+0000] {logging_mixin.py:188} INFO - [2026-09-19T09:56:52.389+0000] {dag.py:3947} INFO - Setting next_dagrun for flights_ops_medallion_pipe to 2026-09-19 09:30:00+00:00, run_after=2026-09-19 10:00:00+00:00
[2026-09-19T09:56:52.416+0000] {processor.py:183} INFO - Processing /opt/airflow/dags/flight-pipeline.py took 0.655 seconds
[2026-09-19T09:57:22.738+0000] {processor.py:161} INFO - Started process (PID=545) to work on /opt/airflow/dags/flight-pipeline.py
[2026-09-19T09:57:22.740+0000] {processor.py:830} INFO - Processing file /opt/airflow/dags/flight-pipeline.py for tasks to queue
[2026-09-19T09:57:22.748+0000] {logging_mixin.py:188} INFO - [2026-09-19T09:57:22.747+0000] {dagbag.py:545} INFO - Filling up the DagBag from /opt/airflow/dags/flight-pipeline.py
[2026-09-19T09:57:23.293+0000] {processor.py:840} INFO - DAG(s) 'flights_ops_medallion_pipe' retrieved from /opt/airflow/dags/flight-pipeline.py
[2026-09-19T09:57:23.340+0000] {logging_mixin.py:188} INFO - [2026-09-19T09:57:23.340+0000] {dag.py:3089} INFO - Sync 1 DAGs
[2026-09-19T09:57:23.376+0000] {logging_mixin.py:188} INFO - [2026-09-19T09:57:23.375+0000] {dag.py:3947} INFO - Setting next_dagrun for flights_ops_medallion_pipe to 2026-09-19 09:30:00+00:00, run_after=2026-09-19 10:00:00+00:00
[2026-09-19T09:57:23.404+0000] {processor.py:183} INFO - Processing /opt/airflow/dags/flight-pipeline.py took 0.675 seconds
[2026-09-19T09:57:53.701+0000] {processor.py:161} INFO - Started process (PID=721) to work on /opt/airflow/dags/flight-pipeline.py
[2026-09-19T09:57:53.703+0000] {processor.py:830} INFO - Processing file /opt/airflow/dags/flight-pipeline.py for tasks to queue
[2026-09-19T09:57:53.706+0000] {logging_mixin.py:188} INFO - [2026-09-19T09:57:53.706+0000] {dagbag.py:545} INFO - Filling up the DagBag from /opt/airflow/dags/flight-pipeline.py
[2026-09-19T09:57:54.196+0000] {processor.py:840} INFO - DAG(s) 'flights_ops_medallion_pipe' retrieved from /opt/airflow/dags/flight-pipeline.py
[2026-09-19T09:57:54.244+0000] {logging_mixin.py:188} INFO - [2026-09-19T09:57:54.244+0000] {dag.py:3089} INFO - Sync 1 DAGs
[2026-09-19T09:57:54.280+0000] {logging_mixin.py:188} INFO - [2026-09-19T09:57:54.280+0000] {dag.py:3947} INFO - Setting next_dagrun for flights_ops_medallion_pipe to 2026-09-19 09:30:00+00:00, run_after=2026-09-19 10:00:00+00:00
[2026-09-19T09:57:54.315+0000] {processor.py:183} INFO - Processing /opt/airflow/dags/flight-pipeline.py took 0.628 seconds
[2026-09-19T09:58:24.498+0000] {processor.py:161} INFO - Started process (PID=723) to work on /opt/airflow/dags/flight-pipeline.py
[2026-09-19T09:58:24.501+0000] {processor.py:830} INFO - Processing file /opt/airflow/dags/flight-pipeline.py for tasks to queue
[2026-09-19T09:58:24.508+0000] {logging_mixin.py:188} INFO - [2026-09-19T09:58:24.507+0000] {dagbag.py:545} INFO - Filling up the DagBag from /opt/airflow/dags/flight-pipeline.py
[2026-09-19T09:58:25.046+0000] {processor.py:840} INFO - DAG(s) 'flights_ops_medallion_pipe' retrieved from /opt/airflow/dags/flight-pipeline.py
[2026-09-19T09:58:25.097+0000] {logging_mixin.py:188} INFO - [2026-09-19T09:58:25.096+0000] {dag.py:3089} INFO - Sync 1 DAGs
[2026-09-19T09:58:25.136+0000] {logging_mixin.py:188} INFO - [2026-09-19T09:58:25.135+0000] {dag.py:3947} INFO - Setting next_dagrun for flights_ops_medallion_pipe to 2026-09-19 09:30:00+00:00, run_after=2026-09-19 10:00:00+00:00
[2026-09-19T09:58:25.163+0000] {processor.py:183} INFO - Processing /opt/airflow/dags/flight-pipeline.py took 0.682 seconds
[2026-09-19T09:58:55.469+0000] {processor.py:161} INFO - Started process (PID=725) to work on /opt/airflow/dags/flight-pipeline.py
[2026-09-19T09:58:55.471+0000] {processor.py:830} INFO - Processing file /opt/airflow/dags/flight-pipeline.py for tasks to queue
[2026-09-19T09:58:55.475+0000] {logging_mixin.py:188} INFO - [2026-09-19T09:58:55.474+0000] {dagbag.py:545} INFO - Filling up the DagBag from /opt/airflow/dags/flight-pipeline.py
[2026-09-19T09:58:55.979+0000] {processor.py:840} INFO - DAG(s) 'flights_ops_medallion_pipe' retrieved from /opt/airflow/dags/flight-pipeline.py
[2026-09-19T09:58:56.037+0000] {logging_mixin.py:188} INFO - [2026-09-19T09:58:56.037+0000] {dag.py:3089} INFO - Sync 1 DAGs
[2026-09-19T09:58:56.073+0000] {logging_mixin.py:188} INFO - [2026-09-19T09:58:56.073+0000] {dag.py:3947} INFO - Setting next_dagrun for flights_ops_medallion_pipe to 2026-09-19 09:30:00+00:00, run_after=2026-09-19 10:00:00+00:00
[2026-09-19T09:58:56.328+0000] {processor.py:183} INFO - Processing /opt/airflow/dags/flight-pipeline.py took 0.868 seconds
[2026-09-19T09:59:26.646+0000] {processor.py:161} INFO - Started process (PID=727) to work on /opt/airflow/dags/flight-pipeline.py
[2026-09-19T09:59:26.648+0000] {processor.py:830} INFO - Processing file /opt/airflow/dags/flight-pipeline.py for tasks to queue
[2026-09-19T09:59:26.652+0000] {logging_mixin.py:188} INFO - [2026-09-19T09:59:26.651+0000] {dagbag.py:545} INFO - Filling up the DagBag from /opt/airflow/dags/flight-pipeline.py
[2026-09-19T09:59:27.199+0000] {processor.py:840} INFO - DAG(s) 'flights_ops_medallion_pipe' retrieved from /opt/airflow/dags/flight-pipeline.py
[2026-09-19T09:59:27.256+0000] {logging_mixin.py:188} INFO - [2026-09-19T09:59:27.255+0000] {dag.py:3089} INFO - Sync 1 DAGs
[2026-09-19T09:59:27.503+0000] {logging_mixin.py:188} INFO - [2026-09-19T09:59:27.503+0000] {dag.py:3947} INFO - Setting next_dagrun for flights_ops_medallion_pipe to 2026-09-19 09:30:00+00:00, run_after=2026-09-19 10:00:00+00:00
[2026-09-19T09:59:27.529+0000] {processor.py:183} INFO - Processing /opt/airflow/dags/flight-pipeline.py took 0.894 seconds
[2026-09-19T09:59:57.843+0000] {processor.py:161} INFO - Started process (PID=729) to work on /opt/airflow/dags/flight-pipeline.py
[2026-09-19T09:59:57.845+0000] {processor.py:830} INFO - Processing file /opt/airflow/dags/flight-pipeline.py for tasks to queue
[2026-09-19T09:59:57.849+0000] {logging_mixin.py:188} INFO - [2026-09-19T09:59:57.848+0000] {dagbag.py:545} INFO - Filling up the DagBag from /opt/airflow/dags/flight-pipeline.py
[2026-09-19T09:59:58.400+0000] {processor.py:840} INFO - DAG(s) 'flights_ops_medallion_pipe' retrieved from /opt/airflow/dags/flight-pipeline.py
[2026-09-19T09:59:58.453+0000] {logging_mixin.py:188} INFO - [2026-09-19T09:59:58.453+0000] {dag.py:3089} INFO - Sync 1 DAGs
[2026-09-19T09:59:58.495+0000] {logging_mixin.py:188} INFO - [2026-09-19T09:59:58.495+0000] {dag.py:3947} INFO - Setting next_dagrun for flights_ops_medallion_pipe to 2026-09-19 09:30:00+00:00, run_after=2026-09-19 10:00:00+00:00
[2026-09-19T09:59:58.528+0000] {processor.py:183} INFO - Processing /opt/airflow/dags/flight-pipeline.py took 0.701 seconds
[2026-09-19T10:00:28.813+0000] {processor.py:161} INFO - Started process (PID=905) to work on /opt/airflow/dags/flight-pipeline.py
[2026-09-19T10:00:28.815+0000] {processor.py:830} INFO - Processing file /opt/airflow/dags/flight-pipeline.py for tasks to queue
[2026-09-19T10:00:28.819+0000] {logging_mixin.py:188} INFO - [2026-09-19T10:00:28.818+0000] {dagbag.py:545} INFO - Filling up the DagBag from /opt/airflow/dags/flight-pipeline.py
[2026-09-19T10:00:29.385+0000] {processor.py:840} INFO - DAG(s) 'flights_ops_medallion_pipe' retrieved from /opt/airflow/dags/flight-pipeline.py
[2026-09-19T10:00:29.446+0000] {logging_mixin.py:188} INFO - [2026-09-19T10:00:29.446+0000] {dag.py:3089} INFO - Sync 1 DAGs
[2026-09-19T10:00:29.483+0000] {logging_mixin.py:188} INFO - [2026-09-19T10:00:29.482+0000] {dag.py:3947} INFO - Setting next_dagrun for flights_ops_medallion_pipe to 2026-09-19 10:00:00+00:00, run_after=2026-09-19 10:30:00+00:00
[2026-09-19T10:00:29.511+0000] {processor.py:183} INFO - Processing /opt/airflow/dags/flight-pipeline.py took 0.707 seconds
[2026-09-19T10:00:59.765+0000] {processor.py:161} INFO - Started process (PID=907) to work on /opt/airflow/dags/flight-pipeline.py
[2026-09-19T10:00:59.767+0000] {processor.py:830} INFO - Processing file /opt/airflow/dags/flight-pipeline.py for tasks to queue
[2026-09-19T10:00:59.771+0000] {logging_mixin.py:188} INFO - [2026-09-19T10:00:59.770+0000] {dagbag.py:545} INFO - Filling up the DagBag from /opt/airflow/dags/flight-pipeline.py
[2026-09-19T10:01:00.329+0000] {processor.py:840} INFO - DAG(s) 'flights_ops_medallion_pipe' retrieved from /opt/airflow/dags/flight-pipeline.py
[2026-09-19T10:01:00.387+0000] {logging_mixin.py:188} INFO - [2026-09-19T10:01:00.387+0000] {dag.py:3089} INFO - Sync 1 DAGs
[2026-09-19T10:01:00.425+0000] {logging_mixin.py:188} INFO - [2026-09-19T10:01:00.425+0000] {dag.py:3947} INFO - Setting next_dagrun for flights_ops_medallion_pipe to 2026-09-19 10:00:00+00:00, run_after=2026-09-19 10:30:00+00:00
[2026-09-19T10:01:00.455+0000] {processor.py:183} INFO - Processing /opt/airflow/dags/flight-pipeline.py took 0.701 seconds
[2026-09-19T10:01:30.838+0000] {processor.py:161} INFO - Started process (PID=909) to work on /opt/airflow/dags/flight-pipeline.py
[2026-09-19T10:01:30.840+0000] {processor.py:830} INFO - Processing file /opt/airflow/dags/flight-pipeline.py for tasks to queue
[2026-09-19T10:01:30.847+0000] {logging_mixin.py:188} INFO - [2026-09-19T10:01:30.845+0000] {dagbag.py:545} INFO - Filling up the DagBag from /opt/airflow/dags/flight-pipeline.py
[2026-09-19T10:01:31.404+0000] {processor.py:840} INFO - DAG(s) 'flights_ops_medallion_pipe' retrieved from /opt/airflow/dags/flight-pipeline.py
[2026-09-19T10:01:31.447+0000] {logging_mixin.py:188} INFO - [2026-09-19T10:01:31.446+0000] {dag.py:3089} INFO - Sync 1 DAGs
[2026-09-19T10:01:31.478+0000] {logging_mixin.py:188} INFO - [2026-09-19T10:01:31.478+0000] {dag.py:3947} INFO - Setting next_dagrun for flights_ops_medallion_pipe to 2026-09-19 10:00:00+00:00, run_after=2026-09-19 10:30:00+00:00
[2026-09-19T10:01:31.503+0000] {processor.py:183} INFO - Processing /opt/airflow/dags/flight-pipeline.py took 0.674 seconds
[2026-09-19T10:02:01.776+0000] {processor.py:161} INFO - Started process (PID=911) to work on /opt/airflow/dags/flight-pipeline.py
[2026-09-19T10:02:01.778+0000] {processor.py:830} INFO - Processing file /opt/airflow/dags/flight-pipeline.py for tasks to queue
[2026-09-19T10:02:01.782+0000] {logging_mixin.py:188} INFO - [2026-09-19T10:02:01.782+0000] {dagbag.py:545} INFO - Filling up the DagBag from /opt/airflow/dags/flight-pipeline.py
[2026-09-19T10:02:02.317+0000] {processor.py:840} INFO - DAG(s) 'flights_ops_medallion_pipe' retrieved from /opt/airflow/dags/flight-pipeline.py
[2026-09-19T10:02:02.373+0000] {logging_mixin.py:188} INFO - [2026-09-19T10:02:02.372+0000] {dag.py:3089} INFO - Sync 1 DAGs
[2026-09-19T10:02:02.406+0000] {logging_mixin.py:188} INFO - [2026-09-19T10:02:02.406+0000] {dag.py:3947} INFO - Setting next_dagrun for flights_ops_medallion_pipe to 2026-09-19 10:00:00+00:00, run_after=2026-09-19 10:30:00+00:00
[2026-09-19T10:02:02.654+0000] {processor.py:183} INFO - Processing /opt/airflow/dags/flight-pipeline.py took 0.886 seconds
[2026-09-19T10:02:32.927+0000] {processor.py:161} INFO - Started process (PID=972) to work on /opt/airflow/dags/flight-pipeline.py
[2026-09-19T10:02:32.929+0000] {processor.py:830} INFO - Processing file /opt/airflow/dags/flight-pipeline.py for tasks to queue
[2026-09-19T10:02:32.934+0000] {logging_mixin.py:188} INFO - [2026-09-19T10:02:32.933+0000] {dagbag.py:545} INFO - Filling up the DagBag from /opt/airflow/dags/flight-pipeline.py
[2026-09-19T10:02:33.461+0000] {processor.py:840} INFO - DAG(s) 'flights_ops_medallion_pipe' retrieved from /opt/airflow/dags/flight-pipeline.py
[2026-09-19T10:02:33.511+0000] {logging_mixin.py:188} INFO - [2026-09-19T10:02:33.510+0000] {dag.py:3089} INFO - Sync 1 DAGs
[2026-09-19T10:02:33.763+0000] {logging_mixin.py:188} INFO - [2026-09-19T10:02:33.763+0000] {dag.py:3947} INFO - Setting next_dagrun for flights_ops_medallion_pipe to 2026-09-19 10:00:00+00:00, run_after=2026-09-19 10:30:00+00:00
[2026-09-19T10:02:33.790+0000] {processor.py:183} INFO - Processing /opt/airflow/dags/flight-pipeline.py took 0.872 seconds
[2026-09-19T10:03:04.090+0000] {processor.py:161} INFO - Started process (PID=1089) to work on /opt/airflow/dags/flight-pipeline.py
[2026-09-19T10:03:04.093+0000] {processor.py:830} INFO - Processing file /opt/airflow/dags/flight-pipeline.py for tasks to queue
[2026-09-19T10:03:04.097+0000] {logging_mixin.py:188} INFO - [2026-09-19T10:03:04.096+0000] {dagbag.py:545} INFO - Filling up the DagBag from /opt/airflow/dags/flight-pipeline.py
[2026-09-19T10:03:04.613+0000] {processor.py:840} INFO - DAG(s) 'flights_ops_medallion_pipe' retrieved from /opt/airflow/dags/flight-pipeline.py
[2026-09-19T10:03:04.667+0000] {logging_mixin.py:188} INFO - [2026-09-19T10:03:04.666+0000] {dag.py:3089} INFO - Sync 1 DAGs
[2026-09-19T10:03:04.954+0000] {logging_mixin.py:188} INFO - [2026-09-19T10:03:04.953+0000] {dag.py:3947} INFO - Setting next_dagrun for flights_ops_medallion_pipe to 2026-09-19 10:00:00+00:00, run_after=2026-09-19 10:30:00+00:00
[2026-09-19T10:03:04.980+0000] {processor.py:183} INFO - Processing /opt/airflow/dags/flight-pipeline.py took 0.906 seconds
[2026-09-19T10:03:35.268+0000] {processor.py:161} INFO - Started process (PID=1091) to work on /opt/airflow/dags/flight-pipeline.py
[2026-09-19T10:03:35.272+0000] {processor.py:830} INFO - Processing file /opt/airflow/dags/flight-pipeline.py for tasks to queue
[2026-09-19T10:03:35.275+0000] {logging_mixin.py:188} INFO - [2026-09-19T10:03:35.275+0000] {dagbag.py:545} INFO - Filling up the DagBag from /opt/airflow/dags/flight-pipeline.py
[2026-09-19T10:03:35.832+0000] {processor.py:840} INFO - DAG(s) 'flights_ops_medallion_pipe' retrieved from /opt/airflow/dags/flight-pipeline.py
[2026-09-19T10:03:35.883+0000] {logging_mixin.py:188} INFO - [2026-09-19T10:03:35.882+0000] {dag.py:3089} INFO - Sync 1 DAGs
[2026-09-19T10:03:35.918+0000] {logging_mixin.py:188} INFO - [2026-09-19T10:03:35.918+0000] {dag.py:3947} INFO - Setting next_dagrun for flights_ops_medallion_pipe to 2026-09-19 10:00:00+00:00, run_after=2026-09-19 10:30:00+00:00
[2026-09-19T10:03:35.943+0000] {processor.py:183} INFO - Processing /opt/airflow/dags/flight-pipeline.py took 0.693 seconds
[2026-09-19T10:04:06.126+0000] {processor.py:161} INFO - Started process (PID=1093) to work on /opt/airflow/dags/flight-pipeline.py
[2026-09-19T10:04:06.128+0000] {processor.py:830} INFO - Processing file /opt/airflow/dags/flight-pipeline.py for tasks to queue
[2026-09-19T10:04:06.132+0000] {logging_mixin.py:188} INFO - [2026-09-19T10:04:06.131+0000] {dagbag.py:545} INFO - Filling up the DagBag from /opt/airflow/dags/flight-pipeline.py
[2026-09-19T10:04:06.599+0000] {processor.py:840} INFO - DAG(s) 'flights_ops_medallion_pipe' retrieved from /opt/airflow/dags/flight-pipeline.py
[2026-09-19T10:04:06.642+0000] {logging_mixin.py:188} INFO - [2026-09-19T10:04:06.642+0000] {dag.py:3089} INFO - Sync 1 DAGs
[2026-09-19T10:04:06.679+0000] {logging_mixin.py:188} INFO - [2026-09-19T10:04:06.679+0000] {dag.py:3947} INFO - Setting next_dagrun for flights_ops_medallion_pipe to 2026-09-19 10:00:00+00:00, run_after=2026-09-19 10:30:00+00:00
[2026-09-19T10:04:06.708+0000] {processor.py:183} INFO - Processing /opt/airflow/dags/flight-pipeline.py took 0.591 seconds
[2026-09-19T10:04:37.007+0000] {processor.py:161} INFO - Started process (PID=1095) to work on /opt/airflow/dags/flight-pipeline.py
[2026-09-19T10:04:37.009+0000] {processor.py:830} INFO - Processing file /opt/airflow/dags/flight-pipeline.py for tasks to queue
[2026-09-19T10:04:37.013+0000] {logging_mixin.py:188} INFO - [2026-09-19T10:04:37.013+0000] {dagbag.py:545} INFO - Filling up the DagBag from /opt/airflow/dags/flight-pipeline.py
[2026-09-19T10:04:37.552+0000] {processor.py:840} INFO - DAG(s) 'flights_ops_medallion_pipe' retrieved from /opt/airflow/dags/flight-pipeline.py
[2026-09-19T10:04:37.596+0000] {logging_mixin.py:188} INFO - [2026-09-19T10:04:37.595+0000] {dag.py:3089} INFO - Sync 1 DAGs
[2026-09-19T10:04:37.630+0000] {logging_mixin.py:188} INFO - [2026-09-19T10:04:37.630+0000] {dag.py:3947} INFO - Setting next_dagrun for flights_ops_medallion_pipe to 2026-09-19 10:00:00+00:00, run_after=2026-09-19 10:30:00+00:00
[2026-09-19T10:04:37.656+0000] {processor.py:183} INFO - Processing /opt/airflow/dags/flight-pipeline.py took 0.658 seconds
[2026-09-19T10:05:07.962+0000] {processor.py:161} INFO - Started process (PID=1097) to work on /opt/airflow/dags/flight-pipeline.py
[2026-09-19T10:05:07.965+0000] {processor.py:830} INFO - Processing file /opt/airflow/dags/flight-pipeline.py for tasks to queue
[2026-09-19T10:05:07.972+0000] {logging_mixin.py:188} INFO - [2026-09-19T10:05:07.970+0000] {dagbag.py:545} INFO - Filling up the DagBag from /opt/airflow/dags/flight-pipeline.py
[2026-09-19T10:05:08.545+0000] {processor.py:840} INFO - DAG(s) 'flights_ops_medallion_pipe' retrieved from /opt/airflow/dags/flight-pipeline.py
[2026-09-19T10:05:08.597+0000] {logging_mixin.py:188} INFO - [2026-09-19T10:05:08.597+0000] {dag.py:3089} INFO - Sync 1 DAGs
[2026-09-19T10:05:08.634+0000] {logging_mixin.py:188} INFO - [2026-09-19T10:05:08.633+0000] {dag.py:3947} INFO - Setting next_dagrun for flights_ops_medallion_pipe to 2026-09-19 10:00:00+00:00, run_after=2026-09-19 10:30:00+00:00
[2026-09-19T10:05:08.905+0000] {processor.py:183} INFO - Processing /opt/airflow/dags/flight-pipeline.py took 0.954 seconds
[2026-09-19T10:05:39.197+0000] {processor.py:161} INFO - Started process (PID=1099) to work on /opt/airflow/dags/flight-pipeline.py
[2026-09-19T10:05:39.199+0000] {processor.py:830} INFO - Processing file /opt/airflow/dags/flight-pipeline.py for tasks to queue
[2026-09-19T10:05:39.203+0000] {logging_mixin.py:188} INFO - [2026-09-19T10:05:39.202+0000] {dagbag.py:545} INFO - Filling up the DagBag from /opt/airflow/dags/flight-pipeline.py
[2026-09-19T10:05:39.726+0000] {processor.py:840} INFO - DAG(s) 'flights_ops_medallion_pipe' retrieved from /opt/airflow/dags/flight-pipeline.py
[2026-09-19T10:05:39.774+0000] {logging_mixin.py:188} INFO - [2026-09-19T10:05:39.773+0000] {dag.py:3089} INFO - Sync 1 DAGs
[2026-09-19T10:05:40.031+0000] {logging_mixin.py:188} INFO - [2026-09-19T10:05:40.031+0000] {dag.py:3947} INFO - Setting next_dagrun for flights_ops_medallion_pipe to 2026-09-19 10:00:00+00:00, run_after=2026-09-19 10:30:00+00:00
[2026-09-19T10:05:40.054+0000] {processor.py:183} INFO - Processing /opt/airflow/dags/flight-pipeline.py took 0.867 seconds
[2026-09-19T10:06:10.176+0000] {processor.py:161} INFO - Started process (PID=1101) to work on /opt/airflow/dags/flight-pipeline.py
[2026-09-19T10:06:10.179+0000] {processor.py:830} INFO - Processing file /opt/airflow/dags/flight-pipeline.py for tasks to queue
[2026-09-19T10:06:10.182+0000] {logging_mixin.py:188} INFO - [2026-09-19T10:06:10.182+0000] {dagbag.py:545} INFO - Filling up the DagBag from /opt/airflow/dags/flight-pipeline.py
[2026-09-19T10:06:10.772+0000] {processor.py:840} INFO - DAG(s) 'flights_ops_medallion_pipe' retrieved from /opt/airflow/dags/flight-pipeline.py
[2026-09-19T10:06:10.839+0000] {logging_mixin.py:188} INFO - [2026-09-19T10:06:10.838+0000] {dag.py:3089} INFO - Sync 1 DAGs
[2026-09-19T10:06:10.890+0000] {logging_mixin.py:188} INFO - [2026-09-19T10:06:10.889+0000] {dag.py:3947} INFO - Setting next_dagrun for flights_ops_medallion_pipe to 2026-09-19 10:00:00+00:00, run_after=2026-09-19 10:30:00+00:00
[2026-09-19T10:06:10.929+0000] {processor.py:183} INFO - Processing /opt/airflow/dags/flight-pipeline.py took 0.763 seconds
[2026-09-19T10:06:41.205+0000] {processor.py:161} INFO - Started process (PID=1103) to work on /opt/airflow/dags/flight-pipeline.py
[2026-09-19T10:06:41.207+0000] {processor.py:830} INFO - Processing file /opt/airflow/dags/flight-pipeline.py for tasks to queue
[2026-09-19T10:06:41.210+0000] {logging_mixin.py:188} INFO - [2026-09-19T10:06:41.210+0000] {dagbag.py:545} INFO - Filling up the DagBag from /opt/airflow/dags/flight-pipeline.py
[2026-09-19T10:06:41.754+0000] {processor.py:840} INFO - DAG(s) 'flights_ops_medallion_pipe' retrieved from /opt/airflow/dags/flight-pipeline.py
[2026-09-19T10:06:41.802+0000] {logging_mixin.py:188} INFO - [2026-09-19T10:06:41.802+0000] {dag.py:3089} INFO - Sync 1 DAGs
[2026-09-19T10:06:41.834+0000] {logging_mixin.py:188} INFO - [2026-09-19T10:06:41.834+0000] {dag.py:3947} INFO - Setting next_dagrun for flights_ops_medallion_pipe to 2026-09-19 10:00:00+00:00, run_after=2026-09-19 10:30:00+00:00
[2026-09-19T10:06:41.860+0000] {processor.py:183} INFO - Processing /opt/airflow/dags/flight-pipeline.py took 0.665 seconds
[2026-09-19T10:07:12.157+0000] {processor.py:161} INFO - Started process (PID=1105) to work on /opt/airflow/dags/flight-pipeline.py
[2026-09-19T10:07:12.161+0000] {processor.py:830} INFO - Processing file /opt/airflow/dags/flight-pipeline.py for tasks to queue
[2026-09-19T10:07:12.166+0000] {logging_mixin.py:188} INFO - [2026-09-19T10:07:12.165+0000] {dagbag.py:545} INFO - Filling up the DagBag from /opt/airflow/dags/flight-pipeline.py
[2026-09-19T10:07:12.748+0000] {processor.py:840} INFO - DAG(s) 'flights_ops_medallion_pipe' retrieved from /opt/airflow/dags/flight-pipeline.py
[2026-09-19T10:07:12.805+0000] {logging_mixin.py:188} INFO - [2026-09-19T10:07:12.804+0000] {dag.py:3089} INFO - Sync 1 DAGs
[2026-09-19T10:07:12.843+0000] {logging_mixin.py:188} INFO - [2026-09-19T10:07:12.843+0000] {dag.py:3947} INFO - Setting next_dagrun for flights_ops_medallion_pipe to 2026-09-19 10:00:00+00:00, run_after=2026-09-19 10:30:00+00:00
[2026-09-19T10:07:12.874+0000] {processor.py:183} INFO - Processing /opt/airflow/dags/flight-pipeline.py took 0.735 seconds
[2026-09-19T10:07:43.052+0000] {processor.py:161} INFO - Started process (PID=1107) to work on /opt/airflow/dags/flight-pipeline.py
[2026-09-19T10:07:43.054+0000] {processor.py:830} INFO - Processing file /opt/airflow/dags/flight-pipeline.py for tasks to queue
[2026-09-19T10:07:43.057+0000] {logging_mixin.py:188} INFO - [2026-09-19T10:07:43.057+0000] {dagbag.py:545} INFO - Filling up the DagBag from /opt/airflow/dags/flight-pipeline.py
[2026-09-19T10:07:43.608+0000] {processor.py:840} INFO - DAG(s) 'flights_ops_medallion_pipe' retrieved from /opt/airflow/dags/flight-pipeline.py
[2026-09-19T10:07:43.657+0000] {logging_mixin.py:188} INFO - [2026-09-19T10:07:43.656+0000] {dag.py:3089} INFO - Sync 1 DAGs
[2026-09-19T10:07:43.691+0000] {logging_mixin.py:188} INFO - [2026-09-19T10:07:43.691+0000] {dag.py:3947} INFO - Setting next_dagrun for flights_ops_medallion_pipe to 2026-09-19 10:00:00+00:00, run_after=2026-09-19 10:30:00+00:00
[2026-09-19T10:07:43.722+0000] {processor.py:183} INFO - Processing /opt/airflow/dags/flight-pipeline.py took 0.687 seconds
[2026-09-19T10:08:14.037+0000] {processor.py:161} INFO - Started process (PID=1109) to work on /opt/airflow/dags/flight-pipeline.py
[2026-09-19T10:08:14.040+0000] {processor.py:830} INFO - Processing file /opt/airflow/dags/flight-pipeline.py for tasks to queue
[2026-09-19T10:08:14.044+0000] {logging_mixin.py:188} INFO - [2026-09-19T10:08:14.043+0000] {dagbag.py:545} INFO - Filling up the DagBag from /opt/airflow/dags/flight-pipeline.py
[2026-09-19T10:08:14.560+0000] {processor.py:840} INFO - DAG(s) 'flights_ops_medallion_pipe' retrieved from /opt/airflow/dags/flight-pipeline.py
[2026-09-19T10:08:14.603+0000] {logging_mixin.py:188} INFO - [2026-09-19T10:08:14.602+0000] {dag.py:3089} INFO - Sync 1 DAGs
[2026-09-19T10:08:14.636+0000] {logging_mixin.py:188} INFO - [2026-09-19T10:08:14.636+0000] {dag.py:3947} INFO - Setting next_dagrun for flights_ops_medallion_pipe to 2026-09-19 10:00:00+00:00, run_after=2026-09-19 10:30:00+00:00
[2026-09-19T10:08:14.879+0000] {processor.py:183} INFO - Processing /opt/airflow/dags/flight-pipeline.py took 0.859 seconds
[2026-09-19T10:08:45.188+0000] {processor.py:161} INFO - Started process (PID=1111) to work on /opt/airflow/dags/flight-pipeline.py
[2026-09-19T10:08:45.190+0000] {processor.py:830} INFO - Processing file /opt/airflow/dags/flight-pipeline.py for tasks to queue
[2026-09-19T10:08:45.193+0000] {logging_mixin.py:188} INFO - [2026-09-19T10:08:45.193+0000] {dagbag.py:545} INFO - Filling up the DagBag from /opt/airflow/dags/flight-pipeline.py
[2026-09-19T10:08:45.693+0000] {processor.py:840} INFO - DAG(s) 'flights_ops_medallion_pipe' retrieved from /opt/airflow/dags/flight-pipeline.py
[2026-09-19T10:08:45.762+0000] {logging_mixin.py:188} INFO - [2026-09-19T10:08:45.761+0000] {dag.py:3089} INFO - Sync 1 DAGs
[2026-09-19T10:08:46.027+0000] {logging_mixin.py:188} INFO - [2026-09-19T10:08:46.027+0000] {dag.py:3947} INFO - Setting next_dagrun for flights_ops_medallion_pipe to 2026-09-19 10:00:00+00:00, run_after=2026-09-19 10:30:00+00:00
[2026-09-19T10:08:46.054+0000] {processor.py:183} INFO - Processing /opt/airflow/dags/flight-pipeline.py took 0.880 seconds
[2026-09-19T10:09:16.350+0000] {processor.py:161} INFO - Started process (PID=1113) to work on /opt/airflow/dags/flight-pipeline.py
[2026-09-19T10:09:16.352+0000] {processor.py:830} INFO - Processing file /opt/airflow/dags/flight-pipeline.py for tasks to queue
[2026-09-19T10:09:16.356+0000] {logging_mixin.py:188} INFO - [2026-09-19T10:09:16.355+0000] {dagbag.py:545} INFO - Filling up the DagBag from /opt/airflow/dags/flight-pipeline.py
[2026-09-19T10:09:16.837+0000] {processor.py:840} INFO - DAG(s) 'flights_ops_medallion_pipe' retrieved from /opt/airflow/dags/flight-pipeline.py
[2026-09-19T10:09:16.890+0000] {logging_mixin.py:188} INFO - [2026-09-19T10:09:16.889+0000] {dag.py:3089} INFO - Sync 1 DAGs
[2026-09-19T10:09:16.933+0000] {logging_mixin.py:188} INFO - [2026-09-19T10:09:16.933+0000] {dag.py:3947} INFO - Setting next_dagrun for flights_ops_medallion_pipe to 2026-09-19 10:00:00+00:00, run_after=2026-09-19 10:30:00+00:00
[2026-09-19T10:09:16.962+0000] {processor.py:183} INFO - Processing /opt/airflow/dags/flight-pipeline.py took 0.620 seconds
[2026-09-19T10:09:47.089+0000] {processor.py:161} INFO - Started process (PID=1115) to work on /opt/airflow/dags/flight-pipeline.py
[2026-09-19T10:09:47.091+0000] {processor.py:830} INFO - Processing file /opt/airflow/dags/flight-pipeline.py for tasks to queue
[2026-09-19T10:09:47.099+0000] {logging_mixin.py:188} INFO - [2026-09-19T10:09:47.098+0000] {dagbag.py:545} INFO - Filling up the DagBag from /opt/airflow/dags/flight-pipeline.py
[2026-09-19T10:09:47.618+0000] {processor.py:840} INFO - DAG(s) 'flights_ops_medallion_pipe' retrieved from /opt/airflow/dags/flight-pipeline.py
[2026-09-19T10:09:47.675+0000] {logging_mixin.py:188} INFO - [2026-09-19T10:09:47.674+0000] {dag.py:3089} INFO - Sync 1 DAGs
[2026-09-19T10:09:47.712+0000] {logging_mixin.py:188} INFO - [2026-09-19T10:09:47.712+0000] {dag.py:3947} INFO - Setting next_dagrun for flights_ops_medallion_pipe to 2026-09-19 10:00:00+00:00, run_after=2026-09-19 10:30:00+00:00
[2026-09-19T10:09:47.753+0000] {processor.py:183} INFO - Processing /opt/airflow/dags/flight-pipeline.py took 0.673 seconds
[2026-09-19T10:10:18.054+0000] {processor.py:161} INFO - Started process (PID=1117) to work on /opt/airflow/dags/flight-pipeline.py
[2026-09-19T10:10:18.057+0000] {processor.py:830} INFO - Processing file /opt/airflow/dags/flight-pipeline.py for tasks to queue
[2026-09-19T10:10:18.063+0000] {logging_mixin.py:188} INFO - [2026-09-19T10:10:18.062+0000] {dagbag.py:545} INFO - Filling up the DagBag from /opt/airflow/dags/flight-pipeline.py
[2026-09-19T10:10:18.632+0000] {processor.py:840} INFO - DAG(s) 'flights_ops_medallion_pipe' retrieved from /opt/airflow/dags/flight-pipeline.py
[2026-09-19T10:10:18.684+0000] {logging_mixin.py:188} INFO - [2026-09-19T10:10:18.683+0000] {dag.py:3089} INFO - Sync 1 DAGs
[2026-09-19T10:10:18.722+0000] {logging_mixin.py:188} INFO - [2026-09-19T10:10:18.722+0000] {dag.py:3947} INFO - Setting next_dagrun for flights_ops_medallion_pipe to 2026-09-19 10:00:00+00:00, run_after=2026-09-19 10:30:00+00:00
[2026-09-19T10:10:18.754+0000] {processor.py:183} INFO - Processing /opt/airflow/dags/flight-pipeline.py took 0.718 seconds
[2026-09-19T10:10:49.026+0000] {processor.py:161} INFO - Started process (PID=1119) to work on /opt/airflow/dags/flight-pipeline.py
[2026-09-19T10:10:49.028+0000] {processor.py:830} INFO - Processing file /opt/airflow/dags/flight-pipeline.py for tasks to queue
[2026-09-19T10:10:49.032+0000] {logging_mixin.py:188} INFO - [2026-09-19T10:10:49.032+0000] {dagbag.py:545} INFO - Filling up the DagBag from /opt/airflow/dags/flight-pipeline.py
[2026-09-19T10:10:49.501+0000] {processor.py:840} INFO - DAG(s) 'flights_ops_medallion_pipe' retrieved from /opt/airflow/dags/flight-pipeline.py
[2026-09-19T10:10:49.549+0000] {logging_mixin.py:188} INFO - [2026-09-19T10:10:49.548+0000] {dag.py:3089} INFO - Sync 1 DAGs
[2026-09-19T10:10:49.586+0000] {logging_mixin.py:188} INFO - [2026-09-19T10:10:49.586+0000] {dag.py:3947} INFO - Setting next_dagrun for flights_ops_medallion_pipe to 2026-09-19 10:00:00+00:00, run_after=2026-09-19 10:30:00+00:00
[2026-09-19T10:10:49.615+0000] {processor.py:183} INFO - Processing /opt/airflow/dags/flight-pipeline.py took 0.599 seconds
[2026-09-19T10:11:19.931+0000] {processor.py:161} INFO - Started process (PID=1121) to work on /opt/airflow/dags/flight-pipeline.py
[2026-09-19T10:11:19.934+0000] {processor.py:830} INFO - Processing file /opt/airflow/dags/flight-pipeline.py for tasks to queue
[2026-09-19T10:11:19.937+0000] {logging_mixin.py:188} INFO - [2026-09-19T10:11:19.937+0000] {dagbag.py:545} INFO - Filling up the DagBag from /opt/airflow/dags/flight-pipeline.py
[2026-09-19T10:11:20.545+0000] {processor.py:840} INFO - DAG(s) 'flights_ops_medallion_pipe' retrieved from /opt/airflow/dags/flight-pipeline.py
[2026-09-19T10:11:20.613+0000] {logging_mixin.py:188} INFO - [2026-09-19T10:11:20.612+0000] {dag.py:3089} INFO - Sync 1 DAGs
[2026-09-19T10:11:20.669+0000] {logging_mixin.py:188} INFO - [2026-09-19T10:11:20.669+0000] {dag.py:3947} INFO - Setting next_dagrun for flights_ops_medallion_pipe to 2026-09-19 10:00:00+00:00, run_after=2026-09-19 10:30:00+00:00
[2026-09-19T10:11:20.938+0000] {processor.py:183} INFO - Processing /opt/airflow/dags/flight-pipeline.py took 1.020 seconds
[2026-09-19T10:11:51.199+0000] {processor.py:161} INFO - Started process (PID=1123) to work on /opt/airflow/dags/flight-pipeline.py
[2026-09-19T10:11:51.201+0000] {processor.py:830} INFO - Processing file /opt/airflow/dags/flight-pipeline.py for tasks to queue
[2026-09-19T10:11:51.205+0000] {logging_mixin.py:188} INFO - [2026-09-19T10:11:51.204+0000] {dagbag.py:545} INFO - Filling up the DagBag from /opt/airflow/dags/flight-pipeline.py
[2026-09-19T10:11:51.720+0000] {processor.py:840} INFO - DAG(s) 'flights_ops_medallion_pipe' retrieved from /opt/airflow/dags/flight-pipeline.py
[2026-09-19T10:11:51.768+0000] {logging_mixin.py:188} INFO - [2026-09-19T10:11:51.768+0000] {dag.py:3089} INFO - Sync 1 DAGs
[2026-09-19T10:11:52.025+0000] {logging_mixin.py:188} INFO - [2026-09-19T10:11:52.025+0000] {dag.py:3947} INFO - Setting next_dagrun for flights_ops_medallion_pipe to 2026-09-19 10:00:00+00:00, run_after=2026-09-19 10:30:00+00:00
[2026-09-19T10:11:52.054+0000] {processor.py:183} INFO - Processing /opt/airflow/dags/flight-pipeline.py took 0.864 seconds
[2026-09-19T10:12:22.403+0000] {processor.py:161} INFO - Started process (PID=1125) to work on /opt/airflow/dags/flight-pipeline.py
[2026-09-19T10:12:22.407+0000] {processor.py:830} INFO - Processing file /opt/airflow/dags/flight-pipeline.py for tasks to queue
[2026-09-19T10:12:22.412+0000] {logging_mixin.py:188} INFO - [2026-09-19T10:12:22.411+0000] {dagbag.py:545} INFO - Filling up the DagBag from /opt/airflow/dags/flight-pipeline.py
[2026-09-19T10:12:22.875+0000] {processor.py:840} INFO - DAG(s) 'flights_ops_medallion_pipe' retrieved from /opt/airflow/dags/flight-pipeline.py
[2026-09-19T10:12:22.919+0000] {logging_mixin.py:188} INFO - [2026-09-19T10:12:22.919+0000] {dag.py:3089} INFO - Sync 1 DAGs
[2026-09-19T10:12:22.950+0000] {logging_mixin.py:188} INFO - [2026-09-19T10:12:22.950+0000] {dag.py:3947} INFO - Setting next_dagrun for flights_ops_medallion_pipe to 2026-09-19 10:00:00+00:00, run_after=2026-09-19 10:30:00+00:00
[2026-09-19T10:12:22.976+0000] {processor.py:183} INFO - Processing /opt/airflow/dags/flight-pipeline.py took 0.597 seconds
[2026-09-19T10:12:53.252+0000] {processor.py:161} INFO - Started process (PID=1127) to work on /opt/airflow/dags/flight-pipeline.py
[2026-09-19T10:12:53.254+0000] {processor.py:830} INFO - Processing file /opt/airflow/dags/flight-pipeline.py for tasks to queue
[2026-09-19T10:12:53.257+0000] {logging_mixin.py:188} INFO - [2026-09-19T10:12:53.257+0000] {dagbag.py:545} INFO - Filling up the DagBag from /opt/airflow/dags/flight-pipeline.py
[2026-09-19T10:12:53.755+0000] {processor.py:840} INFO - DAG(s) 'flights_ops_medallion_pipe' retrieved from /opt/airflow/dags/flight-pipeline.py
[2026-09-19T10:12:53.807+0000] {logging_mixin.py:188} INFO - [2026-09-19T10:12:53.807+0000] {dag.py:3089} INFO - Sync 1 DAGs
[2026-09-19T10:12:53.840+0000] {logging_mixin.py:188} INFO - [2026-09-19T10:12:53.840+0000] {dag.py:3947} INFO - Setting next_dagrun for flights_ops_medallion_pipe to 2026-09-19 10:00:00+00:00, run_after=2026-09-19 10:30:00+00:00
[2026-09-19T10:12:53.868+0000] {processor.py:183} INFO - Processing /opt/airflow/dags/flight-pipeline.py took 0.624 seconds
[2026-09-19T10:13:24.157+0000] {processor.py:161} INFO - Started process (PID=1129) to work on /opt/airflow/dags/flight-pipeline.py
[2026-09-19T10:13:24.160+0000] {processor.py:830} INFO - Processing file /opt/airflow/dags/flight-pipeline.py for tasks to queue
[2026-09-19T10:13:24.166+0000] {logging_mixin.py:188} INFO - [2026-09-19T10:13:24.165+0000] {dagbag.py:545} INFO - Filling up the DagBag from /opt/airflow/dags/flight-pipeline.py
[2026-09-19T10:13:24.666+0000] {processor.py:840} INFO - DAG(s) 'flights_ops_medallion_pipe' retrieved from /opt/airflow/dags/flight-pipeline.py
[2026-09-19T10:13:24.716+0000] {logging_mixin.py:188} INFO - [2026-09-19T10:13:24.715+0000] {dag.py:3089} INFO - Sync 1 DAGs
[2026-09-19T10:13:24.750+0000] {logging_mixin.py:188} INFO - [2026-09-19T10:13:24.749+0000] {dag.py:3947} INFO - Setting next_dagrun for flights_ops_medallion_pipe to 2026-09-19 10:00:00+00:00, run_after=2026-09-19 10:30:00+00:00
[2026-09-19T10:13:24.777+0000] {processor.py:183} INFO - Processing /opt/airflow/dags/flight-pipeline.py took 0.633 seconds
[2026-09-19T10:13:55.095+0000] {processor.py:161} INFO - Started process (PID=1131) to work on /opt/airflow/dags/flight-pipeline.py
[2026-09-19T10:13:55.097+0000] {processor.py:830} INFO - Processing file /opt/airflow/dags/flight-pipeline.py for tasks to queue
[2026-09-19T10:13:55.102+0000] {logging_mixin.py:188} INFO - [2026-09-19T10:13:55.101+0000] {dagbag.py:545} INFO - Filling up the DagBag from /opt/airflow/dags/flight-pipeline.py
[2026-09-19T10:13:55.650+0000] {processor.py:840} INFO - DAG(s) 'flights_ops_medallion_pipe' retrieved from /opt/airflow/dags/flight-pipeline.py
[2026-09-19T10:13:55.697+0000] {logging_mixin.py:188} INFO - [2026-09-19T10:13:55.696+0000] {dag.py:3089} INFO - Sync 1 DAGs
[2026-09-19T10:13:55.738+0000] {logging_mixin.py:188} INFO - [2026-09-19T10:13:55.738+0000] {dag.py:3947} INFO - Setting next_dagrun for flights_ops_medallion_pipe to 2026-09-19 10:00:00+00:00, run_after=2026-09-19 10:30:00+00:00
[2026-09-19T10:13:56.027+0000] {processor.py:183} INFO - Processing /opt/airflow/dags/flight-pipeline.py took 0.940 seconds
[2026-09-19T10:14:26.371+0000] {processor.py:161} INFO - Started process (PID=1133) to work on /opt/airflow/dags/flight-pipeline.py
[2026-09-19T10:14:26.374+0000] {processor.py:830} INFO - Processing file /opt/airflow/dags/flight-pipeline.py for tasks to queue
[2026-09-19T10:14:26.380+0000] {logging_mixin.py:188} INFO - [2026-09-19T10:14:26.379+0000] {dagbag.py:545} INFO - Filling up the DagBag from /opt/airflow/dags/flight-pipeline.py
[2026-09-19T10:14:26.910+0000] {processor.py:840} INFO - DAG(s) 'flights_ops_medallion_pipe' retrieved from /opt/airflow/dags/flight-pipeline.py
[2026-09-19T10:14:26.963+0000] {logging_mixin.py:188} INFO - [2026-09-19T10:14:26.963+0000] {dag.py:3089} INFO - Sync 1 DAGs
[2026-09-19T10:14:27.219+0000] {logging_mixin.py:188} INFO - [2026-09-19T10:14:27.218+0000] {dag.py:3947} INFO - Setting next_dagrun for flights_ops_medallion_pipe to 2026-09-19 10:00:00+00:00, run_after=2026-09-19 10:30:00+00:00
[2026-09-19T10:14:27.242+0000] {processor.py:183} INFO - Processing /opt/airflow/dags/flight-pipeline.py took 0.886 seconds
[2026-09-19T10:14:57.506+0000] {processor.py:161} INFO - Started process (PID=1135) to work on /opt/airflow/dags/flight-pipeline.py
[2026-09-19T10:14:57.508+0000] {processor.py:830} INFO - Processing file /opt/airflow/dags/flight-pipeline.py for tasks to queue
[2026-09-19T10:14:57.511+0000] {logging_mixin.py:188} INFO - [2026-09-19T10:14:57.510+0000] {dagbag.py:545} INFO - Filling up the DagBag from /opt/airflow/dags/flight-pipeline.py
[2026-09-19T10:14:57.967+0000] {processor.py:840} INFO - DAG(s) 'flights_ops_medallion_pipe' retrieved from /opt/airflow/dags/flight-pipeline.py
[2026-09-19T10:14:58.010+0000] {logging_mixin.py:188} INFO - [2026-09-19T10:14:58.009+0000] {dag.py:3089} INFO - Sync 1 DAGs
[2026-09-19T10:14:58.251+0000] {logging_mixin.py:188} INFO - [2026-09-19T10:14:58.250+0000] {dag.py:3947} INFO - Setting next_dagrun for flights_ops_medallion_pipe to 2026-09-19 10:00:00+00:00, run_after=2026-09-19 10:30:00+00:00
[2026-09-19T10:14:58.273+0000] {processor.py:183} INFO - Processing /opt/airflow/dags/flight-pipeline.py took 0.775 seconds
[2026-09-19T10:15:28.575+0000] {processor.py:161} INFO - Started process (PID=1137) to work on /opt/airflow/dags/flight-pipeline.py
[2026-09-19T10:15:28.579+0000] {processor.py:830} INFO - Processing file /opt/airflow/dags/flight-pipeline.py for tasks to queue
[2026-09-19T10:15:28.585+0000] {logging_mixin.py:188} INFO - [2026-09-19T10:15:28.584+0000] {dagbag.py:545} INFO - Filling up the DagBag from /opt/airflow/dags/flight-pipeline.py
[2026-09-19T10:15:29.164+0000] {processor.py:840} INFO - DAG(s) 'flights_ops_medallion_pipe' retrieved from /opt/airflow/dags/flight-pipeline.py
[2026-09-19T10:15:29.217+0000] {logging_mixin.py:188} INFO - [2026-09-19T10:15:29.216+0000] {dag.py:3089} INFO - Sync 1 DAGs
[2026-09-19T10:15:29.255+0000] {logging_mixin.py:188} INFO - [2026-09-19T10:15:29.255+0000] {dag.py:3947} INFO - Setting next_dagrun for flights_ops_medallion_pipe to 2026-09-19 10:00:00+00:00, run_after=2026-09-19 10:30:00+00:00
[2026-09-19T10:15:29.285+0000] {processor.py:183} INFO - Processing /opt/airflow/dags/flight-pipeline.py took 0.727 seconds
[2026-09-19T10:15:58.277+0000] {processor.py:161} INFO - Started process (PID=1139) to work on /opt/airflow/dags/flight-pipeline.py
[2026-09-19T10:15:58.281+0000] {processor.py:830} INFO - Processing file /opt/airflow/dags/flight-pipeline.py for tasks to queue
[2026-09-19T10:15:58.288+0000] {logging_mixin.py:188} INFO - [2026-09-19T10:15:58.287+0000] {dagbag.py:545} INFO - Filling up the DagBag from /opt/airflow/dags/flight-pipeline.py
[2026-09-19T10:15:58.822+0000] {processor.py:840} INFO - DAG(s) 'flights_ops_medallion_pipe' retrieved from /opt/airflow/dags/flight-pipeline.py
[2026-09-19T10:15:59.183+0000] {logging_mixin.py:188} INFO - [2026-09-19T10:15:59.183+0000] {dag.py:3089} INFO - Sync 1 DAGs
[2026-09-19T10:15:59.210+0000] {logging_mixin.py:188} INFO - [2026-09-19T10:15:59.210+0000] {dag.py:3947} INFO - Setting next_dagrun for flights_ops_medallion_pipe to 2026-09-19 10:00:00+00:00, run_after=2026-09-19 10:30:00+00:00
[2026-09-19T10:15:59.238+0000] {processor.py:183} INFO - Processing /opt/airflow/dags/flight-pipeline.py took 0.980 seconds
[2026-09-19T10:16:29.571+0000] {processor.py:161} INFO - Started process (PID=1141) to work on /opt/airflow/dags/flight-pipeline.py
[2026-09-19T10:16:29.573+0000] {processor.py:830} INFO - Processing file /opt/airflow/dags/flight-pipeline.py for tasks to queue
[2026-09-19T10:16:29.576+0000] {logging_mixin.py:188} INFO - [2026-09-19T10:16:29.576+0000] {dagbag.py:545} INFO - Filling up the DagBag from /opt/airflow/dags/flight-pipeline.py
[2026-09-19T10:16:30.081+0000] {processor.py:840} INFO - DAG(s) 'flights_ops_medallion_pipe' retrieved from /opt/airflow/dags/flight-pipeline.py
[2026-09-19T10:16:30.132+0000] {logging_mixin.py:188} INFO - [2026-09-19T10:16:30.131+0000] {dag.py:3089} INFO - Sync 1 DAGs
[2026-09-19T10:16:30.165+0000] {logging_mixin.py:188} INFO - [2026-09-19T10:16:30.165+0000] {dag.py:3947} INFO - Setting next_dagrun for flights_ops_medallion_pipe to 2026-09-19 10:00:00+00:00, run_after=2026-09-19 10:30:00+00:00
[2026-09-19T10:16:30.208+0000] {processor.py:183} INFO - Processing /opt/airflow/dags/flight-pipeline.py took 0.645 seconds
[2026-09-19T10:17:00.527+0000] {processor.py:161} INFO - Started process (PID=1143) to work on /opt/airflow/dags/flight-pipeline.py
[2026-09-19T10:17:00.530+0000] {processor.py:830} INFO - Processing file /opt/airflow/dags/flight-pipeline.py for tasks to queue
[2026-09-19T10:17:00.534+0000] {logging_mixin.py:188} INFO - [2026-09-19T10:17:00.534+0000] {dagbag.py:545} INFO - Filling up the DagBag from /opt/airflow/dags/flight-pipeline.py
[2026-09-19T10:17:01.046+0000] {processor.py:840} INFO - DAG(s) 'flights_ops_medallion_pipe' retrieved from /opt/airflow/dags/flight-pipeline.py
[2026-09-19T10:17:01.100+0000] {logging_mixin.py:188} INFO - [2026-09-19T10:17:01.099+0000] {dag.py:3089} INFO - Sync 1 DAGs
[2026-09-19T10:17:01.139+0000] {logging_mixin.py:188} INFO - [2026-09-19T10:17:01.139+0000] {dag.py:3947} INFO - Setting next_dagrun for flights_ops_medallion_pipe to 2026-09-19 10:00:00+00:00, run_after=2026-09-19 10:30:00+00:00
[2026-09-19T10:17:01.408+0000] {processor.py:183} INFO - Processing /opt/airflow/dags/flight-pipeline.py took 0.890 seconds
[2026-09-19T10:17:31.704+0000] {processor.py:161} INFO - Started process (PID=1145) to work on /opt/airflow/dags/flight-pipeline.py
[2026-09-19T10:17:31.706+0000] {processor.py:830} INFO - Processing file /opt/airflow/dags/flight-pipeline.py for tasks to queue
[2026-09-19T10:17:31.709+0000] {logging_mixin.py:188} INFO - [2026-09-19T10:17:31.709+0000] {dagbag.py:545} INFO - Filling up the DagBag from /opt/airflow/dags/flight-pipeline.py
[2026-09-19T10:17:32.224+0000] {processor.py:840} INFO - DAG(s) 'flights_ops_medallion_pipe' retrieved from /opt/airflow/dags/flight-pipeline.py
[2026-09-19T10:17:32.292+0000] {logging_mixin.py:188} INFO - [2026-09-19T10:17:32.291+0000] {dag.py:3089} INFO - Sync 1 DAGs
[2026-09-19T10:17:32.557+0000] {logging_mixin.py:188} INFO - [2026-09-19T10:17:32.557+0000] {dag.py:3947} INFO - Setting next_dagrun for flights_ops_medallion_pipe to 2026-09-19 10:00:00+00:00, run_after=2026-09-19 10:30:00+00:00
[2026-09-19T10:17:32.588+0000] {processor.py:183} INFO - Processing /opt/airflow/dags/flight-pipeline.py took 0.894 seconds
[2026-09-19T10:18:02.873+0000] {processor.py:161} INFO - Started process (PID=1147) to work on /opt/airflow/dags/flight-pipeline.py
[2026-09-19T10:18:02.876+0000] {processor.py:830} INFO - Processing file /opt/airflow/dags/flight-pipeline.py for tasks to queue
[2026-09-19T10:18:02.882+0000] {logging_mixin.py:188} INFO - [2026-09-19T10:18:02.882+0000] {dagbag.py:545} INFO - Filling up the DagBag from /opt/airflow/dags/flight-pipeline.py
[2026-09-19T10:18:03.435+0000] {processor.py:840} INFO - DAG(s) 'flights_ops_medallion_pipe' retrieved from /opt/airflow/dags/flight-pipeline.py
[2026-09-19T10:18:03.482+0000] {logging_mixin.py:188} INFO - [2026-09-19T10:18:03.481+0000] {dag.py:3089} INFO - Sync 1 DAGs
[2026-09-19T10:18:03.814+0000] {logging_mixin.py:188} INFO - [2026-09-19T10:18:03.814+0000] {dag.py:3947} INFO - Setting next_dagrun for flights_ops_medallion_pipe to 2026-09-19 10:00:00+00:00, run_after=2026-09-19 10:30:00+00:00
[2026-09-19T10:18:03.838+0000] {processor.py:183} INFO - Processing /opt/airflow/dags/flight-pipeline.py took 0.982 seconds
[2026-09-19T10:18:34.116+0000] {processor.py:161} INFO - Started process (PID=1149) to work on /opt/airflow/dags/flight-pipeline.py
[2026-09-19T10:18:34.118+0000] {processor.py:830} INFO - Processing file /opt/airflow/dags/flight-pipeline.py for tasks to queue
[2026-09-19T10:18:34.123+0000] {logging_mixin.py:188} INFO - [2026-09-19T10:18:34.122+0000] {dagbag.py:545} INFO - Filling up the DagBag from /opt/airflow/dags/flight-pipeline.py
[2026-09-19T10:18:34.674+0000] {processor.py:840} INFO - DAG(s) 'flights_ops_medallion_pipe' retrieved from /opt/airflow/dags/flight-pipeline.py
[2026-09-19T10:18:34.741+0000] {logging_mixin.py:188} INFO - [2026-09-19T10:18:34.740+0000] {dag.py:3089} INFO - Sync 1 DAGs
[2026-09-19T10:18:34.787+0000] {logging_mixin.py:188} INFO - [2026-09-19T10:18:34.787+0000] {dag.py:3947} INFO - Setting next_dagrun for flights_ops_medallion_pipe to 2026-09-19 10:00:00+00:00, run_after=2026-09-19 10:30:00+00:00
[2026-09-19T10:18:34.822+0000] {processor.py:183} INFO - Processing /opt/airflow/dags/flight-pipeline.py took 0.718 seconds
[2026-09-19T10:19:05.085+0000] {processor.py:161} INFO - Started process (PID=1151) to work on /opt/airflow/dags/flight-pipeline.py
[2026-09-19T10:19:05.088+0000] {processor.py:830} INFO - Processing file /opt/airflow/dags/flight-pipeline.py for tasks to queue
[2026-09-19T10:19:05.092+0000] {logging_mixin.py:188} INFO - [2026-09-19T10:19:05.091+0000] {dagbag.py:545} INFO - Filling up the DagBag from /opt/airflow/dags/flight-pipeline.py
[2026-09-19T10:19:05.569+0000] {processor.py:840} INFO - DAG(s) 'flights_ops_medallion_pipe' retrieved from /opt/airflow/dags/flight-pipeline.py
[2026-09-19T10:19:05.612+0000] {logging_mixin.py:188} INFO - [2026-09-19T10:19:05.611+0000] {dag.py:3089} INFO - Sync 1 DAGs
[2026-09-19T10:19:05.645+0000] {logging_mixin.py:188} INFO - [2026-09-19T10:19:05.645+0000] {dag.py:3947} INFO - Setting next_dagrun for flights_ops_medallion_pipe to 2026-09-19 10:00:00+00:00, run_after=2026-09-19 10:30:00+00:00
[2026-09-19T10:19:05.669+0000] {processor.py:183} INFO - Processing /opt/airflow/dags/flight-pipeline.py took 0.596 seconds
[2026-09-19T10:19:35.947+0000] {processor.py:161} INFO - Started process (PID=1153) to work on /opt/airflow/dags/flight-pipeline.py
[2026-09-19T10:19:35.950+0000] {processor.py:830} INFO - Processing file /opt/airflow/dags/flight-pipeline.py for tasks to queue
[2026-09-19T10:19:35.955+0000] {logging_mixin.py:188} INFO - [2026-09-19T10:19:35.954+0000] {dagbag.py:545} INFO - Filling up the DagBag from /opt/airflow/dags/flight-pipeline.py
[2026-09-19T10:19:36.460+0000] {processor.py:840} INFO - DAG(s) 'flights_ops_medallion_pipe' retrieved from /opt/airflow/dags/flight-pipeline.py
[2026-09-19T10:19:36.506+0000] {logging_mixin.py:188} INFO - [2026-09-19T10:19:36.506+0000] {dag.py:3089} INFO - Sync 1 DAGs
[2026-09-19T10:19:36.541+0000] {logging_mixin.py:188} INFO - [2026-09-19T10:19:36.541+0000] {dag.py:3947} INFO - Setting next_dagrun for flights_ops_medallion_pipe to 2026-09-19 10:00:00+00:00, run_after=2026-09-19 10:30:00+00:00
[2026-09-19T10:19:36.568+0000] {processor.py:183} INFO - Processing /opt/airflow/dags/flight-pipeline.py took 0.632 seconds
[2026-09-19T10:20:06.785+0000] {processor.py:161} INFO - Started process (PID=1155) to work on /opt/airflow/dags/flight-pipeline.py
[2026-09-19T10:20:06.788+0000] {processor.py:830} INFO - Processing file /opt/airflow/dags/flight-pipeline.py for tasks to queue
[2026-09-19T10:20:06.795+0000] {logging_mixin.py:188} INFO - [2026-09-19T10:20:06.794+0000] {dagbag.py:545} INFO - Filling up the DagBag from /opt/airflow/dags/flight-pipeline.py
[2026-09-19T10:20:07.306+0000] {processor.py:840} INFO - DAG(s) 'flights_ops_medallion_pipe' retrieved from /opt/airflow/dags/flight-pipeline.py
[2026-09-19T10:20:07.353+0000] {logging_mixin.py:188} INFO - [2026-09-19T10:20:07.353+0000] {dag.py:3089} INFO - Sync 1 DAGs
[2026-09-19T10:20:07.388+0000] {logging_mixin.py:188} INFO - [2026-09-19T10:20:07.388+0000] {dag.py:3947} INFO - Setting next_dagrun for flights_ops_medallion_pipe to 2026-09-19 10:00:00+00:00, run_after=2026-09-19 10:30:00+00:00
[2026-09-19T10:20:07.629+0000] {processor.py:183} INFO - Processing /opt/airflow/dags/flight-pipeline.py took 0.853 seconds
[2026-09-19T10:20:37.933+0000] {processor.py:161} INFO - Started process (PID=1157) to work on /opt/airflow/dags/flight-pipeline.py
[2026-09-19T10:20:37.935+0000] {processor.py:830} INFO - Processing file /opt/airflow/dags/flight-pipeline.py for tasks to queue
[2026-09-19T10:20:37.938+0000] {logging_mixin.py:188} INFO - [2026-09-19T10:20:37.938+0000] {dagbag.py:545} INFO - Filling up the DagBag from /opt/airflow/dags/flight-pipeline.py
[2026-09-19T10:20:38.461+0000] {processor.py:840} INFO - DAG(s) 'flights_ops_medallion_pipe' retrieved from /opt/airflow/dags/flight-pipeline.py
[2026-09-19T10:20:38.513+0000] {logging_mixin.py:188} INFO - [2026-09-19T10:20:38.512+0000] {dag.py:3089} INFO - Sync 1 DAGs
[2026-09-19T10:20:38.761+0000] {logging_mixin.py:188} INFO - [2026-09-19T10:20:38.760+0000] {dag.py:3947} INFO - Setting next_dagrun for flights_ops_medallion_pipe to 2026-09-19 10:00:00+00:00, run_after=2026-09-19 10:30:00+00:00
[2026-09-19T10:20:38.788+0000] {processor.py:183} INFO - Processing /opt/airflow/dags/flight-pipeline.py took 0.865 seconds
[2026-09-19T10:21:09.164+0000] {processor.py:161} INFO - Started process (PID=1159) to work on /opt/airflow/dags/flight-pipeline.py
[2026-09-19T10:21:09.166+0000] {processor.py:830} INFO - Processing file /opt/airflow/dags/flight-pipeline.py for tasks to queue
[2026-09-19T10:21:09.169+0000] {logging_mixin.py:188} INFO - [2026-09-19T10:21:09.169+0000] {dagbag.py:545} INFO - Filling up the DagBag from /opt/airflow/dags/flight-pipeline.py
[2026-09-19T10:21:09.699+0000] {processor.py:840} INFO - DAG(s) 'flights_ops_medallion_pipe' retrieved from /opt/airflow/dags/flight-pipeline.py
[2026-09-19T10:21:09.751+0000] {logging_mixin.py:188} INFO - [2026-09-19T10:21:09.751+0000] {dag.py:3089} INFO - Sync 1 DAGs
[2026-09-19T10:21:10.051+0000] {logging_mixin.py:188} INFO - [2026-09-19T10:21:10.051+0000] {dag.py:3947} INFO - Setting next_dagrun for flights_ops_medallion_pipe to 2026-09-19 10:00:00+00:00, run_after=2026-09-19 10:30:00+00:00
[2026-09-19T10:21:10.080+0000] {processor.py:183} INFO - Processing /opt/airflow/dags/flight-pipeline.py took 0.926 seconds
[2026-09-19T10:21:40.383+0000] {processor.py:161} INFO - Started process (PID=1161) to work on /opt/airflow/dags/flight-pipeline.py
[2026-09-19T10:21:40.385+0000] {processor.py:830} INFO - Processing file /opt/airflow/dags/flight-pipeline.py for tasks to queue
[2026-09-19T10:21:40.389+0000] {logging_mixin.py:188} INFO - [2026-09-19T10:21:40.388+0000] {dagbag.py:545} INFO - Filling up the DagBag from /opt/airflow/dags/flight-pipeline.py
[2026-09-19T10:21:40.942+0000] {processor.py:840} INFO - DAG(s) 'flights_ops_medallion_pipe' retrieved from /opt/airflow/dags/flight-pipeline.py
[2026-09-19T10:21:40.992+0000] {logging_mixin.py:188} INFO - [2026-09-19T10:21:40.992+0000] {dag.py:3089} INFO - Sync 1 DAGs
[2026-09-19T10:21:41.034+0000] {logging_mixin.py:188} INFO - [2026-09-19T10:21:41.034+0000] {dag.py:3947} INFO - Setting next_dagrun for flights_ops_medallion_pipe to 2026-09-19 10:00:00+00:00, run_after=2026-09-19 10:30:00+00:00
[2026-09-19T10:21:41.065+0000] {processor.py:183} INFO - Processing /opt/airflow/dags/flight-pipeline.py took 0.693 seconds
[2026-09-19T10:22:11.334+0000] {processor.py:161} INFO - Started process (PID=1163) to work on /opt/airflow/dags/flight-pipeline.py
[2026-09-19T10:22:11.336+0000] {processor.py:830} INFO - Processing file /opt/airflow/dags/flight-pipeline.py for tasks to queue
[2026-09-19T10:22:11.339+0000] {logging_mixin.py:188} INFO - [2026-09-19T10:22:11.339+0000] {dagbag.py:545} INFO - Filling up the DagBag from /opt/airflow/dags/flight-pipeline.py
[2026-09-19T10:22:11.849+0000] {processor.py:840} INFO - DAG(s) 'flights_ops_medallion_pipe' retrieved from /opt/airflow/dags/flight-pipeline.py
[2026-09-19T10:22:11.897+0000] {logging_mixin.py:188} INFO - [2026-09-19T10:22:11.896+0000] {dag.py:3089} INFO - Sync 1 DAGs
[2026-09-19T10:22:11.932+0000] {logging_mixin.py:188} INFO - [2026-09-19T10:22:11.932+0000] {dag.py:3947} INFO - Setting next_dagrun for flights_ops_medallion_pipe to 2026-09-19 10:00:00+00:00, run_after=2026-09-19 10:30:00+00:00
[2026-09-19T10:22:11.960+0000] {processor.py:183} INFO - Processing /opt/airflow/dags/flight-pipeline.py took 0.634 seconds
[2026-09-19T10:22:42.247+0000] {processor.py:161} INFO - Started process (PID=1165) to work on /opt/airflow/dags/flight-pipeline.py
[2026-09-19T10:22:42.250+0000] {processor.py:830} INFO - Processing file /opt/airflow/dags/flight-pipeline.py for tasks to queue
[2026-09-19T10:22:42.253+0000] {logging_mixin.py:188} INFO - [2026-09-19T10:22:42.253+0000] {dagbag.py:545} INFO - Filling up the DagBag from /opt/airflow/dags/flight-pipeline.py
[2026-09-19T10:22:42.759+0000] {processor.py:840} INFO - DAG(s) 'flights_ops_medallion_pipe' retrieved from /opt/airflow/dags/flight-pipeline.py
[2026-09-19T10:22:42.820+0000] {logging_mixin.py:188} INFO - [2026-09-19T10:22:42.819+0000] {dag.py:3089} INFO - Sync 1 DAGs
[2026-09-19T10:22:42.853+0000] {logging_mixin.py:188} INFO - [2026-09-19T10:22:42.852+0000] {dag.py:3947} INFO - Setting next_dagrun for flights_ops_medallion_pipe to 2026-09-19 10:00:00+00:00, run_after=2026-09-19 10:30:00+00:00
[2026-09-19T10:22:42.889+0000] {processor.py:183} INFO - Processing /opt/airflow/dags/flight-pipeline.py took 0.655 seconds
[2026-09-19T10:23:13.091+0000] {processor.py:161} INFO - Started process (PID=1167) to work on /opt/airflow/dags/flight-pipeline.py
[2026-09-19T10:23:13.093+0000] {processor.py:830} INFO - Processing file /opt/airflow/dags/flight-pipeline.py for tasks to queue
[2026-09-19T10:23:13.097+0000] {logging_mixin.py:188} INFO - [2026-09-19T10:23:13.096+0000] {dagbag.py:545} INFO - Filling up the DagBag from /opt/airflow/dags/flight-pipeline.py
[2026-09-19T10:23:13.566+0000] {processor.py:840} INFO - DAG(s) 'flights_ops_medallion_pipe' retrieved from /opt/airflow/dags/flight-pipeline.py
[2026-09-19T10:23:13.616+0000] {logging_mixin.py:188} INFO - [2026-09-19T10:23:13.616+0000] {dag.py:3089} INFO - Sync 1 DAGs
[2026-09-19T10:23:13.655+0000] {logging_mixin.py:188} INFO - [2026-09-19T10:23:13.654+0000] {dag.py:3947} INFO - Setting next_dagrun for flights_ops_medallion_pipe to 2026-09-19 10:00:00+00:00, run_after=2026-09-19 10:30:00+00:00
[2026-09-19T10:23:13.914+0000] {processor.py:183} INFO - Processing /opt/airflow/dags/flight-pipeline.py took 0.833 seconds
[2026-09-19T10:23:44.216+0000] {processor.py:161} INFO - Started process (PID=1169) to work on /opt/airflow/dags/flight-pipeline.py
[2026-09-19T10:23:44.218+0000] {processor.py:830} INFO - Processing file /opt/airflow/dags/flight-pipeline.py for tasks to queue
[2026-09-19T10:23:44.221+0000] {logging_mixin.py:188} INFO - [2026-09-19T10:23:44.221+0000] {dagbag.py:545} INFO - Filling up the DagBag from /opt/airflow/dags/flight-pipeline.py
[2026-09-19T10:23:44.809+0000] {processor.py:840} INFO - DAG(s) 'flights_ops_medallion_pipe' retrieved from /opt/airflow/dags/flight-pipeline.py
[2026-09-19T10:23:44.856+0000] {logging_mixin.py:188} INFO - [2026-09-19T10:23:44.856+0000] {dag.py:3089} INFO - Sync 1 DAGs
[2026-09-19T10:23:45.146+0000] {logging_mixin.py:188} INFO - [2026-09-19T10:23:45.145+0000] {dag.py:3947} INFO - Setting next_dagrun for flights_ops_medallion_pipe to 2026-09-19 10:00:00+00:00, run_after=2026-09-19 10:30:00+00:00
[2026-09-19T10:23:45.168+0000] {processor.py:183} INFO - Processing /opt/airflow/dags/flight-pipeline.py took 0.962 seconds
[2026-09-19T10:24:15.446+0000] {processor.py:161} INFO - Started process (PID=1171) to work on /opt/airflow/dags/flight-pipeline.py
[2026-09-19T10:24:15.448+0000] {processor.py:830} INFO - Processing file /opt/airflow/dags/flight-pipeline.py for tasks to queue
[2026-09-19T10:24:15.452+0000] {logging_mixin.py:188} INFO - [2026-09-19T10:24:15.451+0000] {dagbag.py:545} INFO - Filling up the DagBag from /opt/airflow/dags/flight-pipeline.py
[2026-09-19T10:24:15.950+0000] {processor.py:840} INFO - DAG(s) 'flights_ops_medallion_pipe' retrieved from /opt/airflow/dags/flight-pipeline.py
[2026-09-19T10:24:16.015+0000] {logging_mixin.py:188} INFO - [2026-09-19T10:24:16.014+0000] {dag.py:3089} INFO - Sync 1 DAGs
[2026-09-19T10:24:16.270+0000] {logging_mixin.py:188} INFO - [2026-09-19T10:24:16.269+0000] {dag.py:3947} INFO - Setting next_dagrun for flights_ops_medallion_pipe to 2026-09-19 10:00:00+00:00, run_after=2026-09-19 10:30:00+00:00
[2026-09-19T10:24:16.292+0000] {processor.py:183} INFO - Processing /opt/airflow/dags/flight-pipeline.py took 0.859 seconds
[2026-09-19T10:24:46.597+0000] {processor.py:161} INFO - Started process (PID=1173) to work on /opt/airflow/dags/flight-pipeline.py
[2026-09-19T10:24:46.599+0000] {processor.py:830} INFO - Processing file /opt/airflow/dags/flight-pipeline.py for tasks to queue
[2026-09-19T10:24:46.602+0000] {logging_mixin.py:188} INFO - [2026-09-19T10:24:46.602+0000] {dagbag.py:545} INFO - Filling up the DagBag from /opt/airflow/dags/flight-pipeline.py
[2026-09-19T10:24:47.143+0000] {processor.py:840} INFO - DAG(s) 'flights_ops_medallion_pipe' retrieved from /opt/airflow/dags/flight-pipeline.py
[2026-09-19T10:24:47.199+0000] {logging_mixin.py:188} INFO - [2026-09-19T10:24:47.199+0000] {dag.py:3089} INFO - Sync 1 DAGs
[2026-09-19T10:24:47.242+0000] {logging_mixin.py:188} INFO - [2026-09-19T10:24:47.242+0000] {dag.py:3947} INFO - Setting next_dagrun for flights_ops_medallion_pipe to 2026-09-19 10:00:00+00:00, run_after=2026-09-19 10:30:00+00:00
[2026-09-19T10:24:47.269+0000] {processor.py:183} INFO - Processing /opt/airflow/dags/flight-pipeline.py took 0.681 seconds
[2026-09-19T10:25:17.560+0000] {processor.py:161} INFO - Started process (PID=1175) to work on /opt/airflow/dags/flight-pipeline.py
[2026-09-19T10:25:17.562+0000] {processor.py:830} INFO - Processing file /opt/airflow/dags/flight-pipeline.py for tasks to queue
[2026-09-19T10:25:17.565+0000] {logging_mixin.py:188} INFO - [2026-09-19T10:25:17.565+0000] {dagbag.py:545} INFO - Filling up the DagBag from /opt/airflow/dags/flight-pipeline.py
[2026-09-19T10:25:18.065+0000] {processor.py:840} INFO - DAG(s) 'flights_ops_medallion_pipe' retrieved from /opt/airflow/dags/flight-pipeline.py
[2026-09-19T10:25:18.120+0000] {logging_mixin.py:188} INFO - [2026-09-19T10:25:18.119+0000] {dag.py:3089} INFO - Sync 1 DAGs
[2026-09-19T10:25:18.153+0000] {logging_mixin.py:188} INFO - [2026-09-19T10:25:18.153+0000] {dag.py:3947} INFO - Setting next_dagrun for flights_ops_medallion_pipe to 2026-09-19 10:00:00+00:00, run_after=2026-09-19 10:30:00+00:00
[2026-09-19T10:25:18.182+0000] {processor.py:183} INFO - Processing /opt/airflow/dags/flight-pipeline.py took 0.631 seconds
[2026-09-19T10:25:48.449+0000] {processor.py:161} INFO - Started process (PID=1177) to work on /opt/airflow/dags/flight-pipeline.py
[2026-09-19T10:25:48.452+0000] {processor.py:830} INFO - Processing file /opt/airflow/dags/flight-pipeline.py for tasks to queue
[2026-09-19T10:25:48.455+0000] {logging_mixin.py:188} INFO - [2026-09-19T10:25:48.454+0000] {dagbag.py:545} INFO - Filling up the DagBag from /opt/airflow/dags/flight-pipeline.py
[2026-09-19T10:25:48.934+0000] {processor.py:840} INFO - DAG(s) 'flights_ops_medallion_pipe' retrieved from /opt/airflow/dags/flight-pipeline.py
[2026-09-19T10:25:48.986+0000] {logging_mixin.py:188} INFO - [2026-09-19T10:25:48.986+0000] {dag.py:3089} INFO - Sync 1 DAGs
[2026-09-19T10:25:49.021+0000] {logging_mixin.py:188} INFO - [2026-09-19T10:25:49.020+0000] {dag.py:3947} INFO - Setting next_dagrun for flights_ops_medallion_pipe to 2026-09-19 10:00:00+00:00, run_after=2026-09-19 10:30:00+00:00
[2026-09-19T10:25:49.052+0000] {processor.py:183} INFO - Processing /opt/airflow/dags/flight-pipeline.py took 0.612 seconds
[2026-09-19T10:26:19.410+0000] {processor.py:161} INFO - Started process (PID=1179) to work on /opt/airflow/dags/flight-pipeline.py
[2026-09-19T10:26:19.413+0000] {processor.py:830} INFO - Processing file /opt/airflow/dags/flight-pipeline.py for tasks to queue
[2026-09-19T10:26:19.416+0000] {logging_mixin.py:188} INFO - [2026-09-19T10:26:19.416+0000] {dagbag.py:545} INFO - Filling up the DagBag from /opt/airflow/dags/flight-pipeline.py
[2026-09-19T10:26:19.933+0000] {processor.py:840} INFO - DAG(s) 'flights_ops_medallion_pipe' retrieved from /opt/airflow/dags/flight-pipeline.py
[2026-09-19T10:26:19.995+0000] {logging_mixin.py:188} INFO - [2026-09-19T10:26:19.994+0000] {dag.py:3089} INFO - Sync 1 DAGs
[2026-09-19T10:26:20.029+0000] {logging_mixin.py:188} INFO - [2026-09-19T10:26:20.029+0000] {dag.py:3947} INFO - Setting next_dagrun for flights_ops_medallion_pipe to 2026-09-19 10:00:00+00:00, run_after=2026-09-19 10:30:00+00:00
[2026-09-19T10:26:20.294+0000] {processor.py:183} INFO - Processing /opt/airflow/dags/flight-pipeline.py took 0.895 seconds
[2026-09-19T10:26:50.616+0000] {processor.py:161} INFO - Started process (PID=1181) to work on /opt/airflow/dags/flight-pipeline.py
[2026-09-19T10:26:50.618+0000] {processor.py:830} INFO - Processing file /opt/airflow/dags/flight-pipeline.py for tasks to queue
[2026-09-19T10:26:50.622+0000] {logging_mixin.py:188} INFO - [2026-09-19T10:26:50.621+0000] {dagbag.py:545} INFO - Filling up the DagBag from /opt/airflow/dags/flight-pipeline.py
[2026-09-19T10:26:51.184+0000] {processor.py:840} INFO - DAG(s) 'flights_ops_medallion_pipe' retrieved from /opt/airflow/dags/flight-pipeline.py
[2026-09-19T10:26:51.240+0000] {logging_mixin.py:188} INFO - [2026-09-19T10:26:51.239+0000] {dag.py:3089} INFO - Sync 1 DAGs
[2026-09-19T10:26:51.541+0000] {logging_mixin.py:188} INFO - [2026-09-19T10:26:51.541+0000] {dag.py:3947} INFO - Setting next_dagrun for flights_ops_medallion_pipe to 2026-09-19 10:00:00+00:00, run_after=2026-09-19 10:30:00+00:00
[2026-09-19T10:26:51.569+0000] {processor.py:183} INFO - Processing /opt/airflow/dags/flight-pipeline.py took 0.965 seconds
[2026-09-19T10:27:21.881+0000] {processor.py:161} INFO - Started process (PID=1183) to work on /opt/airflow/dags/flight-pipeline.py
[2026-09-19T10:27:21.883+0000] {processor.py:830} INFO - Processing file /opt/airflow/dags/flight-pipeline.py for tasks to queue
[2026-09-19T10:27:21.889+0000] {logging_mixin.py:188} INFO - [2026-09-19T10:27:21.889+0000] {dagbag.py:545} INFO - Filling up the DagBag from /opt/airflow/dags/flight-pipeline.py
[2026-09-19T10:27:22.422+0000] {processor.py:840} INFO - DAG(s) 'flights_ops_medallion_pipe' retrieved from /opt/airflow/dags/flight-pipeline.py
[2026-09-19T10:27:22.481+0000] {logging_mixin.py:188} INFO - [2026-09-19T10:27:22.480+0000] {dag.py:3089} INFO - Sync 1 DAGs
[2026-09-19T10:27:22.716+0000] {logging_mixin.py:188} INFO - [2026-09-19T10:27:22.716+0000] {dag.py:3947} INFO - Setting next_dagrun for flights_ops_medallion_pipe to 2026-09-19 10:00:00+00:00, run_after=2026-09-19 10:30:00+00:00
[2026-09-19T10:27:22.741+0000] {processor.py:183} INFO - Processing /opt/airflow/dags/flight-pipeline.py took 0.872 seconds
[2026-09-19T10:27:53.075+0000] {processor.py:161} INFO - Started process (PID=1185) to work on /opt/airflow/dags/flight-pipeline.py
[2026-09-19T10:27:53.077+0000] {processor.py:830} INFO - Processing file /opt/airflow/dags/flight-pipeline.py for tasks to queue
[2026-09-19T10:27:53.081+0000] {logging_mixin.py:188} INFO - [2026-09-19T10:27:53.080+0000] {dagbag.py:545} INFO - Filling up the DagBag from /opt/airflow/dags/flight-pipeline.py
[2026-09-19T10:27:53.668+0000] {processor.py:840} INFO - DAG(s) 'flights_ops_medallion_pipe' retrieved from /opt/airflow/dags/flight-pipeline.py
[2026-09-19T10:27:53.721+0000] {logging_mixin.py:188} INFO - [2026-09-19T10:27:53.721+0000] {dag.py:3089} INFO - Sync 1 DAGs
[2026-09-19T10:27:53.770+0000] {logging_mixin.py:188} INFO - [2026-09-19T10:27:53.769+0000] {dag.py:3947} INFO - Setting next_dagrun for flights_ops_medallion_pipe to 2026-09-19 10:00:00+00:00, run_after=2026-09-19 10:30:00+00:00
[2026-09-19T10:27:53.805+0000] {processor.py:183} INFO - Processing /opt/airflow/dags/flight-pipeline.py took 0.753 seconds
[2026-09-19T10:28:24.136+0000] {processor.py:161} INFO - Started process (PID=1187) to work on /opt/airflow/dags/flight-pipeline.py
[2026-09-19T10:28:24.139+0000] {processor.py:830} INFO - Processing file /opt/airflow/dags/flight-pipeline.py for tasks to queue
[2026-09-19T10:28:24.144+0000] {logging_mixin.py:188} INFO - [2026-09-19T10:28:24.143+0000] {dagbag.py:545} INFO - Filling up the DagBag from /opt/airflow/dags/flight-pipeline.py
[2026-09-19T10:28:24.654+0000] {processor.py:840} INFO - DAG(s) 'flights_ops_medallion_pipe' retrieved from /opt/airflow/dags/flight-pipeline.py
[2026-09-19T10:28:24.701+0000] {logging_mixin.py:188} INFO - [2026-09-19T10:28:24.701+0000] {dag.py:3089} INFO - Sync 1 DAGs
[2026-09-19T10:28:24.733+0000] {logging_mixin.py:188} INFO - [2026-09-19T10:28:24.733+0000] {dag.py:3947} INFO - Setting next_dagrun for flights_ops_medallion_pipe to 2026-09-19 10:00:00+00:00, run_after=2026-09-19 10:30:00+00:00
[2026-09-19T10:28:24.758+0000] {processor.py:183} INFO - Processing /opt/airflow/dags/flight-pipeline.py took 0.647 seconds
[2026-09-19T10:28:55.021+0000] {processor.py:161} INFO - Started process (PID=1189) to work on /opt/airflow/dags/flight-pipeline.py
[2026-09-19T10:28:55.023+0000] {processor.py:830} INFO - Processing file /opt/airflow/dags/flight-pipeline.py for tasks to queue
[2026-09-19T10:28:55.026+0000] {logging_mixin.py:188} INFO - [2026-09-19T10:28:55.025+0000] {dagbag.py:545} INFO - Filling up the DagBag from /opt/airflow/dags/flight-pipeline.py
[2026-09-19T10:28:55.484+0000] {processor.py:840} INFO - DAG(s) 'flights_ops_medallion_pipe' retrieved from /opt/airflow/dags/flight-pipeline.py
[2026-09-19T10:28:55.529+0000] {logging_mixin.py:188} INFO - [2026-09-19T10:28:55.528+0000] {dag.py:3089} INFO - Sync 1 DAGs
[2026-09-19T10:28:55.564+0000] {logging_mixin.py:188} INFO - [2026-09-19T10:28:55.564+0000] {dag.py:3947} INFO - Setting next_dagrun for flights_ops_medallion_pipe to 2026-09-19 10:00:00+00:00, run_after=2026-09-19 10:30:00+00:00
[2026-09-19T10:28:55.594+0000] {processor.py:183} INFO - Processing /opt/airflow/dags/flight-pipeline.py took 0.582 seconds
[2026-09-19T10:29:25.759+0000] {processor.py:161} INFO - Started process (PID=1191) to work on /opt/airflow/dags/flight-pipeline.py
[2026-09-19T10:29:25.761+0000] {processor.py:830} INFO - Processing file /opt/airflow/dags/flight-pipeline.py for tasks to queue
[2026-09-19T10:29:25.764+0000] {logging_mixin.py:188} INFO - [2026-09-19T10:29:25.763+0000] {dagbag.py:545} INFO - Filling up the DagBag from /opt/airflow/dags/flight-pipeline.py
[2026-09-19T10:29:26.216+0000] {processor.py:840} INFO - DAG(s) 'flights_ops_medallion_pipe' retrieved from /opt/airflow/dags/flight-pipeline.py
[2026-09-19T10:29:26.264+0000] {logging_mixin.py:188} INFO - [2026-09-19T10:29:26.263+0000] {dag.py:3089} INFO - Sync 1 DAGs
[2026-09-19T10:29:26.298+0000] {logging_mixin.py:188} INFO - [2026-09-19T10:29:26.297+0000] {dag.py:3947} INFO - Setting next_dagrun for flights_ops_medallion_pipe to 2026-09-19 10:00:00+00:00, run_after=2026-09-19 10:30:00+00:00
[2026-09-19T10:29:26.536+0000] {processor.py:183} INFO - Processing /opt/airflow/dags/flight-pipeline.py took 0.786 seconds
[2026-09-19T10:29:56.863+0000] {processor.py:161} INFO - Started process (PID=1193) to work on /opt/airflow/dags/flight-pipeline.py
[2026-09-19T10:29:56.865+0000] {processor.py:830} INFO - Processing file /opt/airflow/dags/flight-pipeline.py for tasks to queue
[2026-09-19T10:29:56.869+0000] {logging_mixin.py:188} INFO - [2026-09-19T10:29:56.869+0000] {dagbag.py:545} INFO - Filling up the DagBag from /opt/airflow/dags/flight-pipeline.py
[2026-09-19T10:29:57.380+0000] {processor.py:840} INFO - DAG(s) 'flights_ops_medallion_pipe' retrieved from /opt/airflow/dags/flight-pipeline.py
[2026-09-19T10:29:57.423+0000] {logging_mixin.py:188} INFO - [2026-09-19T10:29:57.422+0000] {dag.py:3089} INFO - Sync 1 DAGs
[2026-09-19T10:29:57.646+0000] {logging_mixin.py:188} INFO - [2026-09-19T10:29:57.646+0000] {dag.py:3947} INFO - Setting next_dagrun for flights_ops_medallion_pipe to 2026-09-19 10:00:00+00:00, run_after=2026-09-19 10:30:00+00:00
[2026-09-19T10:29:57.669+0000] {processor.py:183} INFO - Processing /opt/airflow/dags/flight-pipeline.py took 0.816 seconds
[2026-09-19T10:30:27.975+0000] {processor.py:161} INFO - Started process (PID=1369) to work on /opt/airflow/dags/flight-pipeline.py
[2026-09-19T10:30:27.977+0000] {processor.py:830} INFO - Processing file /opt/airflow/dags/flight-pipeline.py for tasks to queue
[2026-09-19T10:30:27.981+0000] {logging_mixin.py:188} INFO - [2026-09-19T10:30:27.981+0000] {dagbag.py:545} INFO - Filling up the DagBag from /opt/airflow/dags/flight-pipeline.py
[2026-09-19T10:30:28.464+0000] {processor.py:840} INFO - DAG(s) 'flights_ops_medallion_pipe' retrieved from /opt/airflow/dags/flight-pipeline.py
[2026-09-19T10:30:28.738+0000] {logging_mixin.py:188} INFO - [2026-09-19T10:30:28.738+0000] {dag.py:3089} INFO - Sync 1 DAGs
[2026-09-19T10:30:28.770+0000] {logging_mixin.py:188} INFO - [2026-09-19T10:30:28.770+0000] {dag.py:3947} INFO - Setting next_dagrun for flights_ops_medallion_pipe to 2026-09-19 10:30:00+00:00, run_after=2026-09-19 11:00:00+00:00
[2026-09-19T10:30:28.797+0000] {processor.py:183} INFO - Processing /opt/airflow/dags/flight-pipeline.py took 0.831 seconds
[2026-09-19T10:30:59.104+0000] {processor.py:161} INFO - Started process (PID=1371) to work on /opt/airflow/dags/flight-pipeline.py
[2026-09-19T10:30:59.106+0000] {processor.py:830} INFO - Processing file /opt/airflow/dags/flight-pipeline.py for tasks to queue
[2026-09-19T10:30:59.109+0000] {logging_mixin.py:188} INFO - [2026-09-19T10:30:59.108+0000] {dagbag.py:545} INFO - Filling up the DagBag from /opt/airflow/dags/flight-pipeline.py
[2026-09-19T10:30:59.589+0000] {processor.py:840} INFO - DAG(s) 'flights_ops_medallion_pipe' retrieved from /opt/airflow/dags/flight-pipeline.py
[2026-09-19T10:30:59.638+0000] {logging_mixin.py:188} INFO - [2026-09-19T10:30:59.637+0000] {dag.py:3089} INFO - Sync 1 DAGs
[2026-09-19T10:30:59.671+0000] {logging_mixin.py:188} INFO - [2026-09-19T10:30:59.671+0000] {dag.py:3947} INFO - Setting next_dagrun for flights_ops_medallion_pipe to 2026-09-19 10:30:00+00:00, run_after=2026-09-19 11:00:00+00:00
[2026-09-19T10:30:59.698+0000] {processor.py:183} INFO - Processing /opt/airflow/dags/flight-pipeline.py took 0.603 seconds
[2026-09-19T10:31:29.798+0000] {processor.py:161} INFO - Started process (PID=1373) to work on /opt/airflow/dags/flight-pipeline.py
[2026-09-19T10:31:29.801+0000] {processor.py:830} INFO - Processing file /opt/airflow/dags/flight-pipeline.py for tasks to queue
[2026-09-19T10:31:29.806+0000] {logging_mixin.py:188} INFO - [2026-09-19T10:31:29.805+0000] {dagbag.py:545} INFO - Filling up the DagBag from /opt/airflow/dags/flight-pipeline.py
[2026-09-19T10:31:30.346+0000] {processor.py:840} INFO - DAG(s) 'flights_ops_medallion_pipe' retrieved from /opt/airflow/dags/flight-pipeline.py
[2026-09-19T10:31:30.398+0000] {logging_mixin.py:188} INFO - [2026-09-19T10:31:30.397+0000] {dag.py:3089} INFO - Sync 1 DAGs
[2026-09-19T10:31:30.448+0000] {logging_mixin.py:188} INFO - [2026-09-19T10:31:30.447+0000] {dag.py:3947} INFO - Setting next_dagrun for flights_ops_medallion_pipe to 2026-09-19 10:30:00+00:00, run_after=2026-09-19 11:00:00+00:00
[2026-09-19T10:31:30.477+0000] {processor.py:183} INFO - Processing /opt/airflow/dags/flight-pipeline.py took 0.689 seconds
[2026-09-19T10:32:00.754+0000] {processor.py:161} INFO - Started process (PID=1375) to work on /opt/airflow/dags/flight-pipeline.py
[2026-09-19T10:32:00.756+0000] {processor.py:830} INFO - Processing file /opt/airflow/dags/flight-pipeline.py for tasks to queue
[2026-09-19T10:32:00.761+0000] {logging_mixin.py:188} INFO - [2026-09-19T10:32:00.761+0000] {dagbag.py:545} INFO - Filling up the DagBag from /opt/airflow/dags/flight-pipeline.py
[2026-09-19T10:32:01.318+0000] {processor.py:840} INFO - DAG(s) 'flights_ops_medallion_pipe' retrieved from /opt/airflow/dags/flight-pipeline.py
[2026-09-19T10:32:01.374+0000] {logging_mixin.py:188} INFO - [2026-09-19T10:32:01.373+0000] {dag.py:3089} INFO - Sync 1 DAGs
[2026-09-19T10:32:01.412+0000] {logging_mixin.py:188} INFO - [2026-09-19T10:32:01.411+0000] {dag.py:3947} INFO - Setting next_dagrun for flights_ops_medallion_pipe to 2026-09-19 10:30:00+00:00, run_after=2026-09-19 11:00:00+00:00
[2026-09-19T10:32:01.657+0000] {processor.py:183} INFO - Processing /opt/airflow/dags/flight-pipeline.py took 0.914 seconds
[2026-09-19T10:32:31.948+0000] {processor.py:161} INFO - Started process (PID=1377) to work on /opt/airflow/dags/flight-pipeline.py
[2026-09-19T10:32:31.950+0000] {processor.py:830} INFO - Processing file /opt/airflow/dags/flight-pipeline.py for tasks to queue
[2026-09-19T10:32:31.954+0000] {logging_mixin.py:188} INFO - [2026-09-19T10:32:31.954+0000] {dagbag.py:545} INFO - Filling up the DagBag from /opt/airflow/dags/flight-pipeline.py
[2026-09-19T10:32:32.553+0000] {processor.py:840} INFO - DAG(s) 'flights_ops_medallion_pipe' retrieved from /opt/airflow/dags/flight-pipeline.py
[2026-09-19T10:32:32.598+0000] {logging_mixin.py:188} INFO - [2026-09-19T10:32:32.597+0000] {dag.py:3089} INFO - Sync 1 DAGs
[2026-09-19T10:32:32.900+0000] {logging_mixin.py:188} INFO - [2026-09-19T10:32:32.899+0000] {dag.py:3947} INFO - Setting next_dagrun for flights_ops_medallion_pipe to 2026-09-19 10:30:00+00:00, run_after=2026-09-19 11:00:00+00:00
[2026-09-19T10:32:32.925+0000] {processor.py:183} INFO - Processing /opt/airflow/dags/flight-pipeline.py took 0.988 seconds
[2026-09-19T10:33:03.203+0000] {processor.py:161} INFO - Started process (PID=1379) to work on /opt/airflow/dags/flight-pipeline.py
[2026-09-19T10:33:03.206+0000] {processor.py:830} INFO - Processing file /opt/airflow/dags/flight-pipeline.py for tasks to queue
[2026-09-19T10:33:03.211+0000] {logging_mixin.py:188} INFO - [2026-09-19T10:33:03.210+0000] {dagbag.py:545} INFO - Filling up the DagBag from /opt/airflow/dags/flight-pipeline.py
[2026-09-19T10:33:03.768+0000] {processor.py:840} INFO - DAG(s) 'flights_ops_medallion_pipe' retrieved from /opt/airflow/dags/flight-pipeline.py
[2026-09-19T10:33:03.816+0000] {logging_mixin.py:188} INFO - [2026-09-19T10:33:03.816+0000] {dag.py:3089} INFO - Sync 1 DAGs
[2026-09-19T10:33:04.080+0000] {logging_mixin.py:188} INFO - [2026-09-19T10:33:04.080+0000] {dag.py:3947} INFO - Setting next_dagrun for flights_ops_medallion_pipe to 2026-09-19 10:30:00+00:00, run_after=2026-09-19 11:00:00+00:00
[2026-09-19T10:33:04.111+0000] {processor.py:183} INFO - Processing /opt/airflow/dags/flight-pipeline.py took 0.922 seconds
[2026-09-19T10:33:34.430+0000] {processor.py:161} INFO - Started process (PID=1381) to work on /opt/airflow/dags/flight-pipeline.py
[2026-09-19T10:33:34.432+0000] {processor.py:830} INFO - Processing file /opt/airflow/dags/flight-pipeline.py for tasks to queue
[2026-09-19T10:33:34.435+0000] {logging_mixin.py:188} INFO - [2026-09-19T10:33:34.434+0000] {dagbag.py:545} INFO - Filling up the DagBag from /opt/airflow/dags/flight-pipeline.py
[2026-09-19T10:33:34.941+0000] {processor.py:840} INFO - DAG(s) 'flights_ops_medallion_pipe' retrieved from /opt/airflow/dags/flight-pipeline.py
[2026-09-19T10:33:35.217+0000] {logging_mixin.py:188} INFO - [2026-09-19T10:33:35.217+0000] {dag.py:3089} INFO - Sync 1 DAGs
[2026-09-19T10:33:35.249+0000] {logging_mixin.py:188} INFO - [2026-09-19T10:33:35.248+0000] {dag.py:3947} INFO - Setting next_dagrun for flights_ops_medallion_pipe to 2026-09-19 10:30:00+00:00, run_after=2026-09-19 11:00:00+00:00
[2026-09-19T10:33:35.280+0000] {processor.py:183} INFO - Processing /opt/airflow/dags/flight-pipeline.py took 0.859 seconds
[2026-09-19T10:34:05.604+0000] {processor.py:161} INFO - Started process (PID=1383) to work on /opt/airflow/dags/flight-pipeline.py
[2026-09-19T10:34:05.607+0000] {processor.py:830} INFO - Processing file /opt/airflow/dags/flight-pipeline.py for tasks to queue
[2026-09-19T10:34:05.612+0000] {logging_mixin.py:188} INFO - [2026-09-19T10:34:05.611+0000] {dagbag.py:545} INFO - Filling up the DagBag from /opt/airflow/dags/flight-pipeline.py
[2026-09-19T10:34:06.126+0000] {processor.py:840} INFO - DAG(s) 'flights_ops_medallion_pipe' retrieved from /opt/airflow/dags/flight-pipeline.py
[2026-09-19T10:34:06.172+0000] {logging_mixin.py:188} INFO - [2026-09-19T10:34:06.172+0000] {dag.py:3089} INFO - Sync 1 DAGs
[2026-09-19T10:34:06.205+0000] {logging_mixin.py:188} INFO - [2026-09-19T10:34:06.205+0000] {dag.py:3947} INFO - Setting next_dagrun for flights_ops_medallion_pipe to 2026-09-19 10:30:00+00:00, run_after=2026-09-19 11:00:00+00:00
[2026-09-19T10:34:06.232+0000] {processor.py:183} INFO - Processing /opt/airflow/dags/flight-pipeline.py took 0.641 seconds
[2026-09-19T10:34:36.537+0000] {processor.py:161} INFO - Started process (PID=1385) to work on /opt/airflow/dags/flight-pipeline.py
[2026-09-19T10:34:36.540+0000] {processor.py:830} INFO - Processing file /opt/airflow/dags/flight-pipeline.py for tasks to queue
[2026-09-19T10:34:36.544+0000] {logging_mixin.py:188} INFO - [2026-09-19T10:34:36.543+0000] {dagbag.py:545} INFO - Filling up the DagBag from /opt/airflow/dags/flight-pipeline.py
[2026-09-19T10:34:37.001+0000] {processor.py:840} INFO - DAG(s) 'flights_ops_medallion_pipe' retrieved from /opt/airflow/dags/flight-pipeline.py
[2026-09-19T10:34:37.050+0000] {logging_mixin.py:188} INFO - [2026-09-19T10:34:37.049+0000] {dag.py:3089} INFO - Sync 1 DAGs
[2026-09-19T10:34:37.092+0000] {logging_mixin.py:188} INFO - [2026-09-19T10:34:37.092+0000] {dag.py:3947} INFO - Setting next_dagrun for flights_ops_medallion_pipe to 2026-09-19 10:30:00+00:00, run_after=2026-09-19 11:00:00+00:00
[2026-09-19T10:34:37.123+0000] {processor.py:183} INFO - Processing /opt/airflow/dags/flight-pipeline.py took 0.593 seconds
[2026-09-19T10:35:07.410+0000] {processor.py:161} INFO - Started process (PID=1387) to work on /opt/airflow/dags/flight-pipeline.py
[2026-09-19T10:35:07.413+0000] {processor.py:830} INFO - Processing file /opt/airflow/dags/flight-pipeline.py for tasks to queue
[2026-09-19T10:35:07.416+0000] {logging_mixin.py:188} INFO - [2026-09-19T10:35:07.416+0000] {dagbag.py:545} INFO - Filling up the DagBag from /opt/airflow/dags/flight-pipeline.py
[2026-09-19T10:35:07.955+0000] {processor.py:840} INFO - DAG(s) 'flights_ops_medallion_pipe' retrieved from /opt/airflow/dags/flight-pipeline.py
[2026-09-19T10:35:08.009+0000] {logging_mixin.py:188} INFO - [2026-09-19T10:35:08.008+0000] {dag.py:3089} INFO - Sync 1 DAGs
[2026-09-19T10:35:08.044+0000] {logging_mixin.py:188} INFO - [2026-09-19T10:35:08.044+0000] {dag.py:3947} INFO - Setting next_dagrun for flights_ops_medallion_pipe to 2026-09-19 10:30:00+00:00, run_after=2026-09-19 11:00:00+00:00
[2026-09-19T10:35:08.295+0000] {processor.py:183} INFO - Processing /opt/airflow/dags/flight-pipeline.py took 0.904 seconds
[2026-09-19T10:35:38.588+0000] {processor.py:161} INFO - Started process (PID=1389) to work on /opt/airflow/dags/flight-pipeline.py
[2026-09-19T10:35:38.591+0000] {processor.py:830} INFO - Processing file /opt/airflow/dags/flight-pipeline.py for tasks to queue
[2026-09-19T10:35:38.595+0000] {logging_mixin.py:188} INFO - [2026-09-19T10:35:38.594+0000] {dagbag.py:545} INFO - Filling up the DagBag from /opt/airflow/dags/flight-pipeline.py
[2026-09-19T10:35:39.112+0000] {processor.py:840} INFO - DAG(s) 'flights_ops_medallion_pipe' retrieved from /opt/airflow/dags/flight-pipeline.py
[2026-09-19T10:35:39.156+0000] {logging_mixin.py:188} INFO - [2026-09-19T10:35:39.155+0000] {dag.py:3089} INFO - Sync 1 DAGs
[2026-09-19T10:35:39.447+0000] {logging_mixin.py:188} INFO - [2026-09-19T10:35:39.446+0000] {dag.py:3947} INFO - Setting next_dagrun for flights_ops_medallion_pipe to 2026-09-19 10:30:00+00:00, run_after=2026-09-19 11:00:00+00:00
[2026-09-19T10:35:39.469+0000] {processor.py:183} INFO - Processing /opt/airflow/dags/flight-pipeline.py took 0.891 seconds
[2026-09-19T10:36:09.619+0000] {processor.py:161} INFO - Started process (PID=1391) to work on /opt/airflow/dags/flight-pipeline.py
[2026-09-19T10:36:09.620+0000] {processor.py:830} INFO - Processing file /opt/airflow/dags/flight-pipeline.py for tasks to queue
[2026-09-19T10:36:09.623+0000] {logging_mixin.py:188} INFO - [2026-09-19T10:36:09.623+0000] {dagbag.py:545} INFO - Filling up the DagBag from /opt/airflow/dags/flight-pipeline.py
[2026-09-19T10:36:10.082+0000] {processor.py:840} INFO - DAG(s) 'flights_ops_medallion_pipe' retrieved from /opt/airflow/dags/flight-pipeline.py
[2026-09-19T10:36:10.129+0000] {logging_mixin.py:188} INFO - [2026-09-19T10:36:10.128+0000] {dag.py:3089} INFO - Sync 1 DAGs
[2026-09-19T10:36:10.388+0000] {logging_mixin.py:188} INFO - [2026-09-19T10:36:10.388+0000] {dag.py:3947} INFO - Setting next_dagrun for flights_ops_medallion_pipe to 2026-09-19 10:30:00+00:00, run_after=2026-09-19 11:00:00+00:00
[2026-09-19T10:36:10.411+0000] {processor.py:183} INFO - Processing /opt/airflow/dags/flight-pipeline.py took 0.802 seconds
[2026-09-19T10:36:40.706+0000] {processor.py:161} INFO - Started process (PID=1393) to work on /opt/airflow/dags/flight-pipeline.py
[2026-09-19T10:36:40.708+0000] {processor.py:830} INFO - Processing file /opt/airflow/dags/flight-pipeline.py for tasks to queue
[2026-09-19T10:36:40.712+0000] {logging_mixin.py:188} INFO - [2026-09-19T10:36:40.711+0000] {dagbag.py:545} INFO - Filling up the DagBag from /opt/airflow/dags/flight-pipeline.py
[2026-09-19T10:36:41.255+0000] {processor.py:840} INFO - DAG(s) 'flights_ops_medallion_pipe' retrieved from /opt/airflow/dags/flight-pipeline.py
[2026-09-19T10:36:41.514+0000] {logging_mixin.py:188} INFO - [2026-09-19T10:36:41.513+0000] {dag.py:3089} INFO - Sync 1 DAGs
[2026-09-19T10:36:41.542+0000] {logging_mixin.py:188} INFO - [2026-09-19T10:36:41.542+0000] {dag.py:3947} INFO - Setting next_dagrun for flights_ops_medallion_pipe to 2026-09-19 10:30:00+00:00, run_after=2026-09-19 11:00:00+00:00
[2026-09-19T10:36:41.566+0000] {processor.py:183} INFO - Processing /opt/airflow/dags/flight-pipeline.py took 0.869 seconds
[2026-09-19T10:37:11.866+0000] {processor.py:161} INFO - Started process (PID=1395) to work on /opt/airflow/dags/flight-pipeline.py
[2026-09-19T10:37:11.868+0000] {processor.py:830} INFO - Processing file /opt/airflow/dags/flight-pipeline.py for tasks to queue
[2026-09-19T10:37:11.872+0000] {logging_mixin.py:188} INFO - [2026-09-19T10:37:11.871+0000] {dagbag.py:545} INFO - Filling up the DagBag from /opt/airflow/dags/flight-pipeline.py
[2026-09-19T10:37:12.395+0000] {processor.py:840} INFO - DAG(s) 'flights_ops_medallion_pipe' retrieved from /opt/airflow/dags/flight-pipeline.py
[2026-09-19T10:37:12.441+0000] {logging_mixin.py:188} INFO - [2026-09-19T10:37:12.441+0000] {dag.py:3089} INFO - Sync 1 DAGs
[2026-09-19T10:37:12.481+0000] {logging_mixin.py:188} INFO - [2026-09-19T10:37:12.480+0000] {dag.py:3947} INFO - Setting next_dagrun for flights_ops_medallion_pipe to 2026-09-19 10:30:00+00:00, run_after=2026-09-19 11:00:00+00:00
[2026-09-19T10:37:12.517+0000] {processor.py:183} INFO - Processing /opt/airflow/dags/flight-pipeline.py took 0.660 seconds
[2026-09-19T10:37:42.803+0000] {processor.py:161} INFO - Started process (PID=1397) to work on /opt/airflow/dags/flight-pipeline.py
[2026-09-19T10:37:42.804+0000] {processor.py:830} INFO - Processing file /opt/airflow/dags/flight-pipeline.py for tasks to queue
[2026-09-19T10:37:42.807+0000] {logging_mixin.py:188} INFO - [2026-09-19T10:37:42.807+0000] {dagbag.py:545} INFO - Filling up the DagBag from /opt/airflow/dags/flight-pipeline.py
[2026-09-19T10:37:43.305+0000] {processor.py:840} INFO - DAG(s) 'flights_ops_medallion_pipe' retrieved from /opt/airflow/dags/flight-pipeline.py
[2026-09-19T10:37:43.358+0000] {logging_mixin.py:188} INFO - [2026-09-19T10:37:43.356+0000] {dag.py:3089} INFO - Sync 1 DAGs
[2026-09-19T10:37:43.390+0000] {logging_mixin.py:188} INFO - [2026-09-19T10:37:43.390+0000] {dag.py:3947} INFO - Setting next_dagrun for flights_ops_medallion_pipe to 2026-09-19 10:30:00+00:00, run_after=2026-09-19 11:00:00+00:00
[2026-09-19T10:37:43.427+0000] {processor.py:183} INFO - Processing /opt/airflow/dags/flight-pipeline.py took 0.632 seconds
[2026-09-19T10:38:13.618+0000] {processor.py:161} INFO - Started process (PID=1399) to work on /opt/airflow/dags/flight-pipeline.py
[2026-09-19T10:38:13.620+0000] {processor.py:830} INFO - Processing file /opt/airflow/dags/flight-pipeline.py for tasks to queue
[2026-09-19T10:38:13.624+0000] {logging_mixin.py:188} INFO - [2026-09-19T10:38:13.623+0000] {dagbag.py:545} INFO - Filling up the DagBag from /opt/airflow/dags/flight-pipeline.py
[2026-09-19T10:38:14.177+0000] {processor.py:840} INFO - DAG(s) 'flights_ops_medallion_pipe' retrieved from /opt/airflow/dags/flight-pipeline.py
[2026-09-19T10:38:14.229+0000] {logging_mixin.py:188} INFO - [2026-09-19T10:38:14.229+0000] {dag.py:3089} INFO - Sync 1 DAGs
[2026-09-19T10:38:14.265+0000] {logging_mixin.py:188} INFO - [2026-09-19T10:38:14.265+0000] {dag.py:3947} INFO - Setting next_dagrun for flights_ops_medallion_pipe to 2026-09-19 10:30:00+00:00, run_after=2026-09-19 11:00:00+00:00
[2026-09-19T10:38:14.498+0000] {processor.py:183} INFO - Processing /opt/airflow/dags/flight-pipeline.py took 0.890 seconds
[2026-09-19T10:38:44.829+0000] {processor.py:161} INFO - Started process (PID=1401) to work on /opt/airflow/dags/flight-pipeline.py
[2026-09-19T10:38:44.832+0000] {processor.py:830} INFO - Processing file /opt/airflow/dags/flight-pipeline.py for tasks to queue
[2026-09-19T10:38:44.838+0000] {logging_mixin.py:188} INFO - [2026-09-19T10:38:44.837+0000] {dagbag.py:545} INFO - Filling up the DagBag from /opt/airflow/dags/flight-pipeline.py
[2026-09-19T10:38:45.349+0000] {processor.py:840} INFO - DAG(s) 'flights_ops_medallion_pipe' retrieved from /opt/airflow/dags/flight-pipeline.py
[2026-09-19T10:38:45.405+0000] {logging_mixin.py:188} INFO - [2026-09-19T10:38:45.404+0000] {dag.py:3089} INFO - Sync 1 DAGs
[2026-09-19T10:38:45.669+0000] {logging_mixin.py:188} INFO - [2026-09-19T10:38:45.669+0000] {dag.py:3947} INFO - Setting next_dagrun for flights_ops_medallion_pipe to 2026-09-19 10:30:00+00:00, run_after=2026-09-19 11:00:00+00:00
[2026-09-19T10:38:45.692+0000] {processor.py:183} INFO - Processing /opt/airflow/dags/flight-pipeline.py took 0.885 seconds
[2026-09-19T10:39:16.006+0000] {processor.py:161} INFO - Started process (PID=1403) to work on /opt/airflow/dags/flight-pipeline.py
[2026-09-19T10:39:16.008+0000] {processor.py:830} INFO - Processing file /opt/airflow/dags/flight-pipeline.py for tasks to queue
[2026-09-19T10:39:16.011+0000] {logging_mixin.py:188} INFO - [2026-09-19T10:39:16.011+0000] {dagbag.py:545} INFO - Filling up the DagBag from /opt/airflow/dags/flight-pipeline.py
[2026-09-19T10:39:16.544+0000] {processor.py:840} INFO - DAG(s) 'flights_ops_medallion_pipe' retrieved from /opt/airflow/dags/flight-pipeline.py
[2026-09-19T10:39:16.594+0000] {logging_mixin.py:188} INFO - [2026-09-19T10:39:16.594+0000] {dag.py:3089} INFO - Sync 1 DAGs
[2026-09-19T10:39:16.854+0000] {logging_mixin.py:188} INFO - [2026-09-19T10:39:16.854+0000] {dag.py:3947} INFO - Setting next_dagrun for flights_ops_medallion_pipe to 2026-09-19 10:30:00+00:00, run_after=2026-09-19 11:00:00+00:00
[2026-09-19T10:39:16.881+0000] {processor.py:183} INFO - Processing /opt/airflow/dags/flight-pipeline.py took 0.884 seconds
[2026-09-19T10:39:47.180+0000] {processor.py:161} INFO - Started process (PID=1405) to work on /opt/airflow/dags/flight-pipeline.py
[2026-09-19T10:39:47.182+0000] {processor.py:830} INFO - Processing file /opt/airflow/dags/flight-pipeline.py for tasks to queue
[2026-09-19T10:39:47.186+0000] {logging_mixin.py:188} INFO - [2026-09-19T10:39:47.185+0000] {dagbag.py:545} INFO - Filling up the DagBag from /opt/airflow/dags/flight-pipeline.py
[2026-09-19T10:39:47.709+0000] {processor.py:840} INFO - DAG(s) 'flights_ops_medallion_pipe' retrieved from /opt/airflow/dags/flight-pipeline.py
[2026-09-19T10:39:47.998+0000] {logging_mixin.py:188} INFO - [2026-09-19T10:39:47.997+0000] {dag.py:3089} INFO - Sync 1 DAGs
[2026-09-19T10:39:48.030+0000] {logging_mixin.py:188} INFO - [2026-09-19T10:39:48.029+0000] {dag.py:3947} INFO - Setting next_dagrun for flights_ops_medallion_pipe to 2026-09-19 10:30:00+00:00, run_after=2026-09-19 11:00:00+00:00
[2026-09-19T10:39:48.056+0000] {processor.py:183} INFO - Processing /opt/airflow/dags/flight-pipeline.py took 0.885 seconds
[2026-09-19T10:40:18.360+0000] {processor.py:161} INFO - Started process (PID=1407) to work on /opt/airflow/dags/flight-pipeline.py
[2026-09-19T10:40:18.362+0000] {processor.py:830} INFO - Processing file /opt/airflow/dags/flight-pipeline.py for tasks to queue
[2026-09-19T10:40:18.365+0000] {logging_mixin.py:188} INFO - [2026-09-19T10:40:18.365+0000] {dagbag.py:545} INFO - Filling up the DagBag from /opt/airflow/dags/flight-pipeline.py
[2026-09-19T10:40:18.822+0000] {processor.py:840} INFO - DAG(s) 'flights_ops_medallion_pipe' retrieved from /opt/airflow/dags/flight-pipeline.py
[2026-09-19T10:40:18.865+0000] {logging_mixin.py:188} INFO - [2026-09-19T10:40:18.865+0000] {dag.py:3089} INFO - Sync 1 DAGs
[2026-09-19T10:40:18.898+0000] {logging_mixin.py:188} INFO - [2026-09-19T10:40:18.898+0000] {dag.py:3947} INFO - Setting next_dagrun for flights_ops_medallion_pipe to 2026-09-19 10:30:00+00:00, run_after=2026-09-19 11:00:00+00:00
[2026-09-19T10:40:18.923+0000] {processor.py:183} INFO - Processing /opt/airflow/dags/flight-pipeline.py took 0.577 seconds
[2026-09-19T10:40:49.209+0000] {processor.py:161} INFO - Started process (PID=1409) to work on /opt/airflow/dags/flight-pipeline.py
[2026-09-19T10:40:49.211+0000] {processor.py:830} INFO - Processing file /opt/airflow/dags/flight-pipeline.py for tasks to queue
[2026-09-19T10:40:49.214+0000] {logging_mixin.py:188} INFO - [2026-09-19T10:40:49.214+0000] {dagbag.py:545} INFO - Filling up the DagBag from /opt/airflow/dags/flight-pipeline.py
[2026-09-19T10:40:49.730+0000] {processor.py:840} INFO - DAG(s) 'flights_ops_medallion_pipe' retrieved from /opt/airflow/dags/flight-pipeline.py
[2026-09-19T10:40:49.790+0000] {logging_mixin.py:188} INFO - [2026-09-19T10:40:49.789+0000] {dag.py:3089} INFO - Sync 1 DAGs
[2026-09-19T10:40:49.823+0000] {logging_mixin.py:188} INFO - [2026-09-19T10:40:49.822+0000] {dag.py:3947} INFO - Setting next_dagrun for flights_ops_medallion_pipe to 2026-09-19 10:30:00+00:00, run_after=2026-09-19 11:00:00+00:00
[2026-09-19T10:40:49.853+0000] {processor.py:183} INFO - Processing /opt/airflow/dags/flight-pipeline.py took 0.654 seconds
[2026-09-19T10:41:20.055+0000] {processor.py:161} INFO - Started process (PID=1411) to work on /opt/airflow/dags/flight-pipeline.py
[2026-09-19T10:41:20.057+0000] {processor.py:830} INFO - Processing file /opt/airflow/dags/flight-pipeline.py for tasks to queue
[2026-09-19T10:41:20.061+0000] {logging_mixin.py:188} INFO - [2026-09-19T10:41:20.060+0000] {dagbag.py:545} INFO - Filling up the DagBag from /opt/airflow/dags/flight-pipeline.py
[2026-09-19T10:41:20.555+0000] {processor.py:840} INFO - DAG(s) 'flights_ops_medallion_pipe' retrieved from /opt/airflow/dags/flight-pipeline.py
[2026-09-19T10:41:20.600+0000] {logging_mixin.py:188} INFO - [2026-09-19T10:41:20.599+0000] {dag.py:3089} INFO - Sync 1 DAGs
[2026-09-19T10:41:20.635+0000] {logging_mixin.py:188} INFO - [2026-09-19T10:41:20.635+0000] {dag.py:3947} INFO - Setting next_dagrun for flights_ops_medallion_pipe to 2026-09-19 10:30:00+00:00, run_after=2026-09-19 11:00:00+00:00
[2026-09-19T10:41:20.868+0000] {processor.py:183} INFO - Processing /opt/airflow/dags/flight-pipeline.py took 0.825 seconds
[2026-09-19T10:41:51.171+0000] {processor.py:161} INFO - Started process (PID=1413) to work on /opt/airflow/dags/flight-pipeline.py
[2026-09-19T10:41:51.174+0000] {processor.py:830} INFO - Processing file /opt/airflow/dags/flight-pipeline.py for tasks to queue
[2026-09-19T10:41:51.177+0000] {logging_mixin.py:188} INFO - [2026-09-19T10:41:51.176+0000] {dagbag.py:545} INFO - Filling up the DagBag from /opt/airflow/dags/flight-pipeline.py
[2026-09-19T10:41:51.657+0000] {processor.py:840} INFO - DAG(s) 'flights_ops_medallion_pipe' retrieved from /opt/airflow/dags/flight-pipeline.py
[2026-09-19T10:41:51.701+0000] {logging_mixin.py:188} INFO - [2026-09-19T10:41:51.700+0000] {dag.py:3089} INFO - Sync 1 DAGs
[2026-09-19T10:41:51.970+0000] {logging_mixin.py:188} INFO - [2026-09-19T10:41:51.970+0000] {dag.py:3947} INFO - Setting next_dagrun for flights_ops_medallion_pipe to 2026-09-19 10:30:00+00:00, run_after=2026-09-19 11:00:00+00:00
[2026-09-19T10:41:51.999+0000] {processor.py:183} INFO - Processing /opt/airflow/dags/flight-pipeline.py took 0.837 seconds
[2026-09-19T10:42:22.306+0000] {processor.py:161} INFO - Started process (PID=1415) to work on /opt/airflow/dags/flight-pipeline.py
[2026-09-19T10:42:22.308+0000] {processor.py:830} INFO - Processing file /opt/airflow/dags/flight-pipeline.py for tasks to queue
[2026-09-19T10:42:22.312+0000] {logging_mixin.py:188} INFO - [2026-09-19T10:42:22.311+0000] {dagbag.py:545} INFO - Filling up the DagBag from /opt/airflow/dags/flight-pipeline.py
[2026-09-19T10:42:22.884+0000] {processor.py:840} INFO - DAG(s) 'flights_ops_medallion_pipe' retrieved from /opt/airflow/dags/flight-pipeline.py
[2026-09-19T10:42:22.927+0000] {logging_mixin.py:188} INFO - [2026-09-19T10:42:22.926+0000] {dag.py:3089} INFO - Sync 1 DAGs
[2026-09-19T10:42:23.176+0000] {logging_mixin.py:188} INFO - [2026-09-19T10:42:23.176+0000] {dag.py:3947} INFO - Setting next_dagrun for flights_ops_medallion_pipe to 2026-09-19 10:30:00+00:00, run_after=2026-09-19 11:00:00+00:00
[2026-09-19T10:42:23.198+0000] {processor.py:183} INFO - Processing /opt/airflow/dags/flight-pipeline.py took 0.902 seconds
[2026-09-19T10:42:53.492+0000] {processor.py:161} INFO - Started process (PID=1417) to work on /opt/airflow/dags/flight-pipeline.py
[2026-09-19T10:42:53.494+0000] {processor.py:830} INFO - Processing file /opt/airflow/dags/flight-pipeline.py for tasks to queue
[2026-09-19T10:42:53.497+0000] {logging_mixin.py:188} INFO - [2026-09-19T10:42:53.497+0000] {dagbag.py:545} INFO - Filling up the DagBag from /opt/airflow/dags/flight-pipeline.py
[2026-09-19T10:42:53.937+0000] {processor.py:840} INFO - DAG(s) 'flights_ops_medallion_pipe' retrieved from /opt/airflow/dags/flight-pipeline.py
[2026-09-19T10:42:54.220+0000] {logging_mixin.py:188} INFO - [2026-09-19T10:42:54.220+0000] {dag.py:3089} INFO - Sync 1 DAGs
[2026-09-19T10:42:54.248+0000] {logging_mixin.py:188} INFO - [2026-09-19T10:42:54.248+0000] {dag.py:3947} INFO - Setting next_dagrun for flights_ops_medallion_pipe to 2026-09-19 10:30:00+00:00, run_after=2026-09-19 11:00:00+00:00
[2026-09-19T10:42:54.271+0000] {processor.py:183} INFO - Processing /opt/airflow/dags/flight-pipeline.py took 0.788 seconds
[2026-09-19T10:43:24.565+0000] {processor.py:161} INFO - Started process (PID=1419) to work on /opt/airflow/dags/flight-pipeline.py
[2026-09-19T10:43:24.568+0000] {processor.py:830} INFO - Processing file /opt/airflow/dags/flight-pipeline.py for tasks to queue
[2026-09-19T10:43:24.572+0000] {logging_mixin.py:188} INFO - [2026-09-19T10:43:24.572+0000] {dagbag.py:545} INFO - Filling up the DagBag from /opt/airflow/dags/flight-pipeline.py
[2026-09-19T10:43:25.233+0000] {processor.py:840} INFO - DAG(s) 'flights_ops_medallion_pipe' retrieved from /opt/airflow/dags/flight-pipeline.py
[2026-09-19T10:43:25.288+0000] {logging_mixin.py:188} INFO - [2026-09-19T10:43:25.288+0000] {dag.py:3089} INFO - Sync 1 DAGs
[2026-09-19T10:43:25.331+0000] {logging_mixin.py:188} INFO - [2026-09-19T10:43:25.330+0000] {dag.py:3947} INFO - Setting next_dagrun for flights_ops_medallion_pipe to 2026-09-19 10:30:00+00:00, run_after=2026-09-19 11:00:00+00:00
[2026-09-19T10:43:25.363+0000] {processor.py:183} INFO - Processing /opt/airflow/dags/flight-pipeline.py took 0.817 seconds
[2026-09-19T10:43:55.643+0000] {processor.py:161} INFO - Started process (PID=1421) to work on /opt/airflow/dags/flight-pipeline.py
[2026-09-19T10:43:55.645+0000] {processor.py:830} INFO - Processing file /opt/airflow/dags/flight-pipeline.py for tasks to queue
[2026-09-19T10:43:55.649+0000] {logging_mixin.py:188} INFO - [2026-09-19T10:43:55.648+0000] {dagbag.py:545} INFO - Filling up the DagBag from /opt/airflow/dags/flight-pipeline.py
[2026-09-19T10:43:56.120+0000] {processor.py:840} INFO - DAG(s) 'flights_ops_medallion_pipe' retrieved from /opt/airflow/dags/flight-pipeline.py
[2026-09-19T10:43:56.175+0000] {logging_mixin.py:188} INFO - [2026-09-19T10:43:56.174+0000] {dag.py:3089} INFO - Sync 1 DAGs
[2026-09-19T10:43:56.212+0000] {logging_mixin.py:188} INFO - [2026-09-19T10:43:56.212+0000] {dag.py:3947} INFO - Setting next_dagrun for flights_ops_medallion_pipe to 2026-09-19 10:30:00+00:00, run_after=2026-09-19 11:00:00+00:00
[2026-09-19T10:43:56.246+0000] {processor.py:183} INFO - Processing /opt/airflow/dags/flight-pipeline.py took 0.613 seconds
[2026-09-19T10:44:26.463+0000] {processor.py:161} INFO - Started process (PID=1423) to work on /opt/airflow/dags/flight-pipeline.py
[2026-09-19T10:44:26.466+0000] {processor.py:830} INFO - Processing file /opt/airflow/dags/flight-pipeline.py for tasks to queue
[2026-09-19T10:44:26.470+0000] {logging_mixin.py:188} INFO - [2026-09-19T10:44:26.470+0000] {dagbag.py:545} INFO - Filling up the DagBag from /opt/airflow/dags/flight-pipeline.py
[2026-09-19T10:44:27.000+0000] {processor.py:840} INFO - DAG(s) 'flights_ops_medallion_pipe' retrieved from /opt/airflow/dags/flight-pipeline.py
[2026-09-19T10:44:27.057+0000] {logging_mixin.py:188} INFO - [2026-09-19T10:44:27.056+0000] {dag.py:3089} INFO - Sync 1 DAGs
[2026-09-19T10:44:27.099+0000] {logging_mixin.py:188} INFO - [2026-09-19T10:44:27.099+0000] {dag.py:3947} INFO - Setting next_dagrun for flights_ops_medallion_pipe to 2026-09-19 10:30:00+00:00, run_after=2026-09-19 11:00:00+00:00
[2026-09-19T10:44:27.381+0000] {processor.py:183} INFO - Processing /opt/airflow/dags/flight-pipeline.py took 0.932 seconds
[2026-09-19T10:44:57.682+0000] {processor.py:161} INFO - Started process (PID=1425) to work on /opt/airflow/dags/flight-pipeline.py
[2026-09-19T10:44:57.684+0000] {processor.py:830} INFO - Processing file /opt/airflow/dags/flight-pipeline.py for tasks to queue
[2026-09-19T10:44:57.688+0000] {logging_mixin.py:188} INFO - [2026-09-19T10:44:57.687+0000] {dagbag.py:545} INFO - Filling up the DagBag from /opt/airflow/dags/flight-pipeline.py
[2026-09-19T10:44:58.164+0000] {processor.py:840} INFO - DAG(s) 'flights_ops_medallion_pipe' retrieved from /opt/airflow/dags/flight-pipeline.py
[2026-09-19T10:44:58.212+0000] {logging_mixin.py:188} INFO - [2026-09-19T10:44:58.211+0000] {dag.py:3089} INFO - Sync 1 DAGs
[2026-09-19T10:44:58.485+0000] {logging_mixin.py:188} INFO - [2026-09-19T10:44:58.485+0000] {dag.py:3947} INFO - Setting next_dagrun for flights_ops_medallion_pipe to 2026-09-19 10:30:00+00:00, run_after=2026-09-19 11:00:00+00:00
[2026-09-19T10:44:58.510+0000] {processor.py:183} INFO - Processing /opt/airflow/dags/flight-pipeline.py took 0.838 seconds
[2026-09-19T10:45:28.809+0000] {processor.py:161} INFO - Started process (PID=1427) to work on /opt/airflow/dags/flight-pipeline.py
[2026-09-19T10:45:28.811+0000] {processor.py:830} INFO - Processing file /opt/airflow/dags/flight-pipeline.py for tasks to queue
[2026-09-19T10:45:28.815+0000] {logging_mixin.py:188} INFO - [2026-09-19T10:45:28.814+0000] {dagbag.py:545} INFO - Filling up the DagBag from /opt/airflow/dags/flight-pipeline.py
[2026-09-19T10:45:29.313+0000] {processor.py:840} INFO - DAG(s) 'flights_ops_medallion_pipe' retrieved from /opt/airflow/dags/flight-pipeline.py
[2026-09-19T10:45:29.369+0000] {logging_mixin.py:188} INFO - [2026-09-19T10:45:29.369+0000] {dag.py:3089} INFO - Sync 1 DAGs
[2026-09-19T10:45:29.622+0000] {logging_mixin.py:188} INFO - [2026-09-19T10:45:29.622+0000] {dag.py:3947} INFO - Setting next_dagrun for flights_ops_medallion_pipe to 2026-09-19 10:30:00+00:00, run_after=2026-09-19 11:00:00+00:00
[2026-09-19T10:45:29.648+0000] {processor.py:183} INFO - Processing /opt/airflow/dags/flight-pipeline.py took 0.851 seconds
[2026-09-19T10:45:59.965+0000] {processor.py:161} INFO - Started process (PID=1429) to work on /opt/airflow/dags/flight-pipeline.py
[2026-09-19T10:45:59.967+0000] {processor.py:830} INFO - Processing file /opt/airflow/dags/flight-pipeline.py for tasks to queue
[2026-09-19T10:45:59.971+0000] {logging_mixin.py:188} INFO - [2026-09-19T10:45:59.970+0000] {dagbag.py:545} INFO - Filling up the DagBag from /opt/airflow/dags/flight-pipeline.py
[2026-09-19T10:46:00.527+0000] {processor.py:840} INFO - DAG(s) 'flights_ops_medallion_pipe' retrieved from /opt/airflow/dags/flight-pipeline.py
[2026-09-19T10:46:00.571+0000] {logging_mixin.py:188} INFO - [2026-09-19T10:46:00.571+0000] {dag.py:3089} INFO - Sync 1 DAGs
[2026-09-19T10:46:00.606+0000] {logging_mixin.py:188} INFO - [2026-09-19T10:46:00.606+0000] {dag.py:3947} INFO - Setting next_dagrun for flights_ops_medallion_pipe to 2026-09-19 10:30:00+00:00, run_after=2026-09-19 11:00:00+00:00
[2026-09-19T10:46:00.634+0000] {processor.py:183} INFO - Processing /opt/airflow/dags/flight-pipeline.py took 0.680 seconds
[2026-09-19T10:46:30.899+0000] {processor.py:161} INFO - Started process (PID=1431) to work on /opt/airflow/dags/flight-pipeline.py
[2026-09-19T10:46:30.901+0000] {processor.py:830} INFO - Processing file /opt/airflow/dags/flight-pipeline.py for tasks to queue
[2026-09-19T10:46:30.905+0000] {logging_mixin.py:188} INFO - [2026-09-19T10:46:30.904+0000] {dagbag.py:545} INFO - Filling up the DagBag from /opt/airflow/dags/flight-pipeline.py
[2026-09-19T10:46:31.470+0000] {processor.py:840} INFO - DAG(s) 'flights_ops_medallion_pipe' retrieved from /opt/airflow/dags/flight-pipeline.py
[2026-09-19T10:46:31.533+0000] {logging_mixin.py:188} INFO - [2026-09-19T10:46:31.532+0000] {dag.py:3089} INFO - Sync 1 DAGs
[2026-09-19T10:46:31.576+0000] {logging_mixin.py:188} INFO - [2026-09-19T10:46:31.576+0000] {dag.py:3947} INFO - Setting next_dagrun for flights_ops_medallion_pipe to 2026-09-19 10:30:00+00:00, run_after=2026-09-19 11:00:00+00:00
[2026-09-19T10:46:31.610+0000] {processor.py:183} INFO - Processing /opt/airflow/dags/flight-pipeline.py took 0.721 seconds
[2026-09-19T10:47:01.865+0000] {processor.py:161} INFO - Started process (PID=1433) to work on /opt/airflow/dags/flight-pipeline.py
[2026-09-19T10:47:01.867+0000] {processor.py:830} INFO - Processing file /opt/airflow/dags/flight-pipeline.py for tasks to queue
[2026-09-19T10:47:01.870+0000] {logging_mixin.py:188} INFO - [2026-09-19T10:47:01.870+0000] {dagbag.py:545} INFO - Filling up the DagBag from /opt/airflow/dags/flight-pipeline.py
[2026-09-19T10:47:02.332+0000] {processor.py:840} INFO - DAG(s) 'flights_ops_medallion_pipe' retrieved from /opt/airflow/dags/flight-pipeline.py
[2026-09-19T10:47:02.376+0000] {logging_mixin.py:188} INFO - [2026-09-19T10:47:02.375+0000] {dag.py:3089} INFO - Sync 1 DAGs
[2026-09-19T10:47:02.411+0000] {logging_mixin.py:188} INFO - [2026-09-19T10:47:02.411+0000] {dag.py:3947} INFO - Setting next_dagrun for flights_ops_medallion_pipe to 2026-09-19 10:30:00+00:00, run_after=2026-09-19 11:00:00+00:00
[2026-09-19T10:47:02.719+0000] {processor.py:183} INFO - Processing /opt/airflow/dags/flight-pipeline.py took 0.862 seconds
[2026-09-19T10:47:32.830+0000] {processor.py:161} INFO - Started process (PID=1435) to work on /opt/airflow/dags/flight-pipeline.py
[2026-09-19T10:47:32.833+0000] {processor.py:830} INFO - Processing file /opt/airflow/dags/flight-pipeline.py for tasks to queue
[2026-09-19T10:47:32.837+0000] {logging_mixin.py:188} INFO - [2026-09-19T10:47:32.836+0000] {dagbag.py:545} INFO - Filling up the DagBag from /opt/airflow/dags/flight-pipeline.py
[2026-09-19T10:47:33.321+0000] {processor.py:840} INFO - DAG(s) 'flights_ops_medallion_pipe' retrieved from /opt/airflow/dags/flight-pipeline.py
[2026-09-19T10:47:33.371+0000] {logging_mixin.py:188} INFO - [2026-09-19T10:47:33.370+0000] {dag.py:3089} INFO - Sync 1 DAGs
[2026-09-19T10:47:33.625+0000] {logging_mixin.py:188} INFO - [2026-09-19T10:47:33.625+0000] {dag.py:3947} INFO - Setting next_dagrun for flights_ops_medallion_pipe to 2026-09-19 10:30:00+00:00, run_after=2026-09-19 11:00:00+00:00
[2026-09-19T10:47:33.650+0000] {processor.py:183} INFO - Processing /opt/airflow/dags/flight-pipeline.py took 0.834 seconds
[2026-09-19T10:48:03.969+0000] {processor.py:161} INFO - Started process (PID=1437) to work on /opt/airflow/dags/flight-pipeline.py
[2026-09-19T10:48:03.971+0000] {processor.py:830} INFO - Processing file /opt/airflow/dags/flight-pipeline.py for tasks to queue
[2026-09-19T10:48:03.977+0000] {logging_mixin.py:188} INFO - [2026-09-19T10:48:03.976+0000] {dagbag.py:545} INFO - Filling up the DagBag from /opt/airflow/dags/flight-pipeline.py
[2026-09-19T10:48:04.473+0000] {processor.py:840} INFO - DAG(s) 'flights_ops_medallion_pipe' retrieved from /opt/airflow/dags/flight-pipeline.py
[2026-09-19T10:48:04.540+0000] {logging_mixin.py:188} INFO - [2026-09-19T10:48:04.540+0000] {dag.py:3089} INFO - Sync 1 DAGs
[2026-09-19T10:48:04.795+0000] {logging_mixin.py:188} INFO - [2026-09-19T10:48:04.795+0000] {dag.py:3947} INFO - Setting next_dagrun for flights_ops_medallion_pipe to 2026-09-19 10:30:00+00:00, run_after=2026-09-19 11:00:00+00:00
[2026-09-19T10:48:04.833+0000] {processor.py:183} INFO - Processing /opt/airflow/dags/flight-pipeline.py took 0.874 seconds
[2026-09-19T10:48:35.122+0000] {processor.py:161} INFO - Started process (PID=1439) to work on /opt/airflow/dags/flight-pipeline.py
[2026-09-19T10:48:35.124+0000] {processor.py:830} INFO - Processing file /opt/airflow/dags/flight-pipeline.py for tasks to queue
[2026-09-19T10:48:35.128+0000] {logging_mixin.py:188} INFO - [2026-09-19T10:48:35.127+0000] {dagbag.py:545} INFO - Filling up the DagBag from /opt/airflow/dags/flight-pipeline.py
[2026-09-19T10:48:35.656+0000] {processor.py:840} INFO - DAG(s) 'flights_ops_medallion_pipe' retrieved from /opt/airflow/dags/flight-pipeline.py
[2026-09-19T10:48:35.913+0000] {logging_mixin.py:188} INFO - [2026-09-19T10:48:35.912+0000] {dag.py:3089} INFO - Sync 1 DAGs
[2026-09-19T10:48:35.940+0000] {logging_mixin.py:188} INFO - [2026-09-19T10:48:35.940+0000] {dag.py:3947} INFO - Setting next_dagrun for flights_ops_medallion_pipe to 2026-09-19 10:30:00+00:00, run_after=2026-09-19 11:00:00+00:00
[2026-09-19T10:48:35.966+0000] {processor.py:183} INFO - Processing /opt/airflow/dags/flight-pipeline.py took 0.854 seconds
[2026-09-19T10:49:06.253+0000] {processor.py:161} INFO - Started process (PID=1441) to work on /opt/airflow/dags/flight-pipeline.py
[2026-09-19T10:49:06.255+0000] {processor.py:830} INFO - Processing file /opt/airflow/dags/flight-pipeline.py for tasks to queue
[2026-09-19T10:49:06.261+0000] {logging_mixin.py:188} INFO - [2026-09-19T10:49:06.260+0000] {dagbag.py:545} INFO - Filling up the DagBag from /opt/airflow/dags/flight-pipeline.py
[2026-09-19T10:49:06.804+0000] {processor.py:840} INFO - DAG(s) 'flights_ops_medallion_pipe' retrieved from /opt/airflow/dags/flight-pipeline.py
[2026-09-19T10:49:07.096+0000] {logging_mixin.py:188} INFO - [2026-09-19T10:49:07.095+0000] {dag.py:3089} INFO - Sync 1 DAGs
[2026-09-19T10:49:07.129+0000] {logging_mixin.py:188} INFO - [2026-09-19T10:49:07.129+0000] {dag.py:3947} INFO - Setting next_dagrun for flights_ops_medallion_pipe to 2026-09-19 10:30:00+00:00, run_after=2026-09-19 11:00:00+00:00
[2026-09-19T10:49:07.164+0000] {processor.py:183} INFO - Processing /opt/airflow/dags/flight-pipeline.py took 0.920 seconds
[2026-09-19T10:49:37.435+0000] {processor.py:161} INFO - Started process (PID=1443) to work on /opt/airflow/dags/flight-pipeline.py
[2026-09-19T10:49:37.437+0000] {processor.py:830} INFO - Processing file /opt/airflow/dags/flight-pipeline.py for tasks to queue
[2026-09-19T10:49:37.440+0000] {logging_mixin.py:188} INFO - [2026-09-19T10:49:37.439+0000] {dagbag.py:545} INFO - Filling up the DagBag from /opt/airflow/dags/flight-pipeline.py
[2026-09-19T10:49:37.897+0000] {processor.py:840} INFO - DAG(s) 'flights_ops_medallion_pipe' retrieved from /opt/airflow/dags/flight-pipeline.py
[2026-09-19T10:49:37.939+0000] {logging_mixin.py:188} INFO - [2026-09-19T10:49:37.939+0000] {dag.py:3089} INFO - Sync 1 DAGs
[2026-09-19T10:49:37.972+0000] {logging_mixin.py:188} INFO - [2026-09-19T10:49:37.972+0000] {dag.py:3947} INFO - Setting next_dagrun for flights_ops_medallion_pipe to 2026-09-19 10:30:00+00:00, run_after=2026-09-19 11:00:00+00:00
[2026-09-19T10:49:37.995+0000] {processor.py:183} INFO - Processing /opt/airflow/dags/flight-pipeline.py took 0.568 seconds
[2026-09-19T10:50:08.140+0000] {processor.py:161} INFO - Started process (PID=1445) to work on /opt/airflow/dags/flight-pipeline.py
[2026-09-19T10:50:08.142+0000] {processor.py:830} INFO - Processing file /opt/airflow/dags/flight-pipeline.py for tasks to queue
[2026-09-19T10:50:08.146+0000] {logging_mixin.py:188} INFO - [2026-09-19T10:50:08.145+0000] {dagbag.py:545} INFO - Filling up the DagBag from /opt/airflow/dags/flight-pipeline.py
[2026-09-19T10:50:08.713+0000] {processor.py:840} INFO - DAG(s) 'flights_ops_medallion_pipe' retrieved from /opt/airflow/dags/flight-pipeline.py
[2026-09-19T10:50:08.770+0000] {logging_mixin.py:188} INFO - [2026-09-19T10:50:08.770+0000] {dag.py:3089} INFO - Sync 1 DAGs
[2026-09-19T10:50:08.822+0000] {logging_mixin.py:188} INFO - [2026-09-19T10:50:08.822+0000] {dag.py:3947} INFO - Setting next_dagrun for flights_ops_medallion_pipe to 2026-09-19 10:30:00+00:00, run_after=2026-09-19 11:00:00+00:00
[2026-09-19T10:50:09.083+0000] {processor.py:183} INFO - Processing /opt/airflow/dags/flight-pipeline.py took 0.952 seconds
[2026-09-19T10:50:39.387+0000] {processor.py:161} INFO - Started process (PID=1447) to work on /opt/airflow/dags/flight-pipeline.py
[2026-09-19T10:50:39.388+0000] {processor.py:830} INFO - Processing file /opt/airflow/dags/flight-pipeline.py for tasks to queue
[2026-09-19T10:50:39.393+0000] {logging_mixin.py:188} INFO - [2026-09-19T10:50:39.392+0000] {dagbag.py:545} INFO - Filling up the DagBag from /opt/airflow/dags/flight-pipeline.py
[2026-09-19T10:50:39.918+0000] {processor.py:840} INFO - DAG(s) 'flights_ops_medallion_pipe' retrieved from /opt/airflow/dags/flight-pipeline.py
[2026-09-19T10:50:39.966+0000] {logging_mixin.py:188} INFO - [2026-09-19T10:50:39.966+0000] {dag.py:3089} INFO - Sync 1 DAGs
[2026-09-19T10:50:40.268+0000] {logging_mixin.py:188} INFO - [2026-09-19T10:50:40.268+0000] {dag.py:3947} INFO - Setting next_dagrun for flights_ops_medallion_pipe to 2026-09-19 10:30:00+00:00, run_after=2026-09-19 11:00:00+00:00
[2026-09-19T10:50:40.301+0000] {processor.py:183} INFO - Processing /opt/airflow/dags/flight-pipeline.py took 0.922 seconds
[2026-09-19T10:51:10.685+0000] {processor.py:161} INFO - Started process (PID=1449) to work on /opt/airflow/dags/flight-pipeline.py
[2026-09-19T10:51:10.687+0000] {processor.py:830} INFO - Processing file /opt/airflow/dags/flight-pipeline.py for tasks to queue
[2026-09-19T10:51:10.693+0000] {logging_mixin.py:188} INFO - [2026-09-19T10:51:10.692+0000] {dagbag.py:545} INFO - Filling up the DagBag from /opt/airflow/dags/flight-pipeline.py
[2026-09-19T10:51:11.225+0000] {processor.py:840} INFO - DAG(s) 'flights_ops_medallion_pipe' retrieved from /opt/airflow/dags/flight-pipeline.py
[2026-09-19T10:51:11.275+0000] {logging_mixin.py:188} INFO - [2026-09-19T10:51:11.274+0000] {dag.py:3089} INFO - Sync 1 DAGs
[2026-09-19T10:51:11.541+0000] {logging_mixin.py:188} INFO - [2026-09-19T10:51:11.541+0000] {dag.py:3947} INFO - Setting next_dagrun for flights_ops_medallion_pipe to 2026-09-19 10:30:00+00:00, run_after=2026-09-19 11:00:00+00:00
[2026-09-19T10:51:11.568+0000] {processor.py:183} INFO - Processing /opt/airflow/dags/flight-pipeline.py took 0.893 seconds
[2026-09-19T10:51:41.853+0000] {processor.py:161} INFO - Started process (PID=1451) to work on /opt/airflow/dags/flight-pipeline.py
[2026-09-19T10:51:41.855+0000] {processor.py:830} INFO - Processing file /opt/airflow/dags/flight-pipeline.py for tasks to queue
[2026-09-19T10:51:41.858+0000] {logging_mixin.py:188} INFO - [2026-09-19T10:51:41.857+0000] {dagbag.py:545} INFO - Filling up the DagBag from /opt/airflow/dags/flight-pipeline.py
[2026-09-19T10:51:42.296+0000] {processor.py:840} INFO - DAG(s) 'flights_ops_medallion_pipe' retrieved from /opt/airflow/dags/flight-pipeline.py
[2026-09-19T10:51:42.551+0000] {logging_mixin.py:188} INFO - [2026-09-19T10:51:42.551+0000] {dag.py:3089} INFO - Sync 1 DAGs
[2026-09-19T10:51:42.578+0000] {logging_mixin.py:188} INFO - [2026-09-19T10:51:42.578+0000] {dag.py:3947} INFO - Setting next_dagrun for flights_ops_medallion_pipe to 2026-09-19 10:30:00+00:00, run_after=2026-09-19 11:00:00+00:00
[2026-09-19T10:51:42.599+0000] {processor.py:183} INFO - Processing /opt/airflow/dags/flight-pipeline.py took 0.755 seconds
[2026-09-19T10:52:12.892+0000] {processor.py:161} INFO - Started process (PID=1453) to work on /opt/airflow/dags/flight-pipeline.py
[2026-09-19T10:52:12.896+0000] {processor.py:830} INFO - Processing file /opt/airflow/dags/flight-pipeline.py for tasks to queue
[2026-09-19T10:52:12.902+0000] {logging_mixin.py:188} INFO - [2026-09-19T10:52:12.900+0000] {dagbag.py:545} INFO - Filling up the DagBag from /opt/airflow/dags/flight-pipeline.py
[2026-09-19T10:52:13.449+0000] {processor.py:840} INFO - DAG(s) 'flights_ops_medallion_pipe' retrieved from /opt/airflow/dags/flight-pipeline.py
[2026-09-19T10:52:13.727+0000] {logging_mixin.py:188} INFO - [2026-09-19T10:52:13.726+0000] {dag.py:3089} INFO - Sync 1 DAGs
[2026-09-19T10:52:13.756+0000] {logging_mixin.py:188} INFO - [2026-09-19T10:52:13.755+0000] {dag.py:3947} INFO - Setting next_dagrun for flights_ops_medallion_pipe to 2026-09-19 10:30:00+00:00, run_after=2026-09-19 11:00:00+00:00
[2026-09-19T10:52:13.780+0000] {processor.py:183} INFO - Processing /opt/airflow/dags/flight-pipeline.py took 0.898 seconds
[2026-09-19T10:52:44.089+0000] {processor.py:161} INFO - Started process (PID=1455) to work on /opt/airflow/dags/flight-pipeline.py
[2026-09-19T10:52:44.091+0000] {processor.py:830} INFO - Processing file /opt/airflow/dags/flight-pipeline.py for tasks to queue
[2026-09-19T10:52:44.096+0000] {logging_mixin.py:188} INFO - [2026-09-19T10:52:44.095+0000] {dagbag.py:545} INFO - Filling up the DagBag from /opt/airflow/dags/flight-pipeline.py
[2026-09-19T10:52:44.644+0000] {processor.py:840} INFO - DAG(s) 'flights_ops_medallion_pipe' retrieved from /opt/airflow/dags/flight-pipeline.py
[2026-09-19T10:52:44.695+0000] {logging_mixin.py:188} INFO - [2026-09-19T10:52:44.694+0000] {dag.py:3089} INFO - Sync 1 DAGs
[2026-09-19T10:52:44.732+0000] {logging_mixin.py:188} INFO - [2026-09-19T10:52:44.731+0000] {dag.py:3947} INFO - Setting next_dagrun for flights_ops_medallion_pipe to 2026-09-19 10:30:00+00:00, run_after=2026-09-19 11:00:00+00:00
[2026-09-19T10:52:44.764+0000] {processor.py:183} INFO - Processing /opt/airflow/dags/flight-pipeline.py took 0.690 seconds
[2026-09-19T10:53:15.068+0000] {processor.py:161} INFO - Started process (PID=1457) to work on /opt/airflow/dags/flight-pipeline.py
[2026-09-19T10:53:15.071+0000] {processor.py:830} INFO - Processing file /opt/airflow/dags/flight-pipeline.py for tasks to queue
[2026-09-19T10:53:15.075+0000] {logging_mixin.py:188} INFO - [2026-09-19T10:53:15.074+0000] {dagbag.py:545} INFO - Filling up the DagBag from /opt/airflow/dags/flight-pipeline.py
[2026-09-19T10:53:15.662+0000] {processor.py:840} INFO - DAG(s) 'flights_ops_medallion_pipe' retrieved from /opt/airflow/dags/flight-pipeline.py
[2026-09-19T10:53:15.708+0000] {logging_mixin.py:188} INFO - [2026-09-19T10:53:15.707+0000] {dag.py:3089} INFO - Sync 1 DAGs
[2026-09-19T10:53:15.742+0000] {logging_mixin.py:188} INFO - [2026-09-19T10:53:15.742+0000] {dag.py:3947} INFO - Setting next_dagrun for flights_ops_medallion_pipe to 2026-09-19 10:30:00+00:00, run_after=2026-09-19 11:00:00+00:00
[2026-09-19T10:53:16.018+0000] {processor.py:183} INFO - Processing /opt/airflow/dags/flight-pipeline.py took 0.968 seconds
[2026-09-19T10:53:46.299+0000] {processor.py:161} INFO - Started process (PID=1459) to work on /opt/airflow/dags/flight-pipeline.py
[2026-09-19T10:53:46.302+0000] {processor.py:830} INFO - Processing file /opt/airflow/dags/flight-pipeline.py for tasks to queue
[2026-09-19T10:53:46.306+0000] {logging_mixin.py:188} INFO - [2026-09-19T10:53:46.305+0000] {dagbag.py:545} INFO - Filling up the DagBag from /opt/airflow/dags/flight-pipeline.py
[2026-09-19T10:53:46.822+0000] {processor.py:840} INFO - DAG(s) 'flights_ops_medallion_pipe' retrieved from /opt/airflow/dags/flight-pipeline.py
[2026-09-19T10:53:46.879+0000] {logging_mixin.py:188} INFO - [2026-09-19T10:53:46.879+0000] {dag.py:3089} INFO - Sync 1 DAGs
[2026-09-19T10:53:47.168+0000] {logging_mixin.py:188} INFO - [2026-09-19T10:53:47.167+0000] {dag.py:3947} INFO - Setting next_dagrun for flights_ops_medallion_pipe to 2026-09-19 10:30:00+00:00, run_after=2026-09-19 11:00:00+00:00
[2026-09-19T10:53:47.193+0000] {processor.py:183} INFO - Processing /opt/airflow/dags/flight-pipeline.py took 0.903 seconds
[2026-09-19T10:54:17.495+0000] {processor.py:161} INFO - Started process (PID=1461) to work on /opt/airflow/dags/flight-pipeline.py
[2026-09-19T10:54:17.497+0000] {processor.py:830} INFO - Processing file /opt/airflow/dags/flight-pipeline.py for tasks to queue
[2026-09-19T10:54:17.502+0000] {logging_mixin.py:188} INFO - [2026-09-19T10:54:17.502+0000] {dagbag.py:545} INFO - Filling up the DagBag from /opt/airflow/dags/flight-pipeline.py
[2026-09-19T10:54:18.034+0000] {processor.py:840} INFO - DAG(s) 'flights_ops_medallion_pipe' retrieved from /opt/airflow/dags/flight-pipeline.py
[2026-09-19T10:54:18.076+0000] {logging_mixin.py:188} INFO - [2026-09-19T10:54:18.076+0000] {dag.py:3089} INFO - Sync 1 DAGs
[2026-09-19T10:54:18.309+0000] {logging_mixin.py:188} INFO - [2026-09-19T10:54:18.309+0000] {dag.py:3947} INFO - Setting next_dagrun for flights_ops_medallion_pipe to 2026-09-19 10:30:00+00:00, run_after=2026-09-19 11:00:00+00:00
[2026-09-19T10:54:18.333+0000] {processor.py:183} INFO - Processing /opt/airflow/dags/flight-pipeline.py took 0.850 seconds
[2026-09-19T10:54:48.604+0000] {processor.py:161} INFO - Started process (PID=1463) to work on /opt/airflow/dags/flight-pipeline.py
[2026-09-19T10:54:48.607+0000] {processor.py:830} INFO - Processing file /opt/airflow/dags/flight-pipeline.py for tasks to queue
[2026-09-19T10:54:48.610+0000] {logging_mixin.py:188} INFO - [2026-09-19T10:54:48.609+0000] {dagbag.py:545} INFO - Filling up the DagBag from /opt/airflow/dags/flight-pipeline.py
[2026-09-19T10:54:49.172+0000] {processor.py:840} INFO - DAG(s) 'flights_ops_medallion_pipe' retrieved from /opt/airflow/dags/flight-pipeline.py
[2026-09-19T10:54:49.465+0000] {logging_mixin.py:188} INFO - [2026-09-19T10:54:49.465+0000] {dag.py:3089} INFO - Sync 1 DAGs
[2026-09-19T10:54:49.500+0000] {logging_mixin.py:188} INFO - [2026-09-19T10:54:49.499+0000] {dag.py:3947} INFO - Setting next_dagrun for flights_ops_medallion_pipe to 2026-09-19 10:30:00+00:00, run_after=2026-09-19 11:00:00+00:00
[2026-09-19T10:54:49.530+0000] {processor.py:183} INFO - Processing /opt/airflow/dags/flight-pipeline.py took 0.935 seconds
[2026-09-19T10:55:19.815+0000] {processor.py:161} INFO - Started process (PID=1465) to work on /opt/airflow/dags/flight-pipeline.py
[2026-09-19T10:55:19.817+0000] {processor.py:830} INFO - Processing file /opt/airflow/dags/flight-pipeline.py for tasks to queue
[2026-09-19T10:55:19.820+0000] {logging_mixin.py:188} INFO - [2026-09-19T10:55:19.820+0000] {dagbag.py:545} INFO - Filling up the DagBag from /opt/airflow/dags/flight-pipeline.py
[2026-09-19T10:55:20.281+0000] {processor.py:840} INFO - DAG(s) 'flights_ops_medallion_pipe' retrieved from /opt/airflow/dags/flight-pipeline.py
[2026-09-19T10:55:20.323+0000] {logging_mixin.py:188} INFO - [2026-09-19T10:55:20.323+0000] {dag.py:3089} INFO - Sync 1 DAGs
[2026-09-19T10:55:20.353+0000] {logging_mixin.py:188} INFO - [2026-09-19T10:55:20.353+0000] {dag.py:3947} INFO - Setting next_dagrun for flights_ops_medallion_pipe to 2026-09-19 10:30:00+00:00, run_after=2026-09-19 11:00:00+00:00
[2026-09-19T10:55:20.379+0000] {processor.py:183} INFO - Processing /opt/airflow/dags/flight-pipeline.py took 0.572 seconds
[2026-09-19T10:55:50.689+0000] {processor.py:161} INFO - Started process (PID=1467) to work on /opt/airflow/dags/flight-pipeline.py
[2026-09-19T10:55:50.692+0000] {processor.py:830} INFO - Processing file /opt/airflow/dags/flight-pipeline.py for tasks to queue
[2026-09-19T10:55:50.696+0000] {logging_mixin.py:188} INFO - [2026-09-19T10:55:50.695+0000] {dagbag.py:545} INFO - Filling up the DagBag from /opt/airflow/dags/flight-pipeline.py
[2026-09-19T10:55:51.203+0000] {processor.py:840} INFO - DAG(s) 'flights_ops_medallion_pipe' retrieved from /opt/airflow/dags/flight-pipeline.py
[2026-09-19T10:55:51.260+0000] {logging_mixin.py:188} INFO - [2026-09-19T10:55:51.259+0000] {dag.py:3089} INFO - Sync 1 DAGs
[2026-09-19T10:55:51.292+0000] {logging_mixin.py:188} INFO - [2026-09-19T10:55:51.291+0000] {dag.py:3947} INFO - Setting next_dagrun for flights_ops_medallion_pipe to 2026-09-19 10:30:00+00:00, run_after=2026-09-19 11:00:00+00:00
[2026-09-19T10:55:51.318+0000] {processor.py:183} INFO - Processing /opt/airflow/dags/flight-pipeline.py took 0.646 seconds
[2026-09-19T10:56:21.466+0000] {processor.py:161} INFO - Started process (PID=1469) to work on /opt/airflow/dags/flight-pipeline.py
[2026-09-19T10:56:21.468+0000] {processor.py:830} INFO - Processing file /opt/airflow/dags/flight-pipeline.py for tasks to queue
[2026-09-19T10:56:21.472+0000] {logging_mixin.py:188} INFO - [2026-09-19T10:56:21.471+0000] {dagbag.py:545} INFO - Filling up the DagBag from /opt/airflow/dags/flight-pipeline.py
[2026-09-19T10:56:21.968+0000] {processor.py:840} INFO - DAG(s) 'flights_ops_medallion_pipe' retrieved from /opt/airflow/dags/flight-pipeline.py
[2026-09-19T10:56:22.012+0000] {logging_mixin.py:188} INFO - [2026-09-19T10:56:22.011+0000] {dag.py:3089} INFO - Sync 1 DAGs
[2026-09-19T10:56:22.046+0000] {logging_mixin.py:188} INFO - [2026-09-19T10:56:22.045+0000] {dag.py:3947} INFO - Setting next_dagrun for flights_ops_medallion_pipe to 2026-09-19 10:30:00+00:00, run_after=2026-09-19 11:00:00+00:00
[2026-09-19T10:56:22.299+0000] {processor.py:183} INFO - Processing /opt/airflow/dags/flight-pipeline.py took 0.843 seconds
[2026-09-19T10:56:52.599+0000] {processor.py:161} INFO - Started process (PID=1471) to work on /opt/airflow/dags/flight-pipeline.py
[2026-09-19T10:56:52.601+0000] {processor.py:830} INFO - Processing file /opt/airflow/dags/flight-pipeline.py for tasks to queue
[2026-09-19T10:56:52.605+0000] {logging_mixin.py:188} INFO - [2026-09-19T10:56:52.604+0000] {dagbag.py:545} INFO - Filling up the DagBag from /opt/airflow/dags/flight-pipeline.py
[2026-09-19T10:56:53.208+0000] {processor.py:840} INFO - DAG(s) 'flights_ops_medallion_pipe' retrieved from /opt/airflow/dags/flight-pipeline.py
[2026-09-19T10:56:53.265+0000] {logging_mixin.py:188} INFO - [2026-09-19T10:56:53.265+0000] {dag.py:3089} INFO - Sync 1 DAGs
[2026-09-19T10:56:53.525+0000] {logging_mixin.py:188} INFO - [2026-09-19T10:56:53.525+0000] {dag.py:3947} INFO - Setting next_dagrun for flights_ops_medallion_pipe to 2026-09-19 10:30:00+00:00, run_after=2026-09-19 11:00:00+00:00
[2026-09-19T10:56:53.550+0000] {processor.py:183} INFO - Processing /opt/airflow/dags/flight-pipeline.py took 0.961 seconds
[2026-09-19T10:57:23.853+0000] {processor.py:161} INFO - Started process (PID=1473) to work on /opt/airflow/dags/flight-pipeline.py
[2026-09-19T10:57:23.854+0000] {processor.py:830} INFO - Processing file /opt/airflow/dags/flight-pipeline.py for tasks to queue
[2026-09-19T10:57:23.858+0000] {logging_mixin.py:188} INFO - [2026-09-19T10:57:23.857+0000] {dagbag.py:545} INFO - Filling up the DagBag from /opt/airflow/dags/flight-pipeline.py
[2026-09-19T10:57:24.409+0000] {processor.py:840} INFO - DAG(s) 'flights_ops_medallion_pipe' retrieved from /opt/airflow/dags/flight-pipeline.py
[2026-09-19T10:57:24.469+0000] {logging_mixin.py:188} INFO - [2026-09-19T10:57:24.468+0000] {dag.py:3089} INFO - Sync 1 DAGs
[2026-09-19T10:57:24.755+0000] {logging_mixin.py:188} INFO - [2026-09-19T10:57:24.754+0000] {dag.py:3947} INFO - Setting next_dagrun for flights_ops_medallion_pipe to 2026-09-19 10:30:00+00:00, run_after=2026-09-19 11:00:00+00:00
[2026-09-19T10:57:24.783+0000] {processor.py:183} INFO - Processing /opt/airflow/dags/flight-pipeline.py took 0.943 seconds
[2026-09-19T10:57:55.096+0000] {processor.py:161} INFO - Started process (PID=1475) to work on /opt/airflow/dags/flight-pipeline.py
[2026-09-19T10:57:55.098+0000] {processor.py:830} INFO - Processing file /opt/airflow/dags/flight-pipeline.py for tasks to queue
[2026-09-19T10:57:55.102+0000] {logging_mixin.py:188} INFO - [2026-09-19T10:57:55.101+0000] {dagbag.py:545} INFO - Filling up the DagBag from /opt/airflow/dags/flight-pipeline.py
[2026-09-19T10:57:55.626+0000] {processor.py:840} INFO - DAG(s) 'flights_ops_medallion_pipe' retrieved from /opt/airflow/dags/flight-pipeline.py
[2026-09-19T10:57:55.889+0000] {logging_mixin.py:188} INFO - [2026-09-19T10:57:55.889+0000] {dag.py:3089} INFO - Sync 1 DAGs
[2026-09-19T10:57:55.920+0000] {logging_mixin.py:188} INFO - [2026-09-19T10:57:55.920+0000] {dag.py:3947} INFO - Setting next_dagrun for flights_ops_medallion_pipe to 2026-09-19 10:30:00+00:00, run_after=2026-09-19 11:00:00+00:00
[2026-09-19T10:57:55.947+0000] {processor.py:183} INFO - Processing /opt/airflow/dags/flight-pipeline.py took 0.860 seconds
[2026-09-19T10:58:26.257+0000] {processor.py:161} INFO - Started process (PID=1477) to work on /opt/airflow/dags/flight-pipeline.py
[2026-09-19T10:58:26.259+0000] {processor.py:830} INFO - Processing file /opt/airflow/dags/flight-pipeline.py for tasks to queue
[2026-09-19T10:58:26.267+0000] {logging_mixin.py:188} INFO - [2026-09-19T10:58:26.266+0000] {dagbag.py:545} INFO - Filling up the DagBag from /opt/airflow/dags/flight-pipeline.py
[2026-09-19T10:58:26.738+0000] {processor.py:840} INFO - DAG(s) 'flights_ops_medallion_pipe' retrieved from /opt/airflow/dags/flight-pipeline.py
[2026-09-19T10:58:26.800+0000] {logging_mixin.py:188} INFO - [2026-09-19T10:58:26.799+0000] {dag.py:3089} INFO - Sync 1 DAGs
[2026-09-19T10:58:26.869+0000] {logging_mixin.py:188} INFO - [2026-09-19T10:58:26.868+0000] {dag.py:3947} INFO - Setting next_dagrun for flights_ops_medallion_pipe to 2026-09-19 10:30:00+00:00, run_after=2026-09-19 11:00:00+00:00
[2026-09-19T10:58:26.902+0000] {processor.py:183} INFO - Processing /opt/airflow/dags/flight-pipeline.py took 0.655 seconds
[2026-09-19T10:58:57.192+0000] {processor.py:161} INFO - Started process (PID=1479) to work on /opt/airflow/dags/flight-pipeline.py
[2026-09-19T10:58:57.194+0000] {processor.py:830} INFO - Processing file /opt/airflow/dags/flight-pipeline.py for tasks to queue
[2026-09-19T10:58:57.198+0000] {logging_mixin.py:188} INFO - [2026-09-19T10:58:57.197+0000] {dagbag.py:545} INFO - Filling up the DagBag from /opt/airflow/dags/flight-pipeline.py
[2026-09-19T10:58:57.714+0000] {processor.py:840} INFO - DAG(s) 'flights_ops_medallion_pipe' retrieved from /opt/airflow/dags/flight-pipeline.py
[2026-09-19T10:58:57.773+0000] {logging_mixin.py:188} INFO - [2026-09-19T10:58:57.772+0000] {dag.py:3089} INFO - Sync 1 DAGs
[2026-09-19T10:58:57.808+0000] {logging_mixin.py:188} INFO - [2026-09-19T10:58:57.808+0000] {dag.py:3947} INFO - Setting next_dagrun for flights_ops_medallion_pipe to 2026-09-19 10:30:00+00:00, run_after=2026-09-19 11:00:00+00:00
[2026-09-19T10:58:57.835+0000] {processor.py:183} INFO - Processing /opt/airflow/dags/flight-pipeline.py took 0.652 seconds
[2026-09-19T10:59:28.093+0000] {processor.py:161} INFO - Started process (PID=1481) to work on /opt/airflow/dags/flight-pipeline.py
[2026-09-19T10:59:28.096+0000] {processor.py:830} INFO - Processing file /opt/airflow/dags/flight-pipeline.py for tasks to queue
[2026-09-19T10:59:28.100+0000] {logging_mixin.py:188} INFO - [2026-09-19T10:59:28.100+0000] {dagbag.py:545} INFO - Filling up the DagBag from /opt/airflow/dags/flight-pipeline.py
[2026-09-19T10:59:28.652+0000] {processor.py:840} INFO - DAG(s) 'flights_ops_medallion_pipe' retrieved from /opt/airflow/dags/flight-pipeline.py
[2026-09-19T10:59:28.703+0000] {logging_mixin.py:188} INFO - [2026-09-19T10:59:28.703+0000] {dag.py:3089} INFO - Sync 1 DAGs
[2026-09-19T10:59:28.742+0000] {logging_mixin.py:188} INFO - [2026-09-19T10:59:28.742+0000] {dag.py:3947} INFO - Setting next_dagrun for flights_ops_medallion_pipe to 2026-09-19 10:30:00+00:00, run_after=2026-09-19 11:00:00+00:00
[2026-09-19T10:59:28.972+0000] {processor.py:183} INFO - Processing /opt/airflow/dags/flight-pipeline.py took 0.888 seconds
[2026-09-19T10:59:59.104+0000] {processor.py:161} INFO - Started process (PID=1483) to work on /opt/airflow/dags/flight-pipeline.py
[2026-09-19T10:59:59.106+0000] {processor.py:830} INFO - Processing file /opt/airflow/dags/flight-pipeline.py for tasks to queue
[2026-09-19T10:59:59.110+0000] {logging_mixin.py:188} INFO - [2026-09-19T10:59:59.110+0000] {dagbag.py:545} INFO - Filling up the DagBag from /opt/airflow/dags/flight-pipeline.py
[2026-09-19T10:59:59.637+0000] {processor.py:840} INFO - DAG(s) 'flights_ops_medallion_pipe' retrieved from /opt/airflow/dags/flight-pipeline.py
[2026-09-19T10:59:59.690+0000] {logging_mixin.py:188} INFO - [2026-09-19T10:59:59.689+0000] {dag.py:3089} INFO - Sync 1 DAGs
[2026-09-19T10:59:59.957+0000] {logging_mixin.py:188} INFO - [2026-09-19T10:59:59.957+0000] {dag.py:3947} INFO - Setting next_dagrun for flights_ops_medallion_pipe to 2026-09-19 10:30:00+00:00, run_after=2026-09-19 11:00:00+00:00
[2026-09-19T10:59:59.991+0000] {processor.py:183} INFO - Processing /opt/airflow/dags/flight-pipeline.py took 0.900 seconds
[2026-09-19T11:00:30.302+0000] {processor.py:161} INFO - Started process (PID=1659) to work on /opt/airflow/dags/flight-pipeline.py
[2026-09-19T11:00:30.305+0000] {processor.py:830} INFO - Processing file /opt/airflow/dags/flight-pipeline.py for tasks to queue
[2026-09-19T11:00:30.309+0000] {logging_mixin.py:188} INFO - [2026-09-19T11:00:30.308+0000] {dagbag.py:545} INFO - Filling up the DagBag from /opt/airflow/dags/flight-pipeline.py
[2026-09-19T11:00:30.824+0000] {processor.py:840} INFO - DAG(s) 'flights_ops_medallion_pipe' retrieved from /opt/airflow/dags/flight-pipeline.py
[2026-09-19T11:00:30.887+0000] {logging_mixin.py:188} INFO - [2026-09-19T11:00:30.887+0000] {dag.py:3089} INFO - Sync 1 DAGs
[2026-09-19T11:00:31.129+0000] {logging_mixin.py:188} INFO - [2026-09-19T11:00:31.128+0000] {dag.py:3947} INFO - Setting next_dagrun for flights_ops_medallion_pipe to 2026-09-19 11:00:00+00:00, run_after=2026-09-19 11:30:00+00:00
[2026-09-19T11:00:31.153+0000] {processor.py:183} INFO - Processing /opt/airflow/dags/flight-pipeline.py took 0.862 seconds
[2026-09-19T11:01:01.476+0000] {processor.py:161} INFO - Started process (PID=1661) to work on /opt/airflow/dags/flight-pipeline.py
[2026-09-19T11:01:01.479+0000] {processor.py:830} INFO - Processing file /opt/airflow/dags/flight-pipeline.py for tasks to queue
[2026-09-19T11:01:01.482+0000] {logging_mixin.py:188} INFO - [2026-09-19T11:01:01.482+0000] {dagbag.py:545} INFO - Filling up the DagBag from /opt/airflow/dags/flight-pipeline.py
[2026-09-19T11:01:01.948+0000] {processor.py:840} INFO - DAG(s) 'flights_ops_medallion_pipe' retrieved from /opt/airflow/dags/flight-pipeline.py
[2026-09-19T11:01:02.252+0000] {logging_mixin.py:188} INFO - [2026-09-19T11:01:02.251+0000] {dag.py:3089} INFO - Sync 1 DAGs
[2026-09-19T11:01:02.294+0000] {logging_mixin.py:188} INFO - [2026-09-19T11:01:02.294+0000] {dag.py:3947} INFO - Setting next_dagrun for flights_ops_medallion_pipe to 2026-09-19 11:00:00+00:00, run_after=2026-09-19 11:30:00+00:00
[2026-09-19T11:01:02.317+0000] {processor.py:183} INFO - Processing /opt/airflow/dags/flight-pipeline.py took 0.854 seconds
[2026-09-19T11:01:32.667+0000] {processor.py:161} INFO - Started process (PID=1663) to work on /opt/airflow/dags/flight-pipeline.py
[2026-09-19T11:01:32.669+0000] {processor.py:830} INFO - Processing file /opt/airflow/dags/flight-pipeline.py for tasks to queue
[2026-09-19T11:01:32.673+0000] {logging_mixin.py:188} INFO - [2026-09-19T11:01:32.672+0000] {dagbag.py:545} INFO - Filling up the DagBag from /opt/airflow/dags/flight-pipeline.py
[2026-09-19T11:01:33.144+0000] {processor.py:840} INFO - DAG(s) 'flights_ops_medallion_pipe' retrieved from /opt/airflow/dags/flight-pipeline.py
[2026-09-19T11:01:33.192+0000] {logging_mixin.py:188} INFO - [2026-09-19T11:01:33.192+0000] {dag.py:3089} INFO - Sync 1 DAGs
[2026-09-19T11:01:33.233+0000] {logging_mixin.py:188} INFO - [2026-09-19T11:01:33.233+0000] {dag.py:3947} INFO - Setting next_dagrun for flights_ops_medallion_pipe to 2026-09-19 11:00:00+00:00, run_after=2026-09-19 11:30:00+00:00
[2026-09-19T11:01:33.262+0000] {processor.py:183} INFO - Processing /opt/airflow/dags/flight-pipeline.py took 0.604 seconds
[2026-09-19T11:02:03.545+0000] {processor.py:161} INFO - Started process (PID=1665) to work on /opt/airflow/dags/flight-pipeline.py
[2026-09-19T11:02:03.547+0000] {processor.py:830} INFO - Processing file /opt/airflow/dags/flight-pipeline.py for tasks to queue
[2026-09-19T11:02:03.550+0000] {logging_mixin.py:188} INFO - [2026-09-19T11:02:03.550+0000] {dagbag.py:545} INFO - Filling up the DagBag from /opt/airflow/dags/flight-pipeline.py
[2026-09-19T11:02:04.019+0000] {processor.py:840} INFO - DAG(s) 'flights_ops_medallion_pipe' retrieved from /opt/airflow/dags/flight-pipeline.py
[2026-09-19T11:02:04.074+0000] {logging_mixin.py:188} INFO - [2026-09-19T11:02:04.073+0000] {dag.py:3089} INFO - Sync 1 DAGs
[2026-09-19T11:02:04.114+0000] {logging_mixin.py:188} INFO - [2026-09-19T11:02:04.114+0000] {dag.py:3947} INFO - Setting next_dagrun for flights_ops_medallion_pipe to 2026-09-19 11:00:00+00:00, run_after=2026-09-19 11:30:00+00:00
[2026-09-19T11:02:04.353+0000] {processor.py:183} INFO - Processing /opt/airflow/dags/flight-pipeline.py took 0.819 seconds
[2026-09-19T11:02:34.632+0000] {processor.py:161} INFO - Started process (PID=1667) to work on /opt/airflow/dags/flight-pipeline.py
[2026-09-19T11:02:34.634+0000] {processor.py:830} INFO - Processing file /opt/airflow/dags/flight-pipeline.py for tasks to queue
[2026-09-19T11:02:34.637+0000] {logging_mixin.py:188} INFO - [2026-09-19T11:02:34.636+0000] {dagbag.py:545} INFO - Filling up the DagBag from /opt/airflow/dags/flight-pipeline.py
[2026-09-19T11:02:35.084+0000] {processor.py:840} INFO - DAG(s) 'flights_ops_medallion_pipe' retrieved from /opt/airflow/dags/flight-pipeline.py
[2026-09-19T11:02:35.130+0000] {logging_mixin.py:188} INFO - [2026-09-19T11:02:35.130+0000] {dag.py:3089} INFO - Sync 1 DAGs
[2026-09-19T11:02:35.388+0000] {logging_mixin.py:188} INFO - [2026-09-19T11:02:35.388+0000] {dag.py:3947} INFO - Setting next_dagrun for flights_ops_medallion_pipe to 2026-09-19 11:00:00+00:00, run_after=2026-09-19 11:30:00+00:00
[2026-09-19T11:02:35.415+0000] {processor.py:183} INFO - Processing /opt/airflow/dags/flight-pipeline.py took 0.792 seconds
[2026-09-19T11:03:05.601+0000] {processor.py:161} INFO - Started process (PID=1669) to work on /opt/airflow/dags/flight-pipeline.py
[2026-09-19T11:03:05.603+0000] {processor.py:830} INFO - Processing file /opt/airflow/dags/flight-pipeline.py for tasks to queue
[2026-09-19T11:03:05.607+0000] {logging_mixin.py:188} INFO - [2026-09-19T11:03:05.606+0000] {dagbag.py:545} INFO - Filling up the DagBag from /opt/airflow/dags/flight-pipeline.py
[2026-09-19T11:03:06.124+0000] {processor.py:840} INFO - DAG(s) 'flights_ops_medallion_pipe' retrieved from /opt/airflow/dags/flight-pipeline.py
[2026-09-19T11:03:06.173+0000] {logging_mixin.py:188} INFO - [2026-09-19T11:03:06.172+0000] {dag.py:3089} INFO - Sync 1 DAGs
[2026-09-19T11:03:06.427+0000] {logging_mixin.py:188} INFO - [2026-09-19T11:03:06.427+0000] {dag.py:3947} INFO - Setting next_dagrun for flights_ops_medallion_pipe to 2026-09-19 11:00:00+00:00, run_after=2026-09-19 11:30:00+00:00
[2026-09-19T11:03:06.459+0000] {processor.py:183} INFO - Processing /opt/airflow/dags/flight-pipeline.py took 0.867 seconds
[2026-09-19T11:03:36.787+0000] {processor.py:161} INFO - Started process (PID=1671) to work on /opt/airflow/dags/flight-pipeline.py
[2026-09-19T11:03:36.789+0000] {processor.py:830} INFO - Processing file /opt/airflow/dags/flight-pipeline.py for tasks to queue
[2026-09-19T11:03:36.793+0000] {logging_mixin.py:188} INFO - [2026-09-19T11:03:36.793+0000] {dagbag.py:545} INFO - Filling up the DagBag from /opt/airflow/dags/flight-pipeline.py
[2026-09-19T11:03:37.280+0000] {processor.py:840} INFO - DAG(s) 'flights_ops_medallion_pipe' retrieved from /opt/airflow/dags/flight-pipeline.py
[2026-09-19T11:03:37.548+0000] {logging_mixin.py:188} INFO - [2026-09-19T11:03:37.547+0000] {dag.py:3089} INFO - Sync 1 DAGs
[2026-09-19T11:03:37.578+0000] {logging_mixin.py:188} INFO - [2026-09-19T11:03:37.578+0000] {dag.py:3947} INFO - Setting next_dagrun for flights_ops_medallion_pipe to 2026-09-19 11:00:00+00:00, run_after=2026-09-19 11:30:00+00:00
[2026-09-19T11:03:37.607+0000] {processor.py:183} INFO - Processing /opt/airflow/dags/flight-pipeline.py took 0.833 seconds
[2026-09-19T11:04:07.927+0000] {processor.py:161} INFO - Started process (PID=1673) to work on /opt/airflow/dags/flight-pipeline.py
[2026-09-19T11:04:07.929+0000] {processor.py:830} INFO - Processing file /opt/airflow/dags/flight-pipeline.py for tasks to queue
[2026-09-19T11:04:07.932+0000] {logging_mixin.py:188} INFO - [2026-09-19T11:04:07.932+0000] {dagbag.py:545} INFO - Filling up the DagBag from /opt/airflow/dags/flight-pipeline.py
[2026-09-19T11:04:08.435+0000] {processor.py:840} INFO - DAG(s) 'flights_ops_medallion_pipe' retrieved from /opt/airflow/dags/flight-pipeline.py
[2026-09-19T11:04:08.717+0000] {logging_mixin.py:188} INFO - [2026-09-19T11:04:08.716+0000] {dag.py:3089} INFO - Sync 1 DAGs
[2026-09-19T11:04:08.752+0000] {logging_mixin.py:188} INFO - [2026-09-19T11:04:08.752+0000] {dag.py:3947} INFO - Setting next_dagrun for flights_ops_medallion_pipe to 2026-09-19 11:00:00+00:00, run_after=2026-09-19 11:30:00+00:00
[2026-09-19T11:04:08.776+0000] {processor.py:183} INFO - Processing /opt/airflow/dags/flight-pipeline.py took 0.857 seconds
[2026-09-19T11:04:39.101+0000] {processor.py:161} INFO - Started process (PID=1675) to work on /opt/airflow/dags/flight-pipeline.py
[2026-09-19T11:04:39.104+0000] {processor.py:830} INFO - Processing file /opt/airflow/dags/flight-pipeline.py for tasks to queue
[2026-09-19T11:04:39.108+0000] {logging_mixin.py:188} INFO - [2026-09-19T11:04:39.107+0000] {dagbag.py:545} INFO - Filling up the DagBag from /opt/airflow/dags/flight-pipeline.py
[2026-09-19T11:04:39.620+0000] {processor.py:840} INFO - DAG(s) 'flights_ops_medallion_pipe' retrieved from /opt/airflow/dags/flight-pipeline.py
[2026-09-19T11:04:39.668+0000] {logging_mixin.py:188} INFO - [2026-09-19T11:04:39.668+0000] {dag.py:3089} INFO - Sync 1 DAGs
[2026-09-19T11:04:39.702+0000] {logging_mixin.py:188} INFO - [2026-09-19T11:04:39.702+0000] {dag.py:3947} INFO - Setting next_dagrun for flights_ops_medallion_pipe to 2026-09-19 11:00:00+00:00, run_after=2026-09-19 11:30:00+00:00
[2026-09-19T11:04:39.732+0000] {processor.py:183} INFO - Processing /opt/airflow/dags/flight-pipeline.py took 0.640 seconds
[2026-09-19T11:05:10.020+0000] {processor.py:161} INFO - Started process (PID=1677) to work on /opt/airflow/dags/flight-pipeline.py
[2026-09-19T11:05:10.022+0000] {processor.py:830} INFO - Processing file /opt/airflow/dags/flight-pipeline.py for tasks to queue
[2026-09-19T11:05:10.027+0000] {logging_mixin.py:188} INFO - [2026-09-19T11:05:10.026+0000] {dagbag.py:545} INFO - Filling up the DagBag from /opt/airflow/dags/flight-pipeline.py
[2026-09-19T11:05:10.555+0000] {processor.py:840} INFO - DAG(s) 'flights_ops_medallion_pipe' retrieved from /opt/airflow/dags/flight-pipeline.py
[2026-09-19T11:05:10.613+0000] {logging_mixin.py:188} INFO - [2026-09-19T11:05:10.612+0000] {dag.py:3089} INFO - Sync 1 DAGs
[2026-09-19T11:05:10.650+0000] {logging_mixin.py:188} INFO - [2026-09-19T11:05:10.650+0000] {dag.py:3947} INFO - Setting next_dagrun for flights_ops_medallion_pipe to 2026-09-19 11:00:00+00:00, run_after=2026-09-19 11:30:00+00:00
[2026-09-19T11:05:10.904+0000] {processor.py:183} INFO - Processing /opt/airflow/dags/flight-pipeline.py took 0.895 seconds
[2026-09-19T11:05:41.229+0000] {processor.py:161} INFO - Started process (PID=1679) to work on /opt/airflow/dags/flight-pipeline.py
[2026-09-19T11:05:41.231+0000] {processor.py:830} INFO - Processing file /opt/airflow/dags/flight-pipeline.py for tasks to queue
[2026-09-19T11:05:41.235+0000] {logging_mixin.py:188} INFO - [2026-09-19T11:05:41.234+0000] {dagbag.py:545} INFO - Filling up the DagBag from /opt/airflow/dags/flight-pipeline.py
[2026-09-19T11:05:41.745+0000] {processor.py:840} INFO - DAG(s) 'flights_ops_medallion_pipe' retrieved from /opt/airflow/dags/flight-pipeline.py
[2026-09-19T11:05:41.796+0000] {logging_mixin.py:188} INFO - [2026-09-19T11:05:41.795+0000] {dag.py:3089} INFO - Sync 1 DAGs
[2026-09-19T11:05:42.054+0000] {logging_mixin.py:188} INFO - [2026-09-19T11:05:42.054+0000] {dag.py:3947} INFO - Setting next_dagrun for flights_ops_medallion_pipe to 2026-09-19 11:00:00+00:00, run_after=2026-09-19 11:30:00+00:00
[2026-09-19T11:05:42.080+0000] {processor.py:183} INFO - Processing /opt/airflow/dags/flight-pipeline.py took 0.862 seconds
[2026-09-19T11:06:12.191+0000] {processor.py:161} INFO - Started process (PID=1681) to work on /opt/airflow/dags/flight-pipeline.py
[2026-09-19T11:06:12.193+0000] {processor.py:830} INFO - Processing file /opt/airflow/dags/flight-pipeline.py for tasks to queue
[2026-09-19T11:06:12.197+0000] {logging_mixin.py:188} INFO - [2026-09-19T11:06:12.197+0000] {dagbag.py:545} INFO - Filling up the DagBag from /opt/airflow/dags/flight-pipeline.py
[2026-09-19T11:06:12.703+0000] {processor.py:840} INFO - DAG(s) 'flights_ops_medallion_pipe' retrieved from /opt/airflow/dags/flight-pipeline.py
[2026-09-19T11:06:12.750+0000] {logging_mixin.py:188} INFO - [2026-09-19T11:06:12.750+0000] {dag.py:3089} INFO - Sync 1 DAGs
[2026-09-19T11:06:12.993+0000] {logging_mixin.py:188} INFO - [2026-09-19T11:06:12.993+0000] {dag.py:3947} INFO - Setting next_dagrun for flights_ops_medallion_pipe to 2026-09-19 11:00:00+00:00, run_after=2026-09-19 11:30:00+00:00
[2026-09-19T11:06:13.017+0000] {processor.py:183} INFO - Processing /opt/airflow/dags/flight-pipeline.py took 0.835 seconds
[2026-09-19T11:06:43.357+0000] {processor.py:161} INFO - Started process (PID=1683) to work on /opt/airflow/dags/flight-pipeline.py
[2026-09-19T11:06:43.359+0000] {processor.py:830} INFO - Processing file /opt/airflow/dags/flight-pipeline.py for tasks to queue
[2026-09-19T11:06:43.364+0000] {logging_mixin.py:188} INFO - [2026-09-19T11:06:43.363+0000] {dagbag.py:545} INFO - Filling up the DagBag from /opt/airflow/dags/flight-pipeline.py
[2026-09-19T11:06:43.921+0000] {processor.py:840} INFO - DAG(s) 'flights_ops_medallion_pipe' retrieved from /opt/airflow/dags/flight-pipeline.py
[2026-09-19T11:06:44.180+0000] {logging_mixin.py:188} INFO - [2026-09-19T11:06:44.179+0000] {dag.py:3089} INFO - Sync 1 DAGs
[2026-09-19T11:06:44.207+0000] {logging_mixin.py:188} INFO - [2026-09-19T11:06:44.207+0000] {dag.py:3947} INFO - Setting next_dagrun for flights_ops_medallion_pipe to 2026-09-19 11:00:00+00:00, run_after=2026-09-19 11:30:00+00:00
[2026-09-19T11:06:44.231+0000] {processor.py:183} INFO - Processing /opt/airflow/dags/flight-pipeline.py took 0.888 seconds
[2026-09-19T11:07:14.543+0000] {processor.py:161} INFO - Started process (PID=1685) to work on /opt/airflow/dags/flight-pipeline.py
[2026-09-19T11:07:14.547+0000] {processor.py:830} INFO - Processing file /opt/airflow/dags/flight-pipeline.py for tasks to queue
[2026-09-19T11:07:14.554+0000] {logging_mixin.py:188} INFO - [2026-09-19T11:07:14.553+0000] {dagbag.py:545} INFO - Filling up the DagBag from /opt/airflow/dags/flight-pipeline.py
[2026-09-19T11:07:15.050+0000] {processor.py:840} INFO - DAG(s) 'flights_ops_medallion_pipe' retrieved from /opt/airflow/dags/flight-pipeline.py
[2026-09-19T11:07:15.284+0000] {logging_mixin.py:188} INFO - [2026-09-19T11:07:15.283+0000] {dag.py:3089} INFO - Sync 1 DAGs
[2026-09-19T11:07:15.311+0000] {logging_mixin.py:188} INFO - [2026-09-19T11:07:15.310+0000] {dag.py:3947} INFO - Setting next_dagrun for flights_ops_medallion_pipe to 2026-09-19 11:00:00+00:00, run_after=2026-09-19 11:30:00+00:00
[2026-09-19T11:07:15.334+0000] {processor.py:183} INFO - Processing /opt/airflow/dags/flight-pipeline.py took 0.808 seconds
[2026-09-19T11:07:45.677+0000] {processor.py:161} INFO - Started process (PID=1687) to work on /opt/airflow/dags/flight-pipeline.py
[2026-09-19T11:07:45.682+0000] {processor.py:830} INFO - Processing file /opt/airflow/dags/flight-pipeline.py for tasks to queue
[2026-09-19T11:07:45.688+0000] {logging_mixin.py:188} INFO - [2026-09-19T11:07:45.687+0000] {dagbag.py:545} INFO - Filling up the DagBag from /opt/airflow/dags/flight-pipeline.py
[2026-09-19T11:07:46.189+0000] {processor.py:840} INFO - DAG(s) 'flights_ops_medallion_pipe' retrieved from /opt/airflow/dags/flight-pipeline.py
[2026-09-19T11:07:46.239+0000] {logging_mixin.py:188} INFO - [2026-09-19T11:07:46.238+0000] {dag.py:3089} INFO - Sync 1 DAGs
[2026-09-19T11:07:46.274+0000] {logging_mixin.py:188} INFO - [2026-09-19T11:07:46.274+0000] {dag.py:3947} INFO - Setting next_dagrun for flights_ops_medallion_pipe to 2026-09-19 11:00:00+00:00, run_after=2026-09-19 11:30:00+00:00
[2026-09-19T11:07:46.302+0000] {processor.py:183} INFO - Processing /opt/airflow/dags/flight-pipeline.py took 0.645 seconds
[2026-09-19T11:08:16.593+0000] {processor.py:161} INFO - Started process (PID=1689) to work on /opt/airflow/dags/flight-pipeline.py
[2026-09-19T11:08:16.596+0000] {processor.py:830} INFO - Processing file /opt/airflow/dags/flight-pipeline.py for tasks to queue
[2026-09-19T11:08:16.599+0000] {logging_mixin.py:188} INFO - [2026-09-19T11:08:16.599+0000] {dagbag.py:545} INFO - Filling up the DagBag from /opt/airflow/dags/flight-pipeline.py
[2026-09-19T11:08:17.052+0000] {processor.py:840} INFO - DAG(s) 'flights_ops_medallion_pipe' retrieved from /opt/airflow/dags/flight-pipeline.py
[2026-09-19T11:08:17.103+0000] {logging_mixin.py:188} INFO - [2026-09-19T11:08:17.102+0000] {dag.py:3089} INFO - Sync 1 DAGs
[2026-09-19T11:08:17.141+0000] {logging_mixin.py:188} INFO - [2026-09-19T11:08:17.141+0000] {dag.py:3947} INFO - Setting next_dagrun for flights_ops_medallion_pipe to 2026-09-19 11:00:00+00:00, run_after=2026-09-19 11:30:00+00:00
[2026-09-19T11:08:17.383+0000] {processor.py:183} INFO - Processing /opt/airflow/dags/flight-pipeline.py took 0.800 seconds
[2026-09-19T11:08:47.558+0000] {processor.py:161} INFO - Started process (PID=1691) to work on /opt/airflow/dags/flight-pipeline.py
[2026-09-19T11:08:47.560+0000] {processor.py:830} INFO - Processing file /opt/airflow/dags/flight-pipeline.py for tasks to queue
[2026-09-19T11:08:47.565+0000] {logging_mixin.py:188} INFO - [2026-09-19T11:08:47.564+0000] {dagbag.py:545} INFO - Filling up the DagBag from /opt/airflow/dags/flight-pipeline.py
[2026-09-19T11:08:48.107+0000] {processor.py:840} INFO - DAG(s) 'flights_ops_medallion_pipe' retrieved from /opt/airflow/dags/flight-pipeline.py
[2026-09-19T11:08:48.160+0000] {logging_mixin.py:188} INFO - [2026-09-19T11:08:48.159+0000] {dag.py:3089} INFO - Sync 1 DAGs
[2026-09-19T11:08:48.464+0000] {logging_mixin.py:188} INFO - [2026-09-19T11:08:48.463+0000] {dag.py:3947} INFO - Setting next_dagrun for flights_ops_medallion_pipe to 2026-09-19 11:00:00+00:00, run_after=2026-09-19 11:30:00+00:00
[2026-09-19T11:08:48.491+0000] {processor.py:183} INFO - Processing /opt/airflow/dags/flight-pipeline.py took 0.943 seconds
[2026-09-19T11:09:18.828+0000] {processor.py:161} INFO - Started process (PID=1693) to work on /opt/airflow/dags/flight-pipeline.py
[2026-09-19T11:09:18.831+0000] {processor.py:830} INFO - Processing file /opt/airflow/dags/flight-pipeline.py for tasks to queue
[2026-09-19T11:09:18.837+0000] {logging_mixin.py:188} INFO - [2026-09-19T11:09:18.836+0000] {dagbag.py:545} INFO - Filling up the DagBag from /opt/airflow/dags/flight-pipeline.py
[2026-09-19T11:09:19.440+0000] {processor.py:840} INFO - DAG(s) 'flights_ops_medallion_pipe' retrieved from /opt/airflow/dags/flight-pipeline.py
[2026-09-19T11:09:19.498+0000] {logging_mixin.py:188} INFO - [2026-09-19T11:09:19.498+0000] {dag.py:3089} INFO - Sync 1 DAGs
[2026-09-19T11:09:19.770+0000] {logging_mixin.py:188} INFO - [2026-09-19T11:09:19.770+0000] {dag.py:3947} INFO - Setting next_dagrun for flights_ops_medallion_pipe to 2026-09-19 11:00:00+00:00, run_after=2026-09-19 11:30:00+00:00
[2026-09-19T11:09:19.797+0000] {processor.py:183} INFO - Processing /opt/airflow/dags/flight-pipeline.py took 0.987 seconds
[2026-09-19T11:09:50.124+0000] {processor.py:161} INFO - Started process (PID=1695) to work on /opt/airflow/dags/flight-pipeline.py
[2026-09-19T11:09:50.127+0000] {processor.py:830} INFO - Processing file /opt/airflow/dags/flight-pipeline.py for tasks to queue
[2026-09-19T11:09:50.132+0000] {logging_mixin.py:188} INFO - [2026-09-19T11:09:50.132+0000] {dagbag.py:545} INFO - Filling up the DagBag from /opt/airflow/dags/flight-pipeline.py
[2026-09-19T11:09:50.645+0000] {processor.py:840} INFO - DAG(s) 'flights_ops_medallion_pipe' retrieved from /opt/airflow/dags/flight-pipeline.py
[2026-09-19T11:09:50.930+0000] {logging_mixin.py:188} INFO - [2026-09-19T11:09:50.930+0000] {dag.py:3089} INFO - Sync 1 DAGs
[2026-09-19T11:09:50.957+0000] {logging_mixin.py:188} INFO - [2026-09-19T11:09:50.957+0000] {dag.py:3947} INFO - Setting next_dagrun for flights_ops_medallion_pipe to 2026-09-19 11:00:00+00:00, run_after=2026-09-19 11:30:00+00:00
[2026-09-19T11:09:50.982+0000] {processor.py:183} INFO - Processing /opt/airflow/dags/flight-pipeline.py took 0.880 seconds
[2026-09-19T11:10:21.305+0000] {processor.py:161} INFO - Started process (PID=1697) to work on /opt/airflow/dags/flight-pipeline.py
[2026-09-19T11:10:21.308+0000] {processor.py:830} INFO - Processing file /opt/airflow/dags/flight-pipeline.py for tasks to queue
[2026-09-19T11:10:21.313+0000] {logging_mixin.py:188} INFO - [2026-09-19T11:10:21.312+0000] {dagbag.py:545} INFO - Filling up the DagBag from /opt/airflow/dags/flight-pipeline.py
[2026-09-19T11:10:22.113+0000] {processor.py:840} INFO - DAG(s) 'flights_ops_medallion_pipe' retrieved from /opt/airflow/dags/flight-pipeline.py
[2026-09-19T11:10:22.178+0000] {logging_mixin.py:188} INFO - [2026-09-19T11:10:22.177+0000] {dag.py:3089} INFO - Sync 1 DAGs
[2026-09-19T11:10:22.209+0000] {logging_mixin.py:188} INFO - [2026-09-19T11:10:22.209+0000] {dag.py:3947} INFO - Setting next_dagrun for flights_ops_medallion_pipe to 2026-09-19 11:00:00+00:00, run_after=2026-09-19 11:30:00+00:00
[2026-09-19T11:10:22.236+0000] {processor.py:183} INFO - Processing /opt/airflow/dags/flight-pipeline.py took 0.945 seconds
[2026-09-19T11:10:52.543+0000] {processor.py:161} INFO - Started process (PID=1699) to work on /opt/airflow/dags/flight-pipeline.py
[2026-09-19T11:10:52.546+0000] {processor.py:830} INFO - Processing file /opt/airflow/dags/flight-pipeline.py for tasks to queue
[2026-09-19T11:10:52.550+0000] {logging_mixin.py:188} INFO - [2026-09-19T11:10:52.549+0000] {dagbag.py:545} INFO - Filling up the DagBag from /opt/airflow/dags/flight-pipeline.py
[2026-09-19T11:10:53.038+0000] {processor.py:840} INFO - DAG(s) 'flights_ops_medallion_pipe' retrieved from /opt/airflow/dags/flight-pipeline.py
[2026-09-19T11:10:53.083+0000] {logging_mixin.py:188} INFO - [2026-09-19T11:10:53.083+0000] {dag.py:3089} INFO - Sync 1 DAGs
[2026-09-19T11:10:53.120+0000] {logging_mixin.py:188} INFO - [2026-09-19T11:10:53.119+0000] {dag.py:3947} INFO - Setting next_dagrun for flights_ops_medallion_pipe to 2026-09-19 11:00:00+00:00, run_after=2026-09-19 11:30:00+00:00
[2026-09-19T11:10:53.150+0000] {processor.py:183} INFO - Processing /opt/airflow/dags/flight-pipeline.py took 0.616 seconds
[2026-09-19T11:11:23.478+0000] {processor.py:161} INFO - Started process (PID=1701) to work on /opt/airflow/dags/flight-pipeline.py
[2026-09-19T11:11:23.480+0000] {processor.py:830} INFO - Processing file /opt/airflow/dags/flight-pipeline.py for tasks to queue
[2026-09-19T11:11:23.483+0000] {logging_mixin.py:188} INFO - [2026-09-19T11:11:23.483+0000] {dagbag.py:545} INFO - Filling up the DagBag from /opt/airflow/dags/flight-pipeline.py
[2026-09-19T11:11:24.017+0000] {processor.py:840} INFO - DAG(s) 'flights_ops_medallion_pipe' retrieved from /opt/airflow/dags/flight-pipeline.py
[2026-09-19T11:11:24.058+0000] {logging_mixin.py:188} INFO - [2026-09-19T11:11:24.058+0000] {dag.py:3089} INFO - Sync 1 DAGs
[2026-09-19T11:11:24.094+0000] {logging_mixin.py:188} INFO - [2026-09-19T11:11:24.093+0000] {dag.py:3947} INFO - Setting next_dagrun for flights_ops_medallion_pipe to 2026-09-19 11:00:00+00:00, run_after=2026-09-19 11:30:00+00:00
[2026-09-19T11:11:24.322+0000] {processor.py:183} INFO - Processing /opt/airflow/dags/flight-pipeline.py took 0.854 seconds
[2026-09-19T11:11:54.617+0000] {processor.py:161} INFO - Started process (PID=1703) to work on /opt/airflow/dags/flight-pipeline.py
[2026-09-19T11:11:54.619+0000] {processor.py:830} INFO - Processing file /opt/airflow/dags/flight-pipeline.py for tasks to queue
[2026-09-19T11:11:54.624+0000] {logging_mixin.py:188} INFO - [2026-09-19T11:11:54.623+0000] {dagbag.py:545} INFO - Filling up the DagBag from /opt/airflow/dags/flight-pipeline.py
[2026-09-19T11:11:55.231+0000] {processor.py:840} INFO - DAG(s) 'flights_ops_medallion_pipe' retrieved from /opt/airflow/dags/flight-pipeline.py
[2026-09-19T11:11:55.289+0000] {logging_mixin.py:188} INFO - [2026-09-19T11:11:55.288+0000] {dag.py:3089} INFO - Sync 1 DAGs
[2026-09-19T11:11:55.577+0000] {logging_mixin.py:188} INFO - [2026-09-19T11:11:55.576+0000] {dag.py:3947} INFO - Setting next_dagrun for flights_ops_medallion_pipe to 2026-09-19 11:00:00+00:00, run_after=2026-09-19 11:30:00+00:00
[2026-09-19T11:11:55.609+0000] {processor.py:183} INFO - Processing /opt/airflow/dags/flight-pipeline.py took 1.001 seconds
[2026-09-19T11:12:25.888+0000] {processor.py:161} INFO - Started process (PID=1705) to work on /opt/airflow/dags/flight-pipeline.py
[2026-09-19T11:12:25.890+0000] {processor.py:830} INFO - Processing file /opt/airflow/dags/flight-pipeline.py for tasks to queue
[2026-09-19T11:12:25.894+0000] {logging_mixin.py:188} INFO - [2026-09-19T11:12:25.893+0000] {dagbag.py:545} INFO - Filling up the DagBag from /opt/airflow/dags/flight-pipeline.py
[2026-09-19T11:12:26.486+0000] {processor.py:840} INFO - DAG(s) 'flights_ops_medallion_pipe' retrieved from /opt/airflow/dags/flight-pipeline.py
[2026-09-19T11:12:26.531+0000] {logging_mixin.py:188} INFO - [2026-09-19T11:12:26.530+0000] {dag.py:3089} INFO - Sync 1 DAGs
[2026-09-19T11:12:26.787+0000] {logging_mixin.py:188} INFO - [2026-09-19T11:12:26.787+0000] {dag.py:3947} INFO - Setting next_dagrun for flights_ops_medallion_pipe to 2026-09-19 11:00:00+00:00, run_after=2026-09-19 11:30:00+00:00
[2026-09-19T11:12:26.809+0000] {processor.py:183} INFO - Processing /opt/airflow/dags/flight-pipeline.py took 0.932 seconds
[2026-09-19T11:12:57.097+0000] {processor.py:161} INFO - Started process (PID=1707) to work on /opt/airflow/dags/flight-pipeline.py
[2026-09-19T11:12:57.099+0000] {processor.py:830} INFO - Processing file /opt/airflow/dags/flight-pipeline.py for tasks to queue
[2026-09-19T11:12:57.102+0000] {logging_mixin.py:188} INFO - [2026-09-19T11:12:57.101+0000] {dagbag.py:545} INFO - Filling up the DagBag from /opt/airflow/dags/flight-pipeline.py
[2026-09-19T11:12:57.577+0000] {processor.py:840} INFO - DAG(s) 'flights_ops_medallion_pipe' retrieved from /opt/airflow/dags/flight-pipeline.py
[2026-09-19T11:12:57.858+0000] {logging_mixin.py:188} INFO - [2026-09-19T11:12:57.858+0000] {dag.py:3089} INFO - Sync 1 DAGs
[2026-09-19T11:12:57.887+0000] {logging_mixin.py:188} INFO - [2026-09-19T11:12:57.887+0000] {dag.py:3947} INFO - Setting next_dagrun for flights_ops_medallion_pipe to 2026-09-19 11:00:00+00:00, run_after=2026-09-19 11:30:00+00:00
[2026-09-19T11:12:57.912+0000] {processor.py:183} INFO - Processing /opt/airflow/dags/flight-pipeline.py took 0.823 seconds
[2026-09-19T11:13:28.224+0000] {processor.py:161} INFO - Started process (PID=1709) to work on /opt/airflow/dags/flight-pipeline.py
[2026-09-19T11:13:28.227+0000] {processor.py:830} INFO - Processing file /opt/airflow/dags/flight-pipeline.py for tasks to queue
[2026-09-19T11:13:28.232+0000] {logging_mixin.py:188} INFO - [2026-09-19T11:13:28.232+0000] {dagbag.py:545} INFO - Filling up the DagBag from /opt/airflow/dags/flight-pipeline.py
[2026-09-19T11:13:28.999+0000] {processor.py:840} INFO - DAG(s) 'flights_ops_medallion_pipe' retrieved from /opt/airflow/dags/flight-pipeline.py
[2026-09-19T11:13:29.057+0000] {logging_mixin.py:188} INFO - [2026-09-19T11:13:29.057+0000] {dag.py:3089} INFO - Sync 1 DAGs
[2026-09-19T11:13:29.091+0000] {logging_mixin.py:188} INFO - [2026-09-19T11:13:29.091+0000] {dag.py:3947} INFO - Setting next_dagrun for flights_ops_medallion_pipe to 2026-09-19 11:00:00+00:00, run_after=2026-09-19 11:30:00+00:00
[2026-09-19T11:13:29.136+0000] {processor.py:183} INFO - Processing /opt/airflow/dags/flight-pipeline.py took 0.931 seconds
[2026-09-19T11:13:59.465+0000] {processor.py:161} INFO - Started process (PID=1711) to work on /opt/airflow/dags/flight-pipeline.py
[2026-09-19T11:13:59.467+0000] {processor.py:830} INFO - Processing file /opt/airflow/dags/flight-pipeline.py for tasks to queue
[2026-09-19T11:13:59.471+0000] {logging_mixin.py:188} INFO - [2026-09-19T11:13:59.470+0000] {dagbag.py:545} INFO - Filling up the DagBag from /opt/airflow/dags/flight-pipeline.py
[2026-09-19T11:13:59.988+0000] {processor.py:840} INFO - DAG(s) 'flights_ops_medallion_pipe' retrieved from /opt/airflow/dags/flight-pipeline.py
[2026-09-19T11:14:00.032+0000] {logging_mixin.py:188} INFO - [2026-09-19T11:14:00.031+0000] {dag.py:3089} INFO - Sync 1 DAGs
[2026-09-19T11:14:00.073+0000] {logging_mixin.py:188} INFO - [2026-09-19T11:14:00.073+0000] {dag.py:3947} INFO - Setting next_dagrun for flights_ops_medallion_pipe to 2026-09-19 11:00:00+00:00, run_after=2026-09-19 11:30:00+00:00
[2026-09-19T11:14:00.103+0000] {processor.py:183} INFO - Processing /opt/airflow/dags/flight-pipeline.py took 0.648 seconds
[2026-09-19T11:14:30.389+0000] {processor.py:161} INFO - Started process (PID=1713) to work on /opt/airflow/dags/flight-pipeline.py
[2026-09-19T11:14:30.391+0000] {processor.py:830} INFO - Processing file /opt/airflow/dags/flight-pipeline.py for tasks to queue
[2026-09-19T11:14:30.395+0000] {logging_mixin.py:188} INFO - [2026-09-19T11:14:30.394+0000] {dagbag.py:545} INFO - Filling up the DagBag from /opt/airflow/dags/flight-pipeline.py
[2026-09-19T11:14:30.910+0000] {processor.py:840} INFO - DAG(s) 'flights_ops_medallion_pipe' retrieved from /opt/airflow/dags/flight-pipeline.py
[2026-09-19T11:14:30.962+0000] {logging_mixin.py:188} INFO - [2026-09-19T11:14:30.961+0000] {dag.py:3089} INFO - Sync 1 DAGs
[2026-09-19T11:14:31.012+0000] {logging_mixin.py:188} INFO - [2026-09-19T11:14:31.012+0000] {dag.py:3947} INFO - Setting next_dagrun for flights_ops_medallion_pipe to 2026-09-19 11:00:00+00:00, run_after=2026-09-19 11:30:00+00:00
[2026-09-19T11:14:31.290+0000] {processor.py:183} INFO - Processing /opt/airflow/dags/flight-pipeline.py took 0.911 seconds
[2026-09-19T11:15:01.599+0000] {processor.py:161} INFO - Started process (PID=1715) to work on /opt/airflow/dags/flight-pipeline.py
[2026-09-19T11:15:01.602+0000] {processor.py:830} INFO - Processing file /opt/airflow/dags/flight-pipeline.py for tasks to queue
[2026-09-19T11:15:01.607+0000] {logging_mixin.py:188} INFO - [2026-09-19T11:15:01.607+0000] {dagbag.py:545} INFO - Filling up the DagBag from /opt/airflow/dags/flight-pipeline.py
[2026-09-19T11:15:02.134+0000] {processor.py:840} INFO - DAG(s) 'flights_ops_medallion_pipe' retrieved from /opt/airflow/dags/flight-pipeline.py
[2026-09-19T11:15:02.187+0000] {logging_mixin.py:188} INFO - [2026-09-19T11:15:02.186+0000] {dag.py:3089} INFO - Sync 1 DAGs
[2026-09-19T11:15:02.460+0000] {logging_mixin.py:188} INFO - [2026-09-19T11:15:02.460+0000] {dag.py:3947} INFO - Setting next_dagrun for flights_ops_medallion_pipe to 2026-09-19 11:00:00+00:00, run_after=2026-09-19 11:30:00+00:00
[2026-09-19T11:15:02.493+0000] {processor.py:183} INFO - Processing /opt/airflow/dags/flight-pipeline.py took 0.912 seconds
[2026-09-19T11:15:09.065+0000] {processor.py:161} INFO - Started process (PID=1717) to work on /opt/airflow/dags/flight-pipeline.py
[2026-09-19T11:15:09.067+0000] {processor.py:830} INFO - Processing file /opt/airflow/dags/flight-pipeline.py for tasks to queue
[2026-09-19T11:15:09.072+0000] {logging_mixin.py:188} INFO - [2026-09-19T11:15:09.071+0000] {dagbag.py:545} INFO - Filling up the DagBag from /opt/airflow/dags/flight-pipeline.py
[2026-09-19T11:15:10.800+0000] {processor.py:840} INFO - DAG(s) 'flights_ops_medallion_pipe' retrieved from /opt/airflow/dags/flight-pipeline.py
[2026-09-19T11:15:10.944+0000] {logging_mixin.py:188} INFO - [2026-09-19T11:15:10.943+0000] {dag.py:3089} INFO - Sync 1 DAGs
[2026-09-19T11:15:10.972+0000] {logging_mixin.py:188} INFO - [2026-09-19T11:15:10.972+0000] {dag.py:3947} INFO - Setting next_dagrun for flights_ops_medallion_pipe to 2026-09-19 11:00:00+00:00, run_after=2026-09-19 11:30:00+00:00
[2026-09-19T11:15:11.007+0000] {processor.py:183} INFO - Processing /opt/airflow/dags/flight-pipeline.py took 1.956 seconds
[2026-09-19T11:15:41.321+0000] {processor.py:161} INFO - Started process (PID=1720) to work on /opt/airflow/dags/flight-pipeline.py
[2026-09-19T11:15:41.323+0000] {processor.py:830} INFO - Processing file /opt/airflow/dags/flight-pipeline.py for tasks to queue
[2026-09-19T11:15:41.326+0000] {logging_mixin.py:188} INFO - [2026-09-19T11:15:41.326+0000] {dagbag.py:545} INFO - Filling up the DagBag from /opt/airflow/dags/flight-pipeline.py
[2026-09-19T11:15:42.445+0000] {processor.py:840} INFO - DAG(s) 'flights_ops_medallion_pipe' retrieved from /opt/airflow/dags/flight-pipeline.py
[2026-09-19T11:15:42.488+0000] {logging_mixin.py:188} INFO - [2026-09-19T11:15:42.488+0000] {dag.py:3089} INFO - Sync 1 DAGs
[2026-09-19T11:15:42.520+0000] {logging_mixin.py:188} INFO - [2026-09-19T11:15:42.520+0000] {dag.py:3947} INFO - Setting next_dagrun for flights_ops_medallion_pipe to 2026-09-19 11:00:00+00:00, run_after=2026-09-19 11:30:00+00:00
[2026-09-19T11:15:42.546+0000] {processor.py:183} INFO - Processing /opt/airflow/dags/flight-pipeline.py took 1.235 seconds
[2026-09-19T11:15:43.613+0000] {processor.py:161} INFO - Started process (PID=1723) to work on /opt/airflow/dags/flight-pipeline.py
[2026-09-19T11:15:43.615+0000] {processor.py:830} INFO - Processing file /opt/airflow/dags/flight-pipeline.py for tasks to queue
[2026-09-19T11:15:43.618+0000] {logging_mixin.py:188} INFO - [2026-09-19T11:15:43.618+0000] {dagbag.py:545} INFO - Filling up the DagBag from /opt/airflow/dags/flight-pipeline.py
[2026-09-19T11:15:44.679+0000] {processor.py:840} INFO - DAG(s) 'flights_ops_medallion_pipe' retrieved from /opt/airflow/dags/flight-pipeline.py
[2026-09-19T11:15:44.815+0000] {logging_mixin.py:188} INFO - [2026-09-19T11:15:44.814+0000] {dag.py:3089} INFO - Sync 1 DAGs
[2026-09-19T11:15:44.840+0000] {logging_mixin.py:188} INFO - [2026-09-19T11:15:44.840+0000] {dag.py:3947} INFO - Setting next_dagrun for flights_ops_medallion_pipe to 2026-09-19 11:00:00+00:00, run_after=2026-09-19 11:30:00+00:00
[2026-09-19T11:15:44.871+0000] {processor.py:183} INFO - Processing /opt/airflow/dags/flight-pipeline.py took 1.267 seconds
[2026-09-19T11:16:15.145+0000] {processor.py:161} INFO - Started process (PID=1726) to work on /opt/airflow/dags/flight-pipeline.py
[2026-09-19T11:16:15.146+0000] {processor.py:830} INFO - Processing file /opt/airflow/dags/flight-pipeline.py for tasks to queue
[2026-09-19T11:16:15.150+0000] {logging_mixin.py:188} INFO - [2026-09-19T11:16:15.150+0000] {dagbag.py:545} INFO - Filling up the DagBag from /opt/airflow/dags/flight-pipeline.py
[2026-09-19T11:16:16.211+0000] {processor.py:840} INFO - DAG(s) 'flights_ops_medallion_pipe' retrieved from /opt/airflow/dags/flight-pipeline.py
[2026-09-19T11:16:16.255+0000] {logging_mixin.py:188} INFO - [2026-09-19T11:16:16.254+0000] {dag.py:3089} INFO - Sync 1 DAGs
[2026-09-19T11:16:16.302+0000] {logging_mixin.py:188} INFO - [2026-09-19T11:16:16.301+0000] {dag.py:3947} INFO - Setting next_dagrun for flights_ops_medallion_pipe to 2026-09-19 11:00:00+00:00, run_after=2026-09-19 11:30:00+00:00
[2026-09-19T11:16:16.341+0000] {processor.py:183} INFO - Processing /opt/airflow/dags/flight-pipeline.py took 1.207 seconds
[2026-09-19T11:16:46.629+0000] {processor.py:161} INFO - Started process (PID=1729) to work on /opt/airflow/dags/flight-pipeline.py
[2026-09-19T11:16:46.631+0000] {processor.py:830} INFO - Processing file /opt/airflow/dags/flight-pipeline.py for tasks to queue
[2026-09-19T11:16:46.635+0000] {logging_mixin.py:188} INFO - [2026-09-19T11:16:46.634+0000] {dagbag.py:545} INFO - Filling up the DagBag from /opt/airflow/dags/flight-pipeline.py
[2026-09-19T11:16:47.793+0000] {processor.py:840} INFO - DAG(s) 'flights_ops_medallion_pipe' retrieved from /opt/airflow/dags/flight-pipeline.py
[2026-09-19T11:16:47.833+0000] {logging_mixin.py:188} INFO - [2026-09-19T11:16:47.833+0000] {dag.py:3089} INFO - Sync 1 DAGs
[2026-09-19T11:16:47.870+0000] {logging_mixin.py:188} INFO - [2026-09-19T11:16:47.869+0000] {dag.py:3947} INFO - Setting next_dagrun for flights_ops_medallion_pipe to 2026-09-19 11:00:00+00:00, run_after=2026-09-19 11:30:00+00:00
[2026-09-19T11:16:47.896+0000] {processor.py:183} INFO - Processing /opt/airflow/dags/flight-pipeline.py took 1.278 seconds
[2026-09-19T11:17:18.189+0000] {processor.py:161} INFO - Started process (PID=1732) to work on /opt/airflow/dags/flight-pipeline.py
[2026-09-19T11:17:18.191+0000] {processor.py:830} INFO - Processing file /opt/airflow/dags/flight-pipeline.py for tasks to queue
[2026-09-19T11:17:18.196+0000] {logging_mixin.py:188} INFO - [2026-09-19T11:17:18.195+0000] {dagbag.py:545} INFO - Filling up the DagBag from /opt/airflow/dags/flight-pipeline.py
[2026-09-19T11:17:19.274+0000] {processor.py:840} INFO - DAG(s) 'flights_ops_medallion_pipe' retrieved from /opt/airflow/dags/flight-pipeline.py
[2026-09-19T11:17:19.314+0000] {logging_mixin.py:188} INFO - [2026-09-19T11:17:19.314+0000] {dag.py:3089} INFO - Sync 1 DAGs
[2026-09-19T11:17:19.354+0000] {logging_mixin.py:188} INFO - [2026-09-19T11:17:19.354+0000] {dag.py:3947} INFO - Setting next_dagrun for flights_ops_medallion_pipe to 2026-09-19 11:00:00+00:00, run_after=2026-09-19 11:30:00+00:00
[2026-09-19T11:17:19.379+0000] {processor.py:183} INFO - Processing /opt/airflow/dags/flight-pipeline.py took 1.200 seconds
[2026-09-19T11:17:49.648+0000] {processor.py:161} INFO - Started process (PID=1735) to work on /opt/airflow/dags/flight-pipeline.py
[2026-09-19T11:17:49.650+0000] {processor.py:830} INFO - Processing file /opt/airflow/dags/flight-pipeline.py for tasks to queue
[2026-09-19T11:17:49.653+0000] {logging_mixin.py:188} INFO - [2026-09-19T11:17:49.652+0000] {dagbag.py:545} INFO - Filling up the DagBag from /opt/airflow/dags/flight-pipeline.py
[2026-09-19T11:17:50.636+0000] {processor.py:840} INFO - DAG(s) 'flights_ops_medallion_pipe' retrieved from /opt/airflow/dags/flight-pipeline.py
[2026-09-19T11:17:50.678+0000] {logging_mixin.py:188} INFO - [2026-09-19T11:17:50.676+0000] {dag.py:3089} INFO - Sync 1 DAGs
[2026-09-19T11:17:50.705+0000] {logging_mixin.py:188} INFO - [2026-09-19T11:17:50.705+0000] {dag.py:3947} INFO - Setting next_dagrun for flights_ops_medallion_pipe to 2026-09-19 11:00:00+00:00, run_after=2026-09-19 11:30:00+00:00
[2026-09-19T11:17:50.732+0000] {processor.py:183} INFO - Processing /opt/airflow/dags/flight-pipeline.py took 1.095 seconds
[2026-09-19T11:18:20.914+0000] {processor.py:161} INFO - Started process (PID=1798) to work on /opt/airflow/dags/flight-pipeline.py
[2026-09-19T11:18:20.917+0000] {processor.py:830} INFO - Processing file /opt/airflow/dags/flight-pipeline.py for tasks to queue
[2026-09-19T11:18:20.920+0000] {logging_mixin.py:188} INFO - [2026-09-19T11:18:20.919+0000] {dagbag.py:545} INFO - Filling up the DagBag from /opt/airflow/dags/flight-pipeline.py
[2026-09-19T11:18:22.113+0000] {processor.py:840} INFO - DAG(s) 'flights_ops_medallion_pipe' retrieved from /opt/airflow/dags/flight-pipeline.py
[2026-09-19T11:18:22.155+0000] {logging_mixin.py:188} INFO - [2026-09-19T11:18:22.154+0000] {dag.py:3089} INFO - Sync 1 DAGs
[2026-09-19T11:18:22.187+0000] {logging_mixin.py:188} INFO - [2026-09-19T11:18:22.186+0000] {dag.py:3947} INFO - Setting next_dagrun for flights_ops_medallion_pipe to 2026-09-19 11:00:00+00:00, run_after=2026-09-19 11:30:00+00:00
[2026-09-19T11:18:22.215+0000] {processor.py:183} INFO - Processing /opt/airflow/dags/flight-pipeline.py took 1.314 seconds
[2026-09-19T11:18:52.504+0000] {processor.py:161} INFO - Started process (PID=1977) to work on /opt/airflow/dags/flight-pipeline.py
[2026-09-19T11:18:52.507+0000] {processor.py:830} INFO - Processing file /opt/airflow/dags/flight-pipeline.py for tasks to queue
[2026-09-19T11:18:52.511+0000] {logging_mixin.py:188} INFO - [2026-09-19T11:18:52.510+0000] {dagbag.py:545} INFO - Filling up the DagBag from /opt/airflow/dags/flight-pipeline.py
[2026-09-19T11:18:53.595+0000] {processor.py:840} INFO - DAG(s) 'flights_ops_medallion_pipe' retrieved from /opt/airflow/dags/flight-pipeline.py
[2026-09-19T11:18:53.633+0000] {logging_mixin.py:188} INFO - [2026-09-19T11:18:53.633+0000] {dag.py:3089} INFO - Sync 1 DAGs
[2026-09-19T11:18:53.663+0000] {logging_mixin.py:188} INFO - [2026-09-19T11:18:53.663+0000] {dag.py:3947} INFO - Setting next_dagrun for flights_ops_medallion_pipe to 2026-09-19 11:00:00+00:00, run_after=2026-09-19 11:30:00+00:00
[2026-09-19T11:18:53.687+0000] {processor.py:183} INFO - Processing /opt/airflow/dags/flight-pipeline.py took 1.196 seconds
[2026-09-19T11:19:23.964+0000] {processor.py:161} INFO - Started process (PID=1980) to work on /opt/airflow/dags/flight-pipeline.py
[2026-09-19T11:19:23.967+0000] {processor.py:830} INFO - Processing file /opt/airflow/dags/flight-pipeline.py for tasks to queue
[2026-09-19T11:19:23.971+0000] {logging_mixin.py:188} INFO - [2026-09-19T11:19:23.971+0000] {dagbag.py:545} INFO - Filling up the DagBag from /opt/airflow/dags/flight-pipeline.py
[2026-09-19T11:19:25.050+0000] {processor.py:840} INFO - DAG(s) 'flights_ops_medallion_pipe' retrieved from /opt/airflow/dags/flight-pipeline.py
[2026-09-19T11:19:25.087+0000] {logging_mixin.py:188} INFO - [2026-09-19T11:19:25.086+0000] {dag.py:3089} INFO - Sync 1 DAGs
[2026-09-19T11:19:25.122+0000] {logging_mixin.py:188} INFO - [2026-09-19T11:19:25.121+0000] {dag.py:3947} INFO - Setting next_dagrun for flights_ops_medallion_pipe to 2026-09-19 11:00:00+00:00, run_after=2026-09-19 11:30:00+00:00
[2026-09-19T11:19:25.151+0000] {processor.py:183} INFO - Processing /opt/airflow/dags/flight-pipeline.py took 1.201 seconds
[2026-09-19T11:19:55.468+0000] {processor.py:161} INFO - Started process (PID=1983) to work on /opt/airflow/dags/flight-pipeline.py
[2026-09-19T11:19:55.470+0000] {processor.py:830} INFO - Processing file /opt/airflow/dags/flight-pipeline.py for tasks to queue
[2026-09-19T11:19:55.476+0000] {logging_mixin.py:188} INFO - [2026-09-19T11:19:55.475+0000] {dagbag.py:545} INFO - Filling up the DagBag from /opt/airflow/dags/flight-pipeline.py
[2026-09-19T11:19:56.651+0000] {processor.py:840} INFO - DAG(s) 'flights_ops_medallion_pipe' retrieved from /opt/airflow/dags/flight-pipeline.py
[2026-09-19T11:19:56.692+0000] {logging_mixin.py:188} INFO - [2026-09-19T11:19:56.691+0000] {dag.py:3089} INFO - Sync 1 DAGs
[2026-09-19T11:19:56.726+0000] {logging_mixin.py:188} INFO - [2026-09-19T11:19:56.726+0000] {dag.py:3947} INFO - Setting next_dagrun for flights_ops_medallion_pipe to 2026-09-19 11:00:00+00:00, run_after=2026-09-19 11:30:00+00:00
[2026-09-19T11:19:56.753+0000] {processor.py:183} INFO - Processing /opt/airflow/dags/flight-pipeline.py took 1.295 seconds
[2026-09-19T11:20:27.062+0000] {processor.py:161} INFO - Started process (PID=1986) to work on /opt/airflow/dags/flight-pipeline.py
[2026-09-19T11:20:27.064+0000] {processor.py:830} INFO - Processing file /opt/airflow/dags/flight-pipeline.py for tasks to queue
[2026-09-19T11:20:27.068+0000] {logging_mixin.py:188} INFO - [2026-09-19T11:20:27.067+0000] {dagbag.py:545} INFO - Filling up the DagBag from /opt/airflow/dags/flight-pipeline.py
[2026-09-19T11:20:28.125+0000] {processor.py:840} INFO - DAG(s) 'flights_ops_medallion_pipe' retrieved from /opt/airflow/dags/flight-pipeline.py
[2026-09-19T11:20:28.164+0000] {logging_mixin.py:188} INFO - [2026-09-19T11:20:28.164+0000] {dag.py:3089} INFO - Sync 1 DAGs
[2026-09-19T11:20:28.191+0000] {logging_mixin.py:188} INFO - [2026-09-19T11:20:28.191+0000] {dag.py:3947} INFO - Setting next_dagrun for flights_ops_medallion_pipe to 2026-09-19 11:00:00+00:00, run_after=2026-09-19 11:30:00+00:00
[2026-09-19T11:20:28.214+0000] {processor.py:183} INFO - Processing /opt/airflow/dags/flight-pipeline.py took 1.161 seconds
[2026-09-19T11:20:58.335+0000] {processor.py:161} INFO - Started process (PID=1989) to work on /opt/airflow/dags/flight-pipeline.py
[2026-09-19T11:20:58.338+0000] {processor.py:830} INFO - Processing file /opt/airflow/dags/flight-pipeline.py for tasks to queue
[2026-09-19T11:20:58.342+0000] {logging_mixin.py:188} INFO - [2026-09-19T11:20:58.341+0000] {dagbag.py:545} INFO - Filling up the DagBag from /opt/airflow/dags/flight-pipeline.py
[2026-09-19T11:20:59.495+0000] {processor.py:840} INFO - DAG(s) 'flights_ops_medallion_pipe' retrieved from /opt/airflow/dags/flight-pipeline.py
[2026-09-19T11:20:59.532+0000] {logging_mixin.py:188} INFO - [2026-09-19T11:20:59.531+0000] {dag.py:3089} INFO - Sync 1 DAGs
[2026-09-19T11:20:59.561+0000] {logging_mixin.py:188} INFO - [2026-09-19T11:20:59.561+0000] {dag.py:3947} INFO - Setting next_dagrun for flights_ops_medallion_pipe to 2026-09-19 11:00:00+00:00, run_after=2026-09-19 11:30:00+00:00
[2026-09-19T11:20:59.584+0000] {processor.py:183} INFO - Processing /opt/airflow/dags/flight-pipeline.py took 1.266 seconds
[2026-09-19T11:21:29.814+0000] {processor.py:161} INFO - Started process (PID=1992) to work on /opt/airflow/dags/flight-pipeline.py
[2026-09-19T11:21:29.817+0000] {processor.py:830} INFO - Processing file /opt/airflow/dags/flight-pipeline.py for tasks to queue
[2026-09-19T11:21:29.820+0000] {logging_mixin.py:188} INFO - [2026-09-19T11:21:29.820+0000] {dagbag.py:545} INFO - Filling up the DagBag from /opt/airflow/dags/flight-pipeline.py
[2026-09-19T11:21:31.028+0000] {processor.py:840} INFO - DAG(s) 'flights_ops_medallion_pipe' retrieved from /opt/airflow/dags/flight-pipeline.py
[2026-09-19T11:21:31.072+0000] {logging_mixin.py:188} INFO - [2026-09-19T11:21:31.071+0000] {dag.py:3089} INFO - Sync 1 DAGs
[2026-09-19T11:21:31.101+0000] {logging_mixin.py:188} INFO - [2026-09-19T11:21:31.100+0000] {dag.py:3947} INFO - Setting next_dagrun for flights_ops_medallion_pipe to 2026-09-19 11:00:00+00:00, run_after=2026-09-19 11:30:00+00:00
[2026-09-19T11:21:31.128+0000] {processor.py:183} INFO - Processing /opt/airflow/dags/flight-pipeline.py took 1.322 seconds
[2026-09-19T11:22:01.408+0000] {processor.py:161} INFO - Started process (PID=1995) to work on /opt/airflow/dags/flight-pipeline.py
[2026-09-19T11:22:01.410+0000] {processor.py:830} INFO - Processing file /opt/airflow/dags/flight-pipeline.py for tasks to queue
[2026-09-19T11:22:01.413+0000] {logging_mixin.py:188} INFO - [2026-09-19T11:22:01.412+0000] {dagbag.py:545} INFO - Filling up the DagBag from /opt/airflow/dags/flight-pipeline.py
[2026-09-19T11:22:02.385+0000] {processor.py:840} INFO - DAG(s) 'flights_ops_medallion_pipe' retrieved from /opt/airflow/dags/flight-pipeline.py
[2026-09-19T11:22:02.420+0000] {logging_mixin.py:188} INFO - [2026-09-19T11:22:02.419+0000] {dag.py:3089} INFO - Sync 1 DAGs
[2026-09-19T11:22:02.446+0000] {logging_mixin.py:188} INFO - [2026-09-19T11:22:02.446+0000] {dag.py:3947} INFO - Setting next_dagrun for flights_ops_medallion_pipe to 2026-09-19 11:00:00+00:00, run_after=2026-09-19 11:30:00+00:00
[2026-09-19T11:22:02.469+0000] {processor.py:183} INFO - Processing /opt/airflow/dags/flight-pipeline.py took 1.071 seconds
[2026-09-19T11:22:32.694+0000] {processor.py:161} INFO - Started process (PID=1998) to work on /opt/airflow/dags/flight-pipeline.py
[2026-09-19T11:22:32.696+0000] {processor.py:830} INFO - Processing file /opt/airflow/dags/flight-pipeline.py for tasks to queue
[2026-09-19T11:22:32.700+0000] {logging_mixin.py:188} INFO - [2026-09-19T11:22:32.699+0000] {dagbag.py:545} INFO - Filling up the DagBag from /opt/airflow/dags/flight-pipeline.py
[2026-09-19T11:22:33.702+0000] {processor.py:840} INFO - DAG(s) 'flights_ops_medallion_pipe' retrieved from /opt/airflow/dags/flight-pipeline.py
[2026-09-19T11:22:33.739+0000] {logging_mixin.py:188} INFO - [2026-09-19T11:22:33.739+0000] {dag.py:3089} INFO - Sync 1 DAGs
[2026-09-19T11:22:33.768+0000] {logging_mixin.py:188} INFO - [2026-09-19T11:22:33.768+0000] {dag.py:3947} INFO - Setting next_dagrun for flights_ops_medallion_pipe to 2026-09-19 11:00:00+00:00, run_after=2026-09-19 11:30:00+00:00
[2026-09-19T11:22:33.790+0000] {processor.py:183} INFO - Processing /opt/airflow/dags/flight-pipeline.py took 1.110 seconds
[2026-09-19T11:23:03.991+0000] {processor.py:161} INFO - Started process (PID=2001) to work on /opt/airflow/dags/flight-pipeline.py
[2026-09-19T11:23:03.994+0000] {processor.py:830} INFO - Processing file /opt/airflow/dags/flight-pipeline.py for tasks to queue
[2026-09-19T11:23:03.998+0000] {logging_mixin.py:188} INFO - [2026-09-19T11:23:03.997+0000] {dagbag.py:545} INFO - Filling up the DagBag from /opt/airflow/dags/flight-pipeline.py
[2026-09-19T11:23:05.144+0000] {processor.py:840} INFO - DAG(s) 'flights_ops_medallion_pipe' retrieved from /opt/airflow/dags/flight-pipeline.py
[2026-09-19T11:23:05.188+0000] {logging_mixin.py:188} INFO - [2026-09-19T11:23:05.188+0000] {dag.py:3089} INFO - Sync 1 DAGs
[2026-09-19T11:23:05.218+0000] {logging_mixin.py:188} INFO - [2026-09-19T11:23:05.217+0000] {dag.py:3947} INFO - Setting next_dagrun for flights_ops_medallion_pipe to 2026-09-19 11:00:00+00:00, run_after=2026-09-19 11:30:00+00:00
[2026-09-19T11:23:05.239+0000] {processor.py:183} INFO - Processing /opt/airflow/dags/flight-pipeline.py took 1.261 seconds
[2026-09-19T11:23:35.345+0000] {processor.py:161} INFO - Started process (PID=2004) to work on /opt/airflow/dags/flight-pipeline.py
[2026-09-19T11:23:35.347+0000] {processor.py:830} INFO - Processing file /opt/airflow/dags/flight-pipeline.py for tasks to queue
[2026-09-19T11:23:35.352+0000] {logging_mixin.py:188} INFO - [2026-09-19T11:23:35.352+0000] {dagbag.py:545} INFO - Filling up the DagBag from /opt/airflow/dags/flight-pipeline.py
[2026-09-19T11:23:36.425+0000] {processor.py:840} INFO - DAG(s) 'flights_ops_medallion_pipe' retrieved from /opt/airflow/dags/flight-pipeline.py
[2026-09-19T11:23:36.461+0000] {logging_mixin.py:188} INFO - [2026-09-19T11:23:36.460+0000] {dag.py:3089} INFO - Sync 1 DAGs
[2026-09-19T11:23:36.489+0000] {logging_mixin.py:188} INFO - [2026-09-19T11:23:36.489+0000] {dag.py:3947} INFO - Setting next_dagrun for flights_ops_medallion_pipe to 2026-09-19 11:00:00+00:00, run_after=2026-09-19 11:30:00+00:00
[2026-09-19T11:23:36.512+0000] {processor.py:183} INFO - Processing /opt/airflow/dags/flight-pipeline.py took 1.177 seconds
[2026-09-19T11:24:06.812+0000] {processor.py:161} INFO - Started process (PID=2007) to work on /opt/airflow/dags/flight-pipeline.py
[2026-09-19T11:24:06.814+0000] {processor.py:830} INFO - Processing file /opt/airflow/dags/flight-pipeline.py for tasks to queue
[2026-09-19T11:24:06.819+0000] {logging_mixin.py:188} INFO - [2026-09-19T11:24:06.818+0000] {dagbag.py:545} INFO - Filling up the DagBag from /opt/airflow/dags/flight-pipeline.py
[2026-09-19T11:24:07.993+0000] {processor.py:840} INFO - DAG(s) 'flights_ops_medallion_pipe' retrieved from /opt/airflow/dags/flight-pipeline.py
[2026-09-19T11:24:08.044+0000] {logging_mixin.py:188} INFO - [2026-09-19T11:24:08.043+0000] {dag.py:3089} INFO - Sync 1 DAGs
[2026-09-19T11:24:08.079+0000] {logging_mixin.py:188} INFO - [2026-09-19T11:24:08.078+0000] {dag.py:3947} INFO - Setting next_dagrun for flights_ops_medallion_pipe to 2026-09-19 11:00:00+00:00, run_after=2026-09-19 11:30:00+00:00
[2026-09-19T11:24:08.109+0000] {processor.py:183} INFO - Processing /opt/airflow/dags/flight-pipeline.py took 1.305 seconds
[2026-09-19T11:24:38.422+0000] {processor.py:161} INFO - Started process (PID=2010) to work on /opt/airflow/dags/flight-pipeline.py
[2026-09-19T11:24:38.424+0000] {processor.py:830} INFO - Processing file /opt/airflow/dags/flight-pipeline.py for tasks to queue
[2026-09-19T11:24:38.428+0000] {logging_mixin.py:188} INFO - [2026-09-19T11:24:38.427+0000] {dagbag.py:545} INFO - Filling up the DagBag from /opt/airflow/dags/flight-pipeline.py
[2026-09-19T11:24:39.462+0000] {processor.py:840} INFO - DAG(s) 'flights_ops_medallion_pipe' retrieved from /opt/airflow/dags/flight-pipeline.py
[2026-09-19T11:24:39.501+0000] {logging_mixin.py:188} INFO - [2026-09-19T11:24:39.500+0000] {dag.py:3089} INFO - Sync 1 DAGs
[2026-09-19T11:24:39.526+0000] {logging_mixin.py:188} INFO - [2026-09-19T11:24:39.526+0000] {dag.py:3947} INFO - Setting next_dagrun for flights_ops_medallion_pipe to 2026-09-19 11:00:00+00:00, run_after=2026-09-19 11:30:00+00:00
[2026-09-19T11:24:39.551+0000] {processor.py:183} INFO - Processing /opt/airflow/dags/flight-pipeline.py took 1.141 seconds
[2026-09-19T11:25:09.706+0000] {processor.py:161} INFO - Started process (PID=2013) to work on /opt/airflow/dags/flight-pipeline.py
[2026-09-19T11:25:09.709+0000] {processor.py:830} INFO - Processing file /opt/airflow/dags/flight-pipeline.py for tasks to queue
[2026-09-19T11:25:09.712+0000] {logging_mixin.py:188} INFO - [2026-09-19T11:25:09.712+0000] {dagbag.py:545} INFO - Filling up the DagBag from /opt/airflow/dags/flight-pipeline.py
[2026-09-19T11:25:10.765+0000] {processor.py:840} INFO - DAG(s) 'flights_ops_medallion_pipe' retrieved from /opt/airflow/dags/flight-pipeline.py
[2026-09-19T11:25:10.804+0000] {logging_mixin.py:188} INFO - [2026-09-19T11:25:10.804+0000] {dag.py:3089} INFO - Sync 1 DAGs
[2026-09-19T11:25:10.832+0000] {logging_mixin.py:188} INFO - [2026-09-19T11:25:10.832+0000] {dag.py:3947} INFO - Setting next_dagrun for flights_ops_medallion_pipe to 2026-09-19 11:00:00+00:00, run_after=2026-09-19 11:30:00+00:00
[2026-09-19T11:25:10.858+0000] {processor.py:183} INFO - Processing /opt/airflow/dags/flight-pipeline.py took 1.170 seconds
[2026-09-19T11:25:41.134+0000] {processor.py:161} INFO - Started process (PID=2016) to work on /opt/airflow/dags/flight-pipeline.py
[2026-09-19T11:25:41.138+0000] {processor.py:830} INFO - Processing file /opt/airflow/dags/flight-pipeline.py for tasks to queue
[2026-09-19T11:25:41.144+0000] {logging_mixin.py:188} INFO - [2026-09-19T11:25:41.143+0000] {dagbag.py:545} INFO - Filling up the DagBag from /opt/airflow/dags/flight-pipeline.py
[2026-09-19T11:25:42.138+0000] {processor.py:840} INFO - DAG(s) 'flights_ops_medallion_pipe' retrieved from /opt/airflow/dags/flight-pipeline.py
[2026-09-19T11:25:42.176+0000] {logging_mixin.py:188} INFO - [2026-09-19T11:25:42.175+0000] {dag.py:3089} INFO - Sync 1 DAGs
[2026-09-19T11:25:42.209+0000] {logging_mixin.py:188} INFO - [2026-09-19T11:25:42.208+0000] {dag.py:3947} INFO - Setting next_dagrun for flights_ops_medallion_pipe to 2026-09-19 11:00:00+00:00, run_after=2026-09-19 11:30:00+00:00
[2026-09-19T11:25:42.242+0000] {processor.py:183} INFO - Processing /opt/airflow/dags/flight-pipeline.py took 1.124 seconds
[2026-09-19T11:26:12.450+0000] {processor.py:161} INFO - Started process (PID=2019) to work on /opt/airflow/dags/flight-pipeline.py
[2026-09-19T11:26:12.453+0000] {processor.py:830} INFO - Processing file /opt/airflow/dags/flight-pipeline.py for tasks to queue
[2026-09-19T11:26:12.458+0000] {logging_mixin.py:188} INFO - [2026-09-19T11:26:12.457+0000] {dagbag.py:545} INFO - Filling up the DagBag from /opt/airflow/dags/flight-pipeline.py
[2026-09-19T11:26:13.448+0000] {processor.py:840} INFO - DAG(s) 'flights_ops_medallion_pipe' retrieved from /opt/airflow/dags/flight-pipeline.py
[2026-09-19T11:26:13.485+0000] {logging_mixin.py:188} INFO - [2026-09-19T11:26:13.484+0000] {dag.py:3089} INFO - Sync 1 DAGs
[2026-09-19T11:26:13.514+0000] {logging_mixin.py:188} INFO - [2026-09-19T11:26:13.514+0000] {dag.py:3947} INFO - Setting next_dagrun for flights_ops_medallion_pipe to 2026-09-19 11:00:00+00:00, run_after=2026-09-19 11:30:00+00:00
[2026-09-19T11:26:13.537+0000] {processor.py:183} INFO - Processing /opt/airflow/dags/flight-pipeline.py took 1.107 seconds
[2026-09-19T11:26:43.807+0000] {processor.py:161} INFO - Started process (PID=2022) to work on /opt/airflow/dags/flight-pipeline.py
[2026-09-19T11:26:43.811+0000] {processor.py:830} INFO - Processing file /opt/airflow/dags/flight-pipeline.py for tasks to queue
[2026-09-19T11:26:43.817+0000] {logging_mixin.py:188} INFO - [2026-09-19T11:26:43.816+0000] {dagbag.py:545} INFO - Filling up the DagBag from /opt/airflow/dags/flight-pipeline.py
[2026-09-19T11:26:44.959+0000] {processor.py:840} INFO - DAG(s) 'flights_ops_medallion_pipe' retrieved from /opt/airflow/dags/flight-pipeline.py
[2026-09-19T11:26:45.002+0000] {logging_mixin.py:188} INFO - [2026-09-19T11:26:45.000+0000] {dag.py:3089} INFO - Sync 1 DAGs
[2026-09-19T11:26:45.032+0000] {logging_mixin.py:188} INFO - [2026-09-19T11:26:45.031+0000] {dag.py:3947} INFO - Setting next_dagrun for flights_ops_medallion_pipe to 2026-09-19 11:00:00+00:00, run_after=2026-09-19 11:30:00+00:00
[2026-09-19T11:26:45.059+0000] {processor.py:183} INFO - Processing /opt/airflow/dags/flight-pipeline.py took 1.269 seconds
[2026-09-19T11:27:15.374+0000] {processor.py:161} INFO - Started process (PID=2025) to work on /opt/airflow/dags/flight-pipeline.py
[2026-09-19T11:27:15.376+0000] {processor.py:830} INFO - Processing file /opt/airflow/dags/flight-pipeline.py for tasks to queue
[2026-09-19T11:27:15.380+0000] {logging_mixin.py:188} INFO - [2026-09-19T11:27:15.379+0000] {dagbag.py:545} INFO - Filling up the DagBag from /opt/airflow/dags/flight-pipeline.py
[2026-09-19T11:27:16.451+0000] {processor.py:840} INFO - DAG(s) 'flights_ops_medallion_pipe' retrieved from /opt/airflow/dags/flight-pipeline.py
[2026-09-19T11:27:16.513+0000] {logging_mixin.py:188} INFO - [2026-09-19T11:27:16.511+0000] {dag.py:3089} INFO - Sync 1 DAGs
[2026-09-19T11:27:16.544+0000] {logging_mixin.py:188} INFO - [2026-09-19T11:27:16.544+0000] {dag.py:3947} INFO - Setting next_dagrun for flights_ops_medallion_pipe to 2026-09-19 11:00:00+00:00, run_after=2026-09-19 11:30:00+00:00
[2026-09-19T11:27:16.568+0000] {processor.py:183} INFO - Processing /opt/airflow/dags/flight-pipeline.py took 1.212 seconds
[2026-09-19T11:27:46.891+0000] {processor.py:161} INFO - Started process (PID=2028) to work on /opt/airflow/dags/flight-pipeline.py
[2026-09-19T11:27:46.894+0000] {processor.py:830} INFO - Processing file /opt/airflow/dags/flight-pipeline.py for tasks to queue
[2026-09-19T11:27:46.898+0000] {logging_mixin.py:188} INFO - [2026-09-19T11:27:46.898+0000] {dagbag.py:545} INFO - Filling up the DagBag from /opt/airflow/dags/flight-pipeline.py
[2026-09-19T11:27:47.883+0000] {processor.py:840} INFO - DAG(s) 'flights_ops_medallion_pipe' retrieved from /opt/airflow/dags/flight-pipeline.py
[2026-09-19T11:27:47.924+0000] {logging_mixin.py:188} INFO - [2026-09-19T11:27:47.923+0000] {dag.py:3089} INFO - Sync 1 DAGs
[2026-09-19T11:27:47.952+0000] {logging_mixin.py:188} INFO - [2026-09-19T11:27:47.952+0000] {dag.py:3947} INFO - Setting next_dagrun for flights_ops_medallion_pipe to 2026-09-19 11:00:00+00:00, run_after=2026-09-19 11:30:00+00:00
[2026-09-19T11:27:47.977+0000] {processor.py:183} INFO - Processing /opt/airflow/dags/flight-pipeline.py took 1.103 seconds
[2026-09-19T11:28:18.151+0000] {processor.py:161} INFO - Started process (PID=2031) to work on /opt/airflow/dags/flight-pipeline.py
[2026-09-19T11:28:18.153+0000] {processor.py:830} INFO - Processing file /opt/airflow/dags/flight-pipeline.py for tasks to queue
[2026-09-19T11:28:18.156+0000] {logging_mixin.py:188} INFO - [2026-09-19T11:28:18.156+0000] {dagbag.py:545} INFO - Filling up the DagBag from /opt/airflow/dags/flight-pipeline.py
[2026-09-19T11:28:19.085+0000] {processor.py:840} INFO - DAG(s) 'flights_ops_medallion_pipe' retrieved from /opt/airflow/dags/flight-pipeline.py
[2026-09-19T11:28:19.133+0000] {logging_mixin.py:188} INFO - [2026-09-19T11:28:19.132+0000] {dag.py:3089} INFO - Sync 1 DAGs
[2026-09-19T11:28:19.165+0000] {logging_mixin.py:188} INFO - [2026-09-19T11:28:19.164+0000] {dag.py:3947} INFO - Setting next_dagrun for flights_ops_medallion_pipe to 2026-09-19 11:00:00+00:00, run_after=2026-09-19 11:30:00+00:00
[2026-09-19T11:28:19.190+0000] {processor.py:183} INFO - Processing /opt/airflow/dags/flight-pipeline.py took 1.047 seconds
[2026-09-19T11:28:49.426+0000] {processor.py:161} INFO - Started process (PID=2034) to work on /opt/airflow/dags/flight-pipeline.py
[2026-09-19T11:28:49.428+0000] {processor.py:830} INFO - Processing file /opt/airflow/dags/flight-pipeline.py for tasks to queue
[2026-09-19T11:28:49.432+0000] {logging_mixin.py:188} INFO - [2026-09-19T11:28:49.431+0000] {dagbag.py:545} INFO - Filling up the DagBag from /opt/airflow/dags/flight-pipeline.py
[2026-09-19T11:28:50.547+0000] {processor.py:840} INFO - DAG(s) 'flights_ops_medallion_pipe' retrieved from /opt/airflow/dags/flight-pipeline.py
[2026-09-19T11:28:50.590+0000] {logging_mixin.py:188} INFO - [2026-09-19T11:28:50.590+0000] {dag.py:3089} INFO - Sync 1 DAGs
[2026-09-19T11:28:50.623+0000] {logging_mixin.py:188} INFO - [2026-09-19T11:28:50.623+0000] {dag.py:3947} INFO - Setting next_dagrun for flights_ops_medallion_pipe to 2026-09-19 11:00:00+00:00, run_after=2026-09-19 11:30:00+00:00
[2026-09-19T11:28:50.648+0000] {processor.py:183} INFO - Processing /opt/airflow/dags/flight-pipeline.py took 1.232 seconds
[2026-09-19T11:29:20.902+0000] {processor.py:161} INFO - Started process (PID=2273) to work on /opt/airflow/dags/flight-pipeline.py
[2026-09-19T11:29:20.905+0000] {processor.py:830} INFO - Processing file /opt/airflow/dags/flight-pipeline.py for tasks to queue
[2026-09-19T11:29:20.908+0000] {logging_mixin.py:188} INFO - [2026-09-19T11:29:20.908+0000] {dagbag.py:545} INFO - Filling up the DagBag from /opt/airflow/dags/flight-pipeline.py
[2026-09-19T11:29:21.958+0000] {processor.py:840} INFO - DAG(s) 'flights_ops_medallion_pipe' retrieved from /opt/airflow/dags/flight-pipeline.py
[2026-09-19T11:29:22.001+0000] {logging_mixin.py:188} INFO - [2026-09-19T11:29:22.000+0000] {dag.py:3089} INFO - Sync 1 DAGs
[2026-09-19T11:29:22.031+0000] {logging_mixin.py:188} INFO - [2026-09-19T11:29:22.031+0000] {dag.py:3947} INFO - Setting next_dagrun for flights_ops_medallion_pipe to 2026-09-19 11:00:00+00:00, run_after=2026-09-19 11:30:00+00:00
[2026-09-19T11:29:22.055+0000] {processor.py:183} INFO - Processing /opt/airflow/dags/flight-pipeline.py took 1.165 seconds
[2026-09-19T11:29:52.172+0000] {processor.py:161} INFO - Started process (PID=2276) to work on /opt/airflow/dags/flight-pipeline.py
[2026-09-19T11:29:52.174+0000] {processor.py:830} INFO - Processing file /opt/airflow/dags/flight-pipeline.py for tasks to queue
[2026-09-19T11:29:52.178+0000] {logging_mixin.py:188} INFO - [2026-09-19T11:29:52.178+0000] {dagbag.py:545} INFO - Filling up the DagBag from /opt/airflow/dags/flight-pipeline.py
[2026-09-19T11:29:53.299+0000] {processor.py:840} INFO - DAG(s) 'flights_ops_medallion_pipe' retrieved from /opt/airflow/dags/flight-pipeline.py
[2026-09-19T11:29:53.351+0000] {logging_mixin.py:188} INFO - [2026-09-19T11:29:53.350+0000] {dag.py:3089} INFO - Sync 1 DAGs
[2026-09-19T11:29:53.381+0000] {logging_mixin.py:188} INFO - [2026-09-19T11:29:53.381+0000] {dag.py:3947} INFO - Setting next_dagrun for flights_ops_medallion_pipe to 2026-09-19 11:00:00+00:00, run_after=2026-09-19 11:30:00+00:00
[2026-09-19T11:29:53.406+0000] {processor.py:183} INFO - Processing /opt/airflow/dags/flight-pipeline.py took 1.243 seconds
[2026-09-19T11:30:23.611+0000] {processor.py:161} INFO - Started process (PID=2457) to work on /opt/airflow/dags/flight-pipeline.py
[2026-09-19T11:30:23.614+0000] {processor.py:830} INFO - Processing file /opt/airflow/dags/flight-pipeline.py for tasks to queue
[2026-09-19T11:30:23.621+0000] {logging_mixin.py:188} INFO - [2026-09-19T11:30:23.620+0000] {dagbag.py:545} INFO - Filling up the DagBag from /opt/airflow/dags/flight-pipeline.py
[2026-09-19T11:30:24.751+0000] {processor.py:840} INFO - DAG(s) 'flights_ops_medallion_pipe' retrieved from /opt/airflow/dags/flight-pipeline.py
[2026-09-19T11:30:24.788+0000] {logging_mixin.py:188} INFO - [2026-09-19T11:30:24.787+0000] {dag.py:3089} INFO - Sync 1 DAGs
[2026-09-19T11:30:24.817+0000] {logging_mixin.py:188} INFO - [2026-09-19T11:30:24.816+0000] {dag.py:3947} INFO - Setting next_dagrun for flights_ops_medallion_pipe to 2026-09-19 11:30:00+00:00, run_after=2026-09-19 12:00:00+00:00
[2026-09-19T11:30:24.840+0000] {processor.py:183} INFO - Processing /opt/airflow/dags/flight-pipeline.py took 1.247 seconds
[2026-09-19T11:30:55.106+0000] {processor.py:161} INFO - Started process (PID=2518) to work on /opt/airflow/dags/flight-pipeline.py
[2026-09-19T11:30:55.108+0000] {processor.py:830} INFO - Processing file /opt/airflow/dags/flight-pipeline.py for tasks to queue
[2026-09-19T11:30:55.111+0000] {logging_mixin.py:188} INFO - [2026-09-19T11:30:55.110+0000] {dagbag.py:545} INFO - Filling up the DagBag from /opt/airflow/dags/flight-pipeline.py
[2026-09-19T11:30:56.115+0000] {processor.py:840} INFO - DAG(s) 'flights_ops_medallion_pipe' retrieved from /opt/airflow/dags/flight-pipeline.py
[2026-09-19T11:30:56.157+0000] {logging_mixin.py:188} INFO - [2026-09-19T11:30:56.156+0000] {dag.py:3089} INFO - Sync 1 DAGs
[2026-09-19T11:30:56.186+0000] {logging_mixin.py:188} INFO - [2026-09-19T11:30:56.185+0000] {dag.py:3947} INFO - Setting next_dagrun for flights_ops_medallion_pipe to 2026-09-19 11:30:00+00:00, run_after=2026-09-19 12:00:00+00:00
[2026-09-19T11:30:56.213+0000] {processor.py:183} INFO - Processing /opt/airflow/dags/flight-pipeline.py took 1.116 seconds
[2026-09-19T11:31:26.439+0000] {processor.py:161} INFO - Started process (PID=2521) to work on /opt/airflow/dags/flight-pipeline.py
[2026-09-19T11:31:26.441+0000] {processor.py:830} INFO - Processing file /opt/airflow/dags/flight-pipeline.py for tasks to queue
[2026-09-19T11:31:26.446+0000] {logging_mixin.py:188} INFO - [2026-09-19T11:31:26.445+0000] {dagbag.py:545} INFO - Filling up the DagBag from /opt/airflow/dags/flight-pipeline.py
[2026-09-19T11:31:27.551+0000] {processor.py:840} INFO - DAG(s) 'flights_ops_medallion_pipe' retrieved from /opt/airflow/dags/flight-pipeline.py
[2026-09-19T11:31:27.593+0000] {logging_mixin.py:188} INFO - [2026-09-19T11:31:27.592+0000] {dag.py:3089} INFO - Sync 1 DAGs
[2026-09-19T11:31:27.620+0000] {logging_mixin.py:188} INFO - [2026-09-19T11:31:27.620+0000] {dag.py:3947} INFO - Setting next_dagrun for flights_ops_medallion_pipe to 2026-09-19 11:30:00+00:00, run_after=2026-09-19 12:00:00+00:00
[2026-09-19T11:31:27.646+0000] {processor.py:183} INFO - Processing /opt/airflow/dags/flight-pipeline.py took 1.218 seconds
[2026-09-19T11:31:57.737+0000] {processor.py:161} INFO - Started process (PID=2524) to work on /opt/airflow/dags/flight-pipeline.py
[2026-09-19T11:31:57.739+0000] {processor.py:830} INFO - Processing file /opt/airflow/dags/flight-pipeline.py for tasks to queue
[2026-09-19T11:31:57.743+0000] {logging_mixin.py:188} INFO - [2026-09-19T11:31:57.742+0000] {dagbag.py:545} INFO - Filling up the DagBag from /opt/airflow/dags/flight-pipeline.py
[2026-09-19T11:31:58.782+0000] {processor.py:840} INFO - DAG(s) 'flights_ops_medallion_pipe' retrieved from /opt/airflow/dags/flight-pipeline.py
[2026-09-19T11:31:58.819+0000] {logging_mixin.py:188} INFO - [2026-09-19T11:31:58.818+0000] {dag.py:3089} INFO - Sync 1 DAGs
[2026-09-19T11:31:58.849+0000] {logging_mixin.py:188} INFO - [2026-09-19T11:31:58.848+0000] {dag.py:3947} INFO - Setting next_dagrun for flights_ops_medallion_pipe to 2026-09-19 11:30:00+00:00, run_after=2026-09-19 12:00:00+00:00
[2026-09-19T11:31:58.871+0000] {processor.py:183} INFO - Processing /opt/airflow/dags/flight-pipeline.py took 1.144 seconds
[2026-09-19T11:32:29.012+0000] {processor.py:161} INFO - Started process (PID=2527) to work on /opt/airflow/dags/flight-pipeline.py
[2026-09-19T11:32:29.014+0000] {processor.py:830} INFO - Processing file /opt/airflow/dags/flight-pipeline.py for tasks to queue
[2026-09-19T11:32:29.019+0000] {logging_mixin.py:188} INFO - [2026-09-19T11:32:29.018+0000] {dagbag.py:545} INFO - Filling up the DagBag from /opt/airflow/dags/flight-pipeline.py
[2026-09-19T11:32:30.031+0000] {processor.py:840} INFO - DAG(s) 'flights_ops_medallion_pipe' retrieved from /opt/airflow/dags/flight-pipeline.py
[2026-09-19T11:32:30.074+0000] {logging_mixin.py:188} INFO - [2026-09-19T11:32:30.073+0000] {dag.py:3089} INFO - Sync 1 DAGs
[2026-09-19T11:32:30.106+0000] {logging_mixin.py:188} INFO - [2026-09-19T11:32:30.106+0000] {dag.py:3947} INFO - Setting next_dagrun for flights_ops_medallion_pipe to 2026-09-19 11:30:00+00:00, run_after=2026-09-19 12:00:00+00:00
[2026-09-19T11:32:30.132+0000] {processor.py:183} INFO - Processing /opt/airflow/dags/flight-pipeline.py took 1.130 seconds
[2026-09-19T11:33:00.407+0000] {processor.py:161} INFO - Started process (PID=2530) to work on /opt/airflow/dags/flight-pipeline.py
[2026-09-19T11:33:00.409+0000] {processor.py:830} INFO - Processing file /opt/airflow/dags/flight-pipeline.py for tasks to queue
[2026-09-19T11:33:00.413+0000] {logging_mixin.py:188} INFO - [2026-09-19T11:33:00.412+0000] {dagbag.py:545} INFO - Filling up the DagBag from /opt/airflow/dags/flight-pipeline.py
[2026-09-19T11:33:01.362+0000] {processor.py:840} INFO - DAG(s) 'flights_ops_medallion_pipe' retrieved from /opt/airflow/dags/flight-pipeline.py
[2026-09-19T11:33:01.398+0000] {logging_mixin.py:188} INFO - [2026-09-19T11:33:01.397+0000] {dag.py:3089} INFO - Sync 1 DAGs
[2026-09-19T11:33:01.424+0000] {logging_mixin.py:188} INFO - [2026-09-19T11:33:01.423+0000] {dag.py:3947} INFO - Setting next_dagrun for flights_ops_medallion_pipe to 2026-09-19 11:30:00+00:00, run_after=2026-09-19 12:00:00+00:00
[2026-09-19T11:33:01.444+0000] {processor.py:183} INFO - Processing /opt/airflow/dags/flight-pipeline.py took 1.053 seconds
[2026-09-19T11:33:31.703+0000] {processor.py:161} INFO - Started process (PID=2533) to work on /opt/airflow/dags/flight-pipeline.py
[2026-09-19T11:33:31.705+0000] {processor.py:830} INFO - Processing file /opt/airflow/dags/flight-pipeline.py for tasks to queue
[2026-09-19T11:33:31.709+0000] {logging_mixin.py:188} INFO - [2026-09-19T11:33:31.708+0000] {dagbag.py:545} INFO - Filling up the DagBag from /opt/airflow/dags/flight-pipeline.py
[2026-09-19T11:33:32.706+0000] {processor.py:840} INFO - DAG(s) 'flights_ops_medallion_pipe' retrieved from /opt/airflow/dags/flight-pipeline.py
[2026-09-19T11:33:32.748+0000] {logging_mixin.py:188} INFO - [2026-09-19T11:33:32.747+0000] {dag.py:3089} INFO - Sync 1 DAGs
[2026-09-19T11:33:32.775+0000] {logging_mixin.py:188} INFO - [2026-09-19T11:33:32.774+0000] {dag.py:3947} INFO - Setting next_dagrun for flights_ops_medallion_pipe to 2026-09-19 11:30:00+00:00, run_after=2026-09-19 12:00:00+00:00
[2026-09-19T11:33:32.798+0000] {processor.py:183} INFO - Processing /opt/airflow/dags/flight-pipeline.py took 1.109 seconds
[2026-09-19T11:34:02.995+0000] {processor.py:161} INFO - Started process (PID=2536) to work on /opt/airflow/dags/flight-pipeline.py
[2026-09-19T11:34:02.998+0000] {processor.py:830} INFO - Processing file /opt/airflow/dags/flight-pipeline.py for tasks to queue
[2026-09-19T11:34:03.002+0000] {logging_mixin.py:188} INFO - [2026-09-19T11:34:03.002+0000] {dagbag.py:545} INFO - Filling up the DagBag from /opt/airflow/dags/flight-pipeline.py
[2026-09-19T11:34:04.170+0000] {processor.py:840} INFO - DAG(s) 'flights_ops_medallion_pipe' retrieved from /opt/airflow/dags/flight-pipeline.py
[2026-09-19T11:34:04.212+0000] {logging_mixin.py:188} INFO - [2026-09-19T11:34:04.211+0000] {dag.py:3089} INFO - Sync 1 DAGs
[2026-09-19T11:34:04.243+0000] {logging_mixin.py:188} INFO - [2026-09-19T11:34:04.243+0000] {dag.py:3947} INFO - Setting next_dagrun for flights_ops_medallion_pipe to 2026-09-19 11:30:00+00:00, run_after=2026-09-19 12:00:00+00:00
[2026-09-19T11:34:04.270+0000] {processor.py:183} INFO - Processing /opt/airflow/dags/flight-pipeline.py took 1.288 seconds
[2026-09-19T11:34:34.361+0000] {processor.py:161} INFO - Started process (PID=2539) to work on /opt/airflow/dags/flight-pipeline.py
[2026-09-19T11:34:34.364+0000] {processor.py:830} INFO - Processing file /opt/airflow/dags/flight-pipeline.py for tasks to queue
[2026-09-19T11:34:34.370+0000] {logging_mixin.py:188} INFO - [2026-09-19T11:34:34.369+0000] {dagbag.py:545} INFO - Filling up the DagBag from /opt/airflow/dags/flight-pipeline.py
[2026-09-19T11:34:35.517+0000] {processor.py:840} INFO - DAG(s) 'flights_ops_medallion_pipe' retrieved from /opt/airflow/dags/flight-pipeline.py
[2026-09-19T11:34:35.554+0000] {logging_mixin.py:188} INFO - [2026-09-19T11:34:35.553+0000] {dag.py:3089} INFO - Sync 1 DAGs
[2026-09-19T11:34:35.582+0000] {logging_mixin.py:188} INFO - [2026-09-19T11:34:35.582+0000] {dag.py:3947} INFO - Setting next_dagrun for flights_ops_medallion_pipe to 2026-09-19 11:30:00+00:00, run_after=2026-09-19 12:00:00+00:00
[2026-09-19T11:34:35.608+0000] {processor.py:183} INFO - Processing /opt/airflow/dags/flight-pipeline.py took 1.263 seconds
[2026-09-19T11:35:05.819+0000] {processor.py:161} INFO - Started process (PID=2542) to work on /opt/airflow/dags/flight-pipeline.py
[2026-09-19T11:35:05.821+0000] {processor.py:830} INFO - Processing file /opt/airflow/dags/flight-pipeline.py for tasks to queue
[2026-09-19T11:35:05.824+0000] {logging_mixin.py:188} INFO - [2026-09-19T11:35:05.823+0000] {dagbag.py:545} INFO - Filling up the DagBag from /opt/airflow/dags/flight-pipeline.py
[2026-09-19T11:35:06.884+0000] {processor.py:840} INFO - DAG(s) 'flights_ops_medallion_pipe' retrieved from /opt/airflow/dags/flight-pipeline.py
[2026-09-19T11:35:06.923+0000] {logging_mixin.py:188} INFO - [2026-09-19T11:35:06.922+0000] {dag.py:3089} INFO - Sync 1 DAGs
[2026-09-19T11:35:06.951+0000] {logging_mixin.py:188} INFO - [2026-09-19T11:35:06.951+0000] {dag.py:3947} INFO - Setting next_dagrun for flights_ops_medallion_pipe to 2026-09-19 11:30:00+00:00, run_after=2026-09-19 12:00:00+00:00
[2026-09-19T11:35:06.977+0000] {processor.py:183} INFO - Processing /opt/airflow/dags/flight-pipeline.py took 1.166 seconds
[2026-09-19T11:35:37.153+0000] {processor.py:161} INFO - Started process (PID=2545) to work on /opt/airflow/dags/flight-pipeline.py
[2026-09-19T11:35:37.155+0000] {processor.py:830} INFO - Processing file /opt/airflow/dags/flight-pipeline.py for tasks to queue
[2026-09-19T11:35:37.159+0000] {logging_mixin.py:188} INFO - [2026-09-19T11:35:37.158+0000] {dagbag.py:545} INFO - Filling up the DagBag from /opt/airflow/dags/flight-pipeline.py
[2026-09-19T11:35:38.212+0000] {processor.py:840} INFO - DAG(s) 'flights_ops_medallion_pipe' retrieved from /opt/airflow/dags/flight-pipeline.py
[2026-09-19T11:35:38.256+0000] {logging_mixin.py:188} INFO - [2026-09-19T11:35:38.256+0000] {dag.py:3089} INFO - Sync 1 DAGs
[2026-09-19T11:35:38.302+0000] {logging_mixin.py:188} INFO - [2026-09-19T11:35:38.302+0000] {dag.py:3947} INFO - Setting next_dagrun for flights_ops_medallion_pipe to 2026-09-19 11:30:00+00:00, run_after=2026-09-19 12:00:00+00:00
[2026-09-19T11:35:38.330+0000] {processor.py:183} INFO - Processing /opt/airflow/dags/flight-pipeline.py took 1.187 seconds
[2026-09-19T11:36:08.557+0000] {processor.py:161} INFO - Started process (PID=2548) to work on /opt/airflow/dags/flight-pipeline.py
[2026-09-19T11:36:08.559+0000] {processor.py:830} INFO - Processing file /opt/airflow/dags/flight-pipeline.py for tasks to queue
[2026-09-19T11:36:08.562+0000] {logging_mixin.py:188} INFO - [2026-09-19T11:36:08.562+0000] {dagbag.py:545} INFO - Filling up the DagBag from /opt/airflow/dags/flight-pipeline.py
[2026-09-19T11:36:09.534+0000] {processor.py:840} INFO - DAG(s) 'flights_ops_medallion_pipe' retrieved from /opt/airflow/dags/flight-pipeline.py
[2026-09-19T11:36:09.576+0000] {logging_mixin.py:188} INFO - [2026-09-19T11:36:09.575+0000] {dag.py:3089} INFO - Sync 1 DAGs
[2026-09-19T11:36:09.604+0000] {logging_mixin.py:188} INFO - [2026-09-19T11:36:09.604+0000] {dag.py:3947} INFO - Setting next_dagrun for flights_ops_medallion_pipe to 2026-09-19 11:30:00+00:00, run_after=2026-09-19 12:00:00+00:00
[2026-09-19T11:36:09.629+0000] {processor.py:183} INFO - Processing /opt/airflow/dags/flight-pipeline.py took 1.082 seconds
[2026-09-19T11:36:39.898+0000] {processor.py:161} INFO - Started process (PID=2551) to work on /opt/airflow/dags/flight-pipeline.py
[2026-09-19T11:36:39.900+0000] {processor.py:830} INFO - Processing file /opt/airflow/dags/flight-pipeline.py for tasks to queue
[2026-09-19T11:36:39.904+0000] {logging_mixin.py:188} INFO - [2026-09-19T11:36:39.903+0000] {dagbag.py:545} INFO - Filling up the DagBag from /opt/airflow/dags/flight-pipeline.py
[2026-09-19T11:36:40.943+0000] {processor.py:840} INFO - DAG(s) 'flights_ops_medallion_pipe' retrieved from /opt/airflow/dags/flight-pipeline.py
[2026-09-19T11:36:40.983+0000] {logging_mixin.py:188} INFO - [2026-09-19T11:36:40.983+0000] {dag.py:3089} INFO - Sync 1 DAGs
[2026-09-19T11:36:41.016+0000] {logging_mixin.py:188} INFO - [2026-09-19T11:36:41.016+0000] {dag.py:3947} INFO - Setting next_dagrun for flights_ops_medallion_pipe to 2026-09-19 11:30:00+00:00, run_after=2026-09-19 12:00:00+00:00
[2026-09-19T11:36:41.045+0000] {processor.py:183} INFO - Processing /opt/airflow/dags/flight-pipeline.py took 1.156 seconds
[2026-09-19T11:37:11.194+0000] {processor.py:161} INFO - Started process (PID=2673) to work on /opt/airflow/dags/flight-pipeline.py
[2026-09-19T11:37:11.197+0000] {processor.py:830} INFO - Processing file /opt/airflow/dags/flight-pipeline.py for tasks to queue
[2026-09-19T11:37:11.203+0000] {logging_mixin.py:188} INFO - [2026-09-19T11:37:11.202+0000] {dagbag.py:545} INFO - Filling up the DagBag from /opt/airflow/dags/flight-pipeline.py
[2026-09-19T11:37:12.278+0000] {processor.py:840} INFO - DAG(s) 'flights_ops_medallion_pipe' retrieved from /opt/airflow/dags/flight-pipeline.py
[2026-09-19T11:37:12.310+0000] {logging_mixin.py:188} INFO - [2026-09-19T11:37:12.310+0000] {dag.py:3089} INFO - Sync 1 DAGs
[2026-09-19T11:37:12.335+0000] {logging_mixin.py:188} INFO - [2026-09-19T11:37:12.335+0000] {dag.py:3947} INFO - Setting next_dagrun for flights_ops_medallion_pipe to 2026-09-19 11:30:00+00:00, run_after=2026-09-19 12:00:00+00:00
[2026-09-19T11:37:12.356+0000] {processor.py:183} INFO - Processing /opt/airflow/dags/flight-pipeline.py took 1.180 seconds
[2026-09-19T11:37:42.604+0000] {processor.py:161} INFO - Started process (PID=2793) to work on /opt/airflow/dags/flight-pipeline.py
[2026-09-19T11:37:42.606+0000] {processor.py:830} INFO - Processing file /opt/airflow/dags/flight-pipeline.py for tasks to queue
[2026-09-19T11:37:42.610+0000] {logging_mixin.py:188} INFO - [2026-09-19T11:37:42.610+0000] {dagbag.py:545} INFO - Filling up the DagBag from /opt/airflow/dags/flight-pipeline.py
[2026-09-19T11:37:43.697+0000] {processor.py:840} INFO - DAG(s) 'flights_ops_medallion_pipe' retrieved from /opt/airflow/dags/flight-pipeline.py
[2026-09-19T11:37:43.738+0000] {logging_mixin.py:188} INFO - [2026-09-19T11:37:43.738+0000] {dag.py:3089} INFO - Sync 1 DAGs
[2026-09-19T11:37:43.768+0000] {logging_mixin.py:188} INFO - [2026-09-19T11:37:43.768+0000] {dag.py:3947} INFO - Setting next_dagrun for flights_ops_medallion_pipe to 2026-09-19 11:30:00+00:00, run_after=2026-09-19 12:00:00+00:00
[2026-09-19T11:37:43.800+0000] {processor.py:183} INFO - Processing /opt/airflow/dags/flight-pipeline.py took 1.203 seconds
[2026-09-19T11:38:14.104+0000] {processor.py:161} INFO - Started process (PID=2796) to work on /opt/airflow/dags/flight-pipeline.py
[2026-09-19T11:38:14.106+0000] {processor.py:830} INFO - Processing file /opt/airflow/dags/flight-pipeline.py for tasks to queue
[2026-09-19T11:38:14.109+0000] {logging_mixin.py:188} INFO - [2026-09-19T11:38:14.109+0000] {dagbag.py:545} INFO - Filling up the DagBag from /opt/airflow/dags/flight-pipeline.py
[2026-09-19T11:38:15.192+0000] {processor.py:840} INFO - DAG(s) 'flights_ops_medallion_pipe' retrieved from /opt/airflow/dags/flight-pipeline.py
[2026-09-19T11:38:15.227+0000] {logging_mixin.py:188} INFO - [2026-09-19T11:38:15.226+0000] {dag.py:3089} INFO - Sync 1 DAGs
[2026-09-19T11:38:15.254+0000] {logging_mixin.py:188} INFO - [2026-09-19T11:38:15.253+0000] {dag.py:3947} INFO - Setting next_dagrun for flights_ops_medallion_pipe to 2026-09-19 11:30:00+00:00, run_after=2026-09-19 12:00:00+00:00
[2026-09-19T11:38:15.275+0000] {processor.py:183} INFO - Processing /opt/airflow/dags/flight-pipeline.py took 1.180 seconds
[2026-09-19T11:38:45.372+0000] {processor.py:161} INFO - Started process (PID=2799) to work on /opt/airflow/dags/flight-pipeline.py
[2026-09-19T11:38:45.376+0000] {processor.py:830} INFO - Processing file /opt/airflow/dags/flight-pipeline.py for tasks to queue
[2026-09-19T11:38:45.382+0000] {logging_mixin.py:188} INFO - [2026-09-19T11:38:45.381+0000] {dagbag.py:545} INFO - Filling up the DagBag from /opt/airflow/dags/flight-pipeline.py
[2026-09-19T11:38:46.485+0000] {processor.py:840} INFO - DAG(s) 'flights_ops_medallion_pipe' retrieved from /opt/airflow/dags/flight-pipeline.py
[2026-09-19T11:38:46.526+0000] {logging_mixin.py:188} INFO - [2026-09-19T11:38:46.524+0000] {dag.py:3089} INFO - Sync 1 DAGs
[2026-09-19T11:38:46.553+0000] {logging_mixin.py:188} INFO - [2026-09-19T11:38:46.552+0000] {dag.py:3947} INFO - Setting next_dagrun for flights_ops_medallion_pipe to 2026-09-19 11:30:00+00:00, run_after=2026-09-19 12:00:00+00:00
[2026-09-19T11:38:46.575+0000] {processor.py:183} INFO - Processing /opt/airflow/dags/flight-pipeline.py took 1.215 seconds
[2026-09-19T11:39:16.798+0000] {processor.py:161} INFO - Started process (PID=2802) to work on /opt/airflow/dags/flight-pipeline.py
[2026-09-19T11:39:16.800+0000] {processor.py:830} INFO - Processing file /opt/airflow/dags/flight-pipeline.py for tasks to queue
[2026-09-19T11:39:16.804+0000] {logging_mixin.py:188} INFO - [2026-09-19T11:39:16.803+0000] {dagbag.py:545} INFO - Filling up the DagBag from /opt/airflow/dags/flight-pipeline.py
[2026-09-19T11:39:17.932+0000] {processor.py:840} INFO - DAG(s) 'flights_ops_medallion_pipe' retrieved from /opt/airflow/dags/flight-pipeline.py
[2026-09-19T11:39:17.973+0000] {logging_mixin.py:188} INFO - [2026-09-19T11:39:17.973+0000] {dag.py:3089} INFO - Sync 1 DAGs
[2026-09-19T11:39:18.010+0000] {logging_mixin.py:188} INFO - [2026-09-19T11:39:18.010+0000] {dag.py:3947} INFO - Setting next_dagrun for flights_ops_medallion_pipe to 2026-09-19 11:30:00+00:00, run_after=2026-09-19 12:00:00+00:00
[2026-09-19T11:39:18.035+0000] {processor.py:183} INFO - Processing /opt/airflow/dags/flight-pipeline.py took 1.246 seconds
[2026-09-19T11:39:48.121+0000] {processor.py:161} INFO - Started process (PID=2805) to work on /opt/airflow/dags/flight-pipeline.py
[2026-09-19T11:39:48.123+0000] {processor.py:830} INFO - Processing file /opt/airflow/dags/flight-pipeline.py for tasks to queue
[2026-09-19T11:39:48.129+0000] {logging_mixin.py:188} INFO - [2026-09-19T11:39:48.128+0000] {dagbag.py:545} INFO - Filling up the DagBag from /opt/airflow/dags/flight-pipeline.py
[2026-09-19T11:39:49.300+0000] {processor.py:840} INFO - DAG(s) 'flights_ops_medallion_pipe' retrieved from /opt/airflow/dags/flight-pipeline.py
[2026-09-19T11:39:49.344+0000] {logging_mixin.py:188} INFO - [2026-09-19T11:39:49.344+0000] {dag.py:3089} INFO - Sync 1 DAGs
[2026-09-19T11:39:49.378+0000] {logging_mixin.py:188} INFO - [2026-09-19T11:39:49.377+0000] {dag.py:3947} INFO - Setting next_dagrun for flights_ops_medallion_pipe to 2026-09-19 11:30:00+00:00, run_after=2026-09-19 12:00:00+00:00
[2026-09-19T11:39:49.406+0000] {processor.py:183} INFO - Processing /opt/airflow/dags/flight-pipeline.py took 1.294 seconds
[2026-09-19T11:40:19.538+0000] {processor.py:161} INFO - Started process (PID=2808) to work on /opt/airflow/dags/flight-pipeline.py
[2026-09-19T11:40:19.540+0000] {processor.py:830} INFO - Processing file /opt/airflow/dags/flight-pipeline.py for tasks to queue
[2026-09-19T11:40:19.543+0000] {logging_mixin.py:188} INFO - [2026-09-19T11:40:19.543+0000] {dagbag.py:545} INFO - Filling up the DagBag from /opt/airflow/dags/flight-pipeline.py
[2026-09-19T11:40:20.524+0000] {processor.py:840} INFO - DAG(s) 'flights_ops_medallion_pipe' retrieved from /opt/airflow/dags/flight-pipeline.py
[2026-09-19T11:40:20.557+0000] {logging_mixin.py:188} INFO - [2026-09-19T11:40:20.557+0000] {dag.py:3089} INFO - Sync 1 DAGs
[2026-09-19T11:40:20.583+0000] {logging_mixin.py:188} INFO - [2026-09-19T11:40:20.583+0000] {dag.py:3947} INFO - Setting next_dagrun for flights_ops_medallion_pipe to 2026-09-19 11:30:00+00:00, run_after=2026-09-19 12:00:00+00:00
[2026-09-19T11:40:20.604+0000] {processor.py:183} INFO - Processing /opt/airflow/dags/flight-pipeline.py took 1.077 seconds
[2026-09-19T11:40:50.795+0000] {processor.py:161} INFO - Started process (PID=2811) to work on /opt/airflow/dags/flight-pipeline.py
[2026-09-19T11:40:50.799+0000] {processor.py:830} INFO - Processing file /opt/airflow/dags/flight-pipeline.py for tasks to queue
[2026-09-19T11:40:50.806+0000] {logging_mixin.py:188} INFO - [2026-09-19T11:40:50.805+0000] {dagbag.py:545} INFO - Filling up the DagBag from /opt/airflow/dags/flight-pipeline.py
[2026-09-19T11:40:51.951+0000] {processor.py:840} INFO - DAG(s) 'flights_ops_medallion_pipe' retrieved from /opt/airflow/dags/flight-pipeline.py
[2026-09-19T11:40:51.995+0000] {logging_mixin.py:188} INFO - [2026-09-19T11:40:51.994+0000] {dag.py:3089} INFO - Sync 1 DAGs
[2026-09-19T11:40:52.031+0000] {logging_mixin.py:188} INFO - [2026-09-19T11:40:52.030+0000] {dag.py:3947} INFO - Setting next_dagrun for flights_ops_medallion_pipe to 2026-09-19 11:30:00+00:00, run_after=2026-09-19 12:00:00+00:00
[2026-09-19T11:40:52.057+0000] {processor.py:183} INFO - Processing /opt/airflow/dags/flight-pipeline.py took 1.279 seconds
[2026-09-19T11:41:22.156+0000] {processor.py:161} INFO - Started process (PID=2814) to work on /opt/airflow/dags/flight-pipeline.py
[2026-09-19T11:41:22.158+0000] {processor.py:830} INFO - Processing file /opt/airflow/dags/flight-pipeline.py for tasks to queue
[2026-09-19T11:41:22.162+0000] {logging_mixin.py:188} INFO - [2026-09-19T11:41:22.162+0000] {dagbag.py:545} INFO - Filling up the DagBag from /opt/airflow/dags/flight-pipeline.py
[2026-09-19T11:41:23.272+0000] {processor.py:840} INFO - DAG(s) 'flights_ops_medallion_pipe' retrieved from /opt/airflow/dags/flight-pipeline.py
[2026-09-19T11:41:23.314+0000] {logging_mixin.py:188} INFO - [2026-09-19T11:41:23.313+0000] {dag.py:3089} INFO - Sync 1 DAGs
[2026-09-19T11:41:23.344+0000] {logging_mixin.py:188} INFO - [2026-09-19T11:41:23.344+0000] {dag.py:3947} INFO - Setting next_dagrun for flights_ops_medallion_pipe to 2026-09-19 11:30:00+00:00, run_after=2026-09-19 12:00:00+00:00
[2026-09-19T11:41:23.372+0000] {processor.py:183} INFO - Processing /opt/airflow/dags/flight-pipeline.py took 1.226 seconds
[2026-09-19T11:41:53.543+0000] {processor.py:161} INFO - Started process (PID=2817) to work on /opt/airflow/dags/flight-pipeline.py
[2026-09-19T11:41:53.545+0000] {processor.py:830} INFO - Processing file /opt/airflow/dags/flight-pipeline.py for tasks to queue
[2026-09-19T11:41:53.548+0000] {logging_mixin.py:188} INFO - [2026-09-19T11:41:53.547+0000] {dagbag.py:545} INFO - Filling up the DagBag from /opt/airflow/dags/flight-pipeline.py
[2026-09-19T11:41:54.662+0000] {processor.py:840} INFO - DAG(s) 'flights_ops_medallion_pipe' retrieved from /opt/airflow/dags/flight-pipeline.py
[2026-09-19T11:41:54.703+0000] {logging_mixin.py:188} INFO - [2026-09-19T11:41:54.701+0000] {dag.py:3089} INFO - Sync 1 DAGs
[2026-09-19T11:41:54.732+0000] {logging_mixin.py:188} INFO - [2026-09-19T11:41:54.732+0000] {dag.py:3947} INFO - Setting next_dagrun for flights_ops_medallion_pipe to 2026-09-19 11:30:00+00:00, run_after=2026-09-19 12:00:00+00:00
[2026-09-19T11:41:54.757+0000] {processor.py:183} INFO - Processing /opt/airflow/dags/flight-pipeline.py took 1.223 seconds
[2026-09-19T11:42:24.840+0000] {processor.py:161} INFO - Started process (PID=2820) to work on /opt/airflow/dags/flight-pipeline.py
[2026-09-19T11:42:24.841+0000] {processor.py:830} INFO - Processing file /opt/airflow/dags/flight-pipeline.py for tasks to queue
[2026-09-19T11:42:24.844+0000] {logging_mixin.py:188} INFO - [2026-09-19T11:42:24.844+0000] {dagbag.py:545} INFO - Filling up the DagBag from /opt/airflow/dags/flight-pipeline.py
[2026-09-19T11:42:25.966+0000] {processor.py:840} INFO - DAG(s) 'flights_ops_medallion_pipe' retrieved from /opt/airflow/dags/flight-pipeline.py
[2026-09-19T11:42:26.004+0000] {logging_mixin.py:188} INFO - [2026-09-19T11:42:26.003+0000] {dag.py:3089} INFO - Sync 1 DAGs
[2026-09-19T11:42:26.032+0000] {logging_mixin.py:188} INFO - [2026-09-19T11:42:26.032+0000] {dag.py:3947} INFO - Setting next_dagrun for flights_ops_medallion_pipe to 2026-09-19 11:30:00+00:00, run_after=2026-09-19 12:00:00+00:00
[2026-09-19T11:42:26.058+0000] {processor.py:183} INFO - Processing /opt/airflow/dags/flight-pipeline.py took 1.227 seconds
[2026-09-19T11:42:56.271+0000] {processor.py:161} INFO - Started process (PID=2823) to work on /opt/airflow/dags/flight-pipeline.py
[2026-09-19T11:42:56.273+0000] {processor.py:830} INFO - Processing file /opt/airflow/dags/flight-pipeline.py for tasks to queue
[2026-09-19T11:42:56.277+0000] {logging_mixin.py:188} INFO - [2026-09-19T11:42:56.277+0000] {dagbag.py:545} INFO - Filling up the DagBag from /opt/airflow/dags/flight-pipeline.py
[2026-09-19T11:42:57.374+0000] {processor.py:840} INFO - DAG(s) 'flights_ops_medallion_pipe' retrieved from /opt/airflow/dags/flight-pipeline.py
[2026-09-19T11:42:57.413+0000] {logging_mixin.py:188} INFO - [2026-09-19T11:42:57.412+0000] {dag.py:3089} INFO - Sync 1 DAGs
[2026-09-19T11:42:57.441+0000] {logging_mixin.py:188} INFO - [2026-09-19T11:42:57.441+0000] {dag.py:3947} INFO - Setting next_dagrun for flights_ops_medallion_pipe to 2026-09-19 11:30:00+00:00, run_after=2026-09-19 12:00:00+00:00
[2026-09-19T11:42:57.464+0000] {processor.py:183} INFO - Processing /opt/airflow/dags/flight-pipeline.py took 1.203 seconds
[2026-09-19T11:43:27.539+0000] {processor.py:161} INFO - Started process (PID=2826) to work on /opt/airflow/dags/flight-pipeline.py
[2026-09-19T11:43:27.541+0000] {processor.py:830} INFO - Processing file /opt/airflow/dags/flight-pipeline.py for tasks to queue
[2026-09-19T11:43:27.544+0000] {logging_mixin.py:188} INFO - [2026-09-19T11:43:27.544+0000] {dagbag.py:545} INFO - Filling up the DagBag from /opt/airflow/dags/flight-pipeline.py
[2026-09-19T11:43:28.609+0000] {processor.py:840} INFO - DAG(s) 'flights_ops_medallion_pipe' retrieved from /opt/airflow/dags/flight-pipeline.py
[2026-09-19T11:43:28.654+0000] {logging_mixin.py:188} INFO - [2026-09-19T11:43:28.653+0000] {dag.py:3089} INFO - Sync 1 DAGs
[2026-09-19T11:43:28.692+0000] {logging_mixin.py:188} INFO - [2026-09-19T11:43:28.692+0000] {dag.py:3947} INFO - Setting next_dagrun for flights_ops_medallion_pipe to 2026-09-19 11:30:00+00:00, run_after=2026-09-19 12:00:00+00:00
[2026-09-19T11:43:28.719+0000] {processor.py:183} INFO - Processing /opt/airflow/dags/flight-pipeline.py took 1.189 seconds
[2026-09-19T11:43:58.968+0000] {processor.py:161} INFO - Started process (PID=2829) to work on /opt/airflow/dags/flight-pipeline.py
[2026-09-19T11:43:58.970+0000] {processor.py:830} INFO - Processing file /opt/airflow/dags/flight-pipeline.py for tasks to queue
[2026-09-19T11:43:58.974+0000] {logging_mixin.py:188} INFO - [2026-09-19T11:43:58.973+0000] {dagbag.py:545} INFO - Filling up the DagBag from /opt/airflow/dags/flight-pipeline.py
[2026-09-19T11:44:00.124+0000] {processor.py:840} INFO - DAG(s) 'flights_ops_medallion_pipe' retrieved from /opt/airflow/dags/flight-pipeline.py
[2026-09-19T11:44:00.162+0000] {logging_mixin.py:188} INFO - [2026-09-19T11:44:00.161+0000] {dag.py:3089} INFO - Sync 1 DAGs
[2026-09-19T11:44:00.210+0000] {logging_mixin.py:188} INFO - [2026-09-19T11:44:00.209+0000] {dag.py:3947} INFO - Setting next_dagrun for flights_ops_medallion_pipe to 2026-09-19 11:30:00+00:00, run_after=2026-09-19 12:00:00+00:00
[2026-09-19T11:44:00.232+0000] {processor.py:183} INFO - Processing /opt/airflow/dags/flight-pipeline.py took 1.280 seconds
[2026-09-19T11:44:30.501+0000] {processor.py:161} INFO - Started process (PID=2832) to work on /opt/airflow/dags/flight-pipeline.py
[2026-09-19T11:44:30.503+0000] {processor.py:830} INFO - Processing file /opt/airflow/dags/flight-pipeline.py for tasks to queue
[2026-09-19T11:44:30.506+0000] {logging_mixin.py:188} INFO - [2026-09-19T11:44:30.506+0000] {dagbag.py:545} INFO - Filling up the DagBag from /opt/airflow/dags/flight-pipeline.py
[2026-09-19T11:44:31.512+0000] {processor.py:840} INFO - DAG(s) 'flights_ops_medallion_pipe' retrieved from /opt/airflow/dags/flight-pipeline.py
[2026-09-19T11:44:31.547+0000] {logging_mixin.py:188} INFO - [2026-09-19T11:44:31.546+0000] {dag.py:3089} INFO - Sync 1 DAGs
[2026-09-19T11:44:31.575+0000] {logging_mixin.py:188} INFO - [2026-09-19T11:44:31.575+0000] {dag.py:3947} INFO - Setting next_dagrun for flights_ops_medallion_pipe to 2026-09-19 11:30:00+00:00, run_after=2026-09-19 12:00:00+00:00
[2026-09-19T11:44:31.597+0000] {processor.py:183} INFO - Processing /opt/airflow/dags/flight-pipeline.py took 1.106 seconds
[2026-09-19T11:45:01.749+0000] {processor.py:161} INFO - Started process (PID=2835) to work on /opt/airflow/dags/flight-pipeline.py
[2026-09-19T11:45:01.751+0000] {processor.py:830} INFO - Processing file /opt/airflow/dags/flight-pipeline.py for tasks to queue
[2026-09-19T11:45:01.754+0000] {logging_mixin.py:188} INFO - [2026-09-19T11:45:01.754+0000] {dagbag.py:545} INFO - Filling up the DagBag from /opt/airflow/dags/flight-pipeline.py
[2026-09-19T11:45:02.756+0000] {processor.py:840} INFO - DAG(s) 'flights_ops_medallion_pipe' retrieved from /opt/airflow/dags/flight-pipeline.py
[2026-09-19T11:45:02.802+0000] {logging_mixin.py:188} INFO - [2026-09-19T11:45:02.801+0000] {dag.py:3089} INFO - Sync 1 DAGs
[2026-09-19T11:45:02.830+0000] {logging_mixin.py:188} INFO - [2026-09-19T11:45:02.830+0000] {dag.py:3947} INFO - Setting next_dagrun for flights_ops_medallion_pipe to 2026-09-19 11:30:00+00:00, run_after=2026-09-19 12:00:00+00:00
[2026-09-19T11:45:02.853+0000] {processor.py:183} INFO - Processing /opt/airflow/dags/flight-pipeline.py took 1.114 seconds
[2026-09-19T11:45:33.116+0000] {processor.py:161} INFO - Started process (PID=2838) to work on /opt/airflow/dags/flight-pipeline.py
[2026-09-19T11:45:33.118+0000] {processor.py:830} INFO - Processing file /opt/airflow/dags/flight-pipeline.py for tasks to queue
[2026-09-19T11:45:33.123+0000] {logging_mixin.py:188} INFO - [2026-09-19T11:45:33.121+0000] {dagbag.py:545} INFO - Filling up the DagBag from /opt/airflow/dags/flight-pipeline.py
[2026-09-19T11:45:34.186+0000] {processor.py:840} INFO - DAG(s) 'flights_ops_medallion_pipe' retrieved from /opt/airflow/dags/flight-pipeline.py
[2026-09-19T11:45:34.225+0000] {logging_mixin.py:188} INFO - [2026-09-19T11:45:34.224+0000] {dag.py:3089} INFO - Sync 1 DAGs
[2026-09-19T11:45:34.255+0000] {logging_mixin.py:188} INFO - [2026-09-19T11:45:34.254+0000] {dag.py:3947} INFO - Setting next_dagrun for flights_ops_medallion_pipe to 2026-09-19 11:30:00+00:00, run_after=2026-09-19 12:00:00+00:00
[2026-09-19T11:45:34.278+0000] {processor.py:183} INFO - Processing /opt/airflow/dags/flight-pipeline.py took 1.171 seconds
[2026-09-19T11:46:04.392+0000] {processor.py:161} INFO - Started process (PID=2841) to work on /opt/airflow/dags/flight-pipeline.py
[2026-09-19T11:46:04.394+0000] {processor.py:830} INFO - Processing file /opt/airflow/dags/flight-pipeline.py for tasks to queue
[2026-09-19T11:46:04.398+0000] {logging_mixin.py:188} INFO - [2026-09-19T11:46:04.397+0000] {dagbag.py:545} INFO - Filling up the DagBag from /opt/airflow/dags/flight-pipeline.py
[2026-09-19T11:46:05.449+0000] {processor.py:840} INFO - DAG(s) 'flights_ops_medallion_pipe' retrieved from /opt/airflow/dags/flight-pipeline.py
[2026-09-19T11:46:05.484+0000] {logging_mixin.py:188} INFO - [2026-09-19T11:46:05.484+0000] {dag.py:3089} INFO - Sync 1 DAGs
[2026-09-19T11:46:05.510+0000] {logging_mixin.py:188} INFO - [2026-09-19T11:46:05.510+0000] {dag.py:3947} INFO - Setting next_dagrun for flights_ops_medallion_pipe to 2026-09-19 11:30:00+00:00, run_after=2026-09-19 12:00:00+00:00
[2026-09-19T11:46:05.533+0000] {processor.py:183} INFO - Processing /opt/airflow/dags/flight-pipeline.py took 1.151 seconds
[2026-09-19T11:46:35.813+0000] {processor.py:161} INFO - Started process (PID=2844) to work on /opt/airflow/dags/flight-pipeline.py
[2026-09-19T11:46:35.815+0000] {processor.py:830} INFO - Processing file /opt/airflow/dags/flight-pipeline.py for tasks to queue
[2026-09-19T11:46:35.818+0000] {logging_mixin.py:188} INFO - [2026-09-19T11:46:35.818+0000] {dagbag.py:545} INFO - Filling up the DagBag from /opt/airflow/dags/flight-pipeline.py
[2026-09-19T11:46:36.864+0000] {processor.py:840} INFO - DAG(s) 'flights_ops_medallion_pipe' retrieved from /opt/airflow/dags/flight-pipeline.py
[2026-09-19T11:46:36.905+0000] {logging_mixin.py:188} INFO - [2026-09-19T11:46:36.904+0000] {dag.py:3089} INFO - Sync 1 DAGs
[2026-09-19T11:46:36.932+0000] {logging_mixin.py:188} INFO - [2026-09-19T11:46:36.932+0000] {dag.py:3947} INFO - Setting next_dagrun for flights_ops_medallion_pipe to 2026-09-19 11:30:00+00:00, run_after=2026-09-19 12:00:00+00:00
[2026-09-19T11:46:36.964+0000] {processor.py:183} INFO - Processing /opt/airflow/dags/flight-pipeline.py took 1.162 seconds
[2026-09-19T11:47:07.087+0000] {processor.py:161} INFO - Started process (PID=2847) to work on /opt/airflow/dags/flight-pipeline.py
[2026-09-19T11:47:07.089+0000] {processor.py:830} INFO - Processing file /opt/airflow/dags/flight-pipeline.py for tasks to queue
[2026-09-19T11:47:07.092+0000] {logging_mixin.py:188} INFO - [2026-09-19T11:47:07.092+0000] {dagbag.py:545} INFO - Filling up the DagBag from /opt/airflow/dags/flight-pipeline.py
[2026-09-19T11:47:08.160+0000] {processor.py:840} INFO - DAG(s) 'flights_ops_medallion_pipe' retrieved from /opt/airflow/dags/flight-pipeline.py
[2026-09-19T11:47:08.201+0000] {logging_mixin.py:188} INFO - [2026-09-19T11:47:08.201+0000] {dag.py:3089} INFO - Sync 1 DAGs
[2026-09-19T11:47:08.238+0000] {logging_mixin.py:188} INFO - [2026-09-19T11:47:08.238+0000] {dag.py:3947} INFO - Setting next_dagrun for flights_ops_medallion_pipe to 2026-09-19 11:30:00+00:00, run_after=2026-09-19 12:00:00+00:00
[2026-09-19T11:47:08.260+0000] {processor.py:183} INFO - Processing /opt/airflow/dags/flight-pipeline.py took 1.183 seconds
[2026-09-19T11:47:38.464+0000] {processor.py:161} INFO - Started process (PID=2850) to work on /opt/airflow/dags/flight-pipeline.py
[2026-09-19T11:47:38.466+0000] {processor.py:830} INFO - Processing file /opt/airflow/dags/flight-pipeline.py for tasks to queue
[2026-09-19T11:47:38.470+0000] {logging_mixin.py:188} INFO - [2026-09-19T11:47:38.469+0000] {dagbag.py:545} INFO - Filling up the DagBag from /opt/airflow/dags/flight-pipeline.py
[2026-09-19T11:47:39.491+0000] {processor.py:840} INFO - DAG(s) 'flights_ops_medallion_pipe' retrieved from /opt/airflow/dags/flight-pipeline.py
[2026-09-19T11:47:39.531+0000] {logging_mixin.py:188} INFO - [2026-09-19T11:47:39.528+0000] {dag.py:3089} INFO - Sync 1 DAGs
[2026-09-19T11:47:39.561+0000] {logging_mixin.py:188} INFO - [2026-09-19T11:47:39.560+0000] {dag.py:3947} INFO - Setting next_dagrun for flights_ops_medallion_pipe to 2026-09-19 11:30:00+00:00, run_after=2026-09-19 12:00:00+00:00
[2026-09-19T11:47:39.587+0000] {processor.py:183} INFO - Processing /opt/airflow/dags/flight-pipeline.py took 1.131 seconds
[2026-09-19T11:48:09.775+0000] {processor.py:161} INFO - Started process (PID=2853) to work on /opt/airflow/dags/flight-pipeline.py
[2026-09-19T11:48:09.777+0000] {processor.py:830} INFO - Processing file /opt/airflow/dags/flight-pipeline.py for tasks to queue
[2026-09-19T11:48:09.781+0000] {logging_mixin.py:188} INFO - [2026-09-19T11:48:09.780+0000] {dagbag.py:545} INFO - Filling up the DagBag from /opt/airflow/dags/flight-pipeline.py
[2026-09-19T11:48:10.945+0000] {processor.py:840} INFO - DAG(s) 'flights_ops_medallion_pipe' retrieved from /opt/airflow/dags/flight-pipeline.py
[2026-09-19T11:48:10.990+0000] {logging_mixin.py:188} INFO - [2026-09-19T11:48:10.989+0000] {dag.py:3089} INFO - Sync 1 DAGs
[2026-09-19T11:48:11.025+0000] {logging_mixin.py:188} INFO - [2026-09-19T11:48:11.025+0000] {dag.py:3947} INFO - Setting next_dagrun for flights_ops_medallion_pipe to 2026-09-19 11:30:00+00:00, run_after=2026-09-19 12:00:00+00:00
[2026-09-19T11:48:11.061+0000] {processor.py:183} INFO - Processing /opt/airflow/dags/flight-pipeline.py took 1.299 seconds
[2026-09-19T11:48:41.361+0000] {processor.py:161} INFO - Started process (PID=2856) to work on /opt/airflow/dags/flight-pipeline.py
[2026-09-19T11:48:41.363+0000] {processor.py:830} INFO - Processing file /opt/airflow/dags/flight-pipeline.py for tasks to queue
[2026-09-19T11:48:41.366+0000] {logging_mixin.py:188} INFO - [2026-09-19T11:48:41.366+0000] {dagbag.py:545} INFO - Filling up the DagBag from /opt/airflow/dags/flight-pipeline.py
[2026-09-19T11:48:42.483+0000] {processor.py:840} INFO - DAG(s) 'flights_ops_medallion_pipe' retrieved from /opt/airflow/dags/flight-pipeline.py
[2026-09-19T11:48:42.518+0000] {logging_mixin.py:188} INFO - [2026-09-19T11:48:42.517+0000] {dag.py:3089} INFO - Sync 1 DAGs
[2026-09-19T11:48:42.547+0000] {logging_mixin.py:188} INFO - [2026-09-19T11:48:42.546+0000] {dag.py:3947} INFO - Setting next_dagrun for flights_ops_medallion_pipe to 2026-09-19 11:30:00+00:00, run_after=2026-09-19 12:00:00+00:00
[2026-09-19T11:48:42.579+0000] {processor.py:183} INFO - Processing /opt/airflow/dags/flight-pipeline.py took 1.234 seconds
[2026-09-19T11:49:12.861+0000] {processor.py:161} INFO - Started process (PID=2859) to work on /opt/airflow/dags/flight-pipeline.py
[2026-09-19T11:49:12.863+0000] {processor.py:830} INFO - Processing file /opt/airflow/dags/flight-pipeline.py for tasks to queue
[2026-09-19T11:49:12.867+0000] {logging_mixin.py:188} INFO - [2026-09-19T11:49:12.867+0000] {dagbag.py:545} INFO - Filling up the DagBag from /opt/airflow/dags/flight-pipeline.py
[2026-09-19T11:49:13.953+0000] {processor.py:840} INFO - DAG(s) 'flights_ops_medallion_pipe' retrieved from /opt/airflow/dags/flight-pipeline.py
[2026-09-19T11:49:13.990+0000] {logging_mixin.py:188} INFO - [2026-09-19T11:49:13.989+0000] {dag.py:3089} INFO - Sync 1 DAGs
[2026-09-19T11:49:14.020+0000] {logging_mixin.py:188} INFO - [2026-09-19T11:49:14.020+0000] {dag.py:3947} INFO - Setting next_dagrun for flights_ops_medallion_pipe to 2026-09-19 11:30:00+00:00, run_after=2026-09-19 12:00:00+00:00
[2026-09-19T11:49:14.044+0000] {processor.py:183} INFO - Processing /opt/airflow/dags/flight-pipeline.py took 1.199 seconds
[2026-09-19T11:49:44.296+0000] {processor.py:161} INFO - Started process (PID=2862) to work on /opt/airflow/dags/flight-pipeline.py
[2026-09-19T11:49:44.298+0000] {processor.py:830} INFO - Processing file /opt/airflow/dags/flight-pipeline.py for tasks to queue
[2026-09-19T11:49:44.302+0000] {logging_mixin.py:188} INFO - [2026-09-19T11:49:44.301+0000] {dagbag.py:545} INFO - Filling up the DagBag from /opt/airflow/dags/flight-pipeline.py
[2026-09-19T11:49:45.404+0000] {processor.py:840} INFO - DAG(s) 'flights_ops_medallion_pipe' retrieved from /opt/airflow/dags/flight-pipeline.py
[2026-09-19T11:49:45.438+0000] {logging_mixin.py:188} INFO - [2026-09-19T11:49:45.437+0000] {dag.py:3089} INFO - Sync 1 DAGs
[2026-09-19T11:49:45.466+0000] {logging_mixin.py:188} INFO - [2026-09-19T11:49:45.466+0000] {dag.py:3947} INFO - Setting next_dagrun for flights_ops_medallion_pipe to 2026-09-19 11:30:00+00:00, run_after=2026-09-19 12:00:00+00:00
[2026-09-19T11:49:45.491+0000] {processor.py:183} INFO - Processing /opt/airflow/dags/flight-pipeline.py took 1.206 seconds
[2026-09-19T11:50:15.778+0000] {processor.py:161} INFO - Started process (PID=2865) to work on /opt/airflow/dags/flight-pipeline.py
[2026-09-19T11:50:15.781+0000] {processor.py:830} INFO - Processing file /opt/airflow/dags/flight-pipeline.py for tasks to queue
[2026-09-19T11:50:15.784+0000] {logging_mixin.py:188} INFO - [2026-09-19T11:50:15.784+0000] {dagbag.py:545} INFO - Filling up the DagBag from /opt/airflow/dags/flight-pipeline.py
[2026-09-19T11:50:16.829+0000] {processor.py:840} INFO - DAG(s) 'flights_ops_medallion_pipe' retrieved from /opt/airflow/dags/flight-pipeline.py
[2026-09-19T11:50:16.864+0000] {logging_mixin.py:188} INFO - [2026-09-19T11:50:16.863+0000] {dag.py:3089} INFO - Sync 1 DAGs
[2026-09-19T11:50:16.892+0000] {logging_mixin.py:188} INFO - [2026-09-19T11:50:16.891+0000] {dag.py:3947} INFO - Setting next_dagrun for flights_ops_medallion_pipe to 2026-09-19 11:30:00+00:00, run_after=2026-09-19 12:00:00+00:00
[2026-09-19T11:50:16.913+0000] {processor.py:183} INFO - Processing /opt/airflow/dags/flight-pipeline.py took 1.148 seconds
[2026-09-19T11:50:46.994+0000] {processor.py:161} INFO - Started process (PID=2868) to work on /opt/airflow/dags/flight-pipeline.py
[2026-09-19T11:50:46.997+0000] {processor.py:830} INFO - Processing file /opt/airflow/dags/flight-pipeline.py for tasks to queue
[2026-09-19T11:50:46.999+0000] {logging_mixin.py:188} INFO - [2026-09-19T11:50:46.999+0000] {dagbag.py:545} INFO - Filling up the DagBag from /opt/airflow/dags/flight-pipeline.py
[2026-09-19T11:50:48.089+0000] {processor.py:840} INFO - DAG(s) 'flights_ops_medallion_pipe' retrieved from /opt/airflow/dags/flight-pipeline.py
[2026-09-19T11:50:48.131+0000] {logging_mixin.py:188} INFO - [2026-09-19T11:50:48.129+0000] {dag.py:3089} INFO - Sync 1 DAGs
[2026-09-19T11:50:48.162+0000] {logging_mixin.py:188} INFO - [2026-09-19T11:50:48.162+0000] {dag.py:3947} INFO - Setting next_dagrun for flights_ops_medallion_pipe to 2026-09-19 11:30:00+00:00, run_after=2026-09-19 12:00:00+00:00
[2026-09-19T11:50:48.188+0000] {processor.py:183} INFO - Processing /opt/airflow/dags/flight-pipeline.py took 1.203 seconds
[2026-09-19T11:51:18.505+0000] {processor.py:161} INFO - Started process (PID=2871) to work on /opt/airflow/dags/flight-pipeline.py
[2026-09-19T11:51:18.508+0000] {processor.py:830} INFO - Processing file /opt/airflow/dags/flight-pipeline.py for tasks to queue
[2026-09-19T11:51:18.511+0000] {logging_mixin.py:188} INFO - [2026-09-19T11:51:18.511+0000] {dagbag.py:545} INFO - Filling up the DagBag from /opt/airflow/dags/flight-pipeline.py
[2026-09-19T11:51:19.561+0000] {processor.py:840} INFO - DAG(s) 'flights_ops_medallion_pipe' retrieved from /opt/airflow/dags/flight-pipeline.py
[2026-09-19T11:51:19.605+0000] {logging_mixin.py:188} INFO - [2026-09-19T11:51:19.604+0000] {dag.py:3089} INFO - Sync 1 DAGs
[2026-09-19T11:51:19.633+0000] {logging_mixin.py:188} INFO - [2026-09-19T11:51:19.633+0000] {dag.py:3947} INFO - Setting next_dagrun for flights_ops_medallion_pipe to 2026-09-19 11:30:00+00:00, run_after=2026-09-19 12:00:00+00:00
[2026-09-19T11:51:19.658+0000] {processor.py:183} INFO - Processing /opt/airflow/dags/flight-pipeline.py took 1.164 seconds
[2026-09-19T11:51:49.769+0000] {processor.py:161} INFO - Started process (PID=2874) to work on /opt/airflow/dags/flight-pipeline.py
[2026-09-19T11:51:49.771+0000] {processor.py:830} INFO - Processing file /opt/airflow/dags/flight-pipeline.py for tasks to queue
[2026-09-19T11:51:49.775+0000] {logging_mixin.py:188} INFO - [2026-09-19T11:51:49.774+0000] {dagbag.py:545} INFO - Filling up the DagBag from /opt/airflow/dags/flight-pipeline.py
[2026-09-19T11:51:50.830+0000] {processor.py:840} INFO - DAG(s) 'flights_ops_medallion_pipe' retrieved from /opt/airflow/dags/flight-pipeline.py
[2026-09-19T11:51:50.868+0000] {logging_mixin.py:188} INFO - [2026-09-19T11:51:50.868+0000] {dag.py:3089} INFO - Sync 1 DAGs
[2026-09-19T11:51:50.899+0000] {logging_mixin.py:188} INFO - [2026-09-19T11:51:50.898+0000] {dag.py:3947} INFO - Setting next_dagrun for flights_ops_medallion_pipe to 2026-09-19 11:30:00+00:00, run_after=2026-09-19 12:00:00+00:00
[2026-09-19T11:51:50.922+0000] {processor.py:183} INFO - Processing /opt/airflow/dags/flight-pipeline.py took 1.163 seconds
[2026-09-19T11:52:21.198+0000] {processor.py:161} INFO - Started process (PID=2877) to work on /opt/airflow/dags/flight-pipeline.py
[2026-09-19T11:52:21.200+0000] {processor.py:830} INFO - Processing file /opt/airflow/dags/flight-pipeline.py for tasks to queue
[2026-09-19T11:52:21.203+0000] {logging_mixin.py:188} INFO - [2026-09-19T11:52:21.202+0000] {dagbag.py:545} INFO - Filling up the DagBag from /opt/airflow/dags/flight-pipeline.py
[2026-09-19T11:52:22.211+0000] {processor.py:840} INFO - DAG(s) 'flights_ops_medallion_pipe' retrieved from /opt/airflow/dags/flight-pipeline.py
[2026-09-19T11:52:22.251+0000] {logging_mixin.py:188} INFO - [2026-09-19T11:52:22.251+0000] {dag.py:3089} INFO - Sync 1 DAGs
[2026-09-19T11:52:22.285+0000] {logging_mixin.py:188} INFO - [2026-09-19T11:52:22.285+0000] {dag.py:3947} INFO - Setting next_dagrun for flights_ops_medallion_pipe to 2026-09-19 11:30:00+00:00, run_after=2026-09-19 12:00:00+00:00
[2026-09-19T11:52:22.312+0000] {processor.py:183} INFO - Processing /opt/airflow/dags/flight-pipeline.py took 1.129 seconds
[2026-09-19T11:52:52.450+0000] {processor.py:161} INFO - Started process (PID=2880) to work on /opt/airflow/dags/flight-pipeline.py
[2026-09-19T11:52:52.451+0000] {processor.py:830} INFO - Processing file /opt/airflow/dags/flight-pipeline.py for tasks to queue
[2026-09-19T11:52:52.455+0000] {logging_mixin.py:188} INFO - [2026-09-19T11:52:52.454+0000] {dagbag.py:545} INFO - Filling up the DagBag from /opt/airflow/dags/flight-pipeline.py
[2026-09-19T11:52:53.483+0000] {processor.py:840} INFO - DAG(s) 'flights_ops_medallion_pipe' retrieved from /opt/airflow/dags/flight-pipeline.py
[2026-09-19T11:52:53.521+0000] {logging_mixin.py:188} INFO - [2026-09-19T11:52:53.520+0000] {dag.py:3089} INFO - Sync 1 DAGs
[2026-09-19T11:52:53.555+0000] {logging_mixin.py:188} INFO - [2026-09-19T11:52:53.554+0000] {dag.py:3947} INFO - Setting next_dagrun for flights_ops_medallion_pipe to 2026-09-19 11:30:00+00:00, run_after=2026-09-19 12:00:00+00:00
[2026-09-19T11:52:53.579+0000] {processor.py:183} INFO - Processing /opt/airflow/dags/flight-pipeline.py took 1.138 seconds
[2026-09-19T11:53:23.840+0000] {processor.py:161} INFO - Started process (PID=2883) to work on /opt/airflow/dags/flight-pipeline.py
[2026-09-19T11:53:23.843+0000] {processor.py:830} INFO - Processing file /opt/airflow/dags/flight-pipeline.py for tasks to queue
[2026-09-19T11:53:23.847+0000] {logging_mixin.py:188} INFO - [2026-09-19T11:53:23.846+0000] {dagbag.py:545} INFO - Filling up the DagBag from /opt/airflow/dags/flight-pipeline.py
[2026-09-19T11:53:24.926+0000] {processor.py:840} INFO - DAG(s) 'flights_ops_medallion_pipe' retrieved from /opt/airflow/dags/flight-pipeline.py
[2026-09-19T11:53:24.983+0000] {logging_mixin.py:188} INFO - [2026-09-19T11:53:24.982+0000] {dag.py:3089} INFO - Sync 1 DAGs
[2026-09-19T11:53:25.019+0000] {logging_mixin.py:188} INFO - [2026-09-19T11:53:25.019+0000] {dag.py:3947} INFO - Setting next_dagrun for flights_ops_medallion_pipe to 2026-09-19 11:30:00+00:00, run_after=2026-09-19 12:00:00+00:00
[2026-09-19T11:53:25.048+0000] {processor.py:183} INFO - Processing /opt/airflow/dags/flight-pipeline.py took 1.223 seconds
[2026-09-19T11:53:55.342+0000] {processor.py:161} INFO - Started process (PID=2886) to work on /opt/airflow/dags/flight-pipeline.py
[2026-09-19T11:53:55.344+0000] {processor.py:830} INFO - Processing file /opt/airflow/dags/flight-pipeline.py for tasks to queue
[2026-09-19T11:53:55.348+0000] {logging_mixin.py:188} INFO - [2026-09-19T11:53:55.348+0000] {dagbag.py:545} INFO - Filling up the DagBag from /opt/airflow/dags/flight-pipeline.py
[2026-09-19T11:53:56.377+0000] {processor.py:840} INFO - DAG(s) 'flights_ops_medallion_pipe' retrieved from /opt/airflow/dags/flight-pipeline.py
[2026-09-19T11:53:56.415+0000] {logging_mixin.py:188} INFO - [2026-09-19T11:53:56.415+0000] {dag.py:3089} INFO - Sync 1 DAGs
[2026-09-19T11:53:56.441+0000] {logging_mixin.py:188} INFO - [2026-09-19T11:53:56.441+0000] {dag.py:3947} INFO - Setting next_dagrun for flights_ops_medallion_pipe to 2026-09-19 11:30:00+00:00, run_after=2026-09-19 12:00:00+00:00
[2026-09-19T11:53:56.465+0000] {processor.py:183} INFO - Processing /opt/airflow/dags/flight-pipeline.py took 1.133 seconds
[2026-09-19T11:54:26.579+0000] {processor.py:161} INFO - Started process (PID=2889) to work on /opt/airflow/dags/flight-pipeline.py
[2026-09-19T11:54:26.581+0000] {processor.py:830} INFO - Processing file /opt/airflow/dags/flight-pipeline.py for tasks to queue
[2026-09-19T11:54:26.585+0000] {logging_mixin.py:188} INFO - [2026-09-19T11:54:26.584+0000] {dagbag.py:545} INFO - Filling up the DagBag from /opt/airflow/dags/flight-pipeline.py
[2026-09-19T11:54:27.657+0000] {processor.py:840} INFO - DAG(s) 'flights_ops_medallion_pipe' retrieved from /opt/airflow/dags/flight-pipeline.py
[2026-09-19T11:54:27.698+0000] {logging_mixin.py:188} INFO - [2026-09-19T11:54:27.697+0000] {dag.py:3089} INFO - Sync 1 DAGs
[2026-09-19T11:54:27.725+0000] {logging_mixin.py:188} INFO - [2026-09-19T11:54:27.725+0000] {dag.py:3947} INFO - Setting next_dagrun for flights_ops_medallion_pipe to 2026-09-19 11:30:00+00:00, run_after=2026-09-19 12:00:00+00:00
[2026-09-19T11:54:27.748+0000] {processor.py:183} INFO - Processing /opt/airflow/dags/flight-pipeline.py took 1.177 seconds
[2026-09-19T11:54:57.954+0000] {processor.py:161} INFO - Started process (PID=2892) to work on /opt/airflow/dags/flight-pipeline.py
[2026-09-19T11:54:57.956+0000] {processor.py:830} INFO - Processing file /opt/airflow/dags/flight-pipeline.py for tasks to queue
[2026-09-19T11:54:57.959+0000] {logging_mixin.py:188} INFO - [2026-09-19T11:54:57.959+0000] {dagbag.py:545} INFO - Filling up the DagBag from /opt/airflow/dags/flight-pipeline.py
[2026-09-19T11:54:59.038+0000] {processor.py:840} INFO - DAG(s) 'flights_ops_medallion_pipe' retrieved from /opt/airflow/dags/flight-pipeline.py
[2026-09-19T11:54:59.074+0000] {logging_mixin.py:188} INFO - [2026-09-19T11:54:59.074+0000] {dag.py:3089} INFO - Sync 1 DAGs
[2026-09-19T11:54:59.104+0000] {logging_mixin.py:188} INFO - [2026-09-19T11:54:59.103+0000] {dag.py:3947} INFO - Setting next_dagrun for flights_ops_medallion_pipe to 2026-09-19 11:30:00+00:00, run_after=2026-09-19 12:00:00+00:00
[2026-09-19T11:54:59.126+0000] {processor.py:183} INFO - Processing /opt/airflow/dags/flight-pipeline.py took 1.182 seconds
[2026-09-19T11:55:29.252+0000] {processor.py:161} INFO - Started process (PID=2895) to work on /opt/airflow/dags/flight-pipeline.py
[2026-09-19T11:55:29.254+0000] {processor.py:830} INFO - Processing file /opt/airflow/dags/flight-pipeline.py for tasks to queue
[2026-09-19T11:55:29.258+0000] {logging_mixin.py:188} INFO - [2026-09-19T11:55:29.257+0000] {dagbag.py:545} INFO - Filling up the DagBag from /opt/airflow/dags/flight-pipeline.py
[2026-09-19T11:55:30.352+0000] {processor.py:840} INFO - DAG(s) 'flights_ops_medallion_pipe' retrieved from /opt/airflow/dags/flight-pipeline.py
[2026-09-19T11:55:30.393+0000] {logging_mixin.py:188} INFO - [2026-09-19T11:55:30.393+0000] {dag.py:3089} INFO - Sync 1 DAGs
[2026-09-19T11:55:30.420+0000] {logging_mixin.py:188} INFO - [2026-09-19T11:55:30.419+0000] {dag.py:3947} INFO - Setting next_dagrun for flights_ops_medallion_pipe to 2026-09-19 11:30:00+00:00, run_after=2026-09-19 12:00:00+00:00
[2026-09-19T11:55:30.447+0000] {processor.py:183} INFO - Processing /opt/airflow/dags/flight-pipeline.py took 1.205 seconds
[2026-09-19T11:56:00.677+0000] {processor.py:161} INFO - Started process (PID=2898) to work on /opt/airflow/dags/flight-pipeline.py
[2026-09-19T11:56:00.680+0000] {processor.py:830} INFO - Processing file /opt/airflow/dags/flight-pipeline.py for tasks to queue
[2026-09-19T11:56:00.683+0000] {logging_mixin.py:188} INFO - [2026-09-19T11:56:00.683+0000] {dagbag.py:545} INFO - Filling up the DagBag from /opt/airflow/dags/flight-pipeline.py
[2026-09-19T11:56:01.769+0000] {processor.py:840} INFO - DAG(s) 'flights_ops_medallion_pipe' retrieved from /opt/airflow/dags/flight-pipeline.py
[2026-09-19T11:56:01.806+0000] {logging_mixin.py:188} INFO - [2026-09-19T11:56:01.806+0000] {dag.py:3089} INFO - Sync 1 DAGs
[2026-09-19T11:56:01.836+0000] {logging_mixin.py:188} INFO - [2026-09-19T11:56:01.836+0000] {dag.py:3947} INFO - Setting next_dagrun for flights_ops_medallion_pipe to 2026-09-19 11:30:00+00:00, run_after=2026-09-19 12:00:00+00:00
[2026-09-19T11:56:01.862+0000] {processor.py:183} INFO - Processing /opt/airflow/dags/flight-pipeline.py took 1.204 seconds
[2026-09-19T11:56:32.037+0000] {processor.py:161} INFO - Started process (PID=2901) to work on /opt/airflow/dags/flight-pipeline.py
[2026-09-19T11:56:32.040+0000] {processor.py:830} INFO - Processing file /opt/airflow/dags/flight-pipeline.py for tasks to queue
[2026-09-19T11:56:32.044+0000] {logging_mixin.py:188} INFO - [2026-09-19T11:56:32.044+0000] {dagbag.py:545} INFO - Filling up the DagBag from /opt/airflow/dags/flight-pipeline.py
[2026-09-19T11:56:33.093+0000] {processor.py:840} INFO - DAG(s) 'flights_ops_medallion_pipe' retrieved from /opt/airflow/dags/flight-pipeline.py
[2026-09-19T11:56:33.136+0000] {logging_mixin.py:188} INFO - [2026-09-19T11:56:33.135+0000] {dag.py:3089} INFO - Sync 1 DAGs
[2026-09-19T11:56:33.167+0000] {logging_mixin.py:188} INFO - [2026-09-19T11:56:33.166+0000] {dag.py:3947} INFO - Setting next_dagrun for flights_ops_medallion_pipe to 2026-09-19 11:30:00+00:00, run_after=2026-09-19 12:00:00+00:00
[2026-09-19T11:56:33.189+0000] {processor.py:183} INFO - Processing /opt/airflow/dags/flight-pipeline.py took 1.162 seconds
[2026-09-19T11:57:03.388+0000] {processor.py:161} INFO - Started process (PID=2904) to work on /opt/airflow/dags/flight-pipeline.py
[2026-09-19T11:57:03.390+0000] {processor.py:830} INFO - Processing file /opt/airflow/dags/flight-pipeline.py for tasks to queue
[2026-09-19T11:57:03.393+0000] {logging_mixin.py:188} INFO - [2026-09-19T11:57:03.392+0000] {dagbag.py:545} INFO - Filling up the DagBag from /opt/airflow/dags/flight-pipeline.py
[2026-09-19T11:57:04.361+0000] {processor.py:840} INFO - DAG(s) 'flights_ops_medallion_pipe' retrieved from /opt/airflow/dags/flight-pipeline.py
[2026-09-19T11:57:04.400+0000] {logging_mixin.py:188} INFO - [2026-09-19T11:57:04.399+0000] {dag.py:3089} INFO - Sync 1 DAGs
[2026-09-19T11:57:04.428+0000] {logging_mixin.py:188} INFO - [2026-09-19T11:57:04.428+0000] {dag.py:3947} INFO - Setting next_dagrun for flights_ops_medallion_pipe to 2026-09-19 11:30:00+00:00, run_after=2026-09-19 12:00:00+00:00
[2026-09-19T11:57:04.549+0000] {processor.py:183} INFO - Processing /opt/airflow/dags/flight-pipeline.py took 1.170 seconds
[2026-09-19T11:57:34.656+0000] {processor.py:161} INFO - Started process (PID=2907) to work on /opt/airflow/dags/flight-pipeline.py
[2026-09-19T11:57:34.658+0000] {processor.py:830} INFO - Processing file /opt/airflow/dags/flight-pipeline.py for tasks to queue
[2026-09-19T11:57:34.661+0000] {logging_mixin.py:188} INFO - [2026-09-19T11:57:34.661+0000] {dagbag.py:545} INFO - Filling up the DagBag from /opt/airflow/dags/flight-pipeline.py
[2026-09-19T11:57:35.674+0000] {processor.py:840} INFO - DAG(s) 'flights_ops_medallion_pipe' retrieved from /opt/airflow/dags/flight-pipeline.py
[2026-09-19T11:57:35.713+0000] {logging_mixin.py:188} INFO - [2026-09-19T11:57:35.712+0000] {dag.py:3089} INFO - Sync 1 DAGs
[2026-09-19T11:57:35.741+0000] {logging_mixin.py:188} INFO - [2026-09-19T11:57:35.740+0000] {dag.py:3947} INFO - Setting next_dagrun for flights_ops_medallion_pipe to 2026-09-19 11:30:00+00:00, run_after=2026-09-19 12:00:00+00:00
[2026-09-19T11:57:35.763+0000] {processor.py:183} INFO - Processing /opt/airflow/dags/flight-pipeline.py took 1.115 seconds
[2026-09-19T11:58:06.028+0000] {processor.py:161} INFO - Started process (PID=2910) to work on /opt/airflow/dags/flight-pipeline.py
[2026-09-19T11:58:06.030+0000] {processor.py:830} INFO - Processing file /opt/airflow/dags/flight-pipeline.py for tasks to queue
[2026-09-19T11:58:06.034+0000] {logging_mixin.py:188} INFO - [2026-09-19T11:58:06.033+0000] {dagbag.py:545} INFO - Filling up the DagBag from /opt/airflow/dags/flight-pipeline.py
[2026-09-19T11:58:07.136+0000] {processor.py:840} INFO - DAG(s) 'flights_ops_medallion_pipe' retrieved from /opt/airflow/dags/flight-pipeline.py
[2026-09-19T11:58:07.177+0000] {logging_mixin.py:188} INFO - [2026-09-19T11:58:07.176+0000] {dag.py:3089} INFO - Sync 1 DAGs
[2026-09-19T11:58:07.207+0000] {logging_mixin.py:188} INFO - [2026-09-19T11:58:07.207+0000] {dag.py:3947} INFO - Setting next_dagrun for flights_ops_medallion_pipe to 2026-09-19 11:30:00+00:00, run_after=2026-09-19 12:00:00+00:00
[2026-09-19T11:58:07.236+0000] {processor.py:183} INFO - Processing /opt/airflow/dags/flight-pipeline.py took 1.218 seconds
[2026-09-19T11:58:37.485+0000] {processor.py:161} INFO - Started process (PID=2913) to work on /opt/airflow/dags/flight-pipeline.py
[2026-09-19T11:58:37.487+0000] {processor.py:830} INFO - Processing file /opt/airflow/dags/flight-pipeline.py for tasks to queue
[2026-09-19T11:58:37.490+0000] {logging_mixin.py:188} INFO - [2026-09-19T11:58:37.490+0000] {dagbag.py:545} INFO - Filling up the DagBag from /opt/airflow/dags/flight-pipeline.py
[2026-09-19T11:58:38.573+0000] {processor.py:840} INFO - DAG(s) 'flights_ops_medallion_pipe' retrieved from /opt/airflow/dags/flight-pipeline.py
[2026-09-19T11:58:38.608+0000] {logging_mixin.py:188} INFO - [2026-09-19T11:58:38.607+0000] {dag.py:3089} INFO - Sync 1 DAGs
[2026-09-19T11:58:38.638+0000] {logging_mixin.py:188} INFO - [2026-09-19T11:58:38.638+0000] {dag.py:3947} INFO - Setting next_dagrun for flights_ops_medallion_pipe to 2026-09-19 11:30:00+00:00, run_after=2026-09-19 12:00:00+00:00
[2026-09-19T11:58:38.661+0000] {processor.py:183} INFO - Processing /opt/airflow/dags/flight-pipeline.py took 1.186 seconds
[2026-09-19T11:59:08.892+0000] {processor.py:161} INFO - Started process (PID=2916) to work on /opt/airflow/dags/flight-pipeline.py
[2026-09-19T11:59:08.894+0000] {processor.py:830} INFO - Processing file /opt/airflow/dags/flight-pipeline.py for tasks to queue
[2026-09-19T11:59:08.897+0000] {logging_mixin.py:188} INFO - [2026-09-19T11:59:08.896+0000] {dagbag.py:545} INFO - Filling up the DagBag from /opt/airflow/dags/flight-pipeline.py
[2026-09-19T11:59:09.870+0000] {processor.py:840} INFO - DAG(s) 'flights_ops_medallion_pipe' retrieved from /opt/airflow/dags/flight-pipeline.py
[2026-09-19T11:59:09.917+0000] {logging_mixin.py:188} INFO - [2026-09-19T11:59:09.917+0000] {dag.py:3089} INFO - Sync 1 DAGs
[2026-09-19T11:59:09.963+0000] {logging_mixin.py:188} INFO - [2026-09-19T11:59:09.962+0000] {dag.py:3947} INFO - Setting next_dagrun for flights_ops_medallion_pipe to 2026-09-19 11:30:00+00:00, run_after=2026-09-19 12:00:00+00:00
[2026-09-19T11:59:09.992+0000] {processor.py:183} INFO - Processing /opt/airflow/dags/flight-pipeline.py took 1.108 seconds
[2026-09-19T11:59:40.149+0000] {processor.py:161} INFO - Started process (PID=2919) to work on /opt/airflow/dags/flight-pipeline.py
[2026-09-19T11:59:40.152+0000] {processor.py:830} INFO - Processing file /opt/airflow/dags/flight-pipeline.py for tasks to queue
[2026-09-19T11:59:40.157+0000] {logging_mixin.py:188} INFO - [2026-09-19T11:59:40.156+0000] {dagbag.py:545} INFO - Filling up the DagBag from /opt/airflow/dags/flight-pipeline.py
[2026-09-19T11:59:41.180+0000] {processor.py:840} INFO - DAG(s) 'flights_ops_medallion_pipe' retrieved from /opt/airflow/dags/flight-pipeline.py
[2026-09-19T11:59:41.222+0000] {logging_mixin.py:188} INFO - [2026-09-19T11:59:41.220+0000] {dag.py:3089} INFO - Sync 1 DAGs
[2026-09-19T11:59:41.251+0000] {logging_mixin.py:188} INFO - [2026-09-19T11:59:41.251+0000] {dag.py:3947} INFO - Setting next_dagrun for flights_ops_medallion_pipe to 2026-09-19 11:30:00+00:00, run_after=2026-09-19 12:00:00+00:00
[2026-09-19T11:59:41.274+0000] {processor.py:183} INFO - Processing /opt/airflow/dags/flight-pipeline.py took 1.135 seconds
[2026-09-19T12:00:11.485+0000] {processor.py:161} INFO - Started process (PID=2981) to work on /opt/airflow/dags/flight-pipeline.py
[2026-09-19T12:00:11.487+0000] {processor.py:830} INFO - Processing file /opt/airflow/dags/flight-pipeline.py for tasks to queue
[2026-09-19T12:00:11.491+0000] {logging_mixin.py:188} INFO - [2026-09-19T12:00:11.490+0000] {dagbag.py:545} INFO - Filling up the DagBag from /opt/airflow/dags/flight-pipeline.py
[2026-09-19T12:00:12.588+0000] {processor.py:840} INFO - DAG(s) 'flights_ops_medallion_pipe' retrieved from /opt/airflow/dags/flight-pipeline.py
[2026-09-19T12:00:12.628+0000] {logging_mixin.py:188} INFO - [2026-09-19T12:00:12.628+0000] {dag.py:3089} INFO - Sync 1 DAGs
[2026-09-19T12:00:12.656+0000] {logging_mixin.py:188} INFO - [2026-09-19T12:00:12.656+0000] {dag.py:3947} INFO - Setting next_dagrun for flights_ops_medallion_pipe to 2026-09-19 12:00:00+00:00, run_after=2026-09-19 12:30:00+00:00
[2026-09-19T12:00:12.680+0000] {processor.py:183} INFO - Processing /opt/airflow/dags/flight-pipeline.py took 1.206 seconds
[2026-09-19T12:00:42.967+0000] {processor.py:161} INFO - Started process (PID=3161) to work on /opt/airflow/dags/flight-pipeline.py
[2026-09-19T12:00:42.971+0000] {processor.py:830} INFO - Processing file /opt/airflow/dags/flight-pipeline.py for tasks to queue
[2026-09-19T12:00:42.976+0000] {logging_mixin.py:188} INFO - [2026-09-19T12:00:42.975+0000] {dagbag.py:545} INFO - Filling up the DagBag from /opt/airflow/dags/flight-pipeline.py
[2026-09-19T12:00:44.172+0000] {processor.py:840} INFO - DAG(s) 'flights_ops_medallion_pipe' retrieved from /opt/airflow/dags/flight-pipeline.py
[2026-09-19T12:00:44.216+0000] {logging_mixin.py:188} INFO - [2026-09-19T12:00:44.215+0000] {dag.py:3089} INFO - Sync 1 DAGs
[2026-09-19T12:00:44.249+0000] {logging_mixin.py:188} INFO - [2026-09-19T12:00:44.249+0000] {dag.py:3947} INFO - Setting next_dagrun for flights_ops_medallion_pipe to 2026-09-19 12:00:00+00:00, run_after=2026-09-19 12:30:00+00:00
[2026-09-19T12:00:44.273+0000] {processor.py:183} INFO - Processing /opt/airflow/dags/flight-pipeline.py took 1.324 seconds
[2026-09-19T12:01:14.550+0000] {processor.py:161} INFO - Started process (PID=3164) to work on /opt/airflow/dags/flight-pipeline.py
[2026-09-19T12:01:14.552+0000] {processor.py:830} INFO - Processing file /opt/airflow/dags/flight-pipeline.py for tasks to queue
[2026-09-19T12:01:14.555+0000] {logging_mixin.py:188} INFO - [2026-09-19T12:01:14.555+0000] {dagbag.py:545} INFO - Filling up the DagBag from /opt/airflow/dags/flight-pipeline.py
[2026-09-19T12:01:15.633+0000] {processor.py:840} INFO - DAG(s) 'flights_ops_medallion_pipe' retrieved from /opt/airflow/dags/flight-pipeline.py
[2026-09-19T12:01:15.691+0000] {logging_mixin.py:188} INFO - [2026-09-19T12:01:15.690+0000] {dag.py:3089} INFO - Sync 1 DAGs
[2026-09-19T12:01:15.724+0000] {logging_mixin.py:188} INFO - [2026-09-19T12:01:15.724+0000] {dag.py:3947} INFO - Setting next_dagrun for flights_ops_medallion_pipe to 2026-09-19 12:00:00+00:00, run_after=2026-09-19 12:30:00+00:00
[2026-09-19T12:01:15.764+0000] {processor.py:183} INFO - Processing /opt/airflow/dags/flight-pipeline.py took 1.223 seconds
[2026-09-19T12:01:46.042+0000] {processor.py:161} INFO - Started process (PID=3167) to work on /opt/airflow/dags/flight-pipeline.py
[2026-09-19T12:01:46.044+0000] {processor.py:830} INFO - Processing file /opt/airflow/dags/flight-pipeline.py for tasks to queue
[2026-09-19T12:01:46.047+0000] {logging_mixin.py:188} INFO - [2026-09-19T12:01:46.047+0000] {dagbag.py:545} INFO - Filling up the DagBag from /opt/airflow/dags/flight-pipeline.py
[2026-09-19T12:01:47.103+0000] {processor.py:840} INFO - DAG(s) 'flights_ops_medallion_pipe' retrieved from /opt/airflow/dags/flight-pipeline.py
[2026-09-19T12:01:47.141+0000] {logging_mixin.py:188} INFO - [2026-09-19T12:01:47.140+0000] {dag.py:3089} INFO - Sync 1 DAGs
[2026-09-19T12:01:47.169+0000] {logging_mixin.py:188} INFO - [2026-09-19T12:01:47.169+0000] {dag.py:3947} INFO - Setting next_dagrun for flights_ops_medallion_pipe to 2026-09-19 12:00:00+00:00, run_after=2026-09-19 12:30:00+00:00
[2026-09-19T12:01:47.192+0000] {processor.py:183} INFO - Processing /opt/airflow/dags/flight-pipeline.py took 1.162 seconds
[2026-09-19T12:02:17.289+0000] {processor.py:161} INFO - Started process (PID=3170) to work on /opt/airflow/dags/flight-pipeline.py
[2026-09-19T12:02:17.291+0000] {processor.py:830} INFO - Processing file /opt/airflow/dags/flight-pipeline.py for tasks to queue
[2026-09-19T12:02:17.296+0000] {logging_mixin.py:188} INFO - [2026-09-19T12:02:17.295+0000] {dagbag.py:545} INFO - Filling up the DagBag from /opt/airflow/dags/flight-pipeline.py
[2026-09-19T12:02:18.484+0000] {processor.py:840} INFO - DAG(s) 'flights_ops_medallion_pipe' retrieved from /opt/airflow/dags/flight-pipeline.py
[2026-09-19T12:02:18.522+0000] {logging_mixin.py:188} INFO - [2026-09-19T12:02:18.521+0000] {dag.py:3089} INFO - Sync 1 DAGs
[2026-09-19T12:02:18.553+0000] {logging_mixin.py:188} INFO - [2026-09-19T12:02:18.552+0000] {dag.py:3947} INFO - Setting next_dagrun for flights_ops_medallion_pipe to 2026-09-19 12:00:00+00:00, run_after=2026-09-19 12:30:00+00:00
[2026-09-19T12:02:18.577+0000] {processor.py:183} INFO - Processing /opt/airflow/dags/flight-pipeline.py took 1.300 seconds
[2026-09-19T12:02:48.680+0000] {processor.py:161} INFO - Started process (PID=3173) to work on /opt/airflow/dags/flight-pipeline.py
[2026-09-19T12:02:48.682+0000] {processor.py:830} INFO - Processing file /opt/airflow/dags/flight-pipeline.py for tasks to queue
[2026-09-19T12:02:48.685+0000] {logging_mixin.py:188} INFO - [2026-09-19T12:02:48.684+0000] {dagbag.py:545} INFO - Filling up the DagBag from /opt/airflow/dags/flight-pipeline.py
[2026-09-19T12:02:49.756+0000] {processor.py:840} INFO - DAG(s) 'flights_ops_medallion_pipe' retrieved from /opt/airflow/dags/flight-pipeline.py
[2026-09-19T12:02:49.807+0000] {logging_mixin.py:188} INFO - [2026-09-19T12:02:49.806+0000] {dag.py:3089} INFO - Sync 1 DAGs
[2026-09-19T12:02:49.839+0000] {logging_mixin.py:188} INFO - [2026-09-19T12:02:49.838+0000] {dag.py:3947} INFO - Setting next_dagrun for flights_ops_medallion_pipe to 2026-09-19 12:00:00+00:00, run_after=2026-09-19 12:30:00+00:00
[2026-09-19T12:02:49.870+0000] {processor.py:183} INFO - Processing /opt/airflow/dags/flight-pipeline.py took 1.204 seconds
[2026-09-19T12:03:20.062+0000] {processor.py:161} INFO - Started process (PID=3176) to work on /opt/airflow/dags/flight-pipeline.py
[2026-09-19T12:03:20.063+0000] {processor.py:830} INFO - Processing file /opt/airflow/dags/flight-pipeline.py for tasks to queue
[2026-09-19T12:03:20.066+0000] {logging_mixin.py:188} INFO - [2026-09-19T12:03:20.066+0000] {dagbag.py:545} INFO - Filling up the DagBag from /opt/airflow/dags/flight-pipeline.py
[2026-09-19T12:03:21.154+0000] {processor.py:840} INFO - DAG(s) 'flights_ops_medallion_pipe' retrieved from /opt/airflow/dags/flight-pipeline.py
[2026-09-19T12:03:21.193+0000] {logging_mixin.py:188} INFO - [2026-09-19T12:03:21.193+0000] {dag.py:3089} INFO - Sync 1 DAGs
[2026-09-19T12:03:21.222+0000] {logging_mixin.py:188} INFO - [2026-09-19T12:03:21.222+0000] {dag.py:3947} INFO - Setting next_dagrun for flights_ops_medallion_pipe to 2026-09-19 12:00:00+00:00, run_after=2026-09-19 12:30:00+00:00
[2026-09-19T12:03:21.245+0000] {processor.py:183} INFO - Processing /opt/airflow/dags/flight-pipeline.py took 1.191 seconds
[2026-09-19T12:03:51.351+0000] {processor.py:161} INFO - Started process (PID=3179) to work on /opt/airflow/dags/flight-pipeline.py
[2026-09-19T12:03:51.354+0000] {processor.py:830} INFO - Processing file /opt/airflow/dags/flight-pipeline.py for tasks to queue
[2026-09-19T12:03:51.357+0000] {logging_mixin.py:188} INFO - [2026-09-19T12:03:51.356+0000] {dagbag.py:545} INFO - Filling up the DagBag from /opt/airflow/dags/flight-pipeline.py
[2026-09-19T12:03:52.390+0000] {processor.py:840} INFO - DAG(s) 'flights_ops_medallion_pipe' retrieved from /opt/airflow/dags/flight-pipeline.py
[2026-09-19T12:03:52.430+0000] {logging_mixin.py:188} INFO - [2026-09-19T12:03:52.429+0000] {dag.py:3089} INFO - Sync 1 DAGs
[2026-09-19T12:03:52.457+0000] {logging_mixin.py:188} INFO - [2026-09-19T12:03:52.456+0000] {dag.py:3947} INFO - Setting next_dagrun for flights_ops_medallion_pipe to 2026-09-19 12:00:00+00:00, run_after=2026-09-19 12:30:00+00:00
[2026-09-19T12:03:52.485+0000] {processor.py:183} INFO - Processing /opt/airflow/dags/flight-pipeline.py took 1.144 seconds
[2026-09-19T12:04:22.766+0000] {processor.py:161} INFO - Started process (PID=3182) to work on /opt/airflow/dags/flight-pipeline.py
[2026-09-19T12:04:22.768+0000] {processor.py:830} INFO - Processing file /opt/airflow/dags/flight-pipeline.py for tasks to queue
[2026-09-19T12:04:22.771+0000] {logging_mixin.py:188} INFO - [2026-09-19T12:04:22.771+0000] {dagbag.py:545} INFO - Filling up the DagBag from /opt/airflow/dags/flight-pipeline.py
[2026-09-19T12:04:23.804+0000] {processor.py:840} INFO - DAG(s) 'flights_ops_medallion_pipe' retrieved from /opt/airflow/dags/flight-pipeline.py
[2026-09-19T12:04:23.838+0000] {logging_mixin.py:188} INFO - [2026-09-19T12:04:23.838+0000] {dag.py:3089} INFO - Sync 1 DAGs
[2026-09-19T12:04:23.869+0000] {logging_mixin.py:188} INFO - [2026-09-19T12:04:23.869+0000] {dag.py:3947} INFO - Setting next_dagrun for flights_ops_medallion_pipe to 2026-09-19 12:00:00+00:00, run_after=2026-09-19 12:30:00+00:00
[2026-09-19T12:04:23.893+0000] {processor.py:183} INFO - Processing /opt/airflow/dags/flight-pipeline.py took 1.137 seconds
[2026-09-19T12:04:54.022+0000] {processor.py:161} INFO - Started process (PID=3185) to work on /opt/airflow/dags/flight-pipeline.py
[2026-09-19T12:04:54.024+0000] {processor.py:830} INFO - Processing file /opt/airflow/dags/flight-pipeline.py for tasks to queue
[2026-09-19T12:04:54.028+0000] {logging_mixin.py:188} INFO - [2026-09-19T12:04:54.028+0000] {dagbag.py:545} INFO - Filling up the DagBag from /opt/airflow/dags/flight-pipeline.py
[2026-09-19T12:04:55.034+0000] {processor.py:840} INFO - DAG(s) 'flights_ops_medallion_pipe' retrieved from /opt/airflow/dags/flight-pipeline.py
[2026-09-19T12:04:55.071+0000] {logging_mixin.py:188} INFO - [2026-09-19T12:04:55.070+0000] {dag.py:3089} INFO - Sync 1 DAGs
[2026-09-19T12:04:55.099+0000] {logging_mixin.py:188} INFO - [2026-09-19T12:04:55.098+0000] {dag.py:3947} INFO - Setting next_dagrun for flights_ops_medallion_pipe to 2026-09-19 12:00:00+00:00, run_after=2026-09-19 12:30:00+00:00
[2026-09-19T12:04:55.122+0000] {processor.py:183} INFO - Processing /opt/airflow/dags/flight-pipeline.py took 1.113 seconds
[2026-09-19T12:05:25.395+0000] {processor.py:161} INFO - Started process (PID=3188) to work on /opt/airflow/dags/flight-pipeline.py
[2026-09-19T12:05:25.397+0000] {processor.py:830} INFO - Processing file /opt/airflow/dags/flight-pipeline.py for tasks to queue
[2026-09-19T12:05:25.401+0000] {logging_mixin.py:188} INFO - [2026-09-19T12:05:25.400+0000] {dagbag.py:545} INFO - Filling up the DagBag from /opt/airflow/dags/flight-pipeline.py
[2026-09-19T12:05:26.457+0000] {processor.py:840} INFO - DAG(s) 'flights_ops_medallion_pipe' retrieved from /opt/airflow/dags/flight-pipeline.py
[2026-09-19T12:05:26.498+0000] {logging_mixin.py:188} INFO - [2026-09-19T12:05:26.497+0000] {dag.py:3089} INFO - Sync 1 DAGs
[2026-09-19T12:05:26.530+0000] {logging_mixin.py:188} INFO - [2026-09-19T12:05:26.530+0000] {dag.py:3947} INFO - Setting next_dagrun for flights_ops_medallion_pipe to 2026-09-19 12:00:00+00:00, run_after=2026-09-19 12:30:00+00:00
[2026-09-19T12:05:26.553+0000] {processor.py:183} INFO - Processing /opt/airflow/dags/flight-pipeline.py took 1.166 seconds
[2026-09-19T12:05:56.637+0000] {processor.py:161} INFO - Started process (PID=3191) to work on /opt/airflow/dags/flight-pipeline.py
[2026-09-19T12:05:56.639+0000] {processor.py:830} INFO - Processing file /opt/airflow/dags/flight-pipeline.py for tasks to queue
[2026-09-19T12:05:56.644+0000] {logging_mixin.py:188} INFO - [2026-09-19T12:05:56.643+0000] {dagbag.py:545} INFO - Filling up the DagBag from /opt/airflow/dags/flight-pipeline.py
[2026-09-19T12:05:57.719+0000] {processor.py:840} INFO - DAG(s) 'flights_ops_medallion_pipe' retrieved from /opt/airflow/dags/flight-pipeline.py
[2026-09-19T12:05:57.770+0000] {logging_mixin.py:188} INFO - [2026-09-19T12:05:57.769+0000] {dag.py:3089} INFO - Sync 1 DAGs
[2026-09-19T12:05:57.797+0000] {logging_mixin.py:188} INFO - [2026-09-19T12:05:57.797+0000] {dag.py:3947} INFO - Setting next_dagrun for flights_ops_medallion_pipe to 2026-09-19 12:00:00+00:00, run_after=2026-09-19 12:30:00+00:00
[2026-09-19T12:05:57.820+0000] {processor.py:183} INFO - Processing /opt/airflow/dags/flight-pipeline.py took 1.192 seconds
[2026-09-19T12:06:28.094+0000] {processor.py:161} INFO - Started process (PID=3194) to work on /opt/airflow/dags/flight-pipeline.py
[2026-09-19T12:06:28.097+0000] {processor.py:830} INFO - Processing file /opt/airflow/dags/flight-pipeline.py for tasks to queue
[2026-09-19T12:06:28.100+0000] {logging_mixin.py:188} INFO - [2026-09-19T12:06:28.100+0000] {dagbag.py:545} INFO - Filling up the DagBag from /opt/airflow/dags/flight-pipeline.py
[2026-09-19T12:06:29.235+0000] {processor.py:840} INFO - DAG(s) 'flights_ops_medallion_pipe' retrieved from /opt/airflow/dags/flight-pipeline.py
[2026-09-19T12:06:29.277+0000] {logging_mixin.py:188} INFO - [2026-09-19T12:06:29.276+0000] {dag.py:3089} INFO - Sync 1 DAGs
[2026-09-19T12:06:29.304+0000] {logging_mixin.py:188} INFO - [2026-09-19T12:06:29.304+0000] {dag.py:3947} INFO - Setting next_dagrun for flights_ops_medallion_pipe to 2026-09-19 12:00:00+00:00, run_after=2026-09-19 12:30:00+00:00
[2026-09-19T12:06:29.327+0000] {processor.py:183} INFO - Processing /opt/airflow/dags/flight-pipeline.py took 1.249 seconds
[2026-09-19T12:06:59.608+0000] {processor.py:161} INFO - Started process (PID=3197) to work on /opt/airflow/dags/flight-pipeline.py
[2026-09-19T12:06:59.610+0000] {processor.py:830} INFO - Processing file /opt/airflow/dags/flight-pipeline.py for tasks to queue
[2026-09-19T12:06:59.614+0000] {logging_mixin.py:188} INFO - [2026-09-19T12:06:59.613+0000] {dagbag.py:545} INFO - Filling up the DagBag from /opt/airflow/dags/flight-pipeline.py
[2026-09-19T12:07:00.622+0000] {processor.py:840} INFO - DAG(s) 'flights_ops_medallion_pipe' retrieved from /opt/airflow/dags/flight-pipeline.py
[2026-09-19T12:07:00.657+0000] {logging_mixin.py:188} INFO - [2026-09-19T12:07:00.656+0000] {dag.py:3089} INFO - Sync 1 DAGs
[2026-09-19T12:07:00.683+0000] {logging_mixin.py:188} INFO - [2026-09-19T12:07:00.682+0000] {dag.py:3947} INFO - Setting next_dagrun for flights_ops_medallion_pipe to 2026-09-19 12:00:00+00:00, run_after=2026-09-19 12:30:00+00:00
[2026-09-19T12:07:00.704+0000] {processor.py:183} INFO - Processing /opt/airflow/dags/flight-pipeline.py took 1.106 seconds
[2026-09-19T12:07:30.866+0000] {processor.py:161} INFO - Started process (PID=3200) to work on /opt/airflow/dags/flight-pipeline.py
[2026-09-19T12:07:30.868+0000] {processor.py:830} INFO - Processing file /opt/airflow/dags/flight-pipeline.py for tasks to queue
[2026-09-19T12:07:30.872+0000] {logging_mixin.py:188} INFO - [2026-09-19T12:07:30.871+0000] {dagbag.py:545} INFO - Filling up the DagBag from /opt/airflow/dags/flight-pipeline.py
[2026-09-19T12:07:31.983+0000] {processor.py:840} INFO - DAG(s) 'flights_ops_medallion_pipe' retrieved from /opt/airflow/dags/flight-pipeline.py
[2026-09-19T12:07:32.025+0000] {logging_mixin.py:188} INFO - [2026-09-19T12:07:32.025+0000] {dag.py:3089} INFO - Sync 1 DAGs
[2026-09-19T12:07:32.055+0000] {logging_mixin.py:188} INFO - [2026-09-19T12:07:32.055+0000] {dag.py:3947} INFO - Setting next_dagrun for flights_ops_medallion_pipe to 2026-09-19 12:00:00+00:00, run_after=2026-09-19 12:30:00+00:00
[2026-09-19T12:07:32.079+0000] {processor.py:183} INFO - Processing /opt/airflow/dags/flight-pipeline.py took 1.222 seconds
[2026-09-19T12:08:02.192+0000] {processor.py:161} INFO - Started process (PID=3203) to work on /opt/airflow/dags/flight-pipeline.py
[2026-09-19T12:08:02.195+0000] {processor.py:830} INFO - Processing file /opt/airflow/dags/flight-pipeline.py for tasks to queue
[2026-09-19T12:08:02.198+0000] {logging_mixin.py:188} INFO - [2026-09-19T12:08:02.198+0000] {dagbag.py:545} INFO - Filling up the DagBag from /opt/airflow/dags/flight-pipeline.py
[2026-09-19T12:08:03.317+0000] {processor.py:840} INFO - DAG(s) 'flights_ops_medallion_pipe' retrieved from /opt/airflow/dags/flight-pipeline.py
[2026-09-19T12:08:03.361+0000] {logging_mixin.py:188} INFO - [2026-09-19T12:08:03.360+0000] {dag.py:3089} INFO - Sync 1 DAGs
[2026-09-19T12:08:03.403+0000] {logging_mixin.py:188} INFO - [2026-09-19T12:08:03.403+0000] {dag.py:3947} INFO - Setting next_dagrun for flights_ops_medallion_pipe to 2026-09-19 12:00:00+00:00, run_after=2026-09-19 12:30:00+00:00
[2026-09-19T12:08:03.431+0000] {processor.py:183} INFO - Processing /opt/airflow/dags/flight-pipeline.py took 1.257 seconds
[2026-09-19T12:08:33.582+0000] {processor.py:161} INFO - Started process (PID=3206) to work on /opt/airflow/dags/flight-pipeline.py
[2026-09-19T12:08:33.584+0000] {processor.py:830} INFO - Processing file /opt/airflow/dags/flight-pipeline.py for tasks to queue
[2026-09-19T12:08:33.588+0000] {logging_mixin.py:188} INFO - [2026-09-19T12:08:33.588+0000] {dagbag.py:545} INFO - Filling up the DagBag from /opt/airflow/dags/flight-pipeline.py
[2026-09-19T12:08:34.587+0000] {processor.py:840} INFO - DAG(s) 'flights_ops_medallion_pipe' retrieved from /opt/airflow/dags/flight-pipeline.py
[2026-09-19T12:08:34.631+0000] {logging_mixin.py:188} INFO - [2026-09-19T12:08:34.629+0000] {dag.py:3089} INFO - Sync 1 DAGs
[2026-09-19T12:08:34.671+0000] {logging_mixin.py:188} INFO - [2026-09-19T12:08:34.670+0000] {dag.py:3947} INFO - Setting next_dagrun for flights_ops_medallion_pipe to 2026-09-19 12:00:00+00:00, run_after=2026-09-19 12:30:00+00:00
[2026-09-19T12:08:34.703+0000] {processor.py:183} INFO - Processing /opt/airflow/dags/flight-pipeline.py took 1.129 seconds
[2026-09-19T12:09:04.895+0000] {processor.py:161} INFO - Started process (PID=3209) to work on /opt/airflow/dags/flight-pipeline.py
[2026-09-19T12:09:04.897+0000] {processor.py:830} INFO - Processing file /opt/airflow/dags/flight-pipeline.py for tasks to queue
[2026-09-19T12:09:04.900+0000] {logging_mixin.py:188} INFO - [2026-09-19T12:09:04.900+0000] {dagbag.py:545} INFO - Filling up the DagBag from /opt/airflow/dags/flight-pipeline.py
[2026-09-19T12:09:05.894+0000] {processor.py:840} INFO - DAG(s) 'flights_ops_medallion_pipe' retrieved from /opt/airflow/dags/flight-pipeline.py
[2026-09-19T12:09:05.930+0000] {logging_mixin.py:188} INFO - [2026-09-19T12:09:05.929+0000] {dag.py:3089} INFO - Sync 1 DAGs
[2026-09-19T12:09:05.956+0000] {logging_mixin.py:188} INFO - [2026-09-19T12:09:05.956+0000] {dag.py:3947} INFO - Setting next_dagrun for flights_ops_medallion_pipe to 2026-09-19 12:00:00+00:00, run_after=2026-09-19 12:30:00+00:00
[2026-09-19T12:09:05.977+0000] {processor.py:183} INFO - Processing /opt/airflow/dags/flight-pipeline.py took 1.091 seconds
[2026-09-19T12:09:36.190+0000] {processor.py:161} INFO - Started process (PID=3212) to work on /opt/airflow/dags/flight-pipeline.py
[2026-09-19T12:09:36.192+0000] {processor.py:830} INFO - Processing file /opt/airflow/dags/flight-pipeline.py for tasks to queue
[2026-09-19T12:09:36.195+0000] {logging_mixin.py:188} INFO - [2026-09-19T12:09:36.195+0000] {dagbag.py:545} INFO - Filling up the DagBag from /opt/airflow/dags/flight-pipeline.py
[2026-09-19T12:09:37.195+0000] {processor.py:840} INFO - DAG(s) 'flights_ops_medallion_pipe' retrieved from /opt/airflow/dags/flight-pipeline.py
[2026-09-19T12:09:37.233+0000] {logging_mixin.py:188} INFO - [2026-09-19T12:09:37.232+0000] {dag.py:3089} INFO - Sync 1 DAGs
[2026-09-19T12:09:37.262+0000] {logging_mixin.py:188} INFO - [2026-09-19T12:09:37.262+0000] {dag.py:3947} INFO - Setting next_dagrun for flights_ops_medallion_pipe to 2026-09-19 12:00:00+00:00, run_after=2026-09-19 12:30:00+00:00
[2026-09-19T12:09:37.286+0000] {processor.py:183} INFO - Processing /opt/airflow/dags/flight-pipeline.py took 1.105 seconds
[2026-09-19T12:10:07.447+0000] {processor.py:161} INFO - Started process (PID=3215) to work on /opt/airflow/dags/flight-pipeline.py
[2026-09-19T12:10:07.449+0000] {processor.py:830} INFO - Processing file /opt/airflow/dags/flight-pipeline.py for tasks to queue
[2026-09-19T12:10:07.453+0000] {logging_mixin.py:188} INFO - [2026-09-19T12:10:07.453+0000] {dagbag.py:545} INFO - Filling up the DagBag from /opt/airflow/dags/flight-pipeline.py
[2026-09-19T12:10:08.545+0000] {processor.py:840} INFO - DAG(s) 'flights_ops_medallion_pipe' retrieved from /opt/airflow/dags/flight-pipeline.py
[2026-09-19T12:10:08.590+0000] {logging_mixin.py:188} INFO - [2026-09-19T12:10:08.589+0000] {dag.py:3089} INFO - Sync 1 DAGs
[2026-09-19T12:10:08.620+0000] {logging_mixin.py:188} INFO - [2026-09-19T12:10:08.620+0000] {dag.py:3947} INFO - Setting next_dagrun for flights_ops_medallion_pipe to 2026-09-19 12:00:00+00:00, run_after=2026-09-19 12:30:00+00:00
[2026-09-19T12:10:08.645+0000] {processor.py:183} INFO - Processing /opt/airflow/dags/flight-pipeline.py took 1.207 seconds
[2026-09-19T12:10:38.749+0000] {processor.py:161} INFO - Started process (PID=3218) to work on /opt/airflow/dags/flight-pipeline.py
[2026-09-19T12:10:38.752+0000] {processor.py:830} INFO - Processing file /opt/airflow/dags/flight-pipeline.py for tasks to queue
[2026-09-19T12:10:38.756+0000] {logging_mixin.py:188} INFO - [2026-09-19T12:10:38.755+0000] {dagbag.py:545} INFO - Filling up the DagBag from /opt/airflow/dags/flight-pipeline.py
[2026-09-19T12:10:39.867+0000] {processor.py:840} INFO - DAG(s) 'flights_ops_medallion_pipe' retrieved from /opt/airflow/dags/flight-pipeline.py
[2026-09-19T12:10:39.902+0000] {logging_mixin.py:188} INFO - [2026-09-19T12:10:39.902+0000] {dag.py:3089} INFO - Sync 1 DAGs
[2026-09-19T12:10:39.931+0000] {logging_mixin.py:188} INFO - [2026-09-19T12:10:39.931+0000] {dag.py:3947} INFO - Setting next_dagrun for flights_ops_medallion_pipe to 2026-09-19 12:00:00+00:00, run_after=2026-09-19 12:30:00+00:00
[2026-09-19T12:10:39.956+0000] {processor.py:183} INFO - Processing /opt/airflow/dags/flight-pipeline.py took 1.216 seconds
[2026-09-19T12:11:10.150+0000] {processor.py:161} INFO - Started process (PID=3221) to work on /opt/airflow/dags/flight-pipeline.py
[2026-09-19T12:11:10.154+0000] {processor.py:830} INFO - Processing file /opt/airflow/dags/flight-pipeline.py for tasks to queue
[2026-09-19T12:11:10.161+0000] {logging_mixin.py:188} INFO - [2026-09-19T12:11:10.160+0000] {dagbag.py:545} INFO - Filling up the DagBag from /opt/airflow/dags/flight-pipeline.py
[2026-09-19T12:11:11.216+0000] {processor.py:840} INFO - DAG(s) 'flights_ops_medallion_pipe' retrieved from /opt/airflow/dags/flight-pipeline.py
[2026-09-19T12:11:11.250+0000] {logging_mixin.py:188} INFO - [2026-09-19T12:11:11.249+0000] {dag.py:3089} INFO - Sync 1 DAGs
[2026-09-19T12:11:11.285+0000] {logging_mixin.py:188} INFO - [2026-09-19T12:11:11.285+0000] {dag.py:3947} INFO - Setting next_dagrun for flights_ops_medallion_pipe to 2026-09-19 12:00:00+00:00, run_after=2026-09-19 12:30:00+00:00
[2026-09-19T12:11:11.308+0000] {processor.py:183} INFO - Processing /opt/airflow/dags/flight-pipeline.py took 1.176 seconds
[2026-09-19T12:11:41.484+0000] {processor.py:161} INFO - Started process (PID=3224) to work on /opt/airflow/dags/flight-pipeline.py
[2026-09-19T12:11:41.486+0000] {processor.py:830} INFO - Processing file /opt/airflow/dags/flight-pipeline.py for tasks to queue
[2026-09-19T12:11:41.489+0000] {logging_mixin.py:188} INFO - [2026-09-19T12:11:41.488+0000] {dagbag.py:545} INFO - Filling up the DagBag from /opt/airflow/dags/flight-pipeline.py
[2026-09-19T12:11:42.533+0000] {processor.py:840} INFO - DAG(s) 'flights_ops_medallion_pipe' retrieved from /opt/airflow/dags/flight-pipeline.py
[2026-09-19T12:11:42.599+0000] {logging_mixin.py:188} INFO - [2026-09-19T12:11:42.598+0000] {dag.py:3089} INFO - Sync 1 DAGs
[2026-09-19T12:11:42.631+0000] {logging_mixin.py:188} INFO - [2026-09-19T12:11:42.631+0000] {dag.py:3947} INFO - Setting next_dagrun for flights_ops_medallion_pipe to 2026-09-19 12:00:00+00:00, run_after=2026-09-19 12:30:00+00:00
[2026-09-19T12:11:42.656+0000] {processor.py:183} INFO - Processing /opt/airflow/dags/flight-pipeline.py took 1.180 seconds
[2026-09-19T12:12:12.820+0000] {processor.py:161} INFO - Started process (PID=3227) to work on /opt/airflow/dags/flight-pipeline.py
[2026-09-19T12:12:12.822+0000] {processor.py:830} INFO - Processing file /opt/airflow/dags/flight-pipeline.py for tasks to queue
[2026-09-19T12:12:12.825+0000] {logging_mixin.py:188} INFO - [2026-09-19T12:12:12.825+0000] {dagbag.py:545} INFO - Filling up the DagBag from /opt/airflow/dags/flight-pipeline.py
[2026-09-19T12:12:13.933+0000] {processor.py:840} INFO - DAG(s) 'flights_ops_medallion_pipe' retrieved from /opt/airflow/dags/flight-pipeline.py
[2026-09-19T12:12:13.974+0000] {logging_mixin.py:188} INFO - [2026-09-19T12:12:13.973+0000] {dag.py:3089} INFO - Sync 1 DAGs
[2026-09-19T12:12:14.000+0000] {logging_mixin.py:188} INFO - [2026-09-19T12:12:14.000+0000] {dag.py:3947} INFO - Setting next_dagrun for flights_ops_medallion_pipe to 2026-09-19 12:00:00+00:00, run_after=2026-09-19 12:30:00+00:00
[2026-09-19T12:12:14.024+0000] {processor.py:183} INFO - Processing /opt/airflow/dags/flight-pipeline.py took 1.211 seconds
[2026-09-19T12:12:44.180+0000] {processor.py:161} INFO - Started process (PID=3230) to work on /opt/airflow/dags/flight-pipeline.py
[2026-09-19T12:12:44.182+0000] {processor.py:830} INFO - Processing file /opt/airflow/dags/flight-pipeline.py for tasks to queue
[2026-09-19T12:12:44.188+0000] {logging_mixin.py:188} INFO - [2026-09-19T12:12:44.187+0000] {dagbag.py:545} INFO - Filling up the DagBag from /opt/airflow/dags/flight-pipeline.py
[2026-09-19T12:12:45.416+0000] {processor.py:840} INFO - DAG(s) 'flights_ops_medallion_pipe' retrieved from /opt/airflow/dags/flight-pipeline.py
[2026-09-19T12:12:45.459+0000] {logging_mixin.py:188} INFO - [2026-09-19T12:12:45.458+0000] {dag.py:3089} INFO - Sync 1 DAGs
[2026-09-19T12:12:45.503+0000] {logging_mixin.py:188} INFO - [2026-09-19T12:12:45.503+0000] {dag.py:3947} INFO - Setting next_dagrun for flights_ops_medallion_pipe to 2026-09-19 12:00:00+00:00, run_after=2026-09-19 12:30:00+00:00
[2026-09-19T12:12:45.528+0000] {processor.py:183} INFO - Processing /opt/airflow/dags/flight-pipeline.py took 1.359 seconds
[2026-09-19T12:13:15.824+0000] {processor.py:161} INFO - Started process (PID=3233) to work on /opt/airflow/dags/flight-pipeline.py
[2026-09-19T12:13:15.827+0000] {processor.py:830} INFO - Processing file /opt/airflow/dags/flight-pipeline.py for tasks to queue
[2026-09-19T12:13:15.831+0000] {logging_mixin.py:188} INFO - [2026-09-19T12:13:15.831+0000] {dagbag.py:545} INFO - Filling up the DagBag from /opt/airflow/dags/flight-pipeline.py
[2026-09-19T12:13:17.087+0000] {processor.py:840} INFO - DAG(s) 'flights_ops_medallion_pipe' retrieved from /opt/airflow/dags/flight-pipeline.py
[2026-09-19T12:13:17.123+0000] {logging_mixin.py:188} INFO - [2026-09-19T12:13:17.123+0000] {dag.py:3089} INFO - Sync 1 DAGs
[2026-09-19T12:13:17.153+0000] {logging_mixin.py:188} INFO - [2026-09-19T12:13:17.153+0000] {dag.py:3947} INFO - Setting next_dagrun for flights_ops_medallion_pipe to 2026-09-19 12:00:00+00:00, run_after=2026-09-19 12:30:00+00:00
[2026-09-19T12:13:17.179+0000] {processor.py:183} INFO - Processing /opt/airflow/dags/flight-pipeline.py took 1.375 seconds
[2026-09-19T12:13:47.449+0000] {processor.py:161} INFO - Started process (PID=3236) to work on /opt/airflow/dags/flight-pipeline.py
[2026-09-19T12:13:47.451+0000] {processor.py:830} INFO - Processing file /opt/airflow/dags/flight-pipeline.py for tasks to queue
[2026-09-19T12:13:47.454+0000] {logging_mixin.py:188} INFO - [2026-09-19T12:13:47.454+0000] {dagbag.py:545} INFO - Filling up the DagBag from /opt/airflow/dags/flight-pipeline.py
[2026-09-19T12:13:48.504+0000] {processor.py:840} INFO - DAG(s) 'flights_ops_medallion_pipe' retrieved from /opt/airflow/dags/flight-pipeline.py
[2026-09-19T12:13:48.569+0000] {logging_mixin.py:188} INFO - [2026-09-19T12:13:48.569+0000] {dag.py:3089} INFO - Sync 1 DAGs
[2026-09-19T12:13:48.601+0000] {logging_mixin.py:188} INFO - [2026-09-19T12:13:48.600+0000] {dag.py:3947} INFO - Setting next_dagrun for flights_ops_medallion_pipe to 2026-09-19 12:00:00+00:00, run_after=2026-09-19 12:30:00+00:00
[2026-09-19T12:13:48.625+0000] {processor.py:183} INFO - Processing /opt/airflow/dags/flight-pipeline.py took 1.187 seconds
[2026-09-19T12:14:18.889+0000] {processor.py:161} INFO - Started process (PID=3239) to work on /opt/airflow/dags/flight-pipeline.py
[2026-09-19T12:14:18.892+0000] {processor.py:830} INFO - Processing file /opt/airflow/dags/flight-pipeline.py for tasks to queue
[2026-09-19T12:14:18.897+0000] {logging_mixin.py:188} INFO - [2026-09-19T12:14:18.896+0000] {dagbag.py:545} INFO - Filling up the DagBag from /opt/airflow/dags/flight-pipeline.py
[2026-09-19T12:14:19.929+0000] {processor.py:840} INFO - DAG(s) 'flights_ops_medallion_pipe' retrieved from /opt/airflow/dags/flight-pipeline.py
[2026-09-19T12:14:19.973+0000] {logging_mixin.py:188} INFO - [2026-09-19T12:14:19.973+0000] {dag.py:3089} INFO - Sync 1 DAGs
[2026-09-19T12:14:20.013+0000] {logging_mixin.py:188} INFO - [2026-09-19T12:14:20.012+0000] {dag.py:3947} INFO - Setting next_dagrun for flights_ops_medallion_pipe to 2026-09-19 12:00:00+00:00, run_after=2026-09-19 12:30:00+00:00
[2026-09-19T12:14:20.043+0000] {processor.py:183} INFO - Processing /opt/airflow/dags/flight-pipeline.py took 1.163 seconds
[2026-09-19T12:14:50.151+0000] {processor.py:161} INFO - Started process (PID=3242) to work on /opt/airflow/dags/flight-pipeline.py
[2026-09-19T12:14:50.153+0000] {processor.py:830} INFO - Processing file /opt/airflow/dags/flight-pipeline.py for tasks to queue
[2026-09-19T12:14:50.157+0000] {logging_mixin.py:188} INFO - [2026-09-19T12:14:50.156+0000] {dagbag.py:545} INFO - Filling up the DagBag from /opt/airflow/dags/flight-pipeline.py
[2026-09-19T12:14:51.336+0000] {processor.py:840} INFO - DAG(s) 'flights_ops_medallion_pipe' retrieved from /opt/airflow/dags/flight-pipeline.py
[2026-09-19T12:14:51.375+0000] {logging_mixin.py:188} INFO - [2026-09-19T12:14:51.374+0000] {dag.py:3089} INFO - Sync 1 DAGs
[2026-09-19T12:14:51.402+0000] {logging_mixin.py:188} INFO - [2026-09-19T12:14:51.402+0000] {dag.py:3947} INFO - Setting next_dagrun for flights_ops_medallion_pipe to 2026-09-19 12:00:00+00:00, run_after=2026-09-19 12:30:00+00:00
[2026-09-19T12:14:51.424+0000] {processor.py:183} INFO - Processing /opt/airflow/dags/flight-pipeline.py took 1.287 seconds
[2026-09-19T12:15:21.563+0000] {processor.py:161} INFO - Started process (PID=3245) to work on /opt/airflow/dags/flight-pipeline.py
[2026-09-19T12:15:21.566+0000] {processor.py:830} INFO - Processing file /opt/airflow/dags/flight-pipeline.py for tasks to queue
[2026-09-19T12:15:21.570+0000] {logging_mixin.py:188} INFO - [2026-09-19T12:15:21.569+0000] {dagbag.py:545} INFO - Filling up the DagBag from /opt/airflow/dags/flight-pipeline.py
[2026-09-19T12:15:22.731+0000] {processor.py:840} INFO - DAG(s) 'flights_ops_medallion_pipe' retrieved from /opt/airflow/dags/flight-pipeline.py
[2026-09-19T12:15:22.787+0000] {logging_mixin.py:188} INFO - [2026-09-19T12:15:22.786+0000] {dag.py:3089} INFO - Sync 1 DAGs
[2026-09-19T12:15:22.820+0000] {logging_mixin.py:188} INFO - [2026-09-19T12:15:22.820+0000] {dag.py:3947} INFO - Setting next_dagrun for flights_ops_medallion_pipe to 2026-09-19 12:00:00+00:00, run_after=2026-09-19 12:30:00+00:00
[2026-09-19T12:15:22.847+0000] {processor.py:183} INFO - Processing /opt/airflow/dags/flight-pipeline.py took 1.295 seconds
[2026-09-19T12:15:53.127+0000] {processor.py:161} INFO - Started process (PID=3248) to work on /opt/airflow/dags/flight-pipeline.py
[2026-09-19T12:15:53.129+0000] {processor.py:830} INFO - Processing file /opt/airflow/dags/flight-pipeline.py for tasks to queue
[2026-09-19T12:15:53.134+0000] {logging_mixin.py:188} INFO - [2026-09-19T12:15:53.133+0000] {dagbag.py:545} INFO - Filling up the DagBag from /opt/airflow/dags/flight-pipeline.py
[2026-09-19T12:15:54.321+0000] {processor.py:840} INFO - DAG(s) 'flights_ops_medallion_pipe' retrieved from /opt/airflow/dags/flight-pipeline.py
[2026-09-19T12:15:54.361+0000] {logging_mixin.py:188} INFO - [2026-09-19T12:15:54.360+0000] {dag.py:3089} INFO - Sync 1 DAGs
[2026-09-19T12:15:54.390+0000] {logging_mixin.py:188} INFO - [2026-09-19T12:15:54.390+0000] {dag.py:3947} INFO - Setting next_dagrun for flights_ops_medallion_pipe to 2026-09-19 12:00:00+00:00, run_after=2026-09-19 12:30:00+00:00
[2026-09-19T12:15:54.417+0000] {processor.py:183} INFO - Processing /opt/airflow/dags/flight-pipeline.py took 1.300 seconds
[2026-09-19T12:16:24.682+0000] {processor.py:161} INFO - Started process (PID=3251) to work on /opt/airflow/dags/flight-pipeline.py
[2026-09-19T12:16:24.684+0000] {processor.py:830} INFO - Processing file /opt/airflow/dags/flight-pipeline.py for tasks to queue
[2026-09-19T12:16:24.688+0000] {logging_mixin.py:188} INFO - [2026-09-19T12:16:24.687+0000] {dagbag.py:545} INFO - Filling up the DagBag from /opt/airflow/dags/flight-pipeline.py
[2026-09-19T12:16:25.776+0000] {processor.py:840} INFO - DAG(s) 'flights_ops_medallion_pipe' retrieved from /opt/airflow/dags/flight-pipeline.py
[2026-09-19T12:16:25.817+0000] {logging_mixin.py:188} INFO - [2026-09-19T12:16:25.816+0000] {dag.py:3089} INFO - Sync 1 DAGs
[2026-09-19T12:16:25.850+0000] {logging_mixin.py:188} INFO - [2026-09-19T12:16:25.850+0000] {dag.py:3947} INFO - Setting next_dagrun for flights_ops_medallion_pipe to 2026-09-19 12:00:00+00:00, run_after=2026-09-19 12:30:00+00:00
[2026-09-19T12:16:25.879+0000] {processor.py:183} INFO - Processing /opt/airflow/dags/flight-pipeline.py took 1.206 seconds
[2026-09-19T12:16:56.140+0000] {processor.py:161} INFO - Started process (PID=3254) to work on /opt/airflow/dags/flight-pipeline.py
[2026-09-19T12:16:56.142+0000] {processor.py:830} INFO - Processing file /opt/airflow/dags/flight-pipeline.py for tasks to queue
[2026-09-19T12:16:56.145+0000] {logging_mixin.py:188} INFO - [2026-09-19T12:16:56.145+0000] {dagbag.py:545} INFO - Filling up the DagBag from /opt/airflow/dags/flight-pipeline.py
[2026-09-19T12:16:57.325+0000] {processor.py:840} INFO - DAG(s) 'flights_ops_medallion_pipe' retrieved from /opt/airflow/dags/flight-pipeline.py
[2026-09-19T12:16:57.367+0000] {logging_mixin.py:188} INFO - [2026-09-19T12:16:57.367+0000] {dag.py:3089} INFO - Sync 1 DAGs
[2026-09-19T12:16:57.397+0000] {logging_mixin.py:188} INFO - [2026-09-19T12:16:57.397+0000] {dag.py:3947} INFO - Setting next_dagrun for flights_ops_medallion_pipe to 2026-09-19 12:00:00+00:00, run_after=2026-09-19 12:30:00+00:00
[2026-09-19T12:16:57.425+0000] {processor.py:183} INFO - Processing /opt/airflow/dags/flight-pipeline.py took 1.294 seconds
[2026-09-19T12:17:27.668+0000] {processor.py:161} INFO - Started process (PID=3257) to work on /opt/airflow/dags/flight-pipeline.py
[2026-09-19T12:17:27.670+0000] {processor.py:830} INFO - Processing file /opt/airflow/dags/flight-pipeline.py for tasks to queue
[2026-09-19T12:17:27.673+0000] {logging_mixin.py:188} INFO - [2026-09-19T12:17:27.673+0000] {dagbag.py:545} INFO - Filling up the DagBag from /opt/airflow/dags/flight-pipeline.py
[2026-09-19T12:17:28.698+0000] {processor.py:840} INFO - DAG(s) 'flights_ops_medallion_pipe' retrieved from /opt/airflow/dags/flight-pipeline.py
[2026-09-19T12:17:28.736+0000] {logging_mixin.py:188} INFO - [2026-09-19T12:17:28.732+0000] {dag.py:3089} INFO - Sync 1 DAGs
[2026-09-19T12:17:28.769+0000] {logging_mixin.py:188} INFO - [2026-09-19T12:17:28.769+0000] {dag.py:3947} INFO - Setting next_dagrun for flights_ops_medallion_pipe to 2026-09-19 12:00:00+00:00, run_after=2026-09-19 12:30:00+00:00
[2026-09-19T12:17:28.794+0000] {processor.py:183} INFO - Processing /opt/airflow/dags/flight-pipeline.py took 1.134 seconds
[2026-09-19T12:17:58.928+0000] {processor.py:161} INFO - Started process (PID=3260) to work on /opt/airflow/dags/flight-pipeline.py
[2026-09-19T12:17:58.930+0000] {processor.py:830} INFO - Processing file /opt/airflow/dags/flight-pipeline.py for tasks to queue
[2026-09-19T12:17:58.935+0000] {logging_mixin.py:188} INFO - [2026-09-19T12:17:58.934+0000] {dagbag.py:545} INFO - Filling up the DagBag from /opt/airflow/dags/flight-pipeline.py
[2026-09-19T12:18:00.017+0000] {processor.py:840} INFO - DAG(s) 'flights_ops_medallion_pipe' retrieved from /opt/airflow/dags/flight-pipeline.py
[2026-09-19T12:18:00.060+0000] {logging_mixin.py:188} INFO - [2026-09-19T12:18:00.059+0000] {dag.py:3089} INFO - Sync 1 DAGs
[2026-09-19T12:18:00.091+0000] {logging_mixin.py:188} INFO - [2026-09-19T12:18:00.090+0000] {dag.py:3947} INFO - Setting next_dagrun for flights_ops_medallion_pipe to 2026-09-19 12:00:00+00:00, run_after=2026-09-19 12:30:00+00:00
[2026-09-19T12:18:00.115+0000] {processor.py:183} INFO - Processing /opt/airflow/dags/flight-pipeline.py took 1.198 seconds
[2026-09-19T12:18:30.297+0000] {processor.py:161} INFO - Started process (PID=3263) to work on /opt/airflow/dags/flight-pipeline.py
[2026-09-19T12:18:30.299+0000] {processor.py:830} INFO - Processing file /opt/airflow/dags/flight-pipeline.py for tasks to queue
[2026-09-19T12:18:30.302+0000] {logging_mixin.py:188} INFO - [2026-09-19T12:18:30.302+0000] {dagbag.py:545} INFO - Filling up the DagBag from /opt/airflow/dags/flight-pipeline.py
[2026-09-19T12:18:31.409+0000] {processor.py:840} INFO - DAG(s) 'flights_ops_medallion_pipe' retrieved from /opt/airflow/dags/flight-pipeline.py
[2026-09-19T12:18:31.445+0000] {logging_mixin.py:188} INFO - [2026-09-19T12:18:31.445+0000] {dag.py:3089} INFO - Sync 1 DAGs
[2026-09-19T12:18:31.473+0000] {logging_mixin.py:188} INFO - [2026-09-19T12:18:31.473+0000] {dag.py:3947} INFO - Setting next_dagrun for flights_ops_medallion_pipe to 2026-09-19 12:00:00+00:00, run_after=2026-09-19 12:30:00+00:00
[2026-09-19T12:18:31.496+0000] {processor.py:183} INFO - Processing /opt/airflow/dags/flight-pipeline.py took 1.210 seconds
[2026-09-19T12:19:01.619+0000] {processor.py:161} INFO - Started process (PID=3266) to work on /opt/airflow/dags/flight-pipeline.py
[2026-09-19T12:19:01.621+0000] {processor.py:830} INFO - Processing file /opt/airflow/dags/flight-pipeline.py for tasks to queue
[2026-09-19T12:19:01.624+0000] {logging_mixin.py:188} INFO - [2026-09-19T12:19:01.624+0000] {dagbag.py:545} INFO - Filling up the DagBag from /opt/airflow/dags/flight-pipeline.py
[2026-09-19T12:19:02.730+0000] {processor.py:840} INFO - DAG(s) 'flights_ops_medallion_pipe' retrieved from /opt/airflow/dags/flight-pipeline.py
[2026-09-19T12:19:02.766+0000] {logging_mixin.py:188} INFO - [2026-09-19T12:19:02.766+0000] {dag.py:3089} INFO - Sync 1 DAGs
[2026-09-19T12:19:02.794+0000] {logging_mixin.py:188} INFO - [2026-09-19T12:19:02.794+0000] {dag.py:3947} INFO - Setting next_dagrun for flights_ops_medallion_pipe to 2026-09-19 12:00:00+00:00, run_after=2026-09-19 12:30:00+00:00
[2026-09-19T12:19:02.819+0000] {processor.py:183} INFO - Processing /opt/airflow/dags/flight-pipeline.py took 1.209 seconds
[2026-09-19T12:19:33.016+0000] {processor.py:161} INFO - Started process (PID=3269) to work on /opt/airflow/dags/flight-pipeline.py
[2026-09-19T12:19:33.019+0000] {processor.py:830} INFO - Processing file /opt/airflow/dags/flight-pipeline.py for tasks to queue
[2026-09-19T12:19:33.022+0000] {logging_mixin.py:188} INFO - [2026-09-19T12:19:33.022+0000] {dagbag.py:545} INFO - Filling up the DagBag from /opt/airflow/dags/flight-pipeline.py
[2026-09-19T12:19:34.057+0000] {processor.py:840} INFO - DAG(s) 'flights_ops_medallion_pipe' retrieved from /opt/airflow/dags/flight-pipeline.py
[2026-09-19T12:19:34.092+0000] {logging_mixin.py:188} INFO - [2026-09-19T12:19:34.091+0000] {dag.py:3089} INFO - Sync 1 DAGs
[2026-09-19T12:19:34.123+0000] {logging_mixin.py:188} INFO - [2026-09-19T12:19:34.123+0000] {dag.py:3947} INFO - Setting next_dagrun for flights_ops_medallion_pipe to 2026-09-19 12:00:00+00:00, run_after=2026-09-19 12:30:00+00:00
[2026-09-19T12:19:34.144+0000] {processor.py:183} INFO - Processing /opt/airflow/dags/flight-pipeline.py took 1.140 seconds
[2026-09-19T12:20:04.301+0000] {processor.py:161} INFO - Started process (PID=3272) to work on /opt/airflow/dags/flight-pipeline.py
[2026-09-19T12:20:04.303+0000] {processor.py:830} INFO - Processing file /opt/airflow/dags/flight-pipeline.py for tasks to queue
[2026-09-19T12:20:04.306+0000] {logging_mixin.py:188} INFO - [2026-09-19T12:20:04.305+0000] {dagbag.py:545} INFO - Filling up the DagBag from /opt/airflow/dags/flight-pipeline.py
[2026-09-19T12:20:05.323+0000] {processor.py:840} INFO - DAG(s) 'flights_ops_medallion_pipe' retrieved from /opt/airflow/dags/flight-pipeline.py
[2026-09-19T12:20:05.359+0000] {logging_mixin.py:188} INFO - [2026-09-19T12:20:05.358+0000] {dag.py:3089} INFO - Sync 1 DAGs
[2026-09-19T12:20:05.387+0000] {logging_mixin.py:188} INFO - [2026-09-19T12:20:05.387+0000] {dag.py:3947} INFO - Setting next_dagrun for flights_ops_medallion_pipe to 2026-09-19 12:00:00+00:00, run_after=2026-09-19 12:30:00+00:00
[2026-09-19T12:20:05.411+0000] {processor.py:183} INFO - Processing /opt/airflow/dags/flight-pipeline.py took 1.123 seconds
[2026-09-19T12:20:35.656+0000] {processor.py:161} INFO - Started process (PID=3275) to work on /opt/airflow/dags/flight-pipeline.py
[2026-09-19T12:20:35.658+0000] {processor.py:830} INFO - Processing file /opt/airflow/dags/flight-pipeline.py for tasks to queue
[2026-09-19T12:20:35.662+0000] {logging_mixin.py:188} INFO - [2026-09-19T12:20:35.661+0000] {dagbag.py:545} INFO - Filling up the DagBag from /opt/airflow/dags/flight-pipeline.py
[2026-09-19T12:20:36.719+0000] {processor.py:840} INFO - DAG(s) 'flights_ops_medallion_pipe' retrieved from /opt/airflow/dags/flight-pipeline.py
[2026-09-19T12:20:36.767+0000] {logging_mixin.py:188} INFO - [2026-09-19T12:20:36.764+0000] {dag.py:3089} INFO - Sync 1 DAGs
[2026-09-19T12:20:36.799+0000] {logging_mixin.py:188} INFO - [2026-09-19T12:20:36.799+0000] {dag.py:3947} INFO - Setting next_dagrun for flights_ops_medallion_pipe to 2026-09-19 12:00:00+00:00, run_after=2026-09-19 12:30:00+00:00
[2026-09-19T12:20:36.828+0000] {processor.py:183} INFO - Processing /opt/airflow/dags/flight-pipeline.py took 1.181 seconds
[2026-09-19T12:21:06.907+0000] {processor.py:161} INFO - Started process (PID=3278) to work on /opt/airflow/dags/flight-pipeline.py
[2026-09-19T12:21:06.908+0000] {processor.py:830} INFO - Processing file /opt/airflow/dags/flight-pipeline.py for tasks to queue
[2026-09-19T12:21:06.912+0000] {logging_mixin.py:188} INFO - [2026-09-19T12:21:06.912+0000] {dagbag.py:545} INFO - Filling up the DagBag from /opt/airflow/dags/flight-pipeline.py
[2026-09-19T12:21:07.991+0000] {processor.py:840} INFO - DAG(s) 'flights_ops_medallion_pipe' retrieved from /opt/airflow/dags/flight-pipeline.py
[2026-09-19T12:21:08.035+0000] {logging_mixin.py:188} INFO - [2026-09-19T12:21:08.034+0000] {dag.py:3089} INFO - Sync 1 DAGs
[2026-09-19T12:21:08.066+0000] {logging_mixin.py:188} INFO - [2026-09-19T12:21:08.066+0000] {dag.py:3947} INFO - Setting next_dagrun for flights_ops_medallion_pipe to 2026-09-19 12:00:00+00:00, run_after=2026-09-19 12:30:00+00:00
[2026-09-19T12:21:08.088+0000] {processor.py:183} INFO - Processing /opt/airflow/dags/flight-pipeline.py took 1.191 seconds
[2026-09-19T12:21:38.411+0000] {processor.py:161} INFO - Started process (PID=3281) to work on /opt/airflow/dags/flight-pipeline.py
[2026-09-19T12:21:38.413+0000] {processor.py:830} INFO - Processing file /opt/airflow/dags/flight-pipeline.py for tasks to queue
[2026-09-19T12:21:38.417+0000] {logging_mixin.py:188} INFO - [2026-09-19T12:21:38.417+0000] {dagbag.py:545} INFO - Filling up the DagBag from /opt/airflow/dags/flight-pipeline.py
[2026-09-19T12:21:39.482+0000] {processor.py:840} INFO - DAG(s) 'flights_ops_medallion_pipe' retrieved from /opt/airflow/dags/flight-pipeline.py
[2026-09-19T12:21:39.519+0000] {logging_mixin.py:188} INFO - [2026-09-19T12:21:39.519+0000] {dag.py:3089} INFO - Sync 1 DAGs
[2026-09-19T12:21:39.546+0000] {logging_mixin.py:188} INFO - [2026-09-19T12:21:39.546+0000] {dag.py:3947} INFO - Setting next_dagrun for flights_ops_medallion_pipe to 2026-09-19 12:00:00+00:00, run_after=2026-09-19 12:30:00+00:00
[2026-09-19T12:21:39.570+0000] {processor.py:183} INFO - Processing /opt/airflow/dags/flight-pipeline.py took 1.169 seconds
[2026-09-19T12:22:09.672+0000] {processor.py:161} INFO - Started process (PID=3284) to work on /opt/airflow/dags/flight-pipeline.py
[2026-09-19T12:22:09.674+0000] {processor.py:830} INFO - Processing file /opt/airflow/dags/flight-pipeline.py for tasks to queue
[2026-09-19T12:22:09.678+0000] {logging_mixin.py:188} INFO - [2026-09-19T12:22:09.677+0000] {dagbag.py:545} INFO - Filling up the DagBag from /opt/airflow/dags/flight-pipeline.py
[2026-09-19T12:22:10.761+0000] {processor.py:840} INFO - DAG(s) 'flights_ops_medallion_pipe' retrieved from /opt/airflow/dags/flight-pipeline.py
[2026-09-19T12:22:10.802+0000] {logging_mixin.py:188} INFO - [2026-09-19T12:22:10.802+0000] {dag.py:3089} INFO - Sync 1 DAGs
[2026-09-19T12:22:10.830+0000] {logging_mixin.py:188} INFO - [2026-09-19T12:22:10.829+0000] {dag.py:3947} INFO - Setting next_dagrun for flights_ops_medallion_pipe to 2026-09-19 12:00:00+00:00, run_after=2026-09-19 12:30:00+00:00
[2026-09-19T12:22:10.855+0000] {processor.py:183} INFO - Processing /opt/airflow/dags/flight-pipeline.py took 1.192 seconds
[2026-09-19T12:22:41.087+0000] {processor.py:161} INFO - Started process (PID=3287) to work on /opt/airflow/dags/flight-pipeline.py
[2026-09-19T12:22:41.089+0000] {processor.py:830} INFO - Processing file /opt/airflow/dags/flight-pipeline.py for tasks to queue
[2026-09-19T12:22:41.092+0000] {logging_mixin.py:188} INFO - [2026-09-19T12:22:41.091+0000] {dagbag.py:545} INFO - Filling up the DagBag from /opt/airflow/dags/flight-pipeline.py
[2026-09-19T12:22:42.169+0000] {processor.py:840} INFO - DAG(s) 'flights_ops_medallion_pipe' retrieved from /opt/airflow/dags/flight-pipeline.py
[2026-09-19T12:22:42.206+0000] {logging_mixin.py:188} INFO - [2026-09-19T12:22:42.205+0000] {dag.py:3089} INFO - Sync 1 DAGs
[2026-09-19T12:22:42.236+0000] {logging_mixin.py:188} INFO - [2026-09-19T12:22:42.236+0000] {dag.py:3947} INFO - Setting next_dagrun for flights_ops_medallion_pipe to 2026-09-19 12:00:00+00:00, run_after=2026-09-19 12:30:00+00:00
[2026-09-19T12:22:42.259+0000] {processor.py:183} INFO - Processing /opt/airflow/dags/flight-pipeline.py took 1.180 seconds
[2026-09-19T12:23:12.350+0000] {processor.py:161} INFO - Started process (PID=3290) to work on /opt/airflow/dags/flight-pipeline.py
[2026-09-19T12:23:12.352+0000] {processor.py:830} INFO - Processing file /opt/airflow/dags/flight-pipeline.py for tasks to queue
[2026-09-19T12:23:12.356+0000] {logging_mixin.py:188} INFO - [2026-09-19T12:23:12.355+0000] {dagbag.py:545} INFO - Filling up the DagBag from /opt/airflow/dags/flight-pipeline.py
[2026-09-19T12:23:13.480+0000] {processor.py:840} INFO - DAG(s) 'flights_ops_medallion_pipe' retrieved from /opt/airflow/dags/flight-pipeline.py
[2026-09-19T12:23:13.522+0000] {logging_mixin.py:188} INFO - [2026-09-19T12:23:13.521+0000] {dag.py:3089} INFO - Sync 1 DAGs
[2026-09-19T12:23:13.581+0000] {logging_mixin.py:188} INFO - [2026-09-19T12:23:13.580+0000] {dag.py:3947} INFO - Setting next_dagrun for flights_ops_medallion_pipe to 2026-09-19 12:00:00+00:00, run_after=2026-09-19 12:30:00+00:00
[2026-09-19T12:23:13.607+0000] {processor.py:183} INFO - Processing /opt/airflow/dags/flight-pipeline.py took 1.266 seconds
[2026-09-19T12:23:43.791+0000] {processor.py:161} INFO - Started process (PID=3293) to work on /opt/airflow/dags/flight-pipeline.py
[2026-09-19T12:23:43.793+0000] {processor.py:830} INFO - Processing file /opt/airflow/dags/flight-pipeline.py for tasks to queue
[2026-09-19T12:23:43.797+0000] {logging_mixin.py:188} INFO - [2026-09-19T12:23:43.797+0000] {dagbag.py:545} INFO - Filling up the DagBag from /opt/airflow/dags/flight-pipeline.py
[2026-09-19T12:23:44.873+0000] {processor.py:840} INFO - DAG(s) 'flights_ops_medallion_pipe' retrieved from /opt/airflow/dags/flight-pipeline.py
[2026-09-19T12:23:44.908+0000] {logging_mixin.py:188} INFO - [2026-09-19T12:23:44.907+0000] {dag.py:3089} INFO - Sync 1 DAGs
[2026-09-19T12:23:44.935+0000] {logging_mixin.py:188} INFO - [2026-09-19T12:23:44.935+0000] {dag.py:3947} INFO - Setting next_dagrun for flights_ops_medallion_pipe to 2026-09-19 12:00:00+00:00, run_after=2026-09-19 12:30:00+00:00
[2026-09-19T12:23:44.956+0000] {processor.py:183} INFO - Processing /opt/airflow/dags/flight-pipeline.py took 1.176 seconds
[2026-09-19T12:24:15.159+0000] {processor.py:161} INFO - Started process (PID=3296) to work on /opt/airflow/dags/flight-pipeline.py
[2026-09-19T12:24:15.162+0000] {processor.py:830} INFO - Processing file /opt/airflow/dags/flight-pipeline.py for tasks to queue
[2026-09-19T12:24:15.168+0000] {logging_mixin.py:188} INFO - [2026-09-19T12:24:15.167+0000] {dagbag.py:545} INFO - Filling up the DagBag from /opt/airflow/dags/flight-pipeline.py
[2026-09-19T12:24:16.141+0000] {processor.py:840} INFO - DAG(s) 'flights_ops_medallion_pipe' retrieved from /opt/airflow/dags/flight-pipeline.py
[2026-09-19T12:24:16.186+0000] {logging_mixin.py:188} INFO - [2026-09-19T12:24:16.185+0000] {dag.py:3089} INFO - Sync 1 DAGs
[2026-09-19T12:24:16.219+0000] {logging_mixin.py:188} INFO - [2026-09-19T12:24:16.219+0000] {dag.py:3947} INFO - Setting next_dagrun for flights_ops_medallion_pipe to 2026-09-19 12:00:00+00:00, run_after=2026-09-19 12:30:00+00:00
[2026-09-19T12:24:16.245+0000] {processor.py:183} INFO - Processing /opt/airflow/dags/flight-pipeline.py took 1.108 seconds
[2026-09-19T12:24:46.496+0000] {processor.py:161} INFO - Started process (PID=3299) to work on /opt/airflow/dags/flight-pipeline.py
[2026-09-19T12:24:46.498+0000] {processor.py:830} INFO - Processing file /opt/airflow/dags/flight-pipeline.py for tasks to queue
[2026-09-19T12:24:46.502+0000] {logging_mixin.py:188} INFO - [2026-09-19T12:24:46.501+0000] {dagbag.py:545} INFO - Filling up the DagBag from /opt/airflow/dags/flight-pipeline.py
[2026-09-19T12:24:47.649+0000] {processor.py:840} INFO - DAG(s) 'flights_ops_medallion_pipe' retrieved from /opt/airflow/dags/flight-pipeline.py
[2026-09-19T12:24:47.702+0000] {logging_mixin.py:188} INFO - [2026-09-19T12:24:47.701+0000] {dag.py:3089} INFO - Sync 1 DAGs
[2026-09-19T12:24:47.740+0000] {logging_mixin.py:188} INFO - [2026-09-19T12:24:47.739+0000] {dag.py:3947} INFO - Setting next_dagrun for flights_ops_medallion_pipe to 2026-09-19 12:00:00+00:00, run_after=2026-09-19 12:30:00+00:00
[2026-09-19T12:24:47.766+0000] {processor.py:183} INFO - Processing /opt/airflow/dags/flight-pipeline.py took 1.280 seconds
[2026-09-19T12:25:18.085+0000] {processor.py:161} INFO - Started process (PID=3302) to work on /opt/airflow/dags/flight-pipeline.py
[2026-09-19T12:25:18.087+0000] {processor.py:830} INFO - Processing file /opt/airflow/dags/flight-pipeline.py for tasks to queue
[2026-09-19T12:25:18.092+0000] {logging_mixin.py:188} INFO - [2026-09-19T12:25:18.090+0000] {dagbag.py:545} INFO - Filling up the DagBag from /opt/airflow/dags/flight-pipeline.py
[2026-09-19T12:25:19.204+0000] {processor.py:840} INFO - DAG(s) 'flights_ops_medallion_pipe' retrieved from /opt/airflow/dags/flight-pipeline.py
[2026-09-19T12:25:19.240+0000] {logging_mixin.py:188} INFO - [2026-09-19T12:25:19.239+0000] {dag.py:3089} INFO - Sync 1 DAGs
[2026-09-19T12:25:19.269+0000] {logging_mixin.py:188} INFO - [2026-09-19T12:25:19.269+0000] {dag.py:3947} INFO - Setting next_dagrun for flights_ops_medallion_pipe to 2026-09-19 12:00:00+00:00, run_after=2026-09-19 12:30:00+00:00
[2026-09-19T12:25:19.294+0000] {processor.py:183} INFO - Processing /opt/airflow/dags/flight-pipeline.py took 1.229 seconds
[2026-09-19T12:25:49.561+0000] {processor.py:161} INFO - Started process (PID=3305) to work on /opt/airflow/dags/flight-pipeline.py
[2026-09-19T12:25:49.563+0000] {processor.py:830} INFO - Processing file /opt/airflow/dags/flight-pipeline.py for tasks to queue
[2026-09-19T12:25:49.568+0000] {logging_mixin.py:188} INFO - [2026-09-19T12:25:49.567+0000] {dagbag.py:545} INFO - Filling up the DagBag from /opt/airflow/dags/flight-pipeline.py
[2026-09-19T12:25:50.629+0000] {processor.py:840} INFO - DAG(s) 'flights_ops_medallion_pipe' retrieved from /opt/airflow/dags/flight-pipeline.py
[2026-09-19T12:25:50.663+0000] {logging_mixin.py:188} INFO - [2026-09-19T12:25:50.663+0000] {dag.py:3089} INFO - Sync 1 DAGs
[2026-09-19T12:25:50.691+0000] {logging_mixin.py:188} INFO - [2026-09-19T12:25:50.691+0000] {dag.py:3947} INFO - Setting next_dagrun for flights_ops_medallion_pipe to 2026-09-19 12:00:00+00:00, run_after=2026-09-19 12:30:00+00:00
[2026-09-19T12:25:50.713+0000] {processor.py:183} INFO - Processing /opt/airflow/dags/flight-pipeline.py took 1.162 seconds
[2026-09-19T12:26:20.878+0000] {processor.py:161} INFO - Started process (PID=3308) to work on /opt/airflow/dags/flight-pipeline.py
[2026-09-19T12:26:20.880+0000] {processor.py:830} INFO - Processing file /opt/airflow/dags/flight-pipeline.py for tasks to queue
[2026-09-19T12:26:20.883+0000] {logging_mixin.py:188} INFO - [2026-09-19T12:26:20.883+0000] {dagbag.py:545} INFO - Filling up the DagBag from /opt/airflow/dags/flight-pipeline.py
[2026-09-19T12:26:21.989+0000] {processor.py:840} INFO - DAG(s) 'flights_ops_medallion_pipe' retrieved from /opt/airflow/dags/flight-pipeline.py
[2026-09-19T12:26:22.030+0000] {logging_mixin.py:188} INFO - [2026-09-19T12:26:22.028+0000] {dag.py:3089} INFO - Sync 1 DAGs
[2026-09-19T12:26:22.057+0000] {logging_mixin.py:188} INFO - [2026-09-19T12:26:22.056+0000] {dag.py:3947} INFO - Setting next_dagrun for flights_ops_medallion_pipe to 2026-09-19 12:00:00+00:00, run_after=2026-09-19 12:30:00+00:00
[2026-09-19T12:26:22.083+0000] {processor.py:183} INFO - Processing /opt/airflow/dags/flight-pipeline.py took 1.217 seconds
[2026-09-19T12:26:52.246+0000] {processor.py:161} INFO - Started process (PID=3311) to work on /opt/airflow/dags/flight-pipeline.py
[2026-09-19T12:26:52.249+0000] {processor.py:830} INFO - Processing file /opt/airflow/dags/flight-pipeline.py for tasks to queue
[2026-09-19T12:26:52.256+0000] {logging_mixin.py:188} INFO - [2026-09-19T12:26:52.255+0000] {dagbag.py:545} INFO - Filling up the DagBag from /opt/airflow/dags/flight-pipeline.py
[2026-09-19T12:26:53.338+0000] {processor.py:840} INFO - DAG(s) 'flights_ops_medallion_pipe' retrieved from /opt/airflow/dags/flight-pipeline.py
[2026-09-19T12:26:53.377+0000] {logging_mixin.py:188} INFO - [2026-09-19T12:26:53.376+0000] {dag.py:3089} INFO - Sync 1 DAGs
[2026-09-19T12:26:53.404+0000] {logging_mixin.py:188} INFO - [2026-09-19T12:26:53.404+0000] {dag.py:3947} INFO - Setting next_dagrun for flights_ops_medallion_pipe to 2026-09-19 12:00:00+00:00, run_after=2026-09-19 12:30:00+00:00
[2026-09-19T12:26:53.426+0000] {processor.py:183} INFO - Processing /opt/airflow/dags/flight-pipeline.py took 1.198 seconds
[2026-09-19T12:27:23.574+0000] {processor.py:161} INFO - Started process (PID=3314) to work on /opt/airflow/dags/flight-pipeline.py
[2026-09-19T12:27:23.576+0000] {processor.py:830} INFO - Processing file /opt/airflow/dags/flight-pipeline.py for tasks to queue
[2026-09-19T12:27:23.579+0000] {logging_mixin.py:188} INFO - [2026-09-19T12:27:23.578+0000] {dagbag.py:545} INFO - Filling up the DagBag from /opt/airflow/dags/flight-pipeline.py
[2026-09-19T12:27:24.573+0000] {processor.py:840} INFO - DAG(s) 'flights_ops_medallion_pipe' retrieved from /opt/airflow/dags/flight-pipeline.py
[2026-09-19T12:27:24.614+0000] {logging_mixin.py:188} INFO - [2026-09-19T12:27:24.613+0000] {dag.py:3089} INFO - Sync 1 DAGs
[2026-09-19T12:27:24.641+0000] {logging_mixin.py:188} INFO - [2026-09-19T12:27:24.641+0000] {dag.py:3947} INFO - Setting next_dagrun for flights_ops_medallion_pipe to 2026-09-19 12:00:00+00:00, run_after=2026-09-19 12:30:00+00:00
[2026-09-19T12:27:24.666+0000] {processor.py:183} INFO - Processing /opt/airflow/dags/flight-pipeline.py took 1.102 seconds
[2026-09-19T12:27:54.966+0000] {processor.py:161} INFO - Started process (PID=3317) to work on /opt/airflow/dags/flight-pipeline.py
[2026-09-19T12:27:54.970+0000] {processor.py:830} INFO - Processing file /opt/airflow/dags/flight-pipeline.py for tasks to queue
[2026-09-19T12:27:54.975+0000] {logging_mixin.py:188} INFO - [2026-09-19T12:27:54.974+0000] {dagbag.py:545} INFO - Filling up the DagBag from /opt/airflow/dags/flight-pipeline.py
[2026-09-19T12:27:56.155+0000] {processor.py:840} INFO - DAG(s) 'flights_ops_medallion_pipe' retrieved from /opt/airflow/dags/flight-pipeline.py
[2026-09-19T12:27:56.206+0000] {logging_mixin.py:188} INFO - [2026-09-19T12:27:56.205+0000] {dag.py:3089} INFO - Sync 1 DAGs
[2026-09-19T12:27:56.235+0000] {logging_mixin.py:188} INFO - [2026-09-19T12:27:56.235+0000] {dag.py:3947} INFO - Setting next_dagrun for flights_ops_medallion_pipe to 2026-09-19 12:00:00+00:00, run_after=2026-09-19 12:30:00+00:00
[2026-09-19T12:27:56.261+0000] {processor.py:183} INFO - Processing /opt/airflow/dags/flight-pipeline.py took 1.313 seconds
[2026-09-19T12:28:26.534+0000] {processor.py:161} INFO - Started process (PID=3320) to work on /opt/airflow/dags/flight-pipeline.py
[2026-09-19T12:28:26.537+0000] {processor.py:830} INFO - Processing file /opt/airflow/dags/flight-pipeline.py for tasks to queue
[2026-09-19T12:28:26.542+0000] {logging_mixin.py:188} INFO - [2026-09-19T12:28:26.541+0000] {dagbag.py:545} INFO - Filling up the DagBag from /opt/airflow/dags/flight-pipeline.py
[2026-09-19T12:28:27.720+0000] {processor.py:840} INFO - DAG(s) 'flights_ops_medallion_pipe' retrieved from /opt/airflow/dags/flight-pipeline.py
[2026-09-19T12:28:27.762+0000] {logging_mixin.py:188} INFO - [2026-09-19T12:28:27.761+0000] {dag.py:3089} INFO - Sync 1 DAGs
[2026-09-19T12:28:27.795+0000] {logging_mixin.py:188} INFO - [2026-09-19T12:28:27.795+0000] {dag.py:3947} INFO - Setting next_dagrun for flights_ops_medallion_pipe to 2026-09-19 12:00:00+00:00, run_after=2026-09-19 12:30:00+00:00
[2026-09-19T12:28:27.828+0000] {processor.py:183} INFO - Processing /opt/airflow/dags/flight-pipeline.py took 1.307 seconds
[2026-09-19T12:28:58.101+0000] {processor.py:161} INFO - Started process (PID=3323) to work on /opt/airflow/dags/flight-pipeline.py
[2026-09-19T12:28:58.104+0000] {processor.py:830} INFO - Processing file /opt/airflow/dags/flight-pipeline.py for tasks to queue
[2026-09-19T12:28:58.109+0000] {logging_mixin.py:188} INFO - [2026-09-19T12:28:58.108+0000] {dagbag.py:545} INFO - Filling up the DagBag from /opt/airflow/dags/flight-pipeline.py
[2026-09-19T12:28:59.155+0000] {processor.py:840} INFO - DAG(s) 'flights_ops_medallion_pipe' retrieved from /opt/airflow/dags/flight-pipeline.py
[2026-09-19T12:28:59.191+0000] {logging_mixin.py:188} INFO - [2026-09-19T12:28:59.190+0000] {dag.py:3089} INFO - Sync 1 DAGs
[2026-09-19T12:28:59.222+0000] {logging_mixin.py:188} INFO - [2026-09-19T12:28:59.221+0000] {dag.py:3947} INFO - Setting next_dagrun for flights_ops_medallion_pipe to 2026-09-19 12:00:00+00:00, run_after=2026-09-19 12:30:00+00:00
[2026-09-19T12:28:59.253+0000] {processor.py:183} INFO - Processing /opt/airflow/dags/flight-pipeline.py took 1.166 seconds
[2026-09-19T12:29:29.333+0000] {processor.py:161} INFO - Started process (PID=3326) to work on /opt/airflow/dags/flight-pipeline.py
[2026-09-19T12:29:29.335+0000] {processor.py:830} INFO - Processing file /opt/airflow/dags/flight-pipeline.py for tasks to queue
[2026-09-19T12:29:29.339+0000] {logging_mixin.py:188} INFO - [2026-09-19T12:29:29.338+0000] {dagbag.py:545} INFO - Filling up the DagBag from /opt/airflow/dags/flight-pipeline.py
[2026-09-19T12:29:30.485+0000] {processor.py:840} INFO - DAG(s) 'flights_ops_medallion_pipe' retrieved from /opt/airflow/dags/flight-pipeline.py
[2026-09-19T12:29:30.541+0000] {logging_mixin.py:188} INFO - [2026-09-19T12:29:30.538+0000] {dag.py:3089} INFO - Sync 1 DAGs
[2026-09-19T12:29:30.576+0000] {logging_mixin.py:188} INFO - [2026-09-19T12:29:30.575+0000] {dag.py:3947} INFO - Setting next_dagrun for flights_ops_medallion_pipe to 2026-09-19 12:00:00+00:00, run_after=2026-09-19 12:30:00+00:00
[2026-09-19T12:29:30.609+0000] {processor.py:183} INFO - Processing /opt/airflow/dags/flight-pipeline.py took 1.287 seconds
[2026-09-19T12:30:00.739+0000] {processor.py:161} INFO - Started process (PID=3330) to work on /opt/airflow/dags/flight-pipeline.py
[2026-09-19T12:30:00.741+0000] {processor.py:830} INFO - Processing file /opt/airflow/dags/flight-pipeline.py for tasks to queue
[2026-09-19T12:30:00.744+0000] {logging_mixin.py:188} INFO - [2026-09-19T12:30:00.744+0000] {dagbag.py:545} INFO - Filling up the DagBag from /opt/airflow/dags/flight-pipeline.py
[2026-09-19T12:30:01.756+0000] {processor.py:840} INFO - DAG(s) 'flights_ops_medallion_pipe' retrieved from /opt/airflow/dags/flight-pipeline.py
[2026-09-19T12:30:01.792+0000] {logging_mixin.py:188} INFO - [2026-09-19T12:30:01.792+0000] {dag.py:3089} INFO - Sync 1 DAGs
[2026-09-19T12:30:01.819+0000] {logging_mixin.py:188} INFO - [2026-09-19T12:30:01.819+0000] {dag.py:3947} INFO - Setting next_dagrun for flights_ops_medallion_pipe to 2026-09-19 12:30:00+00:00, run_after=2026-09-19 13:00:00+00:00
[2026-09-19T12:30:01.840+0000] {processor.py:183} INFO - Processing /opt/airflow/dags/flight-pipeline.py took 1.110 seconds
[2026-09-19T12:30:32.121+0000] {processor.py:161} INFO - Started process (PID=3568) to work on /opt/airflow/dags/flight-pipeline.py
[2026-09-19T12:30:32.123+0000] {processor.py:830} INFO - Processing file /opt/airflow/dags/flight-pipeline.py for tasks to queue
[2026-09-19T12:30:32.127+0000] {logging_mixin.py:188} INFO - [2026-09-19T12:30:32.127+0000] {dagbag.py:545} INFO - Filling up the DagBag from /opt/airflow/dags/flight-pipeline.py
[2026-09-19T12:30:33.197+0000] {processor.py:840} INFO - DAG(s) 'flights_ops_medallion_pipe' retrieved from /opt/airflow/dags/flight-pipeline.py
[2026-09-19T12:30:33.234+0000] {logging_mixin.py:188} INFO - [2026-09-19T12:30:33.233+0000] {dag.py:3089} INFO - Sync 1 DAGs
[2026-09-19T12:30:33.261+0000] {logging_mixin.py:188} INFO - [2026-09-19T12:30:33.261+0000] {dag.py:3947} INFO - Setting next_dagrun for flights_ops_medallion_pipe to 2026-09-19 12:30:00+00:00, run_after=2026-09-19 13:00:00+00:00
[2026-09-19T12:30:33.283+0000] {processor.py:183} INFO - Processing /opt/airflow/dags/flight-pipeline.py took 1.170 seconds
[2026-09-19T12:31:03.379+0000] {processor.py:161} INFO - Started process (PID=3571) to work on /opt/airflow/dags/flight-pipeline.py
[2026-09-19T12:31:03.381+0000] {processor.py:830} INFO - Processing file /opt/airflow/dags/flight-pipeline.py for tasks to queue
[2026-09-19T12:31:03.384+0000] {logging_mixin.py:188} INFO - [2026-09-19T12:31:03.384+0000] {dagbag.py:545} INFO - Filling up the DagBag from /opt/airflow/dags/flight-pipeline.py
[2026-09-19T12:31:04.477+0000] {processor.py:840} INFO - DAG(s) 'flights_ops_medallion_pipe' retrieved from /opt/airflow/dags/flight-pipeline.py
[2026-09-19T12:31:04.524+0000] {logging_mixin.py:188} INFO - [2026-09-19T12:31:04.523+0000] {dag.py:3089} INFO - Sync 1 DAGs
[2026-09-19T12:31:04.558+0000] {logging_mixin.py:188} INFO - [2026-09-19T12:31:04.557+0000] {dag.py:3947} INFO - Setting next_dagrun for flights_ops_medallion_pipe to 2026-09-19 12:30:00+00:00, run_after=2026-09-19 13:00:00+00:00
[2026-09-19T12:31:04.591+0000] {processor.py:183} INFO - Processing /opt/airflow/dags/flight-pipeline.py took 1.229 seconds
[2026-09-19T12:31:34.844+0000] {processor.py:161} INFO - Started process (PID=3574) to work on /opt/airflow/dags/flight-pipeline.py
[2026-09-19T12:31:34.846+0000] {processor.py:830} INFO - Processing file /opt/airflow/dags/flight-pipeline.py for tasks to queue
[2026-09-19T12:31:34.850+0000] {logging_mixin.py:188} INFO - [2026-09-19T12:31:34.849+0000] {dagbag.py:545} INFO - Filling up the DagBag from /opt/airflow/dags/flight-pipeline.py
[2026-09-19T12:31:35.872+0000] {processor.py:840} INFO - DAG(s) 'flights_ops_medallion_pipe' retrieved from /opt/airflow/dags/flight-pipeline.py
[2026-09-19T12:31:35.912+0000] {logging_mixin.py:188} INFO - [2026-09-19T12:31:35.911+0000] {dag.py:3089} INFO - Sync 1 DAGs
[2026-09-19T12:31:35.942+0000] {logging_mixin.py:188} INFO - [2026-09-19T12:31:35.942+0000] {dag.py:3947} INFO - Setting next_dagrun for flights_ops_medallion_pipe to 2026-09-19 12:30:00+00:00, run_after=2026-09-19 13:00:00+00:00
[2026-09-19T12:31:35.966+0000] {processor.py:183} INFO - Processing /opt/airflow/dags/flight-pipeline.py took 1.132 seconds
[2026-09-19T12:32:06.114+0000] {processor.py:161} INFO - Started process (PID=3577) to work on /opt/airflow/dags/flight-pipeline.py
[2026-09-19T12:32:06.116+0000] {processor.py:830} INFO - Processing file /opt/airflow/dags/flight-pipeline.py for tasks to queue
[2026-09-19T12:32:06.120+0000] {logging_mixin.py:188} INFO - [2026-09-19T12:32:06.119+0000] {dagbag.py:545} INFO - Filling up the DagBag from /opt/airflow/dags/flight-pipeline.py
[2026-09-19T12:32:07.192+0000] {processor.py:840} INFO - DAG(s) 'flights_ops_medallion_pipe' retrieved from /opt/airflow/dags/flight-pipeline.py
[2026-09-19T12:32:07.240+0000] {logging_mixin.py:188} INFO - [2026-09-19T12:32:07.239+0000] {dag.py:3089} INFO - Sync 1 DAGs
[2026-09-19T12:32:07.281+0000] {logging_mixin.py:188} INFO - [2026-09-19T12:32:07.281+0000] {dag.py:3947} INFO - Setting next_dagrun for flights_ops_medallion_pipe to 2026-09-19 12:30:00+00:00, run_after=2026-09-19 13:00:00+00:00
[2026-09-19T12:32:07.312+0000] {processor.py:183} INFO - Processing /opt/airflow/dags/flight-pipeline.py took 1.210 seconds
[2026-09-19T12:32:37.493+0000] {processor.py:161} INFO - Started process (PID=3580) to work on /opt/airflow/dags/flight-pipeline.py
[2026-09-19T12:32:37.495+0000] {processor.py:830} INFO - Processing file /opt/airflow/dags/flight-pipeline.py for tasks to queue
[2026-09-19T12:32:37.499+0000] {logging_mixin.py:188} INFO - [2026-09-19T12:32:37.498+0000] {dagbag.py:545} INFO - Filling up the DagBag from /opt/airflow/dags/flight-pipeline.py
[2026-09-19T12:32:38.523+0000] {processor.py:840} INFO - DAG(s) 'flights_ops_medallion_pipe' retrieved from /opt/airflow/dags/flight-pipeline.py
[2026-09-19T12:32:38.565+0000] {logging_mixin.py:188} INFO - [2026-09-19T12:32:38.564+0000] {dag.py:3089} INFO - Sync 1 DAGs
[2026-09-19T12:32:38.594+0000] {logging_mixin.py:188} INFO - [2026-09-19T12:32:38.593+0000] {dag.py:3947} INFO - Setting next_dagrun for flights_ops_medallion_pipe to 2026-09-19 12:30:00+00:00, run_after=2026-09-19 13:00:00+00:00
[2026-09-19T12:32:38.626+0000] {processor.py:183} INFO - Processing /opt/airflow/dags/flight-pipeline.py took 1.142 seconds
[2026-09-19T12:33:08.817+0000] {processor.py:161} INFO - Started process (PID=3583) to work on /opt/airflow/dags/flight-pipeline.py
[2026-09-19T12:33:08.818+0000] {processor.py:830} INFO - Processing file /opt/airflow/dags/flight-pipeline.py for tasks to queue
[2026-09-19T12:33:08.821+0000] {logging_mixin.py:188} INFO - [2026-09-19T12:33:08.821+0000] {dagbag.py:545} INFO - Filling up the DagBag from /opt/airflow/dags/flight-pipeline.py
[2026-09-19T12:33:09.867+0000] {processor.py:840} INFO - DAG(s) 'flights_ops_medallion_pipe' retrieved from /opt/airflow/dags/flight-pipeline.py
[2026-09-19T12:33:09.905+0000] {logging_mixin.py:188} INFO - [2026-09-19T12:33:09.904+0000] {dag.py:3089} INFO - Sync 1 DAGs
[2026-09-19T12:33:09.933+0000] {logging_mixin.py:188} INFO - [2026-09-19T12:33:09.932+0000] {dag.py:3947} INFO - Setting next_dagrun for flights_ops_medallion_pipe to 2026-09-19 12:30:00+00:00, run_after=2026-09-19 13:00:00+00:00
[2026-09-19T12:33:09.956+0000] {processor.py:183} INFO - Processing /opt/airflow/dags/flight-pipeline.py took 1.148 seconds
[2026-09-19T12:33:40.134+0000] {processor.py:161} INFO - Started process (PID=3586) to work on /opt/airflow/dags/flight-pipeline.py
[2026-09-19T12:33:40.136+0000] {processor.py:830} INFO - Processing file /opt/airflow/dags/flight-pipeline.py for tasks to queue
[2026-09-19T12:33:40.140+0000] {logging_mixin.py:188} INFO - [2026-09-19T12:33:40.139+0000] {dagbag.py:545} INFO - Filling up the DagBag from /opt/airflow/dags/flight-pipeline.py
[2026-09-19T12:33:41.331+0000] {processor.py:840} INFO - DAG(s) 'flights_ops_medallion_pipe' retrieved from /opt/airflow/dags/flight-pipeline.py
[2026-09-19T12:33:41.369+0000] {logging_mixin.py:188} INFO - [2026-09-19T12:33:41.368+0000] {dag.py:3089} INFO - Sync 1 DAGs
[2026-09-19T12:33:41.399+0000] {logging_mixin.py:188} INFO - [2026-09-19T12:33:41.399+0000] {dag.py:3947} INFO - Setting next_dagrun for flights_ops_medallion_pipe to 2026-09-19 12:30:00+00:00, run_after=2026-09-19 13:00:00+00:00
[2026-09-19T12:33:41.423+0000] {processor.py:183} INFO - Processing /opt/airflow/dags/flight-pipeline.py took 1.299 seconds
[2026-09-19T12:34:11.679+0000] {processor.py:161} INFO - Started process (PID=3589) to work on /opt/airflow/dags/flight-pipeline.py
[2026-09-19T12:34:11.682+0000] {processor.py:830} INFO - Processing file /opt/airflow/dags/flight-pipeline.py for tasks to queue
[2026-09-19T12:34:11.685+0000] {logging_mixin.py:188} INFO - [2026-09-19T12:34:11.684+0000] {dagbag.py:545} INFO - Filling up the DagBag from /opt/airflow/dags/flight-pipeline.py
[2026-09-19T12:34:12.733+0000] {processor.py:840} INFO - DAG(s) 'flights_ops_medallion_pipe' retrieved from /opt/airflow/dags/flight-pipeline.py
[2026-09-19T12:34:12.769+0000] {logging_mixin.py:188} INFO - [2026-09-19T12:34:12.769+0000] {dag.py:3089} INFO - Sync 1 DAGs
[2026-09-19T12:34:12.798+0000] {logging_mixin.py:188} INFO - [2026-09-19T12:34:12.797+0000] {dag.py:3947} INFO - Setting next_dagrun for flights_ops_medallion_pipe to 2026-09-19 12:30:00+00:00, run_after=2026-09-19 13:00:00+00:00
[2026-09-19T12:34:12.823+0000] {processor.py:183} INFO - Processing /opt/airflow/dags/flight-pipeline.py took 1.154 seconds
[2026-09-19T12:34:42.929+0000] {processor.py:161} INFO - Started process (PID=3592) to work on /opt/airflow/dags/flight-pipeline.py
[2026-09-19T12:34:42.931+0000] {processor.py:830} INFO - Processing file /opt/airflow/dags/flight-pipeline.py for tasks to queue
[2026-09-19T12:34:42.935+0000] {logging_mixin.py:188} INFO - [2026-09-19T12:34:42.934+0000] {dagbag.py:545} INFO - Filling up the DagBag from /opt/airflow/dags/flight-pipeline.py
[2026-09-19T12:34:43.935+0000] {processor.py:840} INFO - DAG(s) 'flights_ops_medallion_pipe' retrieved from /opt/airflow/dags/flight-pipeline.py
[2026-09-19T12:34:43.977+0000] {logging_mixin.py:188} INFO - [2026-09-19T12:34:43.976+0000] {dag.py:3089} INFO - Sync 1 DAGs
[2026-09-19T12:34:44.007+0000] {logging_mixin.py:188} INFO - [2026-09-19T12:34:44.007+0000] {dag.py:3947} INFO - Setting next_dagrun for flights_ops_medallion_pipe to 2026-09-19 12:30:00+00:00, run_after=2026-09-19 13:00:00+00:00
[2026-09-19T12:34:44.031+0000] {processor.py:183} INFO - Processing /opt/airflow/dags/flight-pipeline.py took 1.110 seconds
[2026-09-19T12:35:14.336+0000] {processor.py:161} INFO - Started process (PID=3595) to work on /opt/airflow/dags/flight-pipeline.py
[2026-09-19T12:35:14.339+0000] {processor.py:830} INFO - Processing file /opt/airflow/dags/flight-pipeline.py for tasks to queue
[2026-09-19T12:35:14.344+0000] {logging_mixin.py:188} INFO - [2026-09-19T12:35:14.343+0000] {dagbag.py:545} INFO - Filling up the DagBag from /opt/airflow/dags/flight-pipeline.py
[2026-09-19T12:35:15.460+0000] {processor.py:840} INFO - DAG(s) 'flights_ops_medallion_pipe' retrieved from /opt/airflow/dags/flight-pipeline.py
[2026-09-19T12:35:15.496+0000] {logging_mixin.py:188} INFO - [2026-09-19T12:35:15.495+0000] {dag.py:3089} INFO - Sync 1 DAGs
[2026-09-19T12:35:15.525+0000] {logging_mixin.py:188} INFO - [2026-09-19T12:35:15.524+0000] {dag.py:3947} INFO - Setting next_dagrun for flights_ops_medallion_pipe to 2026-09-19 12:30:00+00:00, run_after=2026-09-19 13:00:00+00:00
[2026-09-19T12:35:15.548+0000] {processor.py:183} INFO - Processing /opt/airflow/dags/flight-pipeline.py took 1.222 seconds
[2026-09-19T12:35:45.815+0000] {processor.py:161} INFO - Started process (PID=3598) to work on /opt/airflow/dags/flight-pipeline.py
[2026-09-19T12:35:45.817+0000] {processor.py:830} INFO - Processing file /opt/airflow/dags/flight-pipeline.py for tasks to queue
[2026-09-19T12:35:45.822+0000] {logging_mixin.py:188} INFO - [2026-09-19T12:35:45.821+0000] {dagbag.py:545} INFO - Filling up the DagBag from /opt/airflow/dags/flight-pipeline.py
[2026-09-19T12:35:46.950+0000] {processor.py:840} INFO - DAG(s) 'flights_ops_medallion_pipe' retrieved from /opt/airflow/dags/flight-pipeline.py
[2026-09-19T12:35:46.985+0000] {logging_mixin.py:188} INFO - [2026-09-19T12:35:46.984+0000] {dag.py:3089} INFO - Sync 1 DAGs
[2026-09-19T12:35:47.012+0000] {logging_mixin.py:188} INFO - [2026-09-19T12:35:47.011+0000] {dag.py:3947} INFO - Setting next_dagrun for flights_ops_medallion_pipe to 2026-09-19 12:30:00+00:00, run_after=2026-09-19 13:00:00+00:00
[2026-09-19T12:35:47.033+0000] {processor.py:183} INFO - Processing /opt/airflow/dags/flight-pipeline.py took 1.231 seconds
[2026-09-19T12:36:17.325+0000] {processor.py:161} INFO - Started process (PID=3601) to work on /opt/airflow/dags/flight-pipeline.py
[2026-09-19T12:36:17.328+0000] {processor.py:830} INFO - Processing file /opt/airflow/dags/flight-pipeline.py for tasks to queue
[2026-09-19T12:36:17.334+0000] {logging_mixin.py:188} INFO - [2026-09-19T12:36:17.334+0000] {dagbag.py:545} INFO - Filling up the DagBag from /opt/airflow/dags/flight-pipeline.py
[2026-09-19T12:36:18.561+0000] {processor.py:840} INFO - DAG(s) 'flights_ops_medallion_pipe' retrieved from /opt/airflow/dags/flight-pipeline.py
[2026-09-19T12:36:18.618+0000] {logging_mixin.py:188} INFO - [2026-09-19T12:36:18.617+0000] {dag.py:3089} INFO - Sync 1 DAGs
[2026-09-19T12:36:18.647+0000] {logging_mixin.py:188} INFO - [2026-09-19T12:36:18.647+0000] {dag.py:3947} INFO - Setting next_dagrun for flights_ops_medallion_pipe to 2026-09-19 12:30:00+00:00, run_after=2026-09-19 13:00:00+00:00
[2026-09-19T12:36:18.669+0000] {processor.py:183} INFO - Processing /opt/airflow/dags/flight-pipeline.py took 1.365 seconds
[2026-09-19T12:36:48.999+0000] {processor.py:161} INFO - Started process (PID=3604) to work on /opt/airflow/dags/flight-pipeline.py
[2026-09-19T12:36:49.001+0000] {processor.py:830} INFO - Processing file /opt/airflow/dags/flight-pipeline.py for tasks to queue
[2026-09-19T12:36:49.006+0000] {logging_mixin.py:188} INFO - [2026-09-19T12:36:49.005+0000] {dagbag.py:545} INFO - Filling up the DagBag from /opt/airflow/dags/flight-pipeline.py
[2026-09-19T12:36:50.210+0000] {processor.py:840} INFO - DAG(s) 'flights_ops_medallion_pipe' retrieved from /opt/airflow/dags/flight-pipeline.py
[2026-09-19T12:36:50.253+0000] {logging_mixin.py:188} INFO - [2026-09-19T12:36:50.253+0000] {dag.py:3089} INFO - Sync 1 DAGs
[2026-09-19T12:36:50.282+0000] {logging_mixin.py:188} INFO - [2026-09-19T12:36:50.282+0000] {dag.py:3947} INFO - Setting next_dagrun for flights_ops_medallion_pipe to 2026-09-19 12:30:00+00:00, run_after=2026-09-19 13:00:00+00:00
[2026-09-19T12:36:50.308+0000] {processor.py:183} INFO - Processing /opt/airflow/dags/flight-pipeline.py took 1.318 seconds
[2026-09-19T12:37:20.608+0000] {processor.py:161} INFO - Started process (PID=3607) to work on /opt/airflow/dags/flight-pipeline.py
[2026-09-19T12:37:20.611+0000] {processor.py:830} INFO - Processing file /opt/airflow/dags/flight-pipeline.py for tasks to queue
[2026-09-19T12:37:20.615+0000] {logging_mixin.py:188} INFO - [2026-09-19T12:37:20.614+0000] {dagbag.py:545} INFO - Filling up the DagBag from /opt/airflow/dags/flight-pipeline.py
[2026-09-19T12:37:21.702+0000] {processor.py:840} INFO - DAG(s) 'flights_ops_medallion_pipe' retrieved from /opt/airflow/dags/flight-pipeline.py
[2026-09-19T12:37:21.737+0000] {logging_mixin.py:188} INFO - [2026-09-19T12:37:21.736+0000] {dag.py:3089} INFO - Sync 1 DAGs
[2026-09-19T12:37:21.779+0000] {logging_mixin.py:188} INFO - [2026-09-19T12:37:21.779+0000] {dag.py:3947} INFO - Setting next_dagrun for flights_ops_medallion_pipe to 2026-09-19 12:30:00+00:00, run_after=2026-09-19 13:00:00+00:00
[2026-09-19T12:37:21.805+0000] {processor.py:183} INFO - Processing /opt/airflow/dags/flight-pipeline.py took 1.209 seconds
[2026-09-19T12:37:52.109+0000] {processor.py:161} INFO - Started process (PID=3610) to work on /opt/airflow/dags/flight-pipeline.py
[2026-09-19T12:37:52.111+0000] {processor.py:830} INFO - Processing file /opt/airflow/dags/flight-pipeline.py for tasks to queue
[2026-09-19T12:37:52.116+0000] {logging_mixin.py:188} INFO - [2026-09-19T12:37:52.115+0000] {dagbag.py:545} INFO - Filling up the DagBag from /opt/airflow/dags/flight-pipeline.py
[2026-09-19T12:37:53.138+0000] {processor.py:840} INFO - DAG(s) 'flights_ops_medallion_pipe' retrieved from /opt/airflow/dags/flight-pipeline.py
[2026-09-19T12:37:53.177+0000] {logging_mixin.py:188} INFO - [2026-09-19T12:37:53.176+0000] {dag.py:3089} INFO - Sync 1 DAGs
[2026-09-19T12:37:53.206+0000] {logging_mixin.py:188} INFO - [2026-09-19T12:37:53.206+0000] {dag.py:3947} INFO - Setting next_dagrun for flights_ops_medallion_pipe to 2026-09-19 12:30:00+00:00, run_after=2026-09-19 13:00:00+00:00
[2026-09-19T12:37:53.240+0000] {processor.py:183} INFO - Processing /opt/airflow/dags/flight-pipeline.py took 1.140 seconds
[2026-09-19T12:38:23.362+0000] {processor.py:161} INFO - Started process (PID=3613) to work on /opt/airflow/dags/flight-pipeline.py
[2026-09-19T12:38:23.365+0000] {processor.py:830} INFO - Processing file /opt/airflow/dags/flight-pipeline.py for tasks to queue
[2026-09-19T12:38:23.368+0000] {logging_mixin.py:188} INFO - [2026-09-19T12:38:23.368+0000] {dagbag.py:545} INFO - Filling up the DagBag from /opt/airflow/dags/flight-pipeline.py
[2026-09-19T12:38:24.412+0000] {processor.py:840} INFO - DAG(s) 'flights_ops_medallion_pipe' retrieved from /opt/airflow/dags/flight-pipeline.py
[2026-09-19T12:38:24.453+0000] {logging_mixin.py:188} INFO - [2026-09-19T12:38:24.450+0000] {dag.py:3089} INFO - Sync 1 DAGs
[2026-09-19T12:38:24.481+0000] {logging_mixin.py:188} INFO - [2026-09-19T12:38:24.480+0000] {dag.py:3947} INFO - Setting next_dagrun for flights_ops_medallion_pipe to 2026-09-19 12:30:00+00:00, run_after=2026-09-19 13:00:00+00:00
[2026-09-19T12:38:24.504+0000] {processor.py:183} INFO - Processing /opt/airflow/dags/flight-pipeline.py took 1.156 seconds
[2026-09-19T12:38:54.775+0000] {processor.py:161} INFO - Started process (PID=3616) to work on /opt/airflow/dags/flight-pipeline.py
[2026-09-19T12:38:54.777+0000] {processor.py:830} INFO - Processing file /opt/airflow/dags/flight-pipeline.py for tasks to queue
[2026-09-19T12:38:54.780+0000] {logging_mixin.py:188} INFO - [2026-09-19T12:38:54.780+0000] {dagbag.py:545} INFO - Filling up the DagBag from /opt/airflow/dags/flight-pipeline.py
[2026-09-19T12:38:55.867+0000] {processor.py:840} INFO - DAG(s) 'flights_ops_medallion_pipe' retrieved from /opt/airflow/dags/flight-pipeline.py
[2026-09-19T12:38:55.909+0000] {logging_mixin.py:188} INFO - [2026-09-19T12:38:55.908+0000] {dag.py:3089} INFO - Sync 1 DAGs
[2026-09-19T12:38:55.935+0000] {logging_mixin.py:188} INFO - [2026-09-19T12:38:55.935+0000] {dag.py:3947} INFO - Setting next_dagrun for flights_ops_medallion_pipe to 2026-09-19 12:30:00+00:00, run_after=2026-09-19 13:00:00+00:00
[2026-09-19T12:38:55.957+0000] {processor.py:183} INFO - Processing /opt/airflow/dags/flight-pipeline.py took 1.193 seconds
[2026-09-19T12:39:26.256+0000] {processor.py:161} INFO - Started process (PID=3619) to work on /opt/airflow/dags/flight-pipeline.py
[2026-09-19T12:39:26.258+0000] {processor.py:830} INFO - Processing file /opt/airflow/dags/flight-pipeline.py for tasks to queue
[2026-09-19T12:39:26.262+0000] {logging_mixin.py:188} INFO - [2026-09-19T12:39:26.262+0000] {dagbag.py:545} INFO - Filling up the DagBag from /opt/airflow/dags/flight-pipeline.py
[2026-09-19T12:39:27.310+0000] {processor.py:840} INFO - DAG(s) 'flights_ops_medallion_pipe' retrieved from /opt/airflow/dags/flight-pipeline.py
[2026-09-19T12:39:27.345+0000] {logging_mixin.py:188} INFO - [2026-09-19T12:39:27.344+0000] {dag.py:3089} INFO - Sync 1 DAGs
[2026-09-19T12:39:27.371+0000] {logging_mixin.py:188} INFO - [2026-09-19T12:39:27.370+0000] {dag.py:3947} INFO - Setting next_dagrun for flights_ops_medallion_pipe to 2026-09-19 12:30:00+00:00, run_after=2026-09-19 13:00:00+00:00
[2026-09-19T12:39:27.392+0000] {processor.py:183} INFO - Processing /opt/airflow/dags/flight-pipeline.py took 1.147 seconds
[2026-09-19T12:39:57.528+0000] {processor.py:161} INFO - Started process (PID=3622) to work on /opt/airflow/dags/flight-pipeline.py
[2026-09-19T12:39:57.530+0000] {processor.py:830} INFO - Processing file /opt/airflow/dags/flight-pipeline.py for tasks to queue
[2026-09-19T12:39:57.534+0000] {logging_mixin.py:188} INFO - [2026-09-19T12:39:57.533+0000] {dagbag.py:545} INFO - Filling up the DagBag from /opt/airflow/dags/flight-pipeline.py
[2026-09-19T12:39:58.692+0000] {processor.py:840} INFO - DAG(s) 'flights_ops_medallion_pipe' retrieved from /opt/airflow/dags/flight-pipeline.py
[2026-09-19T12:39:58.735+0000] {logging_mixin.py:188} INFO - [2026-09-19T12:39:58.734+0000] {dag.py:3089} INFO - Sync 1 DAGs
[2026-09-19T12:39:58.783+0000] {logging_mixin.py:188} INFO - [2026-09-19T12:39:58.783+0000] {dag.py:3947} INFO - Setting next_dagrun for flights_ops_medallion_pipe to 2026-09-19 12:30:00+00:00, run_after=2026-09-19 13:00:00+00:00
[2026-09-19T12:39:58.805+0000] {processor.py:183} INFO - Processing /opt/airflow/dags/flight-pipeline.py took 1.302 seconds
[2026-09-19T12:40:28.922+0000] {processor.py:161} INFO - Started process (PID=3625) to work on /opt/airflow/dags/flight-pipeline.py
[2026-09-19T12:40:28.925+0000] {processor.py:830} INFO - Processing file /opt/airflow/dags/flight-pipeline.py for tasks to queue
[2026-09-19T12:40:28.928+0000] {logging_mixin.py:188} INFO - [2026-09-19T12:40:28.927+0000] {dagbag.py:545} INFO - Filling up the DagBag from /opt/airflow/dags/flight-pipeline.py
[2026-09-19T12:40:30.089+0000] {processor.py:840} INFO - DAG(s) 'flights_ops_medallion_pipe' retrieved from /opt/airflow/dags/flight-pipeline.py
[2026-09-19T12:40:30.132+0000] {logging_mixin.py:188} INFO - [2026-09-19T12:40:30.131+0000] {dag.py:3089} INFO - Sync 1 DAGs
[2026-09-19T12:40:30.164+0000] {logging_mixin.py:188} INFO - [2026-09-19T12:40:30.164+0000] {dag.py:3947} INFO - Setting next_dagrun for flights_ops_medallion_pipe to 2026-09-19 12:30:00+00:00, run_after=2026-09-19 13:00:00+00:00
[2026-09-19T12:40:30.189+0000] {processor.py:183} INFO - Processing /opt/airflow/dags/flight-pipeline.py took 1.282 seconds
