[2026-09-17T11:41:00.928+0000] {processor.py:161} INFO - Started process (PID=103) to work on /opt/airflow/dags/flight-pipeline.py
[2026-09-17T11:41:00.931+0000] {processor.py:830} INFO - Processing file /opt/airflow/dags/flight-pipeline.py for tasks to queue
[2026-09-17T11:41:00.937+0000] {logging_mixin.py:188} INFO - [2026-09-17T11:41:00.936+0000] {dagbag.py:545} INFO - Filling up the DagBag from /opt/airflow/dags/flight-pipeline.py
[2026-09-17T11:41:00.984+0000] {logging_mixin.py:188} INFO - [2026-09-17T11:41:00.976+0000] {dagbag.py:355} ERROR - Failed to import: /opt/airflow/dags/flight-pipeline.py
Traceback (most recent call last):
  File "/home/airflow/.local/lib/python3.12/site-packages/airflow/models/dagbag.py", line 351, in parse
    loader.exec_module(new_module)
  File "<frozen importlib._bootstrap_external>", line 995, in exec_module
  File "<frozen importlib._bootstrap>", line 488, in _call_with_frames_removed
  File "/opt/airflow/dags/flight-pipeline.py", line 7, in <module>
    AIRFLOW_HOME = PATH("/opt/airflow")
                   ^^^^
NameError: name 'PATH' is not defined. Did you mean: 'Path'?
[2026-09-17T11:41:00.988+0000] {processor.py:842} WARNING - No viable dags retrieved from /opt/airflow/dags/flight-pipeline.py
[2026-09-17T11:41:01.036+0000] {processor.py:183} INFO - Processing /opt/airflow/dags/flight-pipeline.py took 0.125 seconds
[2026-09-17T11:41:31.187+0000] {processor.py:161} INFO - Started process (PID=104) to work on /opt/airflow/dags/flight-pipeline.py
[2026-09-17T11:41:31.189+0000] {processor.py:830} INFO - Processing file /opt/airflow/dags/flight-pipeline.py for tasks to queue
[2026-09-17T11:41:31.192+0000] {logging_mixin.py:188} INFO - [2026-09-17T11:41:31.192+0000] {dagbag.py:545} INFO - Filling up the DagBag from /opt/airflow/dags/flight-pipeline.py
[2026-09-17T11:41:31.223+0000] {logging_mixin.py:188} INFO - [2026-09-17T11:41:31.216+0000] {dagbag.py:355} ERROR - Failed to import: /opt/airflow/dags/flight-pipeline.py
Traceback (most recent call last):
  File "/home/airflow/.local/lib/python3.12/site-packages/airflow/models/dagbag.py", line 351, in parse
    loader.exec_module(new_module)
  File "<frozen importlib._bootstrap_external>", line 995, in exec_module
  File "<frozen importlib._bootstrap>", line 488, in _call_with_frames_removed
  File "/opt/airflow/dags/flight-pipeline.py", line 7, in <module>
    AIRFLOW_HOME = PATH("/opt/airflow")
                   ^^^^
NameError: name 'PATH' is not defined. Did you mean: 'Path'?
[2026-09-17T11:41:31.227+0000] {processor.py:842} WARNING - No viable dags retrieved from /opt/airflow/dags/flight-pipeline.py
[2026-09-17T11:41:31.266+0000] {processor.py:183} INFO - Processing /opt/airflow/dags/flight-pipeline.py took 0.092 seconds
[2026-09-17T11:42:01.535+0000] {processor.py:161} INFO - Started process (PID=105) to work on /opt/airflow/dags/flight-pipeline.py
[2026-09-17T11:42:01.537+0000] {processor.py:830} INFO - Processing file /opt/airflow/dags/flight-pipeline.py for tasks to queue
[2026-09-17T11:42:01.541+0000] {logging_mixin.py:188} INFO - [2026-09-17T11:42:01.541+0000] {dagbag.py:545} INFO - Filling up the DagBag from /opt/airflow/dags/flight-pipeline.py
[2026-09-17T11:42:01.575+0000] {logging_mixin.py:188} INFO - [2026-09-17T11:42:01.566+0000] {dagbag.py:355} ERROR - Failed to import: /opt/airflow/dags/flight-pipeline.py
Traceback (most recent call last):
  File "/home/airflow/.local/lib/python3.12/site-packages/airflow/models/dagbag.py", line 351, in parse
    loader.exec_module(new_module)
  File "<frozen importlib._bootstrap_external>", line 995, in exec_module
  File "<frozen importlib._bootstrap>", line 488, in _call_with_frames_removed
  File "/opt/airflow/dags/flight-pipeline.py", line 7, in <module>
    AIRFLOW_HOME = PATH("/opt/airflow")
                   ^^^^
NameError: name 'PATH' is not defined. Did you mean: 'Path'?
[2026-09-17T11:42:01.579+0000] {processor.py:842} WARNING - No viable dags retrieved from /opt/airflow/dags/flight-pipeline.py
[2026-09-17T11:42:01.620+0000] {processor.py:183} INFO - Processing /opt/airflow/dags/flight-pipeline.py took 0.094 seconds
[2026-09-17T11:42:31.816+0000] {processor.py:161} INFO - Started process (PID=106) to work on /opt/airflow/dags/flight-pipeline.py
[2026-09-17T11:42:31.819+0000] {processor.py:830} INFO - Processing file /opt/airflow/dags/flight-pipeline.py for tasks to queue
[2026-09-17T11:42:31.822+0000] {logging_mixin.py:188} INFO - [2026-09-17T11:42:31.822+0000] {dagbag.py:545} INFO - Filling up the DagBag from /opt/airflow/dags/flight-pipeline.py
[2026-09-17T11:42:31.855+0000] {logging_mixin.py:188} INFO - [2026-09-17T11:42:31.847+0000] {dagbag.py:355} ERROR - Failed to import: /opt/airflow/dags/flight-pipeline.py
Traceback (most recent call last):
  File "/home/airflow/.local/lib/python3.12/site-packages/airflow/models/dagbag.py", line 351, in parse
    loader.exec_module(new_module)
  File "<frozen importlib._bootstrap_external>", line 995, in exec_module
  File "<frozen importlib._bootstrap>", line 488, in _call_with_frames_removed
  File "/opt/airflow/dags/flight-pipeline.py", line 7, in <module>
    AIRFLOW_HOME = PATH("/opt/airflow")
                   ^^^^
NameError: name 'PATH' is not defined. Did you mean: 'Path'?
[2026-09-17T11:42:31.859+0000] {processor.py:842} WARNING - No viable dags retrieved from /opt/airflow/dags/flight-pipeline.py
[2026-09-17T11:42:31.898+0000] {processor.py:183} INFO - Processing /opt/airflow/dags/flight-pipeline.py took 0.091 seconds
[2026-09-17T11:43:02.124+0000] {processor.py:161} INFO - Started process (PID=107) to work on /opt/airflow/dags/flight-pipeline.py
[2026-09-17T11:43:02.126+0000] {processor.py:830} INFO - Processing file /opt/airflow/dags/flight-pipeline.py for tasks to queue
[2026-09-17T11:43:02.130+0000] {logging_mixin.py:188} INFO - [2026-09-17T11:43:02.130+0000] {dagbag.py:545} INFO - Filling up the DagBag from /opt/airflow/dags/flight-pipeline.py
[2026-09-17T11:43:02.158+0000] {logging_mixin.py:188} INFO - [2026-09-17T11:43:02.151+0000] {dagbag.py:355} ERROR - Failed to import: /opt/airflow/dags/flight-pipeline.py
Traceback (most recent call last):
  File "/home/airflow/.local/lib/python3.12/site-packages/airflow/models/dagbag.py", line 351, in parse
    loader.exec_module(new_module)
  File "<frozen importlib._bootstrap_external>", line 995, in exec_module
  File "<frozen importlib._bootstrap>", line 488, in _call_with_frames_removed
  File "/opt/airflow/dags/flight-pipeline.py", line 7, in <module>
    AIRFLOW_HOME = PATH("/opt/airflow")
                   ^^^^
NameError: name 'PATH' is not defined. Did you mean: 'Path'?
[2026-09-17T11:43:02.162+0000] {processor.py:842} WARNING - No viable dags retrieved from /opt/airflow/dags/flight-pipeline.py
[2026-09-17T11:43:02.198+0000] {processor.py:183} INFO - Processing /opt/airflow/dags/flight-pipeline.py took 0.084 seconds
[2026-09-17T11:43:03.170+0000] {processor.py:161} INFO - Started process (PID=108) to work on /opt/airflow/dags/flight-pipeline.py
[2026-09-17T11:43:03.173+0000] {processor.py:830} INFO - Processing file /opt/airflow/dags/flight-pipeline.py for tasks to queue
[2026-09-17T11:43:03.177+0000] {logging_mixin.py:188} INFO - [2026-09-17T11:43:03.176+0000] {dagbag.py:545} INFO - Filling up the DagBag from /opt/airflow/dags/flight-pipeline.py
[2026-09-17T11:43:03.275+0000] {processor.py:840} INFO - DAG(s) 'flights_ops_medallion_pipe' retrieved from /opt/airflow/dags/flight-pipeline.py
[2026-09-17T11:43:03.735+0000] {logging_mixin.py:188} INFO - [2026-09-17T11:43:03.734+0000] {override.py:1858} INFO - Created Permission View: can read on DAG:flights_ops_medallion_pipe
[2026-09-17T11:43:03.748+0000] {logging_mixin.py:188} INFO - [2026-09-17T11:43:03.748+0000] {override.py:1858} INFO - Created Permission View: can delete on DAG:flights_ops_medallion_pipe
[2026-09-17T11:43:03.758+0000] {logging_mixin.py:188} INFO - [2026-09-17T11:43:03.757+0000] {override.py:1858} INFO - Created Permission View: can edit on DAG:flights_ops_medallion_pipe
[2026-09-17T11:43:03.759+0000] {logging_mixin.py:188} INFO - [2026-09-17T11:43:03.759+0000] {dag.py:3089} INFO - Sync 1 DAGs
[2026-09-17T11:43:03.779+0000] {logging_mixin.py:188} INFO - [2026-09-17T11:43:03.779+0000] {dag.py:3111} INFO - Creating ORM DAG for flights_ops_medallion_pipe
[2026-09-17T11:43:03.796+0000] {logging_mixin.py:188} INFO - [2026-09-17T11:43:03.796+0000] {dag.py:3947} INFO - Setting next_dagrun for flights_ops_medallion_pipe to 2026-09-17 11:00:00+00:00, run_after=2026-09-17 11:30:00+00:00
[2026-09-17T11:43:03.821+0000] {processor.py:183} INFO - Processing /opt/airflow/dags/flight-pipeline.py took 0.663 seconds
[2026-09-17T11:43:34.118+0000] {processor.py:161} INFO - Started process (PID=166) to work on /opt/airflow/dags/flight-pipeline.py
[2026-09-17T11:43:34.121+0000] {processor.py:830} INFO - Processing file /opt/airflow/dags/flight-pipeline.py for tasks to queue
[2026-09-17T11:43:34.125+0000] {logging_mixin.py:188} INFO - [2026-09-17T11:43:34.124+0000] {dagbag.py:545} INFO - Filling up the DagBag from /opt/airflow/dags/flight-pipeline.py
[2026-09-17T11:43:34.181+0000] {processor.py:840} INFO - DAG(s) 'flights_ops_medallion_pipe' retrieved from /opt/airflow/dags/flight-pipeline.py
[2026-09-17T11:43:34.257+0000] {logging_mixin.py:188} INFO - [2026-09-17T11:43:34.256+0000] {dag.py:3089} INFO - Sync 1 DAGs
[2026-09-17T11:43:34.301+0000] {logging_mixin.py:188} INFO - [2026-09-17T11:43:34.301+0000] {dag.py:3947} INFO - Setting next_dagrun for flights_ops_medallion_pipe to 2026-09-17 11:30:00+00:00, run_after=2026-09-17 12:00:00+00:00
[2026-09-17T11:43:34.335+0000] {processor.py:183} INFO - Processing /opt/airflow/dags/flight-pipeline.py took 0.226 seconds
[2026-09-17T11:44:04.633+0000] {processor.py:161} INFO - Started process (PID=167) to work on /opt/airflow/dags/flight-pipeline.py
[2026-09-17T11:44:04.635+0000] {processor.py:830} INFO - Processing file /opt/airflow/dags/flight-pipeline.py for tasks to queue
[2026-09-17T11:44:04.639+0000] {logging_mixin.py:188} INFO - [2026-09-17T11:44:04.639+0000] {dagbag.py:545} INFO - Filling up the DagBag from /opt/airflow/dags/flight-pipeline.py
[2026-09-17T11:44:04.686+0000] {processor.py:840} INFO - DAG(s) 'flights_ops_medallion_pipe' retrieved from /opt/airflow/dags/flight-pipeline.py
[2026-09-17T11:44:04.742+0000] {logging_mixin.py:188} INFO - [2026-09-17T11:44:04.742+0000] {dag.py:3089} INFO - Sync 1 DAGs
[2026-09-17T11:44:04.779+0000] {logging_mixin.py:188} INFO - [2026-09-17T11:44:04.779+0000] {dag.py:3947} INFO - Setting next_dagrun for flights_ops_medallion_pipe to 2026-09-17 11:30:00+00:00, run_after=2026-09-17 12:00:00+00:00
[2026-09-17T11:44:04.807+0000] {processor.py:183} INFO - Processing /opt/airflow/dags/flight-pipeline.py took 0.190 seconds
[2026-09-17T11:44:34.900+0000] {processor.py:161} INFO - Started process (PID=168) to work on /opt/airflow/dags/flight-pipeline.py
[2026-09-17T11:44:34.902+0000] {processor.py:830} INFO - Processing file /opt/airflow/dags/flight-pipeline.py for tasks to queue
[2026-09-17T11:44:34.907+0000] {logging_mixin.py:188} INFO - [2026-09-17T11:44:34.906+0000] {dagbag.py:545} INFO - Filling up the DagBag from /opt/airflow/dags/flight-pipeline.py
[2026-09-17T11:44:34.964+0000] {processor.py:840} INFO - DAG(s) 'flights_ops_medallion_pipe' retrieved from /opt/airflow/dags/flight-pipeline.py
[2026-09-17T11:44:35.028+0000] {logging_mixin.py:188} INFO - [2026-09-17T11:44:35.028+0000] {dag.py:3089} INFO - Sync 1 DAGs
[2026-09-17T11:44:35.078+0000] {logging_mixin.py:188} INFO - [2026-09-17T11:44:35.078+0000] {dag.py:3947} INFO - Setting next_dagrun for flights_ops_medallion_pipe to 2026-09-17 11:30:00+00:00, run_after=2026-09-17 12:00:00+00:00
[2026-09-17T11:44:35.109+0000] {processor.py:183} INFO - Processing /opt/airflow/dags/flight-pipeline.py took 0.219 seconds
[2026-09-17T11:45:05.339+0000] {processor.py:161} INFO - Started process (PID=169) to work on /opt/airflow/dags/flight-pipeline.py
[2026-09-17T11:45:05.341+0000] {processor.py:830} INFO - Processing file /opt/airflow/dags/flight-pipeline.py for tasks to queue
[2026-09-17T11:45:05.345+0000] {logging_mixin.py:188} INFO - [2026-09-17T11:45:05.344+0000] {dagbag.py:545} INFO - Filling up the DagBag from /opt/airflow/dags/flight-pipeline.py
[2026-09-17T11:45:05.397+0000] {processor.py:840} INFO - DAG(s) 'flights_ops_medallion_pipe' retrieved from /opt/airflow/dags/flight-pipeline.py
[2026-09-17T11:45:05.451+0000] {logging_mixin.py:188} INFO - [2026-09-17T11:45:05.451+0000] {dag.py:3089} INFO - Sync 1 DAGs
[2026-09-17T11:45:05.487+0000] {logging_mixin.py:188} INFO - [2026-09-17T11:45:05.487+0000] {dag.py:3947} INFO - Setting next_dagrun for flights_ops_medallion_pipe to 2026-09-17 11:30:00+00:00, run_after=2026-09-17 12:00:00+00:00
[2026-09-17T11:45:05.515+0000] {processor.py:183} INFO - Processing /opt/airflow/dags/flight-pipeline.py took 0.184 seconds
[2026-09-17T11:45:35.621+0000] {processor.py:161} INFO - Started process (PID=170) to work on /opt/airflow/dags/flight-pipeline.py
[2026-09-17T11:45:35.623+0000] {processor.py:830} INFO - Processing file /opt/airflow/dags/flight-pipeline.py for tasks to queue
[2026-09-17T11:45:35.627+0000] {logging_mixin.py:188} INFO - [2026-09-17T11:45:35.626+0000] {dagbag.py:545} INFO - Filling up the DagBag from /opt/airflow/dags/flight-pipeline.py
[2026-09-17T11:45:35.677+0000] {processor.py:840} INFO - DAG(s) 'flights_ops_medallion_pipe' retrieved from /opt/airflow/dags/flight-pipeline.py
[2026-09-17T11:45:35.728+0000] {logging_mixin.py:188} INFO - [2026-09-17T11:45:35.728+0000] {dag.py:3089} INFO - Sync 1 DAGs
[2026-09-17T11:45:35.764+0000] {logging_mixin.py:188} INFO - [2026-09-17T11:45:35.764+0000] {dag.py:3947} INFO - Setting next_dagrun for flights_ops_medallion_pipe to 2026-09-17 11:30:00+00:00, run_after=2026-09-17 12:00:00+00:00
[2026-09-17T11:45:35.791+0000] {processor.py:183} INFO - Processing /opt/airflow/dags/flight-pipeline.py took 0.179 seconds
[2026-09-17T11:46:06.092+0000] {processor.py:161} INFO - Started process (PID=171) to work on /opt/airflow/dags/flight-pipeline.py
[2026-09-17T11:46:06.094+0000] {processor.py:830} INFO - Processing file /opt/airflow/dags/flight-pipeline.py for tasks to queue
[2026-09-17T11:46:06.098+0000] {logging_mixin.py:188} INFO - [2026-09-17T11:46:06.097+0000] {dagbag.py:545} INFO - Filling up the DagBag from /opt/airflow/dags/flight-pipeline.py
[2026-09-17T11:46:06.153+0000] {processor.py:840} INFO - DAG(s) 'flights_ops_medallion_pipe' retrieved from /opt/airflow/dags/flight-pipeline.py
[2026-09-17T11:46:06.203+0000] {logging_mixin.py:188} INFO - [2026-09-17T11:46:06.202+0000] {dag.py:3089} INFO - Sync 1 DAGs
[2026-09-17T11:46:06.235+0000] {logging_mixin.py:188} INFO - [2026-09-17T11:46:06.235+0000] {dag.py:3947} INFO - Setting next_dagrun for flights_ops_medallion_pipe to 2026-09-17 11:30:00+00:00, run_after=2026-09-17 12:00:00+00:00
[2026-09-17T11:46:06.259+0000] {processor.py:183} INFO - Processing /opt/airflow/dags/flight-pipeline.py took 0.177 seconds
[2026-09-17T11:46:36.379+0000] {processor.py:161} INFO - Started process (PID=172) to work on /opt/airflow/dags/flight-pipeline.py
[2026-09-17T11:46:36.382+0000] {processor.py:830} INFO - Processing file /opt/airflow/dags/flight-pipeline.py for tasks to queue
[2026-09-17T11:46:36.387+0000] {logging_mixin.py:188} INFO - [2026-09-17T11:46:36.386+0000] {dagbag.py:545} INFO - Filling up the DagBag from /opt/airflow/dags/flight-pipeline.py
[2026-09-17T11:46:36.438+0000] {processor.py:840} INFO - DAG(s) 'flights_ops_medallion_pipe' retrieved from /opt/airflow/dags/flight-pipeline.py
[2026-09-17T11:46:36.492+0000] {logging_mixin.py:188} INFO - [2026-09-17T11:46:36.492+0000] {dag.py:3089} INFO - Sync 1 DAGs
[2026-09-17T11:46:36.531+0000] {logging_mixin.py:188} INFO - [2026-09-17T11:46:36.530+0000] {dag.py:3947} INFO - Setting next_dagrun for flights_ops_medallion_pipe to 2026-09-17 11:30:00+00:00, run_after=2026-09-17 12:00:00+00:00
[2026-09-17T11:46:36.558+0000] {processor.py:183} INFO - Processing /opt/airflow/dags/flight-pipeline.py took 0.192 seconds
[2026-09-17T11:47:06.789+0000] {processor.py:161} INFO - Started process (PID=173) to work on /opt/airflow/dags/flight-pipeline.py
[2026-09-17T11:47:06.791+0000] {processor.py:830} INFO - Processing file /opt/airflow/dags/flight-pipeline.py for tasks to queue
[2026-09-17T11:47:06.795+0000] {logging_mixin.py:188} INFO - [2026-09-17T11:47:06.794+0000] {dagbag.py:545} INFO - Filling up the DagBag from /opt/airflow/dags/flight-pipeline.py
[2026-09-17T11:47:06.846+0000] {processor.py:840} INFO - DAG(s) 'flights_ops_medallion_pipe' retrieved from /opt/airflow/dags/flight-pipeline.py
[2026-09-17T11:47:06.906+0000] {logging_mixin.py:188} INFO - [2026-09-17T11:47:06.906+0000] {dag.py:3089} INFO - Sync 1 DAGs
[2026-09-17T11:47:06.951+0000] {logging_mixin.py:188} INFO - [2026-09-17T11:47:06.950+0000] {dag.py:3947} INFO - Setting next_dagrun for flights_ops_medallion_pipe to 2026-09-17 11:30:00+00:00, run_after=2026-09-17 12:00:00+00:00
[2026-09-17T11:47:06.981+0000] {processor.py:183} INFO - Processing /opt/airflow/dags/flight-pipeline.py took 0.202 seconds
[2026-09-17T11:47:37.069+0000] {processor.py:161} INFO - Started process (PID=174) to work on /opt/airflow/dags/flight-pipeline.py
[2026-09-17T11:47:37.071+0000] {processor.py:830} INFO - Processing file /opt/airflow/dags/flight-pipeline.py for tasks to queue
[2026-09-17T11:47:37.075+0000] {logging_mixin.py:188} INFO - [2026-09-17T11:47:37.074+0000] {dagbag.py:545} INFO - Filling up the DagBag from /opt/airflow/dags/flight-pipeline.py
[2026-09-17T11:47:37.124+0000] {processor.py:840} INFO - DAG(s) 'flights_ops_medallion_pipe' retrieved from /opt/airflow/dags/flight-pipeline.py
[2026-09-17T11:47:37.173+0000] {logging_mixin.py:188} INFO - [2026-09-17T11:47:37.172+0000] {dag.py:3089} INFO - Sync 1 DAGs
[2026-09-17T11:47:37.207+0000] {logging_mixin.py:188} INFO - [2026-09-17T11:47:37.207+0000] {dag.py:3947} INFO - Setting next_dagrun for flights_ops_medallion_pipe to 2026-09-17 11:30:00+00:00, run_after=2026-09-17 12:00:00+00:00
[2026-09-17T11:47:37.232+0000] {processor.py:183} INFO - Processing /opt/airflow/dags/flight-pipeline.py took 0.172 seconds
[2026-09-17T11:48:07.499+0000] {processor.py:161} INFO - Started process (PID=175) to work on /opt/airflow/dags/flight-pipeline.py
[2026-09-17T11:48:07.501+0000] {processor.py:830} INFO - Processing file /opt/airflow/dags/flight-pipeline.py for tasks to queue
[2026-09-17T11:48:07.504+0000] {logging_mixin.py:188} INFO - [2026-09-17T11:48:07.504+0000] {dagbag.py:545} INFO - Filling up the DagBag from /opt/airflow/dags/flight-pipeline.py
[2026-09-17T11:48:07.552+0000] {processor.py:840} INFO - DAG(s) 'flights_ops_medallion_pipe' retrieved from /opt/airflow/dags/flight-pipeline.py
[2026-09-17T11:48:07.604+0000] {logging_mixin.py:188} INFO - [2026-09-17T11:48:07.604+0000] {dag.py:3089} INFO - Sync 1 DAGs
[2026-09-17T11:48:07.642+0000] {logging_mixin.py:188} INFO - [2026-09-17T11:48:07.641+0000] {dag.py:3947} INFO - Setting next_dagrun for flights_ops_medallion_pipe to 2026-09-17 11:30:00+00:00, run_after=2026-09-17 12:00:00+00:00
[2026-09-17T11:48:07.669+0000] {processor.py:183} INFO - Processing /opt/airflow/dags/flight-pipeline.py took 0.179 seconds
[2026-09-17T11:48:37.792+0000] {processor.py:161} INFO - Started process (PID=176) to work on /opt/airflow/dags/flight-pipeline.py
[2026-09-17T11:48:37.794+0000] {processor.py:830} INFO - Processing file /opt/airflow/dags/flight-pipeline.py for tasks to queue
[2026-09-17T11:48:37.798+0000] {logging_mixin.py:188} INFO - [2026-09-17T11:48:37.798+0000] {dagbag.py:545} INFO - Filling up the DagBag from /opt/airflow/dags/flight-pipeline.py
[2026-09-17T11:48:37.847+0000] {processor.py:840} INFO - DAG(s) 'flights_ops_medallion_pipe' retrieved from /opt/airflow/dags/flight-pipeline.py
[2026-09-17T11:48:37.912+0000] {logging_mixin.py:188} INFO - [2026-09-17T11:48:37.911+0000] {dag.py:3089} INFO - Sync 1 DAGs
[2026-09-17T11:48:37.960+0000] {logging_mixin.py:188} INFO - [2026-09-17T11:48:37.960+0000] {dag.py:3947} INFO - Setting next_dagrun for flights_ops_medallion_pipe to 2026-09-17 11:30:00+00:00, run_after=2026-09-17 12:00:00+00:00
[2026-09-17T11:48:37.992+0000] {processor.py:183} INFO - Processing /opt/airflow/dags/flight-pipeline.py took 0.217 seconds
[2026-09-17T11:49:08.191+0000] {processor.py:161} INFO - Started process (PID=177) to work on /opt/airflow/dags/flight-pipeline.py
[2026-09-17T11:49:08.193+0000] {processor.py:830} INFO - Processing file /opt/airflow/dags/flight-pipeline.py for tasks to queue
[2026-09-17T11:49:08.201+0000] {logging_mixin.py:188} INFO - [2026-09-17T11:49:08.200+0000] {dagbag.py:545} INFO - Filling up the DagBag from /opt/airflow/dags/flight-pipeline.py
[2026-09-17T11:49:08.253+0000] {processor.py:840} INFO - DAG(s) 'flights_ops_medallion_pipe' retrieved from /opt/airflow/dags/flight-pipeline.py
[2026-09-17T11:49:08.302+0000] {logging_mixin.py:188} INFO - [2026-09-17T11:49:08.301+0000] {dag.py:3089} INFO - Sync 1 DAGs
[2026-09-17T11:49:08.340+0000] {logging_mixin.py:188} INFO - [2026-09-17T11:49:08.339+0000] {dag.py:3947} INFO - Setting next_dagrun for flights_ops_medallion_pipe to 2026-09-17 11:30:00+00:00, run_after=2026-09-17 12:00:00+00:00
[2026-09-17T11:49:08.366+0000] {processor.py:183} INFO - Processing /opt/airflow/dags/flight-pipeline.py took 0.187 seconds
[2026-09-17T11:49:38.499+0000] {processor.py:161} INFO - Started process (PID=178) to work on /opt/airflow/dags/flight-pipeline.py
[2026-09-17T11:49:38.501+0000] {processor.py:830} INFO - Processing file /opt/airflow/dags/flight-pipeline.py for tasks to queue
[2026-09-17T11:49:38.505+0000] {logging_mixin.py:188} INFO - [2026-09-17T11:49:38.505+0000] {dagbag.py:545} INFO - Filling up the DagBag from /opt/airflow/dags/flight-pipeline.py
[2026-09-17T11:49:38.554+0000] {processor.py:840} INFO - DAG(s) 'flights_ops_medallion_pipe' retrieved from /opt/airflow/dags/flight-pipeline.py
[2026-09-17T11:49:38.613+0000] {logging_mixin.py:188} INFO - [2026-09-17T11:49:38.613+0000] {dag.py:3089} INFO - Sync 1 DAGs
[2026-09-17T11:49:38.657+0000] {logging_mixin.py:188} INFO - [2026-09-17T11:49:38.656+0000] {dag.py:3947} INFO - Setting next_dagrun for flights_ops_medallion_pipe to 2026-09-17 11:30:00+00:00, run_after=2026-09-17 12:00:00+00:00
[2026-09-17T11:49:38.686+0000] {processor.py:183} INFO - Processing /opt/airflow/dags/flight-pipeline.py took 0.197 seconds
[2026-09-17T11:50:08.872+0000] {processor.py:161} INFO - Started process (PID=179) to work on /opt/airflow/dags/flight-pipeline.py
[2026-09-17T11:50:08.874+0000] {processor.py:830} INFO - Processing file /opt/airflow/dags/flight-pipeline.py for tasks to queue
[2026-09-17T11:50:08.878+0000] {logging_mixin.py:188} INFO - [2026-09-17T11:50:08.877+0000] {dagbag.py:545} INFO - Filling up the DagBag from /opt/airflow/dags/flight-pipeline.py
[2026-09-17T11:50:08.928+0000] {processor.py:840} INFO - DAG(s) 'flights_ops_medallion_pipe' retrieved from /opt/airflow/dags/flight-pipeline.py
[2026-09-17T11:50:08.981+0000] {logging_mixin.py:188} INFO - [2026-09-17T11:50:08.981+0000] {dag.py:3089} INFO - Sync 1 DAGs
[2026-09-17T11:50:09.018+0000] {logging_mixin.py:188} INFO - [2026-09-17T11:50:09.018+0000] {dag.py:3947} INFO - Setting next_dagrun for flights_ops_medallion_pipe to 2026-09-17 11:30:00+00:00, run_after=2026-09-17 12:00:00+00:00
[2026-09-17T11:50:09.045+0000] {processor.py:183} INFO - Processing /opt/airflow/dags/flight-pipeline.py took 0.183 seconds
[2026-09-17T11:50:39.186+0000] {processor.py:161} INFO - Started process (PID=180) to work on /opt/airflow/dags/flight-pipeline.py
[2026-09-17T11:50:39.188+0000] {processor.py:830} INFO - Processing file /opt/airflow/dags/flight-pipeline.py for tasks to queue
[2026-09-17T11:50:39.192+0000] {logging_mixin.py:188} INFO - [2026-09-17T11:50:39.191+0000] {dagbag.py:545} INFO - Filling up the DagBag from /opt/airflow/dags/flight-pipeline.py
[2026-09-17T11:50:39.242+0000] {processor.py:840} INFO - DAG(s) 'flights_ops_medallion_pipe' retrieved from /opt/airflow/dags/flight-pipeline.py
[2026-09-17T11:50:39.292+0000] {logging_mixin.py:188} INFO - [2026-09-17T11:50:39.291+0000] {dag.py:3089} INFO - Sync 1 DAGs
[2026-09-17T11:50:39.328+0000] {logging_mixin.py:188} INFO - [2026-09-17T11:50:39.328+0000] {dag.py:3947} INFO - Setting next_dagrun for flights_ops_medallion_pipe to 2026-09-17 11:30:00+00:00, run_after=2026-09-17 12:00:00+00:00
[2026-09-17T11:50:39.355+0000] {processor.py:183} INFO - Processing /opt/airflow/dags/flight-pipeline.py took 0.179 seconds
[2026-09-17T11:51:09.648+0000] {processor.py:161} INFO - Started process (PID=181) to work on /opt/airflow/dags/flight-pipeline.py
[2026-09-17T11:51:09.650+0000] {processor.py:830} INFO - Processing file /opt/airflow/dags/flight-pipeline.py for tasks to queue
[2026-09-17T11:51:09.653+0000] {logging_mixin.py:188} INFO - [2026-09-17T11:51:09.653+0000] {dagbag.py:545} INFO - Filling up the DagBag from /opt/airflow/dags/flight-pipeline.py
[2026-09-17T11:51:09.703+0000] {processor.py:840} INFO - DAG(s) 'flights_ops_medallion_pipe' retrieved from /opt/airflow/dags/flight-pipeline.py
[2026-09-17T11:51:09.756+0000] {logging_mixin.py:188} INFO - [2026-09-17T11:51:09.756+0000] {dag.py:3089} INFO - Sync 1 DAGs
[2026-09-17T11:51:09.795+0000] {logging_mixin.py:188} INFO - [2026-09-17T11:51:09.795+0000] {dag.py:3947} INFO - Setting next_dagrun for flights_ops_medallion_pipe to 2026-09-17 11:30:00+00:00, run_after=2026-09-17 12:00:00+00:00
[2026-09-17T11:51:09.822+0000] {processor.py:183} INFO - Processing /opt/airflow/dags/flight-pipeline.py took 0.184 seconds
[2026-09-17T11:51:39.922+0000] {processor.py:161} INFO - Started process (PID=182) to work on /opt/airflow/dags/flight-pipeline.py
[2026-09-17T11:51:39.924+0000] {processor.py:830} INFO - Processing file /opt/airflow/dags/flight-pipeline.py for tasks to queue
[2026-09-17T11:51:39.928+0000] {logging_mixin.py:188} INFO - [2026-09-17T11:51:39.928+0000] {dagbag.py:545} INFO - Filling up the DagBag from /opt/airflow/dags/flight-pipeline.py
[2026-09-17T11:51:39.980+0000] {processor.py:840} INFO - DAG(s) 'flights_ops_medallion_pipe' retrieved from /opt/airflow/dags/flight-pipeline.py
[2026-09-17T11:51:40.033+0000] {logging_mixin.py:188} INFO - [2026-09-17T11:51:40.033+0000] {dag.py:3089} INFO - Sync 1 DAGs
[2026-09-17T11:51:40.086+0000] {logging_mixin.py:188} INFO - [2026-09-17T11:51:40.086+0000] {dag.py:3947} INFO - Setting next_dagrun for flights_ops_medallion_pipe to 2026-09-17 11:30:00+00:00, run_after=2026-09-17 12:00:00+00:00
[2026-09-17T11:51:40.115+0000] {processor.py:183} INFO - Processing /opt/airflow/dags/flight-pipeline.py took 0.203 seconds
[2026-09-17T11:52:10.333+0000] {processor.py:161} INFO - Started process (PID=183) to work on /opt/airflow/dags/flight-pipeline.py
[2026-09-17T11:52:10.336+0000] {processor.py:830} INFO - Processing file /opt/airflow/dags/flight-pipeline.py for tasks to queue
[2026-09-17T11:52:10.341+0000] {logging_mixin.py:188} INFO - [2026-09-17T11:52:10.340+0000] {dagbag.py:545} INFO - Filling up the DagBag from /opt/airflow/dags/flight-pipeline.py
[2026-09-17T11:52:10.393+0000] {processor.py:840} INFO - DAG(s) 'flights_ops_medallion_pipe' retrieved from /opt/airflow/dags/flight-pipeline.py
[2026-09-17T11:52:10.447+0000] {logging_mixin.py:188} INFO - [2026-09-17T11:52:10.446+0000] {dag.py:3089} INFO - Sync 1 DAGs
[2026-09-17T11:52:10.484+0000] {logging_mixin.py:188} INFO - [2026-09-17T11:52:10.483+0000] {dag.py:3947} INFO - Setting next_dagrun for flights_ops_medallion_pipe to 2026-09-17 11:30:00+00:00, run_after=2026-09-17 12:00:00+00:00
[2026-09-17T11:52:10.511+0000] {processor.py:183} INFO - Processing /opt/airflow/dags/flight-pipeline.py took 0.187 seconds
[2026-09-17T11:52:40.620+0000] {processor.py:161} INFO - Started process (PID=184) to work on /opt/airflow/dags/flight-pipeline.py
[2026-09-17T11:52:40.622+0000] {processor.py:830} INFO - Processing file /opt/airflow/dags/flight-pipeline.py for tasks to queue
[2026-09-17T11:52:40.626+0000] {logging_mixin.py:188} INFO - [2026-09-17T11:52:40.625+0000] {dagbag.py:545} INFO - Filling up the DagBag from /opt/airflow/dags/flight-pipeline.py
[2026-09-17T11:52:40.677+0000] {processor.py:840} INFO - DAG(s) 'flights_ops_medallion_pipe' retrieved from /opt/airflow/dags/flight-pipeline.py
[2026-09-17T11:52:40.733+0000] {logging_mixin.py:188} INFO - [2026-09-17T11:52:40.733+0000] {dag.py:3089} INFO - Sync 1 DAGs
[2026-09-17T11:52:40.770+0000] {logging_mixin.py:188} INFO - [2026-09-17T11:52:40.770+0000] {dag.py:3947} INFO - Setting next_dagrun for flights_ops_medallion_pipe to 2026-09-17 11:30:00+00:00, run_after=2026-09-17 12:00:00+00:00
[2026-09-17T11:52:40.797+0000] {processor.py:183} INFO - Processing /opt/airflow/dags/flight-pipeline.py took 0.186 seconds
[2026-09-17T11:53:11.029+0000] {processor.py:161} INFO - Started process (PID=185) to work on /opt/airflow/dags/flight-pipeline.py
[2026-09-17T11:53:11.031+0000] {processor.py:830} INFO - Processing file /opt/airflow/dags/flight-pipeline.py for tasks to queue
[2026-09-17T11:53:11.035+0000] {logging_mixin.py:188} INFO - [2026-09-17T11:53:11.034+0000] {dagbag.py:545} INFO - Filling up the DagBag from /opt/airflow/dags/flight-pipeline.py
[2026-09-17T11:53:11.089+0000] {processor.py:840} INFO - DAG(s) 'flights_ops_medallion_pipe' retrieved from /opt/airflow/dags/flight-pipeline.py
[2026-09-17T11:53:11.146+0000] {logging_mixin.py:188} INFO - [2026-09-17T11:53:11.146+0000] {dag.py:3089} INFO - Sync 1 DAGs
[2026-09-17T11:53:11.181+0000] {logging_mixin.py:188} INFO - [2026-09-17T11:53:11.181+0000] {dag.py:3947} INFO - Setting next_dagrun for flights_ops_medallion_pipe to 2026-09-17 11:30:00+00:00, run_after=2026-09-17 12:00:00+00:00
[2026-09-17T11:53:11.207+0000] {processor.py:183} INFO - Processing /opt/airflow/dags/flight-pipeline.py took 0.188 seconds
[2026-09-17T11:53:41.301+0000] {processor.py:161} INFO - Started process (PID=186) to work on /opt/airflow/dags/flight-pipeline.py
[2026-09-17T11:53:41.303+0000] {processor.py:830} INFO - Processing file /opt/airflow/dags/flight-pipeline.py for tasks to queue
[2026-09-17T11:53:41.308+0000] {logging_mixin.py:188} INFO - [2026-09-17T11:53:41.307+0000] {dagbag.py:545} INFO - Filling up the DagBag from /opt/airflow/dags/flight-pipeline.py
[2026-09-17T11:53:41.358+0000] {processor.py:840} INFO - DAG(s) 'flights_ops_medallion_pipe' retrieved from /opt/airflow/dags/flight-pipeline.py
[2026-09-17T11:53:41.418+0000] {logging_mixin.py:188} INFO - [2026-09-17T11:53:41.418+0000] {dag.py:3089} INFO - Sync 1 DAGs
[2026-09-17T11:53:41.458+0000] {logging_mixin.py:188} INFO - [2026-09-17T11:53:41.458+0000] {dag.py:3947} INFO - Setting next_dagrun for flights_ops_medallion_pipe to 2026-09-17 11:30:00+00:00, run_after=2026-09-17 12:00:00+00:00
[2026-09-17T11:53:41.486+0000] {processor.py:183} INFO - Processing /opt/airflow/dags/flight-pipeline.py took 0.198 seconds
[2026-09-17T11:54:11.715+0000] {processor.py:161} INFO - Started process (PID=187) to work on /opt/airflow/dags/flight-pipeline.py
[2026-09-17T11:54:11.717+0000] {processor.py:830} INFO - Processing file /opt/airflow/dags/flight-pipeline.py for tasks to queue
[2026-09-17T11:54:11.720+0000] {logging_mixin.py:188} INFO - [2026-09-17T11:54:11.720+0000] {dagbag.py:545} INFO - Filling up the DagBag from /opt/airflow/dags/flight-pipeline.py
[2026-09-17T11:54:11.771+0000] {processor.py:840} INFO - DAG(s) 'flights_ops_medallion_pipe' retrieved from /opt/airflow/dags/flight-pipeline.py
[2026-09-17T11:54:11.821+0000] {logging_mixin.py:188} INFO - [2026-09-17T11:54:11.821+0000] {dag.py:3089} INFO - Sync 1 DAGs
[2026-09-17T11:54:11.861+0000] {logging_mixin.py:188} INFO - [2026-09-17T11:54:11.861+0000] {dag.py:3947} INFO - Setting next_dagrun for flights_ops_medallion_pipe to 2026-09-17 11:30:00+00:00, run_after=2026-09-17 12:00:00+00:00
[2026-09-17T11:54:11.891+0000] {processor.py:183} INFO - Processing /opt/airflow/dags/flight-pipeline.py took 0.188 seconds
[2026-09-17T11:54:41.969+0000] {processor.py:161} INFO - Started process (PID=188) to work on /opt/airflow/dags/flight-pipeline.py
[2026-09-17T11:54:41.971+0000] {processor.py:830} INFO - Processing file /opt/airflow/dags/flight-pipeline.py for tasks to queue
[2026-09-17T11:54:41.974+0000] {logging_mixin.py:188} INFO - [2026-09-17T11:54:41.974+0000] {dagbag.py:545} INFO - Filling up the DagBag from /opt/airflow/dags/flight-pipeline.py
[2026-09-17T11:54:42.025+0000] {processor.py:840} INFO - DAG(s) 'flights_ops_medallion_pipe' retrieved from /opt/airflow/dags/flight-pipeline.py
[2026-09-17T11:54:42.076+0000] {logging_mixin.py:188} INFO - [2026-09-17T11:54:42.076+0000] {dag.py:3089} INFO - Sync 1 DAGs
[2026-09-17T11:54:42.113+0000] {logging_mixin.py:188} INFO - [2026-09-17T11:54:42.113+0000] {dag.py:3947} INFO - Setting next_dagrun for flights_ops_medallion_pipe to 2026-09-17 11:30:00+00:00, run_after=2026-09-17 12:00:00+00:00
[2026-09-17T11:54:42.143+0000] {processor.py:183} INFO - Processing /opt/airflow/dags/flight-pipeline.py took 0.183 seconds
[2026-09-17T11:55:12.364+0000] {processor.py:161} INFO - Started process (PID=189) to work on /opt/airflow/dags/flight-pipeline.py
[2026-09-17T11:55:12.367+0000] {processor.py:830} INFO - Processing file /opt/airflow/dags/flight-pipeline.py for tasks to queue
[2026-09-17T11:55:12.371+0000] {logging_mixin.py:188} INFO - [2026-09-17T11:55:12.371+0000] {dagbag.py:545} INFO - Filling up the DagBag from /opt/airflow/dags/flight-pipeline.py
[2026-09-17T11:55:12.416+0000] {processor.py:840} INFO - DAG(s) 'flights_ops_medallion_pipe' retrieved from /opt/airflow/dags/flight-pipeline.py
[2026-09-17T11:55:12.472+0000] {logging_mixin.py:188} INFO - [2026-09-17T11:55:12.472+0000] {dag.py:3089} INFO - Sync 1 DAGs
[2026-09-17T11:55:12.511+0000] {logging_mixin.py:188} INFO - [2026-09-17T11:55:12.511+0000] {dag.py:3947} INFO - Setting next_dagrun for flights_ops_medallion_pipe to 2026-09-17 11:30:00+00:00, run_after=2026-09-17 12:00:00+00:00
[2026-09-17T11:55:12.538+0000] {processor.py:183} INFO - Processing /opt/airflow/dags/flight-pipeline.py took 0.184 seconds
[2026-09-17T11:55:42.626+0000] {processor.py:161} INFO - Started process (PID=190) to work on /opt/airflow/dags/flight-pipeline.py
[2026-09-17T11:55:42.628+0000] {processor.py:830} INFO - Processing file /opt/airflow/dags/flight-pipeline.py for tasks to queue
[2026-09-17T11:55:42.631+0000] {logging_mixin.py:188} INFO - [2026-09-17T11:55:42.631+0000] {dagbag.py:545} INFO - Filling up the DagBag from /opt/airflow/dags/flight-pipeline.py
[2026-09-17T11:55:42.674+0000] {processor.py:840} INFO - DAG(s) 'flights_ops_medallion_pipe' retrieved from /opt/airflow/dags/flight-pipeline.py
[2026-09-17T11:55:42.724+0000] {logging_mixin.py:188} INFO - [2026-09-17T11:55:42.723+0000] {dag.py:3089} INFO - Sync 1 DAGs
[2026-09-17T11:55:42.764+0000] {logging_mixin.py:188} INFO - [2026-09-17T11:55:42.763+0000] {dag.py:3947} INFO - Setting next_dagrun for flights_ops_medallion_pipe to 2026-09-17 11:30:00+00:00, run_after=2026-09-17 12:00:00+00:00
[2026-09-17T11:55:42.789+0000] {processor.py:183} INFO - Processing /opt/airflow/dags/flight-pipeline.py took 0.173 seconds
[2026-09-17T11:56:13.061+0000] {processor.py:161} INFO - Started process (PID=191) to work on /opt/airflow/dags/flight-pipeline.py
[2026-09-17T11:56:13.063+0000] {processor.py:830} INFO - Processing file /opt/airflow/dags/flight-pipeline.py for tasks to queue
[2026-09-17T11:56:13.068+0000] {logging_mixin.py:188} INFO - [2026-09-17T11:56:13.067+0000] {dagbag.py:545} INFO - Filling up the DagBag from /opt/airflow/dags/flight-pipeline.py
[2026-09-17T11:56:13.123+0000] {processor.py:840} INFO - DAG(s) 'flights_ops_medallion_pipe' retrieved from /opt/airflow/dags/flight-pipeline.py
[2026-09-17T11:56:13.181+0000] {logging_mixin.py:188} INFO - [2026-09-17T11:56:13.180+0000] {dag.py:3089} INFO - Sync 1 DAGs
[2026-09-17T11:56:13.225+0000] {logging_mixin.py:188} INFO - [2026-09-17T11:56:13.224+0000] {dag.py:3947} INFO - Setting next_dagrun for flights_ops_medallion_pipe to 2026-09-17 11:30:00+00:00, run_after=2026-09-17 12:00:00+00:00
[2026-09-17T11:56:13.255+0000] {processor.py:183} INFO - Processing /opt/airflow/dags/flight-pipeline.py took 0.214 seconds
[2026-09-17T11:56:43.527+0000] {processor.py:161} INFO - Started process (PID=192) to work on /opt/airflow/dags/flight-pipeline.py
[2026-09-17T11:56:43.529+0000] {processor.py:830} INFO - Processing file /opt/airflow/dags/flight-pipeline.py for tasks to queue
[2026-09-17T11:56:43.533+0000] {logging_mixin.py:188} INFO - [2026-09-17T11:56:43.533+0000] {dagbag.py:545} INFO - Filling up the DagBag from /opt/airflow/dags/flight-pipeline.py
[2026-09-17T11:56:43.584+0000] {processor.py:840} INFO - DAG(s) 'flights_ops_medallion_pipe' retrieved from /opt/airflow/dags/flight-pipeline.py
[2026-09-17T11:56:43.633+0000] {logging_mixin.py:188} INFO - [2026-09-17T11:56:43.633+0000] {dag.py:3089} INFO - Sync 1 DAGs
[2026-09-17T11:56:43.672+0000] {logging_mixin.py:188} INFO - [2026-09-17T11:56:43.672+0000] {dag.py:3947} INFO - Setting next_dagrun for flights_ops_medallion_pipe to 2026-09-17 11:30:00+00:00, run_after=2026-09-17 12:00:00+00:00
[2026-09-17T11:56:43.698+0000] {processor.py:183} INFO - Processing /opt/airflow/dags/flight-pipeline.py took 0.179 seconds
[2026-09-17T11:57:13.774+0000] {processor.py:161} INFO - Started process (PID=193) to work on /opt/airflow/dags/flight-pipeline.py
[2026-09-17T11:57:13.776+0000] {processor.py:830} INFO - Processing file /opt/airflow/dags/flight-pipeline.py for tasks to queue
[2026-09-17T11:57:13.779+0000] {logging_mixin.py:188} INFO - [2026-09-17T11:57:13.779+0000] {dagbag.py:545} INFO - Filling up the DagBag from /opt/airflow/dags/flight-pipeline.py
[2026-09-17T11:57:13.829+0000] {processor.py:840} INFO - DAG(s) 'flights_ops_medallion_pipe' retrieved from /opt/airflow/dags/flight-pipeline.py
[2026-09-17T11:57:13.874+0000] {logging_mixin.py:188} INFO - [2026-09-17T11:57:13.874+0000] {dag.py:3089} INFO - Sync 1 DAGs
[2026-09-17T11:57:13.907+0000] {logging_mixin.py:188} INFO - [2026-09-17T11:57:13.907+0000] {dag.py:3947} INFO - Setting next_dagrun for flights_ops_medallion_pipe to 2026-09-17 11:30:00+00:00, run_after=2026-09-17 12:00:00+00:00
[2026-09-17T11:57:13.933+0000] {processor.py:183} INFO - Processing /opt/airflow/dags/flight-pipeline.py took 0.168 seconds
[2026-09-17T11:57:44.201+0000] {processor.py:161} INFO - Started process (PID=194) to work on /opt/airflow/dags/flight-pipeline.py
[2026-09-17T11:57:44.203+0000] {processor.py:830} INFO - Processing file /opt/airflow/dags/flight-pipeline.py for tasks to queue
[2026-09-17T11:57:44.207+0000] {logging_mixin.py:188} INFO - [2026-09-17T11:57:44.206+0000] {dagbag.py:545} INFO - Filling up the DagBag from /opt/airflow/dags/flight-pipeline.py
[2026-09-17T11:57:44.256+0000] {processor.py:840} INFO - DAG(s) 'flights_ops_medallion_pipe' retrieved from /opt/airflow/dags/flight-pipeline.py
[2026-09-17T11:57:44.311+0000] {logging_mixin.py:188} INFO - [2026-09-17T11:57:44.311+0000] {dag.py:3089} INFO - Sync 1 DAGs
[2026-09-17T11:57:44.352+0000] {logging_mixin.py:188} INFO - [2026-09-17T11:57:44.352+0000] {dag.py:3947} INFO - Setting next_dagrun for flights_ops_medallion_pipe to 2026-09-17 11:30:00+00:00, run_after=2026-09-17 12:00:00+00:00
[2026-09-17T11:57:44.386+0000] {processor.py:183} INFO - Processing /opt/airflow/dags/flight-pipeline.py took 0.196 seconds
[2026-09-17T11:58:14.476+0000] {processor.py:161} INFO - Started process (PID=195) to work on /opt/airflow/dags/flight-pipeline.py
[2026-09-17T11:58:14.478+0000] {processor.py:830} INFO - Processing file /opt/airflow/dags/flight-pipeline.py for tasks to queue
[2026-09-17T11:58:14.482+0000] {logging_mixin.py:188} INFO - [2026-09-17T11:58:14.481+0000] {dagbag.py:545} INFO - Filling up the DagBag from /opt/airflow/dags/flight-pipeline.py
[2026-09-17T11:58:14.534+0000] {processor.py:840} INFO - DAG(s) 'flights_ops_medallion_pipe' retrieved from /opt/airflow/dags/flight-pipeline.py
[2026-09-17T11:58:14.588+0000] {logging_mixin.py:188} INFO - [2026-09-17T11:58:14.588+0000] {dag.py:3089} INFO - Sync 1 DAGs
[2026-09-17T11:58:14.626+0000] {logging_mixin.py:188} INFO - [2026-09-17T11:58:14.625+0000] {dag.py:3947} INFO - Setting next_dagrun for flights_ops_medallion_pipe to 2026-09-17 11:30:00+00:00, run_after=2026-09-17 12:00:00+00:00
[2026-09-17T11:58:14.653+0000] {processor.py:183} INFO - Processing /opt/airflow/dags/flight-pipeline.py took 0.190 seconds
[2026-09-17T11:58:44.903+0000] {processor.py:161} INFO - Started process (PID=196) to work on /opt/airflow/dags/flight-pipeline.py
[2026-09-17T11:58:44.905+0000] {processor.py:830} INFO - Processing file /opt/airflow/dags/flight-pipeline.py for tasks to queue
[2026-09-17T11:58:44.909+0000] {logging_mixin.py:188} INFO - [2026-09-17T11:58:44.909+0000] {dagbag.py:545} INFO - Filling up the DagBag from /opt/airflow/dags/flight-pipeline.py
[2026-09-17T11:58:44.963+0000] {processor.py:840} INFO - DAG(s) 'flights_ops_medallion_pipe' retrieved from /opt/airflow/dags/flight-pipeline.py
[2026-09-17T11:58:45.015+0000] {logging_mixin.py:188} INFO - [2026-09-17T11:58:45.014+0000] {dag.py:3089} INFO - Sync 1 DAGs
[2026-09-17T11:58:45.049+0000] {logging_mixin.py:188} INFO - [2026-09-17T11:58:45.049+0000] {dag.py:3947} INFO - Setting next_dagrun for flights_ops_medallion_pipe to 2026-09-17 11:30:00+00:00, run_after=2026-09-17 12:00:00+00:00
[2026-09-17T11:58:45.074+0000] {processor.py:183} INFO - Processing /opt/airflow/dags/flight-pipeline.py took 0.180 seconds
[2026-09-17T11:59:15.164+0000] {processor.py:161} INFO - Started process (PID=197) to work on /opt/airflow/dags/flight-pipeline.py
[2026-09-17T11:59:15.166+0000] {processor.py:830} INFO - Processing file /opt/airflow/dags/flight-pipeline.py for tasks to queue
[2026-09-17T11:59:15.170+0000] {logging_mixin.py:188} INFO - [2026-09-17T11:59:15.169+0000] {dagbag.py:545} INFO - Filling up the DagBag from /opt/airflow/dags/flight-pipeline.py
[2026-09-17T11:59:15.222+0000] {processor.py:840} INFO - DAG(s) 'flights_ops_medallion_pipe' retrieved from /opt/airflow/dags/flight-pipeline.py
[2026-09-17T11:59:15.277+0000] {logging_mixin.py:188} INFO - [2026-09-17T11:59:15.276+0000] {dag.py:3089} INFO - Sync 1 DAGs
[2026-09-17T11:59:15.314+0000] {logging_mixin.py:188} INFO - [2026-09-17T11:59:15.314+0000] {dag.py:3947} INFO - Setting next_dagrun for flights_ops_medallion_pipe to 2026-09-17 11:30:00+00:00, run_after=2026-09-17 12:00:00+00:00
[2026-09-17T11:59:15.339+0000] {processor.py:183} INFO - Processing /opt/airflow/dags/flight-pipeline.py took 0.185 seconds
[2026-09-17T11:59:45.544+0000] {processor.py:161} INFO - Started process (PID=198) to work on /opt/airflow/dags/flight-pipeline.py
[2026-09-17T11:59:45.547+0000] {processor.py:830} INFO - Processing file /opt/airflow/dags/flight-pipeline.py for tasks to queue
[2026-09-17T11:59:45.551+0000] {logging_mixin.py:188} INFO - [2026-09-17T11:59:45.550+0000] {dagbag.py:545} INFO - Filling up the DagBag from /opt/airflow/dags/flight-pipeline.py
[2026-09-17T11:59:45.599+0000] {processor.py:840} INFO - DAG(s) 'flights_ops_medallion_pipe' retrieved from /opt/airflow/dags/flight-pipeline.py
[2026-09-17T11:59:45.651+0000] {logging_mixin.py:188} INFO - [2026-09-17T11:59:45.650+0000] {dag.py:3089} INFO - Sync 1 DAGs
[2026-09-17T11:59:45.688+0000] {logging_mixin.py:188} INFO - [2026-09-17T11:59:45.687+0000] {dag.py:3947} INFO - Setting next_dagrun for flights_ops_medallion_pipe to 2026-09-17 11:30:00+00:00, run_after=2026-09-17 12:00:00+00:00
[2026-09-17T11:59:45.715+0000] {processor.py:183} INFO - Processing /opt/airflow/dags/flight-pipeline.py took 0.179 seconds
[2026-09-17T12:00:15.801+0000] {processor.py:161} INFO - Started process (PID=256) to work on /opt/airflow/dags/flight-pipeline.py
[2026-09-17T12:00:15.804+0000] {processor.py:830} INFO - Processing file /opt/airflow/dags/flight-pipeline.py for tasks to queue
[2026-09-17T12:00:15.808+0000] {logging_mixin.py:188} INFO - [2026-09-17T12:00:15.808+0000] {dagbag.py:545} INFO - Filling up the DagBag from /opt/airflow/dags/flight-pipeline.py
[2026-09-17T12:00:15.856+0000] {processor.py:840} INFO - DAG(s) 'flights_ops_medallion_pipe' retrieved from /opt/airflow/dags/flight-pipeline.py
[2026-09-17T12:00:15.907+0000] {logging_mixin.py:188} INFO - [2026-09-17T12:00:15.906+0000] {dag.py:3089} INFO - Sync 1 DAGs
[2026-09-17T12:00:15.946+0000] {logging_mixin.py:188} INFO - [2026-09-17T12:00:15.946+0000] {dag.py:3947} INFO - Setting next_dagrun for flights_ops_medallion_pipe to 2026-09-17 12:00:00+00:00, run_after=2026-09-17 12:30:00+00:00
[2026-09-17T12:00:15.974+0000] {processor.py:183} INFO - Processing /opt/airflow/dags/flight-pipeline.py took 0.183 seconds
[2026-09-17T12:00:46.184+0000] {processor.py:161} INFO - Started process (PID=257) to work on /opt/airflow/dags/flight-pipeline.py
[2026-09-17T12:00:46.186+0000] {processor.py:830} INFO - Processing file /opt/airflow/dags/flight-pipeline.py for tasks to queue
[2026-09-17T12:00:46.190+0000] {logging_mixin.py:188} INFO - [2026-09-17T12:00:46.189+0000] {dagbag.py:545} INFO - Filling up the DagBag from /opt/airflow/dags/flight-pipeline.py
[2026-09-17T12:00:46.243+0000] {processor.py:840} INFO - DAG(s) 'flights_ops_medallion_pipe' retrieved from /opt/airflow/dags/flight-pipeline.py
[2026-09-17T12:00:46.298+0000] {logging_mixin.py:188} INFO - [2026-09-17T12:00:46.298+0000] {dag.py:3089} INFO - Sync 1 DAGs
[2026-09-17T12:00:46.338+0000] {logging_mixin.py:188} INFO - [2026-09-17T12:00:46.337+0000] {dag.py:3947} INFO - Setting next_dagrun for flights_ops_medallion_pipe to 2026-09-17 12:00:00+00:00, run_after=2026-09-17 12:30:00+00:00
[2026-09-17T12:00:46.366+0000] {processor.py:183} INFO - Processing /opt/airflow/dags/flight-pipeline.py took 0.197 seconds
[2026-09-17T12:01:16.473+0000] {processor.py:161} INFO - Started process (PID=258) to work on /opt/airflow/dags/flight-pipeline.py
[2026-09-17T12:01:16.476+0000] {processor.py:830} INFO - Processing file /opt/airflow/dags/flight-pipeline.py for tasks to queue
[2026-09-17T12:01:16.479+0000] {logging_mixin.py:188} INFO - [2026-09-17T12:01:16.478+0000] {dagbag.py:545} INFO - Filling up the DagBag from /opt/airflow/dags/flight-pipeline.py
[2026-09-17T12:01:16.524+0000] {processor.py:840} INFO - DAG(s) 'flights_ops_medallion_pipe' retrieved from /opt/airflow/dags/flight-pipeline.py
[2026-09-17T12:01:16.576+0000] {logging_mixin.py:188} INFO - [2026-09-17T12:01:16.576+0000] {dag.py:3089} INFO - Sync 1 DAGs
[2026-09-17T12:01:16.613+0000] {logging_mixin.py:188} INFO - [2026-09-17T12:01:16.613+0000] {dag.py:3947} INFO - Setting next_dagrun for flights_ops_medallion_pipe to 2026-09-17 12:00:00+00:00, run_after=2026-09-17 12:30:00+00:00
[2026-09-17T12:01:16.641+0000] {processor.py:183} INFO - Processing /opt/airflow/dags/flight-pipeline.py took 0.177 seconds
[2026-09-17T12:01:46.827+0000] {processor.py:161} INFO - Started process (PID=259) to work on /opt/airflow/dags/flight-pipeline.py
[2026-09-17T12:01:46.829+0000] {processor.py:830} INFO - Processing file /opt/airflow/dags/flight-pipeline.py for tasks to queue
[2026-09-17T12:01:46.833+0000] {logging_mixin.py:188} INFO - [2026-09-17T12:01:46.832+0000] {dagbag.py:545} INFO - Filling up the DagBag from /opt/airflow/dags/flight-pipeline.py
[2026-09-17T12:01:46.875+0000] {processor.py:840} INFO - DAG(s) 'flights_ops_medallion_pipe' retrieved from /opt/airflow/dags/flight-pipeline.py
[2026-09-17T12:01:46.920+0000] {logging_mixin.py:188} INFO - [2026-09-17T12:01:46.920+0000] {dag.py:3089} INFO - Sync 1 DAGs
[2026-09-17T12:01:46.956+0000] {logging_mixin.py:188} INFO - [2026-09-17T12:01:46.956+0000] {dag.py:3947} INFO - Setting next_dagrun for flights_ops_medallion_pipe to 2026-09-17 12:00:00+00:00, run_after=2026-09-17 12:30:00+00:00
[2026-09-17T12:01:46.981+0000] {processor.py:183} INFO - Processing /opt/airflow/dags/flight-pipeline.py took 0.162 seconds
[2026-09-17T12:02:17.100+0000] {processor.py:161} INFO - Started process (PID=260) to work on /opt/airflow/dags/flight-pipeline.py
[2026-09-17T12:02:17.102+0000] {processor.py:830} INFO - Processing file /opt/airflow/dags/flight-pipeline.py for tasks to queue
[2026-09-17T12:02:17.106+0000] {logging_mixin.py:188} INFO - [2026-09-17T12:02:17.105+0000] {dagbag.py:545} INFO - Filling up the DagBag from /opt/airflow/dags/flight-pipeline.py
[2026-09-17T12:02:17.164+0000] {processor.py:840} INFO - DAG(s) 'flights_ops_medallion_pipe' retrieved from /opt/airflow/dags/flight-pipeline.py
[2026-09-17T12:02:17.219+0000] {logging_mixin.py:188} INFO - [2026-09-17T12:02:17.219+0000] {dag.py:3089} INFO - Sync 1 DAGs
[2026-09-17T12:02:17.261+0000] {logging_mixin.py:188} INFO - [2026-09-17T12:02:17.260+0000] {dag.py:3947} INFO - Setting next_dagrun for flights_ops_medallion_pipe to 2026-09-17 12:00:00+00:00, run_after=2026-09-17 12:30:00+00:00
[2026-09-17T12:02:17.293+0000] {processor.py:183} INFO - Processing /opt/airflow/dags/flight-pipeline.py took 0.203 seconds
[2026-09-17T12:02:47.451+0000] {processor.py:161} INFO - Started process (PID=261) to work on /opt/airflow/dags/flight-pipeline.py
[2026-09-17T12:02:47.454+0000] {processor.py:830} INFO - Processing file /opt/airflow/dags/flight-pipeline.py for tasks to queue
[2026-09-17T12:02:47.457+0000] {logging_mixin.py:188} INFO - [2026-09-17T12:02:47.457+0000] {dagbag.py:545} INFO - Filling up the DagBag from /opt/airflow/dags/flight-pipeline.py
[2026-09-17T12:02:47.514+0000] {processor.py:840} INFO - DAG(s) 'flights_ops_medallion_pipe' retrieved from /opt/airflow/dags/flight-pipeline.py
[2026-09-17T12:02:47.565+0000] {logging_mixin.py:188} INFO - [2026-09-17T12:02:47.565+0000] {dag.py:3089} INFO - Sync 1 DAGs
[2026-09-17T12:02:47.603+0000] {logging_mixin.py:188} INFO - [2026-09-17T12:02:47.603+0000] {dag.py:3947} INFO - Setting next_dagrun for flights_ops_medallion_pipe to 2026-09-17 12:00:00+00:00, run_after=2026-09-17 12:30:00+00:00
[2026-09-17T12:02:47.631+0000] {processor.py:183} INFO - Processing /opt/airflow/dags/flight-pipeline.py took 0.188 seconds
[2026-09-17T12:03:17.759+0000] {processor.py:161} INFO - Started process (PID=262) to work on /opt/airflow/dags/flight-pipeline.py
[2026-09-17T12:03:17.761+0000] {processor.py:830} INFO - Processing file /opt/airflow/dags/flight-pipeline.py for tasks to queue
[2026-09-17T12:03:17.765+0000] {logging_mixin.py:188} INFO - [2026-09-17T12:03:17.764+0000] {dagbag.py:545} INFO - Filling up the DagBag from /opt/airflow/dags/flight-pipeline.py
[2026-09-17T12:03:17.821+0000] {processor.py:840} INFO - DAG(s) 'flights_ops_medallion_pipe' retrieved from /opt/airflow/dags/flight-pipeline.py
[2026-09-17T12:03:17.877+0000] {logging_mixin.py:188} INFO - [2026-09-17T12:03:17.877+0000] {dag.py:3089} INFO - Sync 1 DAGs
[2026-09-17T12:03:17.923+0000] {logging_mixin.py:188} INFO - [2026-09-17T12:03:17.923+0000] {dag.py:3947} INFO - Setting next_dagrun for flights_ops_medallion_pipe to 2026-09-17 12:00:00+00:00, run_after=2026-09-17 12:30:00+00:00
[2026-09-17T12:03:17.953+0000] {processor.py:183} INFO - Processing /opt/airflow/dags/flight-pipeline.py took 0.205 seconds
[2026-09-17T12:03:48.098+0000] {processor.py:161} INFO - Started process (PID=263) to work on /opt/airflow/dags/flight-pipeline.py
[2026-09-17T12:03:48.099+0000] {processor.py:830} INFO - Processing file /opt/airflow/dags/flight-pipeline.py for tasks to queue
[2026-09-17T12:03:48.102+0000] {logging_mixin.py:188} INFO - [2026-09-17T12:03:48.102+0000] {dagbag.py:545} INFO - Filling up the DagBag from /opt/airflow/dags/flight-pipeline.py
[2026-09-17T12:03:48.152+0000] {processor.py:840} INFO - DAG(s) 'flights_ops_medallion_pipe' retrieved from /opt/airflow/dags/flight-pipeline.py
[2026-09-17T12:03:48.197+0000] {logging_mixin.py:188} INFO - [2026-09-17T12:03:48.197+0000] {dag.py:3089} INFO - Sync 1 DAGs
[2026-09-17T12:03:48.234+0000] {logging_mixin.py:188} INFO - [2026-09-17T12:03:48.234+0000] {dag.py:3947} INFO - Setting next_dagrun for flights_ops_medallion_pipe to 2026-09-17 12:00:00+00:00, run_after=2026-09-17 12:30:00+00:00
[2026-09-17T12:03:48.261+0000] {processor.py:183} INFO - Processing /opt/airflow/dags/flight-pipeline.py took 0.172 seconds
[2026-09-17T12:04:18.449+0000] {processor.py:161} INFO - Started process (PID=264) to work on /opt/airflow/dags/flight-pipeline.py
[2026-09-17T12:04:18.451+0000] {processor.py:830} INFO - Processing file /opt/airflow/dags/flight-pipeline.py for tasks to queue
[2026-09-17T12:04:18.455+0000] {logging_mixin.py:188} INFO - [2026-09-17T12:04:18.454+0000] {dagbag.py:545} INFO - Filling up the DagBag from /opt/airflow/dags/flight-pipeline.py
[2026-09-17T12:04:18.509+0000] {processor.py:840} INFO - DAG(s) 'flights_ops_medallion_pipe' retrieved from /opt/airflow/dags/flight-pipeline.py
[2026-09-17T12:04:18.564+0000] {logging_mixin.py:188} INFO - [2026-09-17T12:04:18.564+0000] {dag.py:3089} INFO - Sync 1 DAGs
[2026-09-17T12:04:18.604+0000] {logging_mixin.py:188} INFO - [2026-09-17T12:04:18.604+0000] {dag.py:3947} INFO - Setting next_dagrun for flights_ops_medallion_pipe to 2026-09-17 12:00:00+00:00, run_after=2026-09-17 12:30:00+00:00
[2026-09-17T12:04:18.632+0000] {processor.py:183} INFO - Processing /opt/airflow/dags/flight-pipeline.py took 0.194 seconds
[2026-09-17T12:04:48.770+0000] {processor.py:161} INFO - Started process (PID=265) to work on /opt/airflow/dags/flight-pipeline.py
[2026-09-17T12:04:48.773+0000] {processor.py:830} INFO - Processing file /opt/airflow/dags/flight-pipeline.py for tasks to queue
[2026-09-17T12:04:48.776+0000] {logging_mixin.py:188} INFO - [2026-09-17T12:04:48.776+0000] {dagbag.py:545} INFO - Filling up the DagBag from /opt/airflow/dags/flight-pipeline.py
[2026-09-17T12:04:48.827+0000] {processor.py:840} INFO - DAG(s) 'flights_ops_medallion_pipe' retrieved from /opt/airflow/dags/flight-pipeline.py
[2026-09-17T12:04:48.880+0000] {logging_mixin.py:188} INFO - [2026-09-17T12:04:48.880+0000] {dag.py:3089} INFO - Sync 1 DAGs
[2026-09-17T12:04:48.923+0000] {logging_mixin.py:188} INFO - [2026-09-17T12:04:48.923+0000] {dag.py:3947} INFO - Setting next_dagrun for flights_ops_medallion_pipe to 2026-09-17 12:00:00+00:00, run_after=2026-09-17 12:30:00+00:00
[2026-09-17T12:04:48.953+0000] {processor.py:183} INFO - Processing /opt/airflow/dags/flight-pipeline.py took 0.194 seconds
[2026-09-17T12:05:19.148+0000] {processor.py:161} INFO - Started process (PID=266) to work on /opt/airflow/dags/flight-pipeline.py
[2026-09-17T12:05:19.151+0000] {processor.py:830} INFO - Processing file /opt/airflow/dags/flight-pipeline.py for tasks to queue
[2026-09-17T12:05:19.155+0000] {logging_mixin.py:188} INFO - [2026-09-17T12:05:19.155+0000] {dagbag.py:545} INFO - Filling up the DagBag from /opt/airflow/dags/flight-pipeline.py
[2026-09-17T12:05:19.206+0000] {processor.py:840} INFO - DAG(s) 'flights_ops_medallion_pipe' retrieved from /opt/airflow/dags/flight-pipeline.py
[2026-09-17T12:05:19.256+0000] {logging_mixin.py:188} INFO - [2026-09-17T12:05:19.256+0000] {dag.py:3089} INFO - Sync 1 DAGs
[2026-09-17T12:05:19.288+0000] {logging_mixin.py:188} INFO - [2026-09-17T12:05:19.288+0000] {dag.py:3947} INFO - Setting next_dagrun for flights_ops_medallion_pipe to 2026-09-17 12:00:00+00:00, run_after=2026-09-17 12:30:00+00:00
[2026-09-17T12:05:19.317+0000] {processor.py:183} INFO - Processing /opt/airflow/dags/flight-pipeline.py took 0.176 seconds
[2026-09-17T12:05:49.452+0000] {processor.py:161} INFO - Started process (PID=267) to work on /opt/airflow/dags/flight-pipeline.py
[2026-09-17T12:05:49.454+0000] {processor.py:830} INFO - Processing file /opt/airflow/dags/flight-pipeline.py for tasks to queue
[2026-09-17T12:05:49.457+0000] {logging_mixin.py:188} INFO - [2026-09-17T12:05:49.457+0000] {dagbag.py:545} INFO - Filling up the DagBag from /opt/airflow/dags/flight-pipeline.py
[2026-09-17T12:05:49.509+0000] {processor.py:840} INFO - DAG(s) 'flights_ops_medallion_pipe' retrieved from /opt/airflow/dags/flight-pipeline.py
[2026-09-17T12:05:49.566+0000] {logging_mixin.py:188} INFO - [2026-09-17T12:05:49.565+0000] {dag.py:3089} INFO - Sync 1 DAGs
[2026-09-17T12:05:49.608+0000] {logging_mixin.py:188} INFO - [2026-09-17T12:05:49.608+0000] {dag.py:3947} INFO - Setting next_dagrun for flights_ops_medallion_pipe to 2026-09-17 12:00:00+00:00, run_after=2026-09-17 12:30:00+00:00
[2026-09-17T12:05:49.638+0000] {processor.py:183} INFO - Processing /opt/airflow/dags/flight-pipeline.py took 0.196 seconds
[2026-09-17T12:06:19.852+0000] {processor.py:161} INFO - Started process (PID=268) to work on /opt/airflow/dags/flight-pipeline.py
[2026-09-17T12:06:19.854+0000] {processor.py:830} INFO - Processing file /opt/airflow/dags/flight-pipeline.py for tasks to queue
[2026-09-17T12:06:19.857+0000] {logging_mixin.py:188} INFO - [2026-09-17T12:06:19.857+0000] {dagbag.py:545} INFO - Filling up the DagBag from /opt/airflow/dags/flight-pipeline.py
[2026-09-17T12:06:19.912+0000] {processor.py:840} INFO - DAG(s) 'flights_ops_medallion_pipe' retrieved from /opt/airflow/dags/flight-pipeline.py
[2026-09-17T12:06:19.961+0000] {logging_mixin.py:188} INFO - [2026-09-17T12:06:19.960+0000] {dag.py:3089} INFO - Sync 1 DAGs
[2026-09-17T12:06:19.997+0000] {logging_mixin.py:188} INFO - [2026-09-17T12:06:19.997+0000] {dag.py:3947} INFO - Setting next_dagrun for flights_ops_medallion_pipe to 2026-09-17 12:00:00+00:00, run_after=2026-09-17 12:30:00+00:00
[2026-09-17T12:06:20.024+0000] {processor.py:183} INFO - Processing /opt/airflow/dags/flight-pipeline.py took 0.181 seconds
[2026-09-17T12:06:50.116+0000] {processor.py:161} INFO - Started process (PID=269) to work on /opt/airflow/dags/flight-pipeline.py
[2026-09-17T12:06:50.118+0000] {processor.py:830} INFO - Processing file /opt/airflow/dags/flight-pipeline.py for tasks to queue
[2026-09-17T12:06:50.123+0000] {logging_mixin.py:188} INFO - [2026-09-17T12:06:50.122+0000] {dagbag.py:545} INFO - Filling up the DagBag from /opt/airflow/dags/flight-pipeline.py
[2026-09-17T12:06:50.177+0000] {processor.py:840} INFO - DAG(s) 'flights_ops_medallion_pipe' retrieved from /opt/airflow/dags/flight-pipeline.py
[2026-09-17T12:06:50.233+0000] {logging_mixin.py:188} INFO - [2026-09-17T12:06:50.233+0000] {dag.py:3089} INFO - Sync 1 DAGs
[2026-09-17T12:06:50.273+0000] {logging_mixin.py:188} INFO - [2026-09-17T12:06:50.273+0000] {dag.py:3947} INFO - Setting next_dagrun for flights_ops_medallion_pipe to 2026-09-17 12:00:00+00:00, run_after=2026-09-17 12:30:00+00:00
[2026-09-17T12:06:50.301+0000] {processor.py:183} INFO - Processing /opt/airflow/dags/flight-pipeline.py took 0.195 seconds
[2026-09-17T12:07:20.508+0000] {processor.py:161} INFO - Started process (PID=270) to work on /opt/airflow/dags/flight-pipeline.py
[2026-09-17T12:07:20.511+0000] {processor.py:830} INFO - Processing file /opt/airflow/dags/flight-pipeline.py for tasks to queue
[2026-09-17T12:07:20.514+0000] {logging_mixin.py:188} INFO - [2026-09-17T12:07:20.514+0000] {dagbag.py:545} INFO - Filling up the DagBag from /opt/airflow/dags/flight-pipeline.py
[2026-09-17T12:07:20.562+0000] {processor.py:840} INFO - DAG(s) 'flights_ops_medallion_pipe' retrieved from /opt/airflow/dags/flight-pipeline.py
[2026-09-17T12:07:20.624+0000] {logging_mixin.py:188} INFO - [2026-09-17T12:07:20.624+0000] {dag.py:3089} INFO - Sync 1 DAGs
[2026-09-17T12:07:20.668+0000] {logging_mixin.py:188} INFO - [2026-09-17T12:07:20.668+0000] {dag.py:3947} INFO - Setting next_dagrun for flights_ops_medallion_pipe to 2026-09-17 12:00:00+00:00, run_after=2026-09-17 12:30:00+00:00
[2026-09-17T12:07:20.702+0000] {processor.py:183} INFO - Processing /opt/airflow/dags/flight-pipeline.py took 0.209 seconds
[2026-09-17T12:07:50.792+0000] {processor.py:161} INFO - Started process (PID=271) to work on /opt/airflow/dags/flight-pipeline.py
[2026-09-17T12:07:50.795+0000] {processor.py:830} INFO - Processing file /opt/airflow/dags/flight-pipeline.py for tasks to queue
[2026-09-17T12:07:50.801+0000] {logging_mixin.py:188} INFO - [2026-09-17T12:07:50.800+0000] {dagbag.py:545} INFO - Filling up the DagBag from /opt/airflow/dags/flight-pipeline.py
[2026-09-17T12:07:50.858+0000] {processor.py:840} INFO - DAG(s) 'flights_ops_medallion_pipe' retrieved from /opt/airflow/dags/flight-pipeline.py
[2026-09-17T12:07:50.944+0000] {logging_mixin.py:188} INFO - [2026-09-17T12:07:50.944+0000] {dag.py:3089} INFO - Sync 1 DAGs
[2026-09-17T12:07:50.997+0000] {logging_mixin.py:188} INFO - [2026-09-17T12:07:50.996+0000] {dag.py:3947} INFO - Setting next_dagrun for flights_ops_medallion_pipe to 2026-09-17 12:00:00+00:00, run_after=2026-09-17 12:30:00+00:00
[2026-09-17T12:07:51.025+0000] {processor.py:183} INFO - Processing /opt/airflow/dags/flight-pipeline.py took 0.244 seconds
[2026-09-17T12:08:21.187+0000] {processor.py:161} INFO - Started process (PID=272) to work on /opt/airflow/dags/flight-pipeline.py
[2026-09-17T12:08:21.190+0000] {processor.py:830} INFO - Processing file /opt/airflow/dags/flight-pipeline.py for tasks to queue
[2026-09-17T12:08:21.193+0000] {logging_mixin.py:188} INFO - [2026-09-17T12:08:21.192+0000] {dagbag.py:545} INFO - Filling up the DagBag from /opt/airflow/dags/flight-pipeline.py
[2026-09-17T12:08:21.246+0000] {processor.py:840} INFO - DAG(s) 'flights_ops_medallion_pipe' retrieved from /opt/airflow/dags/flight-pipeline.py
[2026-09-17T12:08:21.301+0000] {logging_mixin.py:188} INFO - [2026-09-17T12:08:21.300+0000] {dag.py:3089} INFO - Sync 1 DAGs
[2026-09-17T12:08:21.340+0000] {logging_mixin.py:188} INFO - [2026-09-17T12:08:21.340+0000] {dag.py:3947} INFO - Setting next_dagrun for flights_ops_medallion_pipe to 2026-09-17 12:00:00+00:00, run_after=2026-09-17 12:30:00+00:00
[2026-09-17T12:08:21.365+0000] {processor.py:183} INFO - Processing /opt/airflow/dags/flight-pipeline.py took 0.188 seconds
[2026-09-17T12:08:51.516+0000] {processor.py:161} INFO - Started process (PID=273) to work on /opt/airflow/dags/flight-pipeline.py
[2026-09-17T12:08:51.518+0000] {processor.py:830} INFO - Processing file /opt/airflow/dags/flight-pipeline.py for tasks to queue
[2026-09-17T12:08:51.522+0000] {logging_mixin.py:188} INFO - [2026-09-17T12:08:51.521+0000] {dagbag.py:545} INFO - Filling up the DagBag from /opt/airflow/dags/flight-pipeline.py
[2026-09-17T12:08:51.575+0000] {processor.py:840} INFO - DAG(s) 'flights_ops_medallion_pipe' retrieved from /opt/airflow/dags/flight-pipeline.py
[2026-09-17T12:08:51.629+0000] {logging_mixin.py:188} INFO - [2026-09-17T12:08:51.629+0000] {dag.py:3089} INFO - Sync 1 DAGs
[2026-09-17T12:08:51.668+0000] {logging_mixin.py:188} INFO - [2026-09-17T12:08:51.668+0000] {dag.py:3947} INFO - Setting next_dagrun for flights_ops_medallion_pipe to 2026-09-17 12:00:00+00:00, run_after=2026-09-17 12:30:00+00:00
[2026-09-17T12:08:51.692+0000] {processor.py:183} INFO - Processing /opt/airflow/dags/flight-pipeline.py took 0.186 seconds
[2026-09-17T12:09:21.859+0000] {processor.py:161} INFO - Started process (PID=274) to work on /opt/airflow/dags/flight-pipeline.py
[2026-09-17T12:09:21.862+0000] {processor.py:830} INFO - Processing file /opt/airflow/dags/flight-pipeline.py for tasks to queue
[2026-09-17T12:09:21.867+0000] {logging_mixin.py:188} INFO - [2026-09-17T12:09:21.866+0000] {dagbag.py:545} INFO - Filling up the DagBag from /opt/airflow/dags/flight-pipeline.py
[2026-09-17T12:09:21.916+0000] {processor.py:840} INFO - DAG(s) 'flights_ops_medallion_pipe' retrieved from /opt/airflow/dags/flight-pipeline.py
[2026-09-17T12:09:21.983+0000] {logging_mixin.py:188} INFO - [2026-09-17T12:09:21.982+0000] {dag.py:3089} INFO - Sync 1 DAGs
[2026-09-17T12:09:22.032+0000] {logging_mixin.py:188} INFO - [2026-09-17T12:09:22.032+0000] {dag.py:3947} INFO - Setting next_dagrun for flights_ops_medallion_pipe to 2026-09-17 12:00:00+00:00, run_after=2026-09-17 12:30:00+00:00
[2026-09-17T12:09:22.057+0000] {processor.py:183} INFO - Processing /opt/airflow/dags/flight-pipeline.py took 0.210 seconds
[2026-09-17T12:09:52.165+0000] {processor.py:161} INFO - Started process (PID=275) to work on /opt/airflow/dags/flight-pipeline.py
[2026-09-17T12:09:52.167+0000] {processor.py:830} INFO - Processing file /opt/airflow/dags/flight-pipeline.py for tasks to queue
[2026-09-17T12:09:52.170+0000] {logging_mixin.py:188} INFO - [2026-09-17T12:09:52.170+0000] {dagbag.py:545} INFO - Filling up the DagBag from /opt/airflow/dags/flight-pipeline.py
[2026-09-17T12:09:52.217+0000] {processor.py:840} INFO - DAG(s) 'flights_ops_medallion_pipe' retrieved from /opt/airflow/dags/flight-pipeline.py
[2026-09-17T12:09:52.273+0000] {logging_mixin.py:188} INFO - [2026-09-17T12:09:52.272+0000] {dag.py:3089} INFO - Sync 1 DAGs
[2026-09-17T12:09:52.313+0000] {logging_mixin.py:188} INFO - [2026-09-17T12:09:52.312+0000] {dag.py:3947} INFO - Setting next_dagrun for flights_ops_medallion_pipe to 2026-09-17 12:00:00+00:00, run_after=2026-09-17 12:30:00+00:00
[2026-09-17T12:09:52.340+0000] {processor.py:183} INFO - Processing /opt/airflow/dags/flight-pipeline.py took 0.185 seconds
[2026-09-17T12:10:22.521+0000] {processor.py:161} INFO - Started process (PID=276) to work on /opt/airflow/dags/flight-pipeline.py
[2026-09-17T12:10:22.523+0000] {processor.py:830} INFO - Processing file /opt/airflow/dags/flight-pipeline.py for tasks to queue
[2026-09-17T12:10:22.527+0000] {logging_mixin.py:188} INFO - [2026-09-17T12:10:22.526+0000] {dagbag.py:545} INFO - Filling up the DagBag from /opt/airflow/dags/flight-pipeline.py
[2026-09-17T12:10:22.574+0000] {processor.py:840} INFO - DAG(s) 'flights_ops_medallion_pipe' retrieved from /opt/airflow/dags/flight-pipeline.py
[2026-09-17T12:10:22.624+0000] {logging_mixin.py:188} INFO - [2026-09-17T12:10:22.624+0000] {dag.py:3089} INFO - Sync 1 DAGs
[2026-09-17T12:10:22.665+0000] {logging_mixin.py:188} INFO - [2026-09-17T12:10:22.665+0000] {dag.py:3947} INFO - Setting next_dagrun for flights_ops_medallion_pipe to 2026-09-17 12:00:00+00:00, run_after=2026-09-17 12:30:00+00:00
[2026-09-17T12:10:22.692+0000] {processor.py:183} INFO - Processing /opt/airflow/dags/flight-pipeline.py took 0.180 seconds
[2026-09-17T12:10:52.788+0000] {processor.py:161} INFO - Started process (PID=277) to work on /opt/airflow/dags/flight-pipeline.py
[2026-09-17T12:10:52.790+0000] {processor.py:830} INFO - Processing file /opt/airflow/dags/flight-pipeline.py for tasks to queue
[2026-09-17T12:10:52.793+0000] {logging_mixin.py:188} INFO - [2026-09-17T12:10:52.793+0000] {dagbag.py:545} INFO - Filling up the DagBag from /opt/airflow/dags/flight-pipeline.py
[2026-09-17T12:10:52.843+0000] {processor.py:840} INFO - DAG(s) 'flights_ops_medallion_pipe' retrieved from /opt/airflow/dags/flight-pipeline.py
[2026-09-17T12:10:52.900+0000] {logging_mixin.py:188} INFO - [2026-09-17T12:10:52.899+0000] {dag.py:3089} INFO - Sync 1 DAGs
[2026-09-17T12:10:52.939+0000] {logging_mixin.py:188} INFO - [2026-09-17T12:10:52.939+0000] {dag.py:3947} INFO - Setting next_dagrun for flights_ops_medallion_pipe to 2026-09-17 12:00:00+00:00, run_after=2026-09-17 12:30:00+00:00
[2026-09-17T12:10:52.967+0000] {processor.py:183} INFO - Processing /opt/airflow/dags/flight-pipeline.py took 0.193 seconds
[2026-09-17T12:11:23.181+0000] {processor.py:161} INFO - Started process (PID=278) to work on /opt/airflow/dags/flight-pipeline.py
[2026-09-17T12:11:23.183+0000] {processor.py:830} INFO - Processing file /opt/airflow/dags/flight-pipeline.py for tasks to queue
[2026-09-17T12:11:23.187+0000] {logging_mixin.py:188} INFO - [2026-09-17T12:11:23.186+0000] {dagbag.py:545} INFO - Filling up the DagBag from /opt/airflow/dags/flight-pipeline.py
[2026-09-17T12:11:23.238+0000] {processor.py:840} INFO - DAG(s) 'flights_ops_medallion_pipe' retrieved from /opt/airflow/dags/flight-pipeline.py
[2026-09-17T12:11:23.292+0000] {logging_mixin.py:188} INFO - [2026-09-17T12:11:23.291+0000] {dag.py:3089} INFO - Sync 1 DAGs
[2026-09-17T12:11:23.329+0000] {logging_mixin.py:188} INFO - [2026-09-17T12:11:23.328+0000] {dag.py:3947} INFO - Setting next_dagrun for flights_ops_medallion_pipe to 2026-09-17 12:00:00+00:00, run_after=2026-09-17 12:30:00+00:00
[2026-09-17T12:11:23.357+0000] {processor.py:183} INFO - Processing /opt/airflow/dags/flight-pipeline.py took 0.185 seconds
[2026-09-17T12:11:53.423+0000] {processor.py:161} INFO - Started process (PID=279) to work on /opt/airflow/dags/flight-pipeline.py
[2026-09-17T12:11:53.425+0000] {processor.py:830} INFO - Processing file /opt/airflow/dags/flight-pipeline.py for tasks to queue
[2026-09-17T12:11:53.428+0000] {logging_mixin.py:188} INFO - [2026-09-17T12:11:53.428+0000] {dagbag.py:545} INFO - Filling up the DagBag from /opt/airflow/dags/flight-pipeline.py
[2026-09-17T12:11:53.480+0000] {processor.py:840} INFO - DAG(s) 'flights_ops_medallion_pipe' retrieved from /opt/airflow/dags/flight-pipeline.py
[2026-09-17T12:11:53.534+0000] {logging_mixin.py:188} INFO - [2026-09-17T12:11:53.533+0000] {dag.py:3089} INFO - Sync 1 DAGs
[2026-09-17T12:11:53.571+0000] {logging_mixin.py:188} INFO - [2026-09-17T12:11:53.571+0000] {dag.py:3947} INFO - Setting next_dagrun for flights_ops_medallion_pipe to 2026-09-17 12:00:00+00:00, run_after=2026-09-17 12:30:00+00:00
[2026-09-17T12:11:53.603+0000] {processor.py:183} INFO - Processing /opt/airflow/dags/flight-pipeline.py took 0.190 seconds
[2026-09-17T12:12:23.808+0000] {processor.py:161} INFO - Started process (PID=280) to work on /opt/airflow/dags/flight-pipeline.py
[2026-09-17T12:12:23.811+0000] {processor.py:830} INFO - Processing file /opt/airflow/dags/flight-pipeline.py for tasks to queue
[2026-09-17T12:12:23.814+0000] {logging_mixin.py:188} INFO - [2026-09-17T12:12:23.814+0000] {dagbag.py:545} INFO - Filling up the DagBag from /opt/airflow/dags/flight-pipeline.py
[2026-09-17T12:12:23.862+0000] {processor.py:840} INFO - DAG(s) 'flights_ops_medallion_pipe' retrieved from /opt/airflow/dags/flight-pipeline.py
[2026-09-17T12:12:23.916+0000] {logging_mixin.py:188} INFO - [2026-09-17T12:12:23.916+0000] {dag.py:3089} INFO - Sync 1 DAGs
[2026-09-17T12:12:23.953+0000] {logging_mixin.py:188} INFO - [2026-09-17T12:12:23.953+0000] {dag.py:3947} INFO - Setting next_dagrun for flights_ops_medallion_pipe to 2026-09-17 12:00:00+00:00, run_after=2026-09-17 12:30:00+00:00
[2026-09-17T12:12:23.983+0000] {processor.py:183} INFO - Processing /opt/airflow/dags/flight-pipeline.py took 0.186 seconds
[2026-09-17T12:12:54.046+0000] {processor.py:161} INFO - Started process (PID=281) to work on /opt/airflow/dags/flight-pipeline.py
[2026-09-17T12:12:54.048+0000] {processor.py:830} INFO - Processing file /opt/airflow/dags/flight-pipeline.py for tasks to queue
[2026-09-17T12:12:54.051+0000] {logging_mixin.py:188} INFO - [2026-09-17T12:12:54.050+0000] {dagbag.py:545} INFO - Filling up the DagBag from /opt/airflow/dags/flight-pipeline.py
[2026-09-17T12:12:54.101+0000] {processor.py:840} INFO - DAG(s) 'flights_ops_medallion_pipe' retrieved from /opt/airflow/dags/flight-pipeline.py
[2026-09-17T12:12:54.172+0000] {logging_mixin.py:188} INFO - [2026-09-17T12:12:54.171+0000] {dag.py:3089} INFO - Sync 1 DAGs
[2026-09-17T12:12:54.210+0000] {logging_mixin.py:188} INFO - [2026-09-17T12:12:54.210+0000] {dag.py:3947} INFO - Setting next_dagrun for flights_ops_medallion_pipe to 2026-09-17 12:00:00+00:00, run_after=2026-09-17 12:30:00+00:00
[2026-09-17T12:12:54.237+0000] {processor.py:183} INFO - Processing /opt/airflow/dags/flight-pipeline.py took 0.200 seconds
[2026-09-17T12:13:24.446+0000] {processor.py:161} INFO - Started process (PID=282) to work on /opt/airflow/dags/flight-pipeline.py
[2026-09-17T12:13:24.449+0000] {processor.py:830} INFO - Processing file /opt/airflow/dags/flight-pipeline.py for tasks to queue
[2026-09-17T12:13:24.453+0000] {logging_mixin.py:188} INFO - [2026-09-17T12:13:24.452+0000] {dagbag.py:545} INFO - Filling up the DagBag from /opt/airflow/dags/flight-pipeline.py
[2026-09-17T12:13:24.513+0000] {processor.py:840} INFO - DAG(s) 'flights_ops_medallion_pipe' retrieved from /opt/airflow/dags/flight-pipeline.py
[2026-09-17T12:13:24.576+0000] {logging_mixin.py:188} INFO - [2026-09-17T12:13:24.576+0000] {dag.py:3089} INFO - Sync 1 DAGs
[2026-09-17T12:13:24.618+0000] {logging_mixin.py:188} INFO - [2026-09-17T12:13:24.617+0000] {dag.py:3947} INFO - Setting next_dagrun for flights_ops_medallion_pipe to 2026-09-17 12:00:00+00:00, run_after=2026-09-17 12:30:00+00:00
[2026-09-17T12:13:24.647+0000] {processor.py:183} INFO - Processing /opt/airflow/dags/flight-pipeline.py took 0.213 seconds
[2026-09-17T12:13:54.897+0000] {processor.py:161} INFO - Started process (PID=283) to work on /opt/airflow/dags/flight-pipeline.py
[2026-09-17T12:13:54.899+0000] {processor.py:830} INFO - Processing file /opt/airflow/dags/flight-pipeline.py for tasks to queue
[2026-09-17T12:13:54.904+0000] {logging_mixin.py:188} INFO - [2026-09-17T12:13:54.903+0000] {dagbag.py:545} INFO - Filling up the DagBag from /opt/airflow/dags/flight-pipeline.py
[2026-09-17T12:13:54.953+0000] {processor.py:840} INFO - DAG(s) 'flights_ops_medallion_pipe' retrieved from /opt/airflow/dags/flight-pipeline.py
[2026-09-17T12:13:55.005+0000] {logging_mixin.py:188} INFO - [2026-09-17T12:13:55.005+0000] {dag.py:3089} INFO - Sync 1 DAGs
[2026-09-17T12:13:55.045+0000] {logging_mixin.py:188} INFO - [2026-09-17T12:13:55.045+0000] {dag.py:3947} INFO - Setting next_dagrun for flights_ops_medallion_pipe to 2026-09-17 12:00:00+00:00, run_after=2026-09-17 12:30:00+00:00
[2026-09-17T12:13:55.075+0000] {processor.py:183} INFO - Processing /opt/airflow/dags/flight-pipeline.py took 0.187 seconds
[2026-09-17T12:14:25.150+0000] {processor.py:161} INFO - Started process (PID=284) to work on /opt/airflow/dags/flight-pipeline.py
[2026-09-17T12:14:25.151+0000] {processor.py:830} INFO - Processing file /opt/airflow/dags/flight-pipeline.py for tasks to queue
[2026-09-17T12:14:25.155+0000] {logging_mixin.py:188} INFO - [2026-09-17T12:14:25.155+0000] {dagbag.py:545} INFO - Filling up the DagBag from /opt/airflow/dags/flight-pipeline.py
[2026-09-17T12:14:25.204+0000] {processor.py:840} INFO - DAG(s) 'flights_ops_medallion_pipe' retrieved from /opt/airflow/dags/flight-pipeline.py
[2026-09-17T12:14:25.253+0000] {logging_mixin.py:188} INFO - [2026-09-17T12:14:25.252+0000] {dag.py:3089} INFO - Sync 1 DAGs
[2026-09-17T12:14:25.285+0000] {logging_mixin.py:188} INFO - [2026-09-17T12:14:25.284+0000] {dag.py:3947} INFO - Setting next_dagrun for flights_ops_medallion_pipe to 2026-09-17 12:00:00+00:00, run_after=2026-09-17 12:30:00+00:00
[2026-09-17T12:14:25.309+0000] {processor.py:183} INFO - Processing /opt/airflow/dags/flight-pipeline.py took 0.168 seconds
[2026-09-17T12:14:55.556+0000] {processor.py:161} INFO - Started process (PID=285) to work on /opt/airflow/dags/flight-pipeline.py
[2026-09-17T12:14:55.559+0000] {processor.py:830} INFO - Processing file /opt/airflow/dags/flight-pipeline.py for tasks to queue
[2026-09-17T12:14:55.563+0000] {logging_mixin.py:188} INFO - [2026-09-17T12:14:55.562+0000] {dagbag.py:545} INFO - Filling up the DagBag from /opt/airflow/dags/flight-pipeline.py
[2026-09-17T12:14:55.620+0000] {processor.py:840} INFO - DAG(s) 'flights_ops_medallion_pipe' retrieved from /opt/airflow/dags/flight-pipeline.py
[2026-09-17T12:14:55.677+0000] {logging_mixin.py:188} INFO - [2026-09-17T12:14:55.677+0000] {dag.py:3089} INFO - Sync 1 DAGs
[2026-09-17T12:14:55.715+0000] {logging_mixin.py:188} INFO - [2026-09-17T12:14:55.715+0000] {dag.py:3947} INFO - Setting next_dagrun for flights_ops_medallion_pipe to 2026-09-17 12:00:00+00:00, run_after=2026-09-17 12:30:00+00:00
[2026-09-17T12:14:55.748+0000] {processor.py:183} INFO - Processing /opt/airflow/dags/flight-pipeline.py took 0.201 seconds
[2026-09-17T12:15:25.822+0000] {processor.py:161} INFO - Started process (PID=286) to work on /opt/airflow/dags/flight-pipeline.py
[2026-09-17T12:15:25.824+0000] {processor.py:830} INFO - Processing file /opt/airflow/dags/flight-pipeline.py for tasks to queue
[2026-09-17T12:15:25.827+0000] {logging_mixin.py:188} INFO - [2026-09-17T12:15:25.826+0000] {dagbag.py:545} INFO - Filling up the DagBag from /opt/airflow/dags/flight-pipeline.py
[2026-09-17T12:15:25.887+0000] {processor.py:840} INFO - DAG(s) 'flights_ops_medallion_pipe' retrieved from /opt/airflow/dags/flight-pipeline.py
[2026-09-17T12:15:25.935+0000] {logging_mixin.py:188} INFO - [2026-09-17T12:15:25.935+0000] {dag.py:3089} INFO - Sync 1 DAGs
[2026-09-17T12:15:25.967+0000] {logging_mixin.py:188} INFO - [2026-09-17T12:15:25.967+0000] {dag.py:3947} INFO - Setting next_dagrun for flights_ops_medallion_pipe to 2026-09-17 12:00:00+00:00, run_after=2026-09-17 12:30:00+00:00
[2026-09-17T12:15:25.992+0000] {processor.py:183} INFO - Processing /opt/airflow/dags/flight-pipeline.py took 0.179 seconds
[2026-09-17T12:15:56.254+0000] {processor.py:161} INFO - Started process (PID=287) to work on /opt/airflow/dags/flight-pipeline.py
[2026-09-17T12:15:56.256+0000] {processor.py:830} INFO - Processing file /opt/airflow/dags/flight-pipeline.py for tasks to queue
[2026-09-17T12:15:56.260+0000] {logging_mixin.py:188} INFO - [2026-09-17T12:15:56.260+0000] {dagbag.py:545} INFO - Filling up the DagBag from /opt/airflow/dags/flight-pipeline.py
[2026-09-17T12:15:56.312+0000] {processor.py:840} INFO - DAG(s) 'flights_ops_medallion_pipe' retrieved from /opt/airflow/dags/flight-pipeline.py
[2026-09-17T12:15:56.360+0000] {logging_mixin.py:188} INFO - [2026-09-17T12:15:56.359+0000] {dag.py:3089} INFO - Sync 1 DAGs
[2026-09-17T12:15:56.398+0000] {logging_mixin.py:188} INFO - [2026-09-17T12:15:56.398+0000] {dag.py:3947} INFO - Setting next_dagrun for flights_ops_medallion_pipe to 2026-09-17 12:00:00+00:00, run_after=2026-09-17 12:30:00+00:00
[2026-09-17T12:15:56.427+0000] {processor.py:183} INFO - Processing /opt/airflow/dags/flight-pipeline.py took 0.182 seconds
[2026-09-17T12:16:26.569+0000] {processor.py:161} INFO - Started process (PID=288) to work on /opt/airflow/dags/flight-pipeline.py
[2026-09-17T12:16:26.571+0000] {processor.py:830} INFO - Processing file /opt/airflow/dags/flight-pipeline.py for tasks to queue
[2026-09-17T12:16:26.574+0000] {logging_mixin.py:188} INFO - [2026-09-17T12:16:26.574+0000] {dagbag.py:545} INFO - Filling up the DagBag from /opt/airflow/dags/flight-pipeline.py
[2026-09-17T12:16:26.629+0000] {processor.py:840} INFO - DAG(s) 'flights_ops_medallion_pipe' retrieved from /opt/airflow/dags/flight-pipeline.py
[2026-09-17T12:16:26.681+0000] {logging_mixin.py:188} INFO - [2026-09-17T12:16:26.681+0000] {dag.py:3089} INFO - Sync 1 DAGs
[2026-09-17T12:16:26.716+0000] {logging_mixin.py:188} INFO - [2026-09-17T12:16:26.715+0000] {dag.py:3947} INFO - Setting next_dagrun for flights_ops_medallion_pipe to 2026-09-17 12:00:00+00:00, run_after=2026-09-17 12:30:00+00:00
[2026-09-17T12:16:26.741+0000] {processor.py:183} INFO - Processing /opt/airflow/dags/flight-pipeline.py took 0.183 seconds
[2026-09-17T12:16:56.925+0000] {processor.py:161} INFO - Started process (PID=289) to work on /opt/airflow/dags/flight-pipeline.py
[2026-09-17T12:16:56.927+0000] {processor.py:830} INFO - Processing file /opt/airflow/dags/flight-pipeline.py for tasks to queue
[2026-09-17T12:16:56.931+0000] {logging_mixin.py:188} INFO - [2026-09-17T12:16:56.930+0000] {dagbag.py:545} INFO - Filling up the DagBag from /opt/airflow/dags/flight-pipeline.py
[2026-09-17T12:16:56.985+0000] {processor.py:840} INFO - DAG(s) 'flights_ops_medallion_pipe' retrieved from /opt/airflow/dags/flight-pipeline.py
[2026-09-17T12:16:57.037+0000] {logging_mixin.py:188} INFO - [2026-09-17T12:16:57.037+0000] {dag.py:3089} INFO - Sync 1 DAGs
[2026-09-17T12:16:57.073+0000] {logging_mixin.py:188} INFO - [2026-09-17T12:16:57.073+0000] {dag.py:3947} INFO - Setting next_dagrun for flights_ops_medallion_pipe to 2026-09-17 12:00:00+00:00, run_after=2026-09-17 12:30:00+00:00
[2026-09-17T12:16:57.101+0000] {processor.py:183} INFO - Processing /opt/airflow/dags/flight-pipeline.py took 0.187 seconds
[2026-09-17T12:17:27.207+0000] {processor.py:161} INFO - Started process (PID=290) to work on /opt/airflow/dags/flight-pipeline.py
[2026-09-17T12:17:27.209+0000] {processor.py:830} INFO - Processing file /opt/airflow/dags/flight-pipeline.py for tasks to queue
[2026-09-17T12:17:27.213+0000] {logging_mixin.py:188} INFO - [2026-09-17T12:17:27.212+0000] {dagbag.py:545} INFO - Filling up the DagBag from /opt/airflow/dags/flight-pipeline.py
[2026-09-17T12:17:27.261+0000] {processor.py:840} INFO - DAG(s) 'flights_ops_medallion_pipe' retrieved from /opt/airflow/dags/flight-pipeline.py
[2026-09-17T12:17:27.313+0000] {logging_mixin.py:188} INFO - [2026-09-17T12:17:27.313+0000] {dag.py:3089} INFO - Sync 1 DAGs
[2026-09-17T12:17:27.350+0000] {logging_mixin.py:188} INFO - [2026-09-17T12:17:27.349+0000] {dag.py:3947} INFO - Setting next_dagrun for flights_ops_medallion_pipe to 2026-09-17 12:00:00+00:00, run_after=2026-09-17 12:30:00+00:00
[2026-09-17T12:17:27.377+0000] {processor.py:183} INFO - Processing /opt/airflow/dags/flight-pipeline.py took 0.180 seconds
[2026-09-17T12:17:57.589+0000] {processor.py:161} INFO - Started process (PID=291) to work on /opt/airflow/dags/flight-pipeline.py
[2026-09-17T12:17:57.591+0000] {processor.py:830} INFO - Processing file /opt/airflow/dags/flight-pipeline.py for tasks to queue
[2026-09-17T12:17:57.594+0000] {logging_mixin.py:188} INFO - [2026-09-17T12:17:57.593+0000] {dagbag.py:545} INFO - Filling up the DagBag from /opt/airflow/dags/flight-pipeline.py
[2026-09-17T12:17:57.639+0000] {processor.py:840} INFO - DAG(s) 'flights_ops_medallion_pipe' retrieved from /opt/airflow/dags/flight-pipeline.py
[2026-09-17T12:17:57.688+0000] {logging_mixin.py:188} INFO - [2026-09-17T12:17:57.688+0000] {dag.py:3089} INFO - Sync 1 DAGs
[2026-09-17T12:17:57.725+0000] {logging_mixin.py:188} INFO - [2026-09-17T12:17:57.724+0000] {dag.py:3947} INFO - Setting next_dagrun for flights_ops_medallion_pipe to 2026-09-17 12:00:00+00:00, run_after=2026-09-17 12:30:00+00:00
[2026-09-17T12:17:57.752+0000] {processor.py:183} INFO - Processing /opt/airflow/dags/flight-pipeline.py took 0.174 seconds
[2026-09-17T12:18:27.861+0000] {processor.py:161} INFO - Started process (PID=292) to work on /opt/airflow/dags/flight-pipeline.py
[2026-09-17T12:18:27.863+0000] {processor.py:830} INFO - Processing file /opt/airflow/dags/flight-pipeline.py for tasks to queue
[2026-09-17T12:18:27.867+0000] {logging_mixin.py:188} INFO - [2026-09-17T12:18:27.866+0000] {dagbag.py:545} INFO - Filling up the DagBag from /opt/airflow/dags/flight-pipeline.py
[2026-09-17T12:18:27.918+0000] {processor.py:840} INFO - DAG(s) 'flights_ops_medallion_pipe' retrieved from /opt/airflow/dags/flight-pipeline.py
[2026-09-17T12:18:27.971+0000] {logging_mixin.py:188} INFO - [2026-09-17T12:18:27.970+0000] {dag.py:3089} INFO - Sync 1 DAGs
[2026-09-17T12:18:28.007+0000] {logging_mixin.py:188} INFO - [2026-09-17T12:18:28.006+0000] {dag.py:3947} INFO - Setting next_dagrun for flights_ops_medallion_pipe to 2026-09-17 12:00:00+00:00, run_after=2026-09-17 12:30:00+00:00
[2026-09-17T12:18:28.035+0000] {processor.py:183} INFO - Processing /opt/airflow/dags/flight-pipeline.py took 0.185 seconds
[2026-09-17T12:18:58.247+0000] {processor.py:161} INFO - Started process (PID=293) to work on /opt/airflow/dags/flight-pipeline.py
[2026-09-17T12:18:58.249+0000] {processor.py:830} INFO - Processing file /opt/airflow/dags/flight-pipeline.py for tasks to queue
[2026-09-17T12:18:58.252+0000] {logging_mixin.py:188} INFO - [2026-09-17T12:18:58.252+0000] {dagbag.py:545} INFO - Filling up the DagBag from /opt/airflow/dags/flight-pipeline.py
[2026-09-17T12:18:58.301+0000] {processor.py:840} INFO - DAG(s) 'flights_ops_medallion_pipe' retrieved from /opt/airflow/dags/flight-pipeline.py
[2026-09-17T12:18:58.356+0000] {logging_mixin.py:188} INFO - [2026-09-17T12:18:58.355+0000] {dag.py:3089} INFO - Sync 1 DAGs
[2026-09-17T12:18:58.395+0000] {logging_mixin.py:188} INFO - [2026-09-17T12:18:58.395+0000] {dag.py:3947} INFO - Setting next_dagrun for flights_ops_medallion_pipe to 2026-09-17 12:00:00+00:00, run_after=2026-09-17 12:30:00+00:00
[2026-09-17T12:18:58.424+0000] {processor.py:183} INFO - Processing /opt/airflow/dags/flight-pipeline.py took 0.189 seconds
[2026-09-17T12:19:28.518+0000] {processor.py:161} INFO - Started process (PID=294) to work on /opt/airflow/dags/flight-pipeline.py
[2026-09-17T12:19:28.520+0000] {processor.py:830} INFO - Processing file /opt/airflow/dags/flight-pipeline.py for tasks to queue
[2026-09-17T12:19:28.524+0000] {logging_mixin.py:188} INFO - [2026-09-17T12:19:28.524+0000] {dagbag.py:545} INFO - Filling up the DagBag from /opt/airflow/dags/flight-pipeline.py
[2026-09-17T12:19:28.572+0000] {processor.py:840} INFO - DAG(s) 'flights_ops_medallion_pipe' retrieved from /opt/airflow/dags/flight-pipeline.py
[2026-09-17T12:19:28.626+0000] {logging_mixin.py:188} INFO - [2026-09-17T12:19:28.626+0000] {dag.py:3089} INFO - Sync 1 DAGs
[2026-09-17T12:19:28.665+0000] {logging_mixin.py:188} INFO - [2026-09-17T12:19:28.665+0000] {dag.py:3947} INFO - Setting next_dagrun for flights_ops_medallion_pipe to 2026-09-17 12:00:00+00:00, run_after=2026-09-17 12:30:00+00:00
[2026-09-17T12:19:28.692+0000] {processor.py:183} INFO - Processing /opt/airflow/dags/flight-pipeline.py took 0.184 seconds
[2026-09-17T12:19:58.916+0000] {processor.py:161} INFO - Started process (PID=295) to work on /opt/airflow/dags/flight-pipeline.py
[2026-09-17T12:19:58.918+0000] {processor.py:830} INFO - Processing file /opt/airflow/dags/flight-pipeline.py for tasks to queue
[2026-09-17T12:19:58.922+0000] {logging_mixin.py:188} INFO - [2026-09-17T12:19:58.922+0000] {dagbag.py:545} INFO - Filling up the DagBag from /opt/airflow/dags/flight-pipeline.py
[2026-09-17T12:19:58.970+0000] {processor.py:840} INFO - DAG(s) 'flights_ops_medallion_pipe' retrieved from /opt/airflow/dags/flight-pipeline.py
[2026-09-17T12:19:59.023+0000] {logging_mixin.py:188} INFO - [2026-09-17T12:19:59.023+0000] {dag.py:3089} INFO - Sync 1 DAGs
[2026-09-17T12:19:59.058+0000] {logging_mixin.py:188} INFO - [2026-09-17T12:19:59.058+0000] {dag.py:3947} INFO - Setting next_dagrun for flights_ops_medallion_pipe to 2026-09-17 12:00:00+00:00, run_after=2026-09-17 12:30:00+00:00
[2026-09-17T12:19:59.086+0000] {processor.py:183} INFO - Processing /opt/airflow/dags/flight-pipeline.py took 0.179 seconds
[2026-09-17T12:20:29.177+0000] {processor.py:161} INFO - Started process (PID=296) to work on /opt/airflow/dags/flight-pipeline.py
[2026-09-17T12:20:29.179+0000] {processor.py:830} INFO - Processing file /opt/airflow/dags/flight-pipeline.py for tasks to queue
[2026-09-17T12:20:29.183+0000] {logging_mixin.py:188} INFO - [2026-09-17T12:20:29.182+0000] {dagbag.py:545} INFO - Filling up the DagBag from /opt/airflow/dags/flight-pipeline.py
[2026-09-17T12:20:29.232+0000] {processor.py:840} INFO - DAG(s) 'flights_ops_medallion_pipe' retrieved from /opt/airflow/dags/flight-pipeline.py
[2026-09-17T12:20:29.287+0000] {logging_mixin.py:188} INFO - [2026-09-17T12:20:29.287+0000] {dag.py:3089} INFO - Sync 1 DAGs
[2026-09-17T12:20:29.326+0000] {logging_mixin.py:188} INFO - [2026-09-17T12:20:29.326+0000] {dag.py:3947} INFO - Setting next_dagrun for flights_ops_medallion_pipe to 2026-09-17 12:00:00+00:00, run_after=2026-09-17 12:30:00+00:00
[2026-09-17T12:20:29.353+0000] {processor.py:183} INFO - Processing /opt/airflow/dags/flight-pipeline.py took 0.187 seconds
[2026-09-17T12:20:59.600+0000] {processor.py:161} INFO - Started process (PID=297) to work on /opt/airflow/dags/flight-pipeline.py
[2026-09-17T12:20:59.602+0000] {processor.py:830} INFO - Processing file /opt/airflow/dags/flight-pipeline.py for tasks to queue
[2026-09-17T12:20:59.606+0000] {logging_mixin.py:188} INFO - [2026-09-17T12:20:59.605+0000] {dagbag.py:545} INFO - Filling up the DagBag from /opt/airflow/dags/flight-pipeline.py
[2026-09-17T12:20:59.650+0000] {processor.py:840} INFO - DAG(s) 'flights_ops_medallion_pipe' retrieved from /opt/airflow/dags/flight-pipeline.py
[2026-09-17T12:20:59.704+0000] {logging_mixin.py:188} INFO - [2026-09-17T12:20:59.703+0000] {dag.py:3089} INFO - Sync 1 DAGs
[2026-09-17T12:20:59.743+0000] {logging_mixin.py:188} INFO - [2026-09-17T12:20:59.743+0000] {dag.py:3947} INFO - Setting next_dagrun for flights_ops_medallion_pipe to 2026-09-17 12:00:00+00:00, run_after=2026-09-17 12:30:00+00:00
[2026-09-17T12:20:59.769+0000] {processor.py:183} INFO - Processing /opt/airflow/dags/flight-pipeline.py took 0.178 seconds
[2026-09-17T12:21:29.920+0000] {processor.py:161} INFO - Started process (PID=298) to work on /opt/airflow/dags/flight-pipeline.py
[2026-09-17T12:21:29.922+0000] {processor.py:830} INFO - Processing file /opt/airflow/dags/flight-pipeline.py for tasks to queue
[2026-09-17T12:21:29.925+0000] {logging_mixin.py:188} INFO - [2026-09-17T12:21:29.925+0000] {dagbag.py:545} INFO - Filling up the DagBag from /opt/airflow/dags/flight-pipeline.py
[2026-09-17T12:21:29.980+0000] {processor.py:840} INFO - DAG(s) 'flights_ops_medallion_pipe' retrieved from /opt/airflow/dags/flight-pipeline.py
[2026-09-17T12:21:30.033+0000] {logging_mixin.py:188} INFO - [2026-09-17T12:21:30.033+0000] {dag.py:3089} INFO - Sync 1 DAGs
[2026-09-17T12:21:30.074+0000] {logging_mixin.py:188} INFO - [2026-09-17T12:21:30.073+0000] {dag.py:3947} INFO - Setting next_dagrun for flights_ops_medallion_pipe to 2026-09-17 12:00:00+00:00, run_after=2026-09-17 12:30:00+00:00
[2026-09-17T12:21:30.100+0000] {processor.py:183} INFO - Processing /opt/airflow/dags/flight-pipeline.py took 0.190 seconds
[2026-09-17T12:22:00.229+0000] {processor.py:161} INFO - Started process (PID=299) to work on /opt/airflow/dags/flight-pipeline.py
[2026-09-17T12:22:00.232+0000] {processor.py:830} INFO - Processing file /opt/airflow/dags/flight-pipeline.py for tasks to queue
[2026-09-17T12:22:00.235+0000] {logging_mixin.py:188} INFO - [2026-09-17T12:22:00.235+0000] {dagbag.py:545} INFO - Filling up the DagBag from /opt/airflow/dags/flight-pipeline.py
[2026-09-17T12:22:00.286+0000] {processor.py:840} INFO - DAG(s) 'flights_ops_medallion_pipe' retrieved from /opt/airflow/dags/flight-pipeline.py
[2026-09-17T12:22:00.340+0000] {logging_mixin.py:188} INFO - [2026-09-17T12:22:00.340+0000] {dag.py:3089} INFO - Sync 1 DAGs
[2026-09-17T12:22:00.380+0000] {logging_mixin.py:188} INFO - [2026-09-17T12:22:00.379+0000] {dag.py:3947} INFO - Setting next_dagrun for flights_ops_medallion_pipe to 2026-09-17 12:00:00+00:00, run_after=2026-09-17 12:30:00+00:00
[2026-09-17T12:22:00.407+0000] {processor.py:183} INFO - Processing /opt/airflow/dags/flight-pipeline.py took 0.188 seconds
[2026-09-17T12:22:30.583+0000] {processor.py:161} INFO - Started process (PID=300) to work on /opt/airflow/dags/flight-pipeline.py
[2026-09-17T12:22:30.585+0000] {processor.py:830} INFO - Processing file /opt/airflow/dags/flight-pipeline.py for tasks to queue
[2026-09-17T12:22:30.589+0000] {logging_mixin.py:188} INFO - [2026-09-17T12:22:30.588+0000] {dagbag.py:545} INFO - Filling up the DagBag from /opt/airflow/dags/flight-pipeline.py
[2026-09-17T12:22:30.644+0000] {processor.py:840} INFO - DAG(s) 'flights_ops_medallion_pipe' retrieved from /opt/airflow/dags/flight-pipeline.py
[2026-09-17T12:22:30.694+0000] {logging_mixin.py:188} INFO - [2026-09-17T12:22:30.693+0000] {dag.py:3089} INFO - Sync 1 DAGs
[2026-09-17T12:22:30.735+0000] {logging_mixin.py:188} INFO - [2026-09-17T12:22:30.735+0000] {dag.py:3947} INFO - Setting next_dagrun for flights_ops_medallion_pipe to 2026-09-17 12:00:00+00:00, run_after=2026-09-17 12:30:00+00:00
[2026-09-17T12:22:30.762+0000] {processor.py:183} INFO - Processing /opt/airflow/dags/flight-pipeline.py took 0.190 seconds
[2026-09-17T12:23:00.867+0000] {processor.py:161} INFO - Started process (PID=301) to work on /opt/airflow/dags/flight-pipeline.py
[2026-09-17T12:23:00.870+0000] {processor.py:830} INFO - Processing file /opt/airflow/dags/flight-pipeline.py for tasks to queue
[2026-09-17T12:23:00.873+0000] {logging_mixin.py:188} INFO - [2026-09-17T12:23:00.873+0000] {dagbag.py:545} INFO - Filling up the DagBag from /opt/airflow/dags/flight-pipeline.py
[2026-09-17T12:23:00.922+0000] {processor.py:840} INFO - DAG(s) 'flights_ops_medallion_pipe' retrieved from /opt/airflow/dags/flight-pipeline.py
[2026-09-17T12:23:00.978+0000] {logging_mixin.py:188} INFO - [2026-09-17T12:23:00.978+0000] {dag.py:3089} INFO - Sync 1 DAGs
[2026-09-17T12:23:01.017+0000] {logging_mixin.py:188} INFO - [2026-09-17T12:23:01.017+0000] {dag.py:3947} INFO - Setting next_dagrun for flights_ops_medallion_pipe to 2026-09-17 12:00:00+00:00, run_after=2026-09-17 12:30:00+00:00
[2026-09-17T12:23:01.048+0000] {processor.py:183} INFO - Processing /opt/airflow/dags/flight-pipeline.py took 0.192 seconds
[2026-09-17T12:23:31.253+0000] {processor.py:161} INFO - Started process (PID=302) to work on /opt/airflow/dags/flight-pipeline.py
[2026-09-17T12:23:31.255+0000] {processor.py:830} INFO - Processing file /opt/airflow/dags/flight-pipeline.py for tasks to queue
[2026-09-17T12:23:31.259+0000] {logging_mixin.py:188} INFO - [2026-09-17T12:23:31.258+0000] {dagbag.py:545} INFO - Filling up the DagBag from /opt/airflow/dags/flight-pipeline.py
[2026-09-17T12:23:31.322+0000] {processor.py:840} INFO - DAG(s) 'flights_ops_medallion_pipe' retrieved from /opt/airflow/dags/flight-pipeline.py
[2026-09-17T12:23:31.385+0000] {logging_mixin.py:188} INFO - [2026-09-17T12:23:31.385+0000] {dag.py:3089} INFO - Sync 1 DAGs
[2026-09-17T12:23:31.428+0000] {logging_mixin.py:188} INFO - [2026-09-17T12:23:31.428+0000] {dag.py:3947} INFO - Setting next_dagrun for flights_ops_medallion_pipe to 2026-09-17 12:00:00+00:00, run_after=2026-09-17 12:30:00+00:00
[2026-09-17T12:23:31.457+0000] {processor.py:183} INFO - Processing /opt/airflow/dags/flight-pipeline.py took 0.213 seconds
[2026-09-17T12:24:01.551+0000] {processor.py:161} INFO - Started process (PID=303) to work on /opt/airflow/dags/flight-pipeline.py
[2026-09-17T12:24:01.553+0000] {processor.py:830} INFO - Processing file /opt/airflow/dags/flight-pipeline.py for tasks to queue
[2026-09-17T12:24:01.557+0000] {logging_mixin.py:188} INFO - [2026-09-17T12:24:01.556+0000] {dagbag.py:545} INFO - Filling up the DagBag from /opt/airflow/dags/flight-pipeline.py
[2026-09-17T12:24:01.607+0000] {processor.py:840} INFO - DAG(s) 'flights_ops_medallion_pipe' retrieved from /opt/airflow/dags/flight-pipeline.py
[2026-09-17T12:24:01.663+0000] {logging_mixin.py:188} INFO - [2026-09-17T12:24:01.662+0000] {dag.py:3089} INFO - Sync 1 DAGs
[2026-09-17T12:24:01.727+0000] {logging_mixin.py:188} INFO - [2026-09-17T12:24:01.726+0000] {dag.py:3947} INFO - Setting next_dagrun for flights_ops_medallion_pipe to 2026-09-17 12:00:00+00:00, run_after=2026-09-17 12:30:00+00:00
[2026-09-17T12:24:01.754+0000] {processor.py:183} INFO - Processing /opt/airflow/dags/flight-pipeline.py took 0.212 seconds
[2026-09-17T12:24:31.972+0000] {processor.py:161} INFO - Started process (PID=304) to work on /opt/airflow/dags/flight-pipeline.py
[2026-09-17T12:24:31.973+0000] {processor.py:830} INFO - Processing file /opt/airflow/dags/flight-pipeline.py for tasks to queue
[2026-09-17T12:24:31.977+0000] {logging_mixin.py:188} INFO - [2026-09-17T12:24:31.976+0000] {dagbag.py:545} INFO - Filling up the DagBag from /opt/airflow/dags/flight-pipeline.py
[2026-09-17T12:24:32.029+0000] {processor.py:840} INFO - DAG(s) 'flights_ops_medallion_pipe' retrieved from /opt/airflow/dags/flight-pipeline.py
[2026-09-17T12:24:32.082+0000] {logging_mixin.py:188} INFO - [2026-09-17T12:24:32.081+0000] {dag.py:3089} INFO - Sync 1 DAGs
[2026-09-17T12:24:32.130+0000] {logging_mixin.py:188} INFO - [2026-09-17T12:24:32.129+0000] {dag.py:3947} INFO - Setting next_dagrun for flights_ops_medallion_pipe to 2026-09-17 12:00:00+00:00, run_after=2026-09-17 12:30:00+00:00
[2026-09-17T12:24:32.157+0000] {processor.py:183} INFO - Processing /opt/airflow/dags/flight-pipeline.py took 0.192 seconds
[2026-09-17T12:25:02.251+0000] {processor.py:161} INFO - Started process (PID=305) to work on /opt/airflow/dags/flight-pipeline.py
[2026-09-17T12:25:02.254+0000] {processor.py:830} INFO - Processing file /opt/airflow/dags/flight-pipeline.py for tasks to queue
[2026-09-17T12:25:02.257+0000] {logging_mixin.py:188} INFO - [2026-09-17T12:25:02.256+0000] {dagbag.py:545} INFO - Filling up the DagBag from /opt/airflow/dags/flight-pipeline.py
[2026-09-17T12:25:02.309+0000] {processor.py:840} INFO - DAG(s) 'flights_ops_medallion_pipe' retrieved from /opt/airflow/dags/flight-pipeline.py
[2026-09-17T12:25:02.353+0000] {logging_mixin.py:188} INFO - [2026-09-17T12:25:02.353+0000] {dag.py:3089} INFO - Sync 1 DAGs
[2026-09-17T12:25:02.386+0000] {logging_mixin.py:188} INFO - [2026-09-17T12:25:02.386+0000] {dag.py:3947} INFO - Setting next_dagrun for flights_ops_medallion_pipe to 2026-09-17 12:00:00+00:00, run_after=2026-09-17 12:30:00+00:00
[2026-09-17T12:25:02.415+0000] {processor.py:183} INFO - Processing /opt/airflow/dags/flight-pipeline.py took 0.172 seconds
[2026-09-17T12:25:32.681+0000] {processor.py:161} INFO - Started process (PID=306) to work on /opt/airflow/dags/flight-pipeline.py
[2026-09-17T12:25:32.683+0000] {processor.py:830} INFO - Processing file /opt/airflow/dags/flight-pipeline.py for tasks to queue
[2026-09-17T12:25:32.687+0000] {logging_mixin.py:188} INFO - [2026-09-17T12:25:32.686+0000] {dagbag.py:545} INFO - Filling up the DagBag from /opt/airflow/dags/flight-pipeline.py
[2026-09-17T12:25:32.740+0000] {processor.py:840} INFO - DAG(s) 'flights_ops_medallion_pipe' retrieved from /opt/airflow/dags/flight-pipeline.py
[2026-09-17T12:25:32.798+0000] {logging_mixin.py:188} INFO - [2026-09-17T12:25:32.797+0000] {dag.py:3089} INFO - Sync 1 DAGs
[2026-09-17T12:25:32.840+0000] {logging_mixin.py:188} INFO - [2026-09-17T12:25:32.839+0000] {dag.py:3947} INFO - Setting next_dagrun for flights_ops_medallion_pipe to 2026-09-17 12:00:00+00:00, run_after=2026-09-17 12:30:00+00:00
[2026-09-17T12:25:32.869+0000] {processor.py:183} INFO - Processing /opt/airflow/dags/flight-pipeline.py took 0.197 seconds
[2026-09-17T12:26:02.951+0000] {processor.py:161} INFO - Started process (PID=307) to work on /opt/airflow/dags/flight-pipeline.py
[2026-09-17T12:26:02.954+0000] {processor.py:830} INFO - Processing file /opt/airflow/dags/flight-pipeline.py for tasks to queue
[2026-09-17T12:26:02.959+0000] {logging_mixin.py:188} INFO - [2026-09-17T12:26:02.958+0000] {dagbag.py:545} INFO - Filling up the DagBag from /opt/airflow/dags/flight-pipeline.py
[2026-09-17T12:26:03.013+0000] {processor.py:840} INFO - DAG(s) 'flights_ops_medallion_pipe' retrieved from /opt/airflow/dags/flight-pipeline.py
[2026-09-17T12:26:03.063+0000] {logging_mixin.py:188} INFO - [2026-09-17T12:26:03.063+0000] {dag.py:3089} INFO - Sync 1 DAGs
[2026-09-17T12:26:03.099+0000] {logging_mixin.py:188} INFO - [2026-09-17T12:26:03.098+0000] {dag.py:3947} INFO - Setting next_dagrun for flights_ops_medallion_pipe to 2026-09-17 12:00:00+00:00, run_after=2026-09-17 12:30:00+00:00
[2026-09-17T12:26:03.127+0000] {processor.py:183} INFO - Processing /opt/airflow/dags/flight-pipeline.py took 0.185 seconds
[2026-09-17T12:26:33.441+0000] {processor.py:161} INFO - Started process (PID=308) to work on /opt/airflow/dags/flight-pipeline.py
[2026-09-17T12:26:33.443+0000] {processor.py:830} INFO - Processing file /opt/airflow/dags/flight-pipeline.py for tasks to queue
[2026-09-17T12:26:33.446+0000] {logging_mixin.py:188} INFO - [2026-09-17T12:26:33.446+0000] {dagbag.py:545} INFO - Filling up the DagBag from /opt/airflow/dags/flight-pipeline.py
[2026-09-17T12:26:33.497+0000] {processor.py:840} INFO - DAG(s) 'flights_ops_medallion_pipe' retrieved from /opt/airflow/dags/flight-pipeline.py
[2026-09-17T12:26:33.550+0000] {logging_mixin.py:188} INFO - [2026-09-17T12:26:33.550+0000] {dag.py:3089} INFO - Sync 1 DAGs
[2026-09-17T12:26:33.587+0000] {logging_mixin.py:188} INFO - [2026-09-17T12:26:33.587+0000] {dag.py:3947} INFO - Setting next_dagrun for flights_ops_medallion_pipe to 2026-09-17 12:00:00+00:00, run_after=2026-09-17 12:30:00+00:00
[2026-09-17T12:26:33.615+0000] {processor.py:183} INFO - Processing /opt/airflow/dags/flight-pipeline.py took 0.183 seconds
[2026-09-17T12:27:03.715+0000] {processor.py:161} INFO - Started process (PID=309) to work on /opt/airflow/dags/flight-pipeline.py
[2026-09-17T12:27:03.717+0000] {processor.py:830} INFO - Processing file /opt/airflow/dags/flight-pipeline.py for tasks to queue
[2026-09-17T12:27:03.721+0000] {logging_mixin.py:188} INFO - [2026-09-17T12:27:03.720+0000] {dagbag.py:545} INFO - Filling up the DagBag from /opt/airflow/dags/flight-pipeline.py
[2026-09-17T12:27:03.770+0000] {processor.py:840} INFO - DAG(s) 'flights_ops_medallion_pipe' retrieved from /opt/airflow/dags/flight-pipeline.py
[2026-09-17T12:27:03.823+0000] {logging_mixin.py:188} INFO - [2026-09-17T12:27:03.823+0000] {dag.py:3089} INFO - Sync 1 DAGs
[2026-09-17T12:27:03.860+0000] {logging_mixin.py:188} INFO - [2026-09-17T12:27:03.860+0000] {dag.py:3947} INFO - Setting next_dagrun for flights_ops_medallion_pipe to 2026-09-17 12:00:00+00:00, run_after=2026-09-17 12:30:00+00:00
[2026-09-17T12:27:03.888+0000] {processor.py:183} INFO - Processing /opt/airflow/dags/flight-pipeline.py took 0.183 seconds
[2026-09-17T12:27:34.124+0000] {processor.py:161} INFO - Started process (PID=310) to work on /opt/airflow/dags/flight-pipeline.py
[2026-09-17T12:27:34.126+0000] {processor.py:830} INFO - Processing file /opt/airflow/dags/flight-pipeline.py for tasks to queue
[2026-09-17T12:27:34.130+0000] {logging_mixin.py:188} INFO - [2026-09-17T12:27:34.129+0000] {dagbag.py:545} INFO - Filling up the DagBag from /opt/airflow/dags/flight-pipeline.py
[2026-09-17T12:27:34.180+0000] {processor.py:840} INFO - DAG(s) 'flights_ops_medallion_pipe' retrieved from /opt/airflow/dags/flight-pipeline.py
[2026-09-17T12:27:34.230+0000] {logging_mixin.py:188} INFO - [2026-09-17T12:27:34.229+0000] {dag.py:3089} INFO - Sync 1 DAGs
[2026-09-17T12:27:34.269+0000] {logging_mixin.py:188} INFO - [2026-09-17T12:27:34.269+0000] {dag.py:3947} INFO - Setting next_dagrun for flights_ops_medallion_pipe to 2026-09-17 12:00:00+00:00, run_after=2026-09-17 12:30:00+00:00
[2026-09-17T12:27:34.298+0000] {processor.py:183} INFO - Processing /opt/airflow/dags/flight-pipeline.py took 0.183 seconds
[2026-09-17T12:28:04.407+0000] {processor.py:161} INFO - Started process (PID=311) to work on /opt/airflow/dags/flight-pipeline.py
[2026-09-17T12:28:04.410+0000] {processor.py:830} INFO - Processing file /opt/airflow/dags/flight-pipeline.py for tasks to queue
[2026-09-17T12:28:04.413+0000] {logging_mixin.py:188} INFO - [2026-09-17T12:28:04.412+0000] {dagbag.py:545} INFO - Filling up the DagBag from /opt/airflow/dags/flight-pipeline.py
[2026-09-17T12:28:04.464+0000] {processor.py:840} INFO - DAG(s) 'flights_ops_medallion_pipe' retrieved from /opt/airflow/dags/flight-pipeline.py
[2026-09-17T12:28:04.515+0000] {logging_mixin.py:188} INFO - [2026-09-17T12:28:04.514+0000] {dag.py:3089} INFO - Sync 1 DAGs
[2026-09-17T12:28:04.548+0000] {logging_mixin.py:188} INFO - [2026-09-17T12:28:04.547+0000] {dag.py:3947} INFO - Setting next_dagrun for flights_ops_medallion_pipe to 2026-09-17 12:00:00+00:00, run_after=2026-09-17 12:30:00+00:00
[2026-09-17T12:28:04.572+0000] {processor.py:183} INFO - Processing /opt/airflow/dags/flight-pipeline.py took 0.174 seconds
[2026-09-17T12:28:34.835+0000] {processor.py:161} INFO - Started process (PID=312) to work on /opt/airflow/dags/flight-pipeline.py
[2026-09-17T12:28:34.837+0000] {processor.py:830} INFO - Processing file /opt/airflow/dags/flight-pipeline.py for tasks to queue
[2026-09-17T12:28:34.841+0000] {logging_mixin.py:188} INFO - [2026-09-17T12:28:34.840+0000] {dagbag.py:545} INFO - Filling up the DagBag from /opt/airflow/dags/flight-pipeline.py
[2026-09-17T12:28:34.893+0000] {processor.py:840} INFO - DAG(s) 'flights_ops_medallion_pipe' retrieved from /opt/airflow/dags/flight-pipeline.py
[2026-09-17T12:28:34.944+0000] {logging_mixin.py:188} INFO - [2026-09-17T12:28:34.943+0000] {dag.py:3089} INFO - Sync 1 DAGs
[2026-09-17T12:28:34.983+0000] {logging_mixin.py:188} INFO - [2026-09-17T12:28:34.983+0000] {dag.py:3947} INFO - Setting next_dagrun for flights_ops_medallion_pipe to 2026-09-17 12:00:00+00:00, run_after=2026-09-17 12:30:00+00:00
[2026-09-17T12:28:35.011+0000] {processor.py:183} INFO - Processing /opt/airflow/dags/flight-pipeline.py took 0.185 seconds
[2026-09-17T12:29:05.120+0000] {processor.py:161} INFO - Started process (PID=313) to work on /opt/airflow/dags/flight-pipeline.py
[2026-09-17T12:29:05.122+0000] {processor.py:830} INFO - Processing file /opt/airflow/dags/flight-pipeline.py for tasks to queue
[2026-09-17T12:29:05.126+0000] {logging_mixin.py:188} INFO - [2026-09-17T12:29:05.125+0000] {dagbag.py:545} INFO - Filling up the DagBag from /opt/airflow/dags/flight-pipeline.py
[2026-09-17T12:29:05.176+0000] {processor.py:840} INFO - DAG(s) 'flights_ops_medallion_pipe' retrieved from /opt/airflow/dags/flight-pipeline.py
[2026-09-17T12:29:05.232+0000] {logging_mixin.py:188} INFO - [2026-09-17T12:29:05.231+0000] {dag.py:3089} INFO - Sync 1 DAGs
[2026-09-17T12:29:05.270+0000] {logging_mixin.py:188} INFO - [2026-09-17T12:29:05.270+0000] {dag.py:3947} INFO - Setting next_dagrun for flights_ops_medallion_pipe to 2026-09-17 12:00:00+00:00, run_after=2026-09-17 12:30:00+00:00
[2026-09-17T12:29:05.297+0000] {processor.py:183} INFO - Processing /opt/airflow/dags/flight-pipeline.py took 0.189 seconds
[2026-09-17T12:29:35.514+0000] {processor.py:161} INFO - Started process (PID=314) to work on /opt/airflow/dags/flight-pipeline.py
[2026-09-17T12:29:35.516+0000] {processor.py:830} INFO - Processing file /opt/airflow/dags/flight-pipeline.py for tasks to queue
[2026-09-17T12:29:35.520+0000] {logging_mixin.py:188} INFO - [2026-09-17T12:29:35.520+0000] {dagbag.py:545} INFO - Filling up the DagBag from /opt/airflow/dags/flight-pipeline.py
[2026-09-17T12:29:35.567+0000] {processor.py:840} INFO - DAG(s) 'flights_ops_medallion_pipe' retrieved from /opt/airflow/dags/flight-pipeline.py
[2026-09-17T12:29:35.617+0000] {logging_mixin.py:188} INFO - [2026-09-17T12:29:35.617+0000] {dag.py:3089} INFO - Sync 1 DAGs
[2026-09-17T12:29:35.653+0000] {logging_mixin.py:188} INFO - [2026-09-17T12:29:35.653+0000] {dag.py:3947} INFO - Setting next_dagrun for flights_ops_medallion_pipe to 2026-09-17 12:00:00+00:00, run_after=2026-09-17 12:30:00+00:00
[2026-09-17T12:29:35.681+0000] {processor.py:183} INFO - Processing /opt/airflow/dags/flight-pipeline.py took 0.176 seconds
[2026-09-17T12:30:05.792+0000] {processor.py:161} INFO - Started process (PID=372) to work on /opt/airflow/dags/flight-pipeline.py
[2026-09-17T12:30:05.795+0000] {processor.py:830} INFO - Processing file /opt/airflow/dags/flight-pipeline.py for tasks to queue
[2026-09-17T12:30:05.798+0000] {logging_mixin.py:188} INFO - [2026-09-17T12:30:05.798+0000] {dagbag.py:545} INFO - Filling up the DagBag from /opt/airflow/dags/flight-pipeline.py
[2026-09-17T12:30:05.852+0000] {processor.py:840} INFO - DAG(s) 'flights_ops_medallion_pipe' retrieved from /opt/airflow/dags/flight-pipeline.py
[2026-09-17T12:30:05.904+0000] {logging_mixin.py:188} INFO - [2026-09-17T12:30:05.903+0000] {dag.py:3089} INFO - Sync 1 DAGs
[2026-09-17T12:30:05.948+0000] {logging_mixin.py:188} INFO - [2026-09-17T12:30:05.948+0000] {dag.py:3947} INFO - Setting next_dagrun for flights_ops_medallion_pipe to 2026-09-17 12:30:00+00:00, run_after=2026-09-17 13:00:00+00:00
[2026-09-17T12:30:05.978+0000] {processor.py:183} INFO - Processing /opt/airflow/dags/flight-pipeline.py took 0.196 seconds
[2026-09-17T12:30:36.169+0000] {processor.py:161} INFO - Started process (PID=373) to work on /opt/airflow/dags/flight-pipeline.py
[2026-09-17T12:30:36.171+0000] {processor.py:830} INFO - Processing file /opt/airflow/dags/flight-pipeline.py for tasks to queue
[2026-09-17T12:30:36.175+0000] {logging_mixin.py:188} INFO - [2026-09-17T12:30:36.174+0000] {dagbag.py:545} INFO - Filling up the DagBag from /opt/airflow/dags/flight-pipeline.py
[2026-09-17T12:30:36.228+0000] {processor.py:840} INFO - DAG(s) 'flights_ops_medallion_pipe' retrieved from /opt/airflow/dags/flight-pipeline.py
[2026-09-17T12:30:36.278+0000] {logging_mixin.py:188} INFO - [2026-09-17T12:30:36.278+0000] {dag.py:3089} INFO - Sync 1 DAGs
[2026-09-17T12:30:36.318+0000] {logging_mixin.py:188} INFO - [2026-09-17T12:30:36.317+0000] {dag.py:3947} INFO - Setting next_dagrun for flights_ops_medallion_pipe to 2026-09-17 12:30:00+00:00, run_after=2026-09-17 13:00:00+00:00
[2026-09-17T12:30:36.346+0000] {processor.py:183} INFO - Processing /opt/airflow/dags/flight-pipeline.py took 0.186 seconds
[2026-09-17T12:31:06.521+0000] {processor.py:161} INFO - Started process (PID=374) to work on /opt/airflow/dags/flight-pipeline.py
[2026-09-17T12:31:06.523+0000] {processor.py:830} INFO - Processing file /opt/airflow/dags/flight-pipeline.py for tasks to queue
[2026-09-17T12:31:06.526+0000] {logging_mixin.py:188} INFO - [2026-09-17T12:31:06.526+0000] {dagbag.py:545} INFO - Filling up the DagBag from /opt/airflow/dags/flight-pipeline.py
[2026-09-17T12:31:06.581+0000] {processor.py:840} INFO - DAG(s) 'flights_ops_medallion_pipe' retrieved from /opt/airflow/dags/flight-pipeline.py
[2026-09-17T12:31:06.650+0000] {logging_mixin.py:188} INFO - [2026-09-17T12:31:06.649+0000] {dag.py:3089} INFO - Sync 1 DAGs
[2026-09-17T12:31:06.689+0000] {logging_mixin.py:188} INFO - [2026-09-17T12:31:06.688+0000] {dag.py:3947} INFO - Setting next_dagrun for flights_ops_medallion_pipe to 2026-09-17 12:30:00+00:00, run_after=2026-09-17 13:00:00+00:00
[2026-09-17T12:31:06.716+0000] {processor.py:183} INFO - Processing /opt/airflow/dags/flight-pipeline.py took 0.207 seconds
[2026-09-17T12:31:36.828+0000] {processor.py:161} INFO - Started process (PID=375) to work on /opt/airflow/dags/flight-pipeline.py
[2026-09-17T12:31:36.830+0000] {processor.py:830} INFO - Processing file /opt/airflow/dags/flight-pipeline.py for tasks to queue
[2026-09-17T12:31:36.834+0000] {logging_mixin.py:188} INFO - [2026-09-17T12:31:36.833+0000] {dagbag.py:545} INFO - Filling up the DagBag from /opt/airflow/dags/flight-pipeline.py
[2026-09-17T12:31:36.879+0000] {processor.py:840} INFO - DAG(s) 'flights_ops_medallion_pipe' retrieved from /opt/airflow/dags/flight-pipeline.py
[2026-09-17T12:31:36.935+0000] {logging_mixin.py:188} INFO - [2026-09-17T12:31:36.934+0000] {dag.py:3089} INFO - Sync 1 DAGs
[2026-09-17T12:31:36.975+0000] {logging_mixin.py:188} INFO - [2026-09-17T12:31:36.975+0000] {dag.py:3947} INFO - Setting next_dagrun for flights_ops_medallion_pipe to 2026-09-17 12:30:00+00:00, run_after=2026-09-17 13:00:00+00:00
[2026-09-17T12:31:37.003+0000] {processor.py:183} INFO - Processing /opt/airflow/dags/flight-pipeline.py took 0.187 seconds
[2026-09-17T12:32:07.185+0000] {processor.py:161} INFO - Started process (PID=376) to work on /opt/airflow/dags/flight-pipeline.py
[2026-09-17T12:32:07.187+0000] {processor.py:830} INFO - Processing file /opt/airflow/dags/flight-pipeline.py for tasks to queue
[2026-09-17T12:32:07.191+0000] {logging_mixin.py:188} INFO - [2026-09-17T12:32:07.190+0000] {dagbag.py:545} INFO - Filling up the DagBag from /opt/airflow/dags/flight-pipeline.py
[2026-09-17T12:32:07.240+0000] {processor.py:840} INFO - DAG(s) 'flights_ops_medallion_pipe' retrieved from /opt/airflow/dags/flight-pipeline.py
[2026-09-17T12:32:07.294+0000] {logging_mixin.py:188} INFO - [2026-09-17T12:32:07.293+0000] {dag.py:3089} INFO - Sync 1 DAGs
[2026-09-17T12:32:07.333+0000] {logging_mixin.py:188} INFO - [2026-09-17T12:32:07.333+0000] {dag.py:3947} INFO - Setting next_dagrun for flights_ops_medallion_pipe to 2026-09-17 12:30:00+00:00, run_after=2026-09-17 13:00:00+00:00
[2026-09-17T12:32:07.363+0000] {processor.py:183} INFO - Processing /opt/airflow/dags/flight-pipeline.py took 0.192 seconds
[2026-09-17T12:32:37.472+0000] {processor.py:161} INFO - Started process (PID=377) to work on /opt/airflow/dags/flight-pipeline.py
[2026-09-17T12:32:37.474+0000] {processor.py:830} INFO - Processing file /opt/airflow/dags/flight-pipeline.py for tasks to queue
[2026-09-17T12:32:37.478+0000] {logging_mixin.py:188} INFO - [2026-09-17T12:32:37.477+0000] {dagbag.py:545} INFO - Filling up the DagBag from /opt/airflow/dags/flight-pipeline.py
[2026-09-17T12:32:37.531+0000] {processor.py:840} INFO - DAG(s) 'flights_ops_medallion_pipe' retrieved from /opt/airflow/dags/flight-pipeline.py
[2026-09-17T12:32:37.590+0000] {logging_mixin.py:188} INFO - [2026-09-17T12:32:37.590+0000] {dag.py:3089} INFO - Sync 1 DAGs
[2026-09-17T12:32:37.630+0000] {logging_mixin.py:188} INFO - [2026-09-17T12:32:37.629+0000] {dag.py:3947} INFO - Setting next_dagrun for flights_ops_medallion_pipe to 2026-09-17 12:30:00+00:00, run_after=2026-09-17 13:00:00+00:00
[2026-09-17T12:32:37.655+0000] {processor.py:183} INFO - Processing /opt/airflow/dags/flight-pipeline.py took 0.193 seconds
[2026-09-17T12:33:07.856+0000] {processor.py:161} INFO - Started process (PID=378) to work on /opt/airflow/dags/flight-pipeline.py
[2026-09-17T12:33:07.858+0000] {processor.py:830} INFO - Processing file /opt/airflow/dags/flight-pipeline.py for tasks to queue
[2026-09-17T12:33:07.861+0000] {logging_mixin.py:188} INFO - [2026-09-17T12:33:07.861+0000] {dagbag.py:545} INFO - Filling up the DagBag from /opt/airflow/dags/flight-pipeline.py
[2026-09-17T12:33:07.913+0000] {processor.py:840} INFO - DAG(s) 'flights_ops_medallion_pipe' retrieved from /opt/airflow/dags/flight-pipeline.py
[2026-09-17T12:33:07.964+0000] {logging_mixin.py:188} INFO - [2026-09-17T12:33:07.964+0000] {dag.py:3089} INFO - Sync 1 DAGs
[2026-09-17T12:33:08.001+0000] {logging_mixin.py:188} INFO - [2026-09-17T12:33:08.001+0000] {dag.py:3947} INFO - Setting next_dagrun for flights_ops_medallion_pipe to 2026-09-17 12:30:00+00:00, run_after=2026-09-17 13:00:00+00:00
[2026-09-17T12:33:08.026+0000] {processor.py:183} INFO - Processing /opt/airflow/dags/flight-pipeline.py took 0.180 seconds
[2026-09-17T12:33:38.153+0000] {processor.py:161} INFO - Started process (PID=379) to work on /opt/airflow/dags/flight-pipeline.py
[2026-09-17T12:33:38.155+0000] {processor.py:830} INFO - Processing file /opt/airflow/dags/flight-pipeline.py for tasks to queue
[2026-09-17T12:33:38.158+0000] {logging_mixin.py:188} INFO - [2026-09-17T12:33:38.158+0000] {dagbag.py:545} INFO - Filling up the DagBag from /opt/airflow/dags/flight-pipeline.py
[2026-09-17T12:33:38.211+0000] {processor.py:840} INFO - DAG(s) 'flights_ops_medallion_pipe' retrieved from /opt/airflow/dags/flight-pipeline.py
[2026-09-17T12:33:38.265+0000] {logging_mixin.py:188} INFO - [2026-09-17T12:33:38.265+0000] {dag.py:3089} INFO - Sync 1 DAGs
[2026-09-17T12:33:38.298+0000] {logging_mixin.py:188} INFO - [2026-09-17T12:33:38.298+0000] {dag.py:3947} INFO - Setting next_dagrun for flights_ops_medallion_pipe to 2026-09-17 12:30:00+00:00, run_after=2026-09-17 13:00:00+00:00
[2026-09-17T12:33:38.323+0000] {processor.py:183} INFO - Processing /opt/airflow/dags/flight-pipeline.py took 0.181 seconds
[2026-09-17T12:34:08.546+0000] {processor.py:161} INFO - Started process (PID=380) to work on /opt/airflow/dags/flight-pipeline.py
[2026-09-17T12:34:08.548+0000] {processor.py:830} INFO - Processing file /opt/airflow/dags/flight-pipeline.py for tasks to queue
[2026-09-17T12:34:08.552+0000] {logging_mixin.py:188} INFO - [2026-09-17T12:34:08.551+0000] {dagbag.py:545} INFO - Filling up the DagBag from /opt/airflow/dags/flight-pipeline.py
[2026-09-17T12:34:08.604+0000] {processor.py:840} INFO - DAG(s) 'flights_ops_medallion_pipe' retrieved from /opt/airflow/dags/flight-pipeline.py
[2026-09-17T12:34:08.655+0000] {logging_mixin.py:188} INFO - [2026-09-17T12:34:08.654+0000] {dag.py:3089} INFO - Sync 1 DAGs
[2026-09-17T12:34:08.695+0000] {logging_mixin.py:188} INFO - [2026-09-17T12:34:08.695+0000] {dag.py:3947} INFO - Setting next_dagrun for flights_ops_medallion_pipe to 2026-09-17 12:30:00+00:00, run_after=2026-09-17 13:00:00+00:00
[2026-09-17T12:34:08.725+0000] {processor.py:183} INFO - Processing /opt/airflow/dags/flight-pipeline.py took 0.187 seconds
[2026-09-17T12:34:38.835+0000] {processor.py:161} INFO - Started process (PID=381) to work on /opt/airflow/dags/flight-pipeline.py
[2026-09-17T12:34:38.837+0000] {processor.py:830} INFO - Processing file /opt/airflow/dags/flight-pipeline.py for tasks to queue
[2026-09-17T12:34:38.841+0000] {logging_mixin.py:188} INFO - [2026-09-17T12:34:38.840+0000] {dagbag.py:545} INFO - Filling up the DagBag from /opt/airflow/dags/flight-pipeline.py
[2026-09-17T12:34:38.890+0000] {processor.py:840} INFO - DAG(s) 'flights_ops_medallion_pipe' retrieved from /opt/airflow/dags/flight-pipeline.py
[2026-09-17T12:34:38.948+0000] {logging_mixin.py:188} INFO - [2026-09-17T12:34:38.948+0000] {dag.py:3089} INFO - Sync 1 DAGs
[2026-09-17T12:34:38.989+0000] {logging_mixin.py:188} INFO - [2026-09-17T12:34:38.988+0000] {dag.py:3947} INFO - Setting next_dagrun for flights_ops_medallion_pipe to 2026-09-17 12:30:00+00:00, run_after=2026-09-17 13:00:00+00:00
[2026-09-17T12:34:39.016+0000] {processor.py:183} INFO - Processing /opt/airflow/dags/flight-pipeline.py took 0.191 seconds
[2026-09-17T12:35:09.261+0000] {processor.py:161} INFO - Started process (PID=382) to work on /opt/airflow/dags/flight-pipeline.py
[2026-09-17T12:35:09.263+0000] {processor.py:830} INFO - Processing file /opt/airflow/dags/flight-pipeline.py for tasks to queue
[2026-09-17T12:35:09.267+0000] {logging_mixin.py:188} INFO - [2026-09-17T12:35:09.266+0000] {dagbag.py:545} INFO - Filling up the DagBag from /opt/airflow/dags/flight-pipeline.py
[2026-09-17T12:35:09.320+0000] {processor.py:840} INFO - DAG(s) 'flights_ops_medallion_pipe' retrieved from /opt/airflow/dags/flight-pipeline.py
[2026-09-17T12:35:09.371+0000] {logging_mixin.py:188} INFO - [2026-09-17T12:35:09.371+0000] {dag.py:3089} INFO - Sync 1 DAGs
[2026-09-17T12:35:09.408+0000] {logging_mixin.py:188} INFO - [2026-09-17T12:35:09.408+0000] {dag.py:3947} INFO - Setting next_dagrun for flights_ops_medallion_pipe to 2026-09-17 12:30:00+00:00, run_after=2026-09-17 13:00:00+00:00
[2026-09-17T12:35:09.436+0000] {processor.py:183} INFO - Processing /opt/airflow/dags/flight-pipeline.py took 0.184 seconds
[2026-09-17T12:35:39.541+0000] {processor.py:161} INFO - Started process (PID=383) to work on /opt/airflow/dags/flight-pipeline.py
[2026-09-17T12:35:39.544+0000] {processor.py:830} INFO - Processing file /opt/airflow/dags/flight-pipeline.py for tasks to queue
[2026-09-17T12:35:39.549+0000] {logging_mixin.py:188} INFO - [2026-09-17T12:35:39.548+0000] {dagbag.py:545} INFO - Filling up the DagBag from /opt/airflow/dags/flight-pipeline.py
[2026-09-17T12:35:39.605+0000] {processor.py:840} INFO - DAG(s) 'flights_ops_medallion_pipe' retrieved from /opt/airflow/dags/flight-pipeline.py
[2026-09-17T12:35:39.666+0000] {logging_mixin.py:188} INFO - [2026-09-17T12:35:39.666+0000] {dag.py:3089} INFO - Sync 1 DAGs
[2026-09-17T12:35:39.707+0000] {logging_mixin.py:188} INFO - [2026-09-17T12:35:39.707+0000] {dag.py:3947} INFO - Setting next_dagrun for flights_ops_medallion_pipe to 2026-09-17 12:30:00+00:00, run_after=2026-09-17 13:00:00+00:00
[2026-09-17T12:35:39.735+0000] {processor.py:183} INFO - Processing /opt/airflow/dags/flight-pipeline.py took 0.205 seconds
[2026-09-17T12:36:10.022+0000] {processor.py:161} INFO - Started process (PID=384) to work on /opt/airflow/dags/flight-pipeline.py
[2026-09-17T12:36:10.025+0000] {processor.py:830} INFO - Processing file /opt/airflow/dags/flight-pipeline.py for tasks to queue
[2026-09-17T12:36:10.030+0000] {logging_mixin.py:188} INFO - [2026-09-17T12:36:10.029+0000] {dagbag.py:545} INFO - Filling up the DagBag from /opt/airflow/dags/flight-pipeline.py
[2026-09-17T12:36:10.085+0000] {processor.py:840} INFO - DAG(s) 'flights_ops_medallion_pipe' retrieved from /opt/airflow/dags/flight-pipeline.py
[2026-09-17T12:36:10.140+0000] {logging_mixin.py:188} INFO - [2026-09-17T12:36:10.140+0000] {dag.py:3089} INFO - Sync 1 DAGs
[2026-09-17T12:36:10.183+0000] {logging_mixin.py:188} INFO - [2026-09-17T12:36:10.183+0000] {dag.py:3947} INFO - Setting next_dagrun for flights_ops_medallion_pipe to 2026-09-17 12:30:00+00:00, run_after=2026-09-17 13:00:00+00:00
[2026-09-17T12:36:10.211+0000] {processor.py:183} INFO - Processing /opt/airflow/dags/flight-pipeline.py took 0.198 seconds
[2026-09-17T12:36:40.296+0000] {processor.py:161} INFO - Started process (PID=385) to work on /opt/airflow/dags/flight-pipeline.py
[2026-09-17T12:36:40.298+0000] {processor.py:830} INFO - Processing file /opt/airflow/dags/flight-pipeline.py for tasks to queue
[2026-09-17T12:36:40.303+0000] {logging_mixin.py:188} INFO - [2026-09-17T12:36:40.303+0000] {dagbag.py:545} INFO - Filling up the DagBag from /opt/airflow/dags/flight-pipeline.py
[2026-09-17T12:36:40.356+0000] {processor.py:840} INFO - DAG(s) 'flights_ops_medallion_pipe' retrieved from /opt/airflow/dags/flight-pipeline.py
[2026-09-17T12:36:40.406+0000] {logging_mixin.py:188} INFO - [2026-09-17T12:36:40.406+0000] {dag.py:3089} INFO - Sync 1 DAGs
[2026-09-17T12:36:40.455+0000] {logging_mixin.py:188} INFO - [2026-09-17T12:36:40.454+0000] {dag.py:3947} INFO - Setting next_dagrun for flights_ops_medallion_pipe to 2026-09-17 12:30:00+00:00, run_after=2026-09-17 13:00:00+00:00
[2026-09-17T12:36:40.485+0000] {processor.py:183} INFO - Processing /opt/airflow/dags/flight-pipeline.py took 0.200 seconds
[2026-09-17T12:37:10.749+0000] {processor.py:161} INFO - Started process (PID=386) to work on /opt/airflow/dags/flight-pipeline.py
[2026-09-17T12:37:10.751+0000] {processor.py:830} INFO - Processing file /opt/airflow/dags/flight-pipeline.py for tasks to queue
[2026-09-17T12:37:10.754+0000] {logging_mixin.py:188} INFO - [2026-09-17T12:37:10.753+0000] {dagbag.py:545} INFO - Filling up the DagBag from /opt/airflow/dags/flight-pipeline.py
[2026-09-17T12:37:10.796+0000] {processor.py:840} INFO - DAG(s) 'flights_ops_medallion_pipe' retrieved from /opt/airflow/dags/flight-pipeline.py
[2026-09-17T12:37:10.843+0000] {logging_mixin.py:188} INFO - [2026-09-17T12:37:10.843+0000] {dag.py:3089} INFO - Sync 1 DAGs
[2026-09-17T12:37:10.877+0000] {logging_mixin.py:188} INFO - [2026-09-17T12:37:10.876+0000] {dag.py:3947} INFO - Setting next_dagrun for flights_ops_medallion_pipe to 2026-09-17 12:30:00+00:00, run_after=2026-09-17 13:00:00+00:00
[2026-09-17T12:37:10.901+0000] {processor.py:183} INFO - Processing /opt/airflow/dags/flight-pipeline.py took 0.159 seconds
[2026-09-17T12:37:41.032+0000] {processor.py:161} INFO - Started process (PID=387) to work on /opt/airflow/dags/flight-pipeline.py
[2026-09-17T12:37:41.034+0000] {processor.py:830} INFO - Processing file /opt/airflow/dags/flight-pipeline.py for tasks to queue
[2026-09-17T12:37:41.038+0000] {logging_mixin.py:188} INFO - [2026-09-17T12:37:41.037+0000] {dagbag.py:545} INFO - Filling up the DagBag from /opt/airflow/dags/flight-pipeline.py
[2026-09-17T12:37:41.090+0000] {processor.py:840} INFO - DAG(s) 'flights_ops_medallion_pipe' retrieved from /opt/airflow/dags/flight-pipeline.py
[2026-09-17T12:37:41.144+0000] {logging_mixin.py:188} INFO - [2026-09-17T12:37:41.144+0000] {dag.py:3089} INFO - Sync 1 DAGs
[2026-09-17T12:37:41.181+0000] {logging_mixin.py:188} INFO - [2026-09-17T12:37:41.180+0000] {dag.py:3947} INFO - Setting next_dagrun for flights_ops_medallion_pipe to 2026-09-17 12:30:00+00:00, run_after=2026-09-17 13:00:00+00:00
[2026-09-17T12:37:41.208+0000] {processor.py:183} INFO - Processing /opt/airflow/dags/flight-pipeline.py took 0.186 seconds
[2026-09-17T12:38:11.451+0000] {processor.py:161} INFO - Started process (PID=388) to work on /opt/airflow/dags/flight-pipeline.py
[2026-09-17T12:38:11.453+0000] {processor.py:830} INFO - Processing file /opt/airflow/dags/flight-pipeline.py for tasks to queue
[2026-09-17T12:38:11.457+0000] {logging_mixin.py:188} INFO - [2026-09-17T12:38:11.457+0000] {dagbag.py:545} INFO - Filling up the DagBag from /opt/airflow/dags/flight-pipeline.py
[2026-09-17T12:38:11.518+0000] {processor.py:840} INFO - DAG(s) 'flights_ops_medallion_pipe' retrieved from /opt/airflow/dags/flight-pipeline.py
[2026-09-17T12:38:11.586+0000] {logging_mixin.py:188} INFO - [2026-09-17T12:38:11.585+0000] {dag.py:3089} INFO - Sync 1 DAGs
[2026-09-17T12:38:11.633+0000] {logging_mixin.py:188} INFO - [2026-09-17T12:38:11.632+0000] {dag.py:3947} INFO - Setting next_dagrun for flights_ops_medallion_pipe to 2026-09-17 12:30:00+00:00, run_after=2026-09-17 13:00:00+00:00
[2026-09-17T12:38:11.670+0000] {processor.py:183} INFO - Processing /opt/airflow/dags/flight-pipeline.py took 0.228 seconds
[2026-09-17T12:38:41.928+0000] {processor.py:161} INFO - Started process (PID=389) to work on /opt/airflow/dags/flight-pipeline.py
[2026-09-17T12:38:41.930+0000] {processor.py:830} INFO - Processing file /opt/airflow/dags/flight-pipeline.py for tasks to queue
[2026-09-17T12:38:41.933+0000] {logging_mixin.py:188} INFO - [2026-09-17T12:38:41.933+0000] {dagbag.py:545} INFO - Filling up the DagBag from /opt/airflow/dags/flight-pipeline.py
[2026-09-17T12:38:41.980+0000] {processor.py:840} INFO - DAG(s) 'flights_ops_medallion_pipe' retrieved from /opt/airflow/dags/flight-pipeline.py
[2026-09-17T12:38:42.037+0000] {logging_mixin.py:188} INFO - [2026-09-17T12:38:42.036+0000] {dag.py:3089} INFO - Sync 1 DAGs
[2026-09-17T12:38:42.077+0000] {logging_mixin.py:188} INFO - [2026-09-17T12:38:42.076+0000] {dag.py:3947} INFO - Setting next_dagrun for flights_ops_medallion_pipe to 2026-09-17 12:30:00+00:00, run_after=2026-09-17 13:00:00+00:00
[2026-09-17T12:38:42.104+0000] {processor.py:183} INFO - Processing /opt/airflow/dags/flight-pipeline.py took 0.188 seconds
[2026-09-17T12:39:12.199+0000] {processor.py:161} INFO - Started process (PID=390) to work on /opt/airflow/dags/flight-pipeline.py
[2026-09-17T12:39:12.202+0000] {processor.py:830} INFO - Processing file /opt/airflow/dags/flight-pipeline.py for tasks to queue
[2026-09-17T12:39:12.206+0000] {logging_mixin.py:188} INFO - [2026-09-17T12:39:12.205+0000] {dagbag.py:545} INFO - Filling up the DagBag from /opt/airflow/dags/flight-pipeline.py
[2026-09-17T12:39:12.285+0000] {processor.py:840} INFO - DAG(s) 'flights_ops_medallion_pipe' retrieved from /opt/airflow/dags/flight-pipeline.py
[2026-09-17T12:39:12.351+0000] {logging_mixin.py:188} INFO - [2026-09-17T12:39:12.350+0000] {dag.py:3089} INFO - Sync 1 DAGs
[2026-09-17T12:39:12.396+0000] {logging_mixin.py:188} INFO - [2026-09-17T12:39:12.396+0000] {dag.py:3947} INFO - Setting next_dagrun for flights_ops_medallion_pipe to 2026-09-17 12:30:00+00:00, run_after=2026-09-17 13:00:00+00:00
[2026-09-17T12:39:12.426+0000] {processor.py:183} INFO - Processing /opt/airflow/dags/flight-pipeline.py took 0.237 seconds
[2026-09-17T12:39:42.629+0000] {processor.py:161} INFO - Started process (PID=391) to work on /opt/airflow/dags/flight-pipeline.py
[2026-09-17T12:39:42.631+0000] {processor.py:830} INFO - Processing file /opt/airflow/dags/flight-pipeline.py for tasks to queue
[2026-09-17T12:39:42.634+0000] {logging_mixin.py:188} INFO - [2026-09-17T12:39:42.634+0000] {dagbag.py:545} INFO - Filling up the DagBag from /opt/airflow/dags/flight-pipeline.py
[2026-09-17T12:39:42.680+0000] {processor.py:840} INFO - DAG(s) 'flights_ops_medallion_pipe' retrieved from /opt/airflow/dags/flight-pipeline.py
[2026-09-17T12:39:42.736+0000] {logging_mixin.py:188} INFO - [2026-09-17T12:39:42.735+0000] {dag.py:3089} INFO - Sync 1 DAGs
[2026-09-17T12:39:42.769+0000] {logging_mixin.py:188} INFO - [2026-09-17T12:39:42.769+0000] {dag.py:3947} INFO - Setting next_dagrun for flights_ops_medallion_pipe to 2026-09-17 12:30:00+00:00, run_after=2026-09-17 13:00:00+00:00
[2026-09-17T12:39:42.796+0000] {processor.py:183} INFO - Processing /opt/airflow/dags/flight-pipeline.py took 0.174 seconds
[2026-09-17T12:40:12.947+0000] {processor.py:161} INFO - Started process (PID=392) to work on /opt/airflow/dags/flight-pipeline.py
[2026-09-17T12:40:12.949+0000] {processor.py:830} INFO - Processing file /opt/airflow/dags/flight-pipeline.py for tasks to queue
[2026-09-17T12:40:12.952+0000] {logging_mixin.py:188} INFO - [2026-09-17T12:40:12.952+0000] {dagbag.py:545} INFO - Filling up the DagBag from /opt/airflow/dags/flight-pipeline.py
[2026-09-17T12:40:12.996+0000] {processor.py:840} INFO - DAG(s) 'flights_ops_medallion_pipe' retrieved from /opt/airflow/dags/flight-pipeline.py
[2026-09-17T12:40:13.047+0000] {logging_mixin.py:188} INFO - [2026-09-17T12:40:13.047+0000] {dag.py:3089} INFO - Sync 1 DAGs
[2026-09-17T12:40:13.084+0000] {logging_mixin.py:188} INFO - [2026-09-17T12:40:13.084+0000] {dag.py:3947} INFO - Setting next_dagrun for flights_ops_medallion_pipe to 2026-09-17 12:30:00+00:00, run_after=2026-09-17 13:00:00+00:00
[2026-09-17T12:40:13.108+0000] {processor.py:183} INFO - Processing /opt/airflow/dags/flight-pipeline.py took 0.170 seconds
[2026-09-17T12:40:43.326+0000] {processor.py:161} INFO - Started process (PID=393) to work on /opt/airflow/dags/flight-pipeline.py
[2026-09-17T12:40:43.329+0000] {processor.py:830} INFO - Processing file /opt/airflow/dags/flight-pipeline.py for tasks to queue
[2026-09-17T12:40:43.334+0000] {logging_mixin.py:188} INFO - [2026-09-17T12:40:43.333+0000] {dagbag.py:545} INFO - Filling up the DagBag from /opt/airflow/dags/flight-pipeline.py
[2026-09-17T12:40:43.387+0000] {processor.py:840} INFO - DAG(s) 'flights_ops_medallion_pipe' retrieved from /opt/airflow/dags/flight-pipeline.py
[2026-09-17T12:40:43.443+0000] {logging_mixin.py:188} INFO - [2026-09-17T12:40:43.443+0000] {dag.py:3089} INFO - Sync 1 DAGs
[2026-09-17T12:40:43.483+0000] {logging_mixin.py:188} INFO - [2026-09-17T12:40:43.483+0000] {dag.py:3947} INFO - Setting next_dagrun for flights_ops_medallion_pipe to 2026-09-17 12:30:00+00:00, run_after=2026-09-17 13:00:00+00:00
[2026-09-17T12:40:43.511+0000] {processor.py:183} INFO - Processing /opt/airflow/dags/flight-pipeline.py took 0.204 seconds
[2026-09-17T12:41:13.681+0000] {processor.py:161} INFO - Started process (PID=394) to work on /opt/airflow/dags/flight-pipeline.py
[2026-09-17T12:41:13.684+0000] {processor.py:830} INFO - Processing file /opt/airflow/dags/flight-pipeline.py for tasks to queue
[2026-09-17T12:41:13.688+0000] {logging_mixin.py:188} INFO - [2026-09-17T12:41:13.688+0000] {dagbag.py:545} INFO - Filling up the DagBag from /opt/airflow/dags/flight-pipeline.py
[2026-09-17T12:41:13.739+0000] {processor.py:840} INFO - DAG(s) 'flights_ops_medallion_pipe' retrieved from /opt/airflow/dags/flight-pipeline.py
[2026-09-17T12:41:13.782+0000] {logging_mixin.py:188} INFO - [2026-09-17T12:41:13.782+0000] {dag.py:3089} INFO - Sync 1 DAGs
[2026-09-17T12:41:13.813+0000] {logging_mixin.py:188} INFO - [2026-09-17T12:41:13.813+0000] {dag.py:3947} INFO - Setting next_dagrun for flights_ops_medallion_pipe to 2026-09-17 12:30:00+00:00, run_after=2026-09-17 13:00:00+00:00
[2026-09-17T12:41:13.839+0000] {processor.py:183} INFO - Processing /opt/airflow/dags/flight-pipeline.py took 0.166 seconds
[2026-09-17T12:41:44.034+0000] {processor.py:161} INFO - Started process (PID=395) to work on /opt/airflow/dags/flight-pipeline.py
[2026-09-17T12:41:44.036+0000] {processor.py:830} INFO - Processing file /opt/airflow/dags/flight-pipeline.py for tasks to queue
[2026-09-17T12:41:44.039+0000] {logging_mixin.py:188} INFO - [2026-09-17T12:41:44.039+0000] {dagbag.py:545} INFO - Filling up the DagBag from /opt/airflow/dags/flight-pipeline.py
[2026-09-17T12:41:44.089+0000] {processor.py:840} INFO - DAG(s) 'flights_ops_medallion_pipe' retrieved from /opt/airflow/dags/flight-pipeline.py
[2026-09-17T12:41:44.137+0000] {logging_mixin.py:188} INFO - [2026-09-17T12:41:44.137+0000] {dag.py:3089} INFO - Sync 1 DAGs
[2026-09-17T12:41:44.175+0000] {logging_mixin.py:188} INFO - [2026-09-17T12:41:44.175+0000] {dag.py:3947} INFO - Setting next_dagrun for flights_ops_medallion_pipe to 2026-09-17 12:30:00+00:00, run_after=2026-09-17 13:00:00+00:00
[2026-09-17T12:41:44.201+0000] {processor.py:183} INFO - Processing /opt/airflow/dags/flight-pipeline.py took 0.176 seconds
[2026-09-17T12:42:14.352+0000] {processor.py:161} INFO - Started process (PID=396) to work on /opt/airflow/dags/flight-pipeline.py
[2026-09-17T12:42:14.354+0000] {processor.py:830} INFO - Processing file /opt/airflow/dags/flight-pipeline.py for tasks to queue
[2026-09-17T12:42:14.357+0000] {logging_mixin.py:188} INFO - [2026-09-17T12:42:14.357+0000] {dagbag.py:545} INFO - Filling up the DagBag from /opt/airflow/dags/flight-pipeline.py
[2026-09-17T12:42:14.411+0000] {processor.py:840} INFO - DAG(s) 'flights_ops_medallion_pipe' retrieved from /opt/airflow/dags/flight-pipeline.py
[2026-09-17T12:42:14.466+0000] {logging_mixin.py:188} INFO - [2026-09-17T12:42:14.465+0000] {dag.py:3089} INFO - Sync 1 DAGs
[2026-09-17T12:42:14.515+0000] {logging_mixin.py:188} INFO - [2026-09-17T12:42:14.514+0000] {dag.py:3947} INFO - Setting next_dagrun for flights_ops_medallion_pipe to 2026-09-17 12:30:00+00:00, run_after=2026-09-17 13:00:00+00:00
[2026-09-17T12:42:14.549+0000] {processor.py:183} INFO - Processing /opt/airflow/dags/flight-pipeline.py took 0.207 seconds
[2026-09-17T12:42:44.719+0000] {processor.py:161} INFO - Started process (PID=397) to work on /opt/airflow/dags/flight-pipeline.py
[2026-09-17T12:42:44.721+0000] {processor.py:830} INFO - Processing file /opt/airflow/dags/flight-pipeline.py for tasks to queue
[2026-09-17T12:42:44.725+0000] {logging_mixin.py:188} INFO - [2026-09-17T12:42:44.724+0000] {dagbag.py:545} INFO - Filling up the DagBag from /opt/airflow/dags/flight-pipeline.py
[2026-09-17T12:42:44.779+0000] {processor.py:840} INFO - DAG(s) 'flights_ops_medallion_pipe' retrieved from /opt/airflow/dags/flight-pipeline.py
[2026-09-17T12:42:44.827+0000] {logging_mixin.py:188} INFO - [2026-09-17T12:42:44.826+0000] {dag.py:3089} INFO - Sync 1 DAGs
[2026-09-17T12:42:44.864+0000] {logging_mixin.py:188} INFO - [2026-09-17T12:42:44.864+0000] {dag.py:3947} INFO - Setting next_dagrun for flights_ops_medallion_pipe to 2026-09-17 12:30:00+00:00, run_after=2026-09-17 13:00:00+00:00
[2026-09-17T12:42:44.889+0000] {processor.py:183} INFO - Processing /opt/airflow/dags/flight-pipeline.py took 0.181 seconds
[2026-09-17T12:43:15.072+0000] {processor.py:161} INFO - Started process (PID=398) to work on /opt/airflow/dags/flight-pipeline.py
[2026-09-17T12:43:15.074+0000] {processor.py:830} INFO - Processing file /opt/airflow/dags/flight-pipeline.py for tasks to queue
[2026-09-17T12:43:15.077+0000] {logging_mixin.py:188} INFO - [2026-09-17T12:43:15.077+0000] {dagbag.py:545} INFO - Filling up the DagBag from /opt/airflow/dags/flight-pipeline.py
[2026-09-17T12:43:15.122+0000] {processor.py:840} INFO - DAG(s) 'flights_ops_medallion_pipe' retrieved from /opt/airflow/dags/flight-pipeline.py
[2026-09-17T12:43:15.170+0000] {logging_mixin.py:188} INFO - [2026-09-17T12:43:15.170+0000] {dag.py:3089} INFO - Sync 1 DAGs
[2026-09-17T12:43:15.207+0000] {logging_mixin.py:188} INFO - [2026-09-17T12:43:15.207+0000] {dag.py:3947} INFO - Setting next_dagrun for flights_ops_medallion_pipe to 2026-09-17 12:30:00+00:00, run_after=2026-09-17 13:00:00+00:00
[2026-09-17T12:43:15.232+0000] {processor.py:183} INFO - Processing /opt/airflow/dags/flight-pipeline.py took 0.178 seconds
[2026-09-17T12:43:45.420+0000] {processor.py:161} INFO - Started process (PID=399) to work on /opt/airflow/dags/flight-pipeline.py
[2026-09-17T12:43:45.422+0000] {processor.py:830} INFO - Processing file /opt/airflow/dags/flight-pipeline.py for tasks to queue
[2026-09-17T12:43:45.429+0000] {logging_mixin.py:188} INFO - [2026-09-17T12:43:45.428+0000] {dagbag.py:545} INFO - Filling up the DagBag from /opt/airflow/dags/flight-pipeline.py
[2026-09-17T12:43:45.487+0000] {processor.py:840} INFO - DAG(s) 'flights_ops_medallion_pipe' retrieved from /opt/airflow/dags/flight-pipeline.py
[2026-09-17T12:43:45.545+0000] {logging_mixin.py:188} INFO - [2026-09-17T12:43:45.545+0000] {dag.py:3089} INFO - Sync 1 DAGs
[2026-09-17T12:43:45.588+0000] {logging_mixin.py:188} INFO - [2026-09-17T12:43:45.587+0000] {dag.py:3947} INFO - Setting next_dagrun for flights_ops_medallion_pipe to 2026-09-17 12:30:00+00:00, run_after=2026-09-17 13:00:00+00:00
[2026-09-17T12:43:45.617+0000] {processor.py:183} INFO - Processing /opt/airflow/dags/flight-pipeline.py took 0.210 seconds
[2026-09-17T12:44:15.743+0000] {processor.py:161} INFO - Started process (PID=400) to work on /opt/airflow/dags/flight-pipeline.py
[2026-09-17T12:44:15.746+0000] {processor.py:830} INFO - Processing file /opt/airflow/dags/flight-pipeline.py for tasks to queue
[2026-09-17T12:44:15.750+0000] {logging_mixin.py:188} INFO - [2026-09-17T12:44:15.750+0000] {dagbag.py:545} INFO - Filling up the DagBag from /opt/airflow/dags/flight-pipeline.py
[2026-09-17T12:44:15.807+0000] {processor.py:840} INFO - DAG(s) 'flights_ops_medallion_pipe' retrieved from /opt/airflow/dags/flight-pipeline.py
[2026-09-17T12:44:15.862+0000] {logging_mixin.py:188} INFO - [2026-09-17T12:44:15.861+0000] {dag.py:3089} INFO - Sync 1 DAGs
[2026-09-17T12:44:15.898+0000] {logging_mixin.py:188} INFO - [2026-09-17T12:44:15.898+0000] {dag.py:3947} INFO - Setting next_dagrun for flights_ops_medallion_pipe to 2026-09-17 12:30:00+00:00, run_after=2026-09-17 13:00:00+00:00
[2026-09-17T12:44:15.926+0000] {processor.py:183} INFO - Processing /opt/airflow/dags/flight-pipeline.py took 0.192 seconds
[2026-09-17T12:44:46.128+0000] {processor.py:161} INFO - Started process (PID=401) to work on /opt/airflow/dags/flight-pipeline.py
[2026-09-17T12:44:46.131+0000] {processor.py:830} INFO - Processing file /opt/airflow/dags/flight-pipeline.py for tasks to queue
[2026-09-17T12:44:46.135+0000] {logging_mixin.py:188} INFO - [2026-09-17T12:44:46.134+0000] {dagbag.py:545} INFO - Filling up the DagBag from /opt/airflow/dags/flight-pipeline.py
[2026-09-17T12:44:46.187+0000] {processor.py:840} INFO - DAG(s) 'flights_ops_medallion_pipe' retrieved from /opt/airflow/dags/flight-pipeline.py
[2026-09-17T12:44:46.247+0000] {logging_mixin.py:188} INFO - [2026-09-17T12:44:46.247+0000] {dag.py:3089} INFO - Sync 1 DAGs
[2026-09-17T12:44:46.287+0000] {logging_mixin.py:188} INFO - [2026-09-17T12:44:46.286+0000] {dag.py:3947} INFO - Setting next_dagrun for flights_ops_medallion_pipe to 2026-09-17 12:30:00+00:00, run_after=2026-09-17 13:00:00+00:00
[2026-09-17T12:44:46.317+0000] {processor.py:183} INFO - Processing /opt/airflow/dags/flight-pipeline.py took 0.199 seconds
[2026-09-17T12:45:16.403+0000] {processor.py:161} INFO - Started process (PID=402) to work on /opt/airflow/dags/flight-pipeline.py
[2026-09-17T12:45:16.405+0000] {processor.py:830} INFO - Processing file /opt/airflow/dags/flight-pipeline.py for tasks to queue
[2026-09-17T12:45:16.408+0000] {logging_mixin.py:188} INFO - [2026-09-17T12:45:16.408+0000] {dagbag.py:545} INFO - Filling up the DagBag from /opt/airflow/dags/flight-pipeline.py
[2026-09-17T12:45:16.463+0000] {processor.py:840} INFO - DAG(s) 'flights_ops_medallion_pipe' retrieved from /opt/airflow/dags/flight-pipeline.py
[2026-09-17T12:45:16.516+0000] {logging_mixin.py:188} INFO - [2026-09-17T12:45:16.516+0000] {dag.py:3089} INFO - Sync 1 DAGs
[2026-09-17T12:45:16.553+0000] {logging_mixin.py:188} INFO - [2026-09-17T12:45:16.553+0000] {dag.py:3947} INFO - Setting next_dagrun for flights_ops_medallion_pipe to 2026-09-17 12:30:00+00:00, run_after=2026-09-17 13:00:00+00:00
[2026-09-17T12:45:16.582+0000] {processor.py:183} INFO - Processing /opt/airflow/dags/flight-pipeline.py took 0.189 seconds
[2026-09-17T12:45:46.766+0000] {processor.py:161} INFO - Started process (PID=403) to work on /opt/airflow/dags/flight-pipeline.py
[2026-09-17T12:45:46.769+0000] {processor.py:830} INFO - Processing file /opt/airflow/dags/flight-pipeline.py for tasks to queue
[2026-09-17T12:45:46.773+0000] {logging_mixin.py:188} INFO - [2026-09-17T12:45:46.772+0000] {dagbag.py:545} INFO - Filling up the DagBag from /opt/airflow/dags/flight-pipeline.py
[2026-09-17T12:45:46.826+0000] {processor.py:840} INFO - DAG(s) 'flights_ops_medallion_pipe' retrieved from /opt/airflow/dags/flight-pipeline.py
[2026-09-17T12:45:46.882+0000] {logging_mixin.py:188} INFO - [2026-09-17T12:45:46.881+0000] {dag.py:3089} INFO - Sync 1 DAGs
[2026-09-17T12:45:46.921+0000] {logging_mixin.py:188} INFO - [2026-09-17T12:45:46.921+0000] {dag.py:3947} INFO - Setting next_dagrun for flights_ops_medallion_pipe to 2026-09-17 12:30:00+00:00, run_after=2026-09-17 13:00:00+00:00
[2026-09-17T12:45:46.951+0000] {processor.py:183} INFO - Processing /opt/airflow/dags/flight-pipeline.py took 0.195 seconds
[2026-09-17T12:46:17.122+0000] {processor.py:161} INFO - Started process (PID=404) to work on /opt/airflow/dags/flight-pipeline.py
[2026-09-17T12:46:17.124+0000] {processor.py:830} INFO - Processing file /opt/airflow/dags/flight-pipeline.py for tasks to queue
[2026-09-17T12:46:17.127+0000] {logging_mixin.py:188} INFO - [2026-09-17T12:46:17.127+0000] {dagbag.py:545} INFO - Filling up the DagBag from /opt/airflow/dags/flight-pipeline.py
[2026-09-17T12:46:17.174+0000] {processor.py:840} INFO - DAG(s) 'flights_ops_medallion_pipe' retrieved from /opt/airflow/dags/flight-pipeline.py
[2026-09-17T12:46:17.218+0000] {logging_mixin.py:188} INFO - [2026-09-17T12:46:17.217+0000] {dag.py:3089} INFO - Sync 1 DAGs
[2026-09-17T12:46:17.253+0000] {logging_mixin.py:188} INFO - [2026-09-17T12:46:17.253+0000] {dag.py:3947} INFO - Setting next_dagrun for flights_ops_medallion_pipe to 2026-09-17 12:30:00+00:00, run_after=2026-09-17 13:00:00+00:00
[2026-09-17T12:46:17.278+0000] {processor.py:183} INFO - Processing /opt/airflow/dags/flight-pipeline.py took 0.166 seconds
[2026-09-17T12:46:47.474+0000] {processor.py:161} INFO - Started process (PID=405) to work on /opt/airflow/dags/flight-pipeline.py
[2026-09-17T12:46:47.476+0000] {processor.py:830} INFO - Processing file /opt/airflow/dags/flight-pipeline.py for tasks to queue
[2026-09-17T12:46:47.479+0000] {logging_mixin.py:188} INFO - [2026-09-17T12:46:47.479+0000] {dagbag.py:545} INFO - Filling up the DagBag from /opt/airflow/dags/flight-pipeline.py
[2026-09-17T12:46:47.530+0000] {processor.py:840} INFO - DAG(s) 'flights_ops_medallion_pipe' retrieved from /opt/airflow/dags/flight-pipeline.py
[2026-09-17T12:46:47.578+0000] {logging_mixin.py:188} INFO - [2026-09-17T12:46:47.578+0000] {dag.py:3089} INFO - Sync 1 DAGs
[2026-09-17T12:46:47.613+0000] {logging_mixin.py:188} INFO - [2026-09-17T12:46:47.612+0000] {dag.py:3947} INFO - Setting next_dagrun for flights_ops_medallion_pipe to 2026-09-17 12:30:00+00:00, run_after=2026-09-17 13:00:00+00:00
[2026-09-17T12:46:47.639+0000] {processor.py:183} INFO - Processing /opt/airflow/dags/flight-pipeline.py took 0.174 seconds
[2026-09-17T12:47:17.781+0000] {processor.py:161} INFO - Started process (PID=406) to work on /opt/airflow/dags/flight-pipeline.py
[2026-09-17T12:47:17.784+0000] {processor.py:830} INFO - Processing file /opt/airflow/dags/flight-pipeline.py for tasks to queue
[2026-09-17T12:47:17.787+0000] {logging_mixin.py:188} INFO - [2026-09-17T12:47:17.787+0000] {dagbag.py:545} INFO - Filling up the DagBag from /opt/airflow/dags/flight-pipeline.py
[2026-09-17T12:47:17.838+0000] {processor.py:840} INFO - DAG(s) 'flights_ops_medallion_pipe' retrieved from /opt/airflow/dags/flight-pipeline.py
[2026-09-17T12:47:17.892+0000] {logging_mixin.py:188} INFO - [2026-09-17T12:47:17.892+0000] {dag.py:3089} INFO - Sync 1 DAGs
[2026-09-17T12:47:17.932+0000] {logging_mixin.py:188} INFO - [2026-09-17T12:47:17.931+0000] {dag.py:3947} INFO - Setting next_dagrun for flights_ops_medallion_pipe to 2026-09-17 12:30:00+00:00, run_after=2026-09-17 13:00:00+00:00
[2026-09-17T12:47:17.959+0000] {processor.py:183} INFO - Processing /opt/airflow/dags/flight-pipeline.py took 0.190 seconds
[2026-09-17T12:47:48.114+0000] {processor.py:161} INFO - Started process (PID=407) to work on /opt/airflow/dags/flight-pipeline.py
[2026-09-17T12:47:48.116+0000] {processor.py:830} INFO - Processing file /opt/airflow/dags/flight-pipeline.py for tasks to queue
[2026-09-17T12:47:48.121+0000] {logging_mixin.py:188} INFO - [2026-09-17T12:47:48.120+0000] {dagbag.py:545} INFO - Filling up the DagBag from /opt/airflow/dags/flight-pipeline.py
[2026-09-17T12:47:48.175+0000] {processor.py:840} INFO - DAG(s) 'flights_ops_medallion_pipe' retrieved from /opt/airflow/dags/flight-pipeline.py
[2026-09-17T12:47:48.232+0000] {logging_mixin.py:188} INFO - [2026-09-17T12:47:48.232+0000] {dag.py:3089} INFO - Sync 1 DAGs
[2026-09-17T12:47:48.268+0000] {logging_mixin.py:188} INFO - [2026-09-17T12:47:48.268+0000] {dag.py:3947} INFO - Setting next_dagrun for flights_ops_medallion_pipe to 2026-09-17 12:30:00+00:00, run_after=2026-09-17 13:00:00+00:00
[2026-09-17T12:47:48.294+0000] {processor.py:183} INFO - Processing /opt/airflow/dags/flight-pipeline.py took 0.191 seconds
[2026-09-17T12:48:18.388+0000] {processor.py:161} INFO - Started process (PID=408) to work on /opt/airflow/dags/flight-pipeline.py
[2026-09-17T12:48:18.390+0000] {processor.py:830} INFO - Processing file /opt/airflow/dags/flight-pipeline.py for tasks to queue
[2026-09-17T12:48:18.393+0000] {logging_mixin.py:188} INFO - [2026-09-17T12:48:18.392+0000] {dagbag.py:545} INFO - Filling up the DagBag from /opt/airflow/dags/flight-pipeline.py
[2026-09-17T12:48:18.441+0000] {processor.py:840} INFO - DAG(s) 'flights_ops_medallion_pipe' retrieved from /opt/airflow/dags/flight-pipeline.py
[2026-09-17T12:48:18.493+0000] {logging_mixin.py:188} INFO - [2026-09-17T12:48:18.493+0000] {dag.py:3089} INFO - Sync 1 DAGs
[2026-09-17T12:48:18.530+0000] {logging_mixin.py:188} INFO - [2026-09-17T12:48:18.530+0000] {dag.py:3947} INFO - Setting next_dagrun for flights_ops_medallion_pipe to 2026-09-17 12:30:00+00:00, run_after=2026-09-17 13:00:00+00:00
[2026-09-17T12:48:18.557+0000] {processor.py:183} INFO - Processing /opt/airflow/dags/flight-pipeline.py took 0.180 seconds
[2026-09-17T12:48:48.746+0000] {processor.py:161} INFO - Started process (PID=409) to work on /opt/airflow/dags/flight-pipeline.py
[2026-09-17T12:48:48.748+0000] {processor.py:830} INFO - Processing file /opt/airflow/dags/flight-pipeline.py for tasks to queue
[2026-09-17T12:48:48.752+0000] {logging_mixin.py:188} INFO - [2026-09-17T12:48:48.751+0000] {dagbag.py:545} INFO - Filling up the DagBag from /opt/airflow/dags/flight-pipeline.py
[2026-09-17T12:48:48.800+0000] {processor.py:840} INFO - DAG(s) 'flights_ops_medallion_pipe' retrieved from /opt/airflow/dags/flight-pipeline.py
[2026-09-17T12:48:48.856+0000] {logging_mixin.py:188} INFO - [2026-09-17T12:48:48.856+0000] {dag.py:3089} INFO - Sync 1 DAGs
[2026-09-17T12:48:48.897+0000] {logging_mixin.py:188} INFO - [2026-09-17T12:48:48.897+0000] {dag.py:3947} INFO - Setting next_dagrun for flights_ops_medallion_pipe to 2026-09-17 12:30:00+00:00, run_after=2026-09-17 13:00:00+00:00
[2026-09-17T12:48:48.927+0000] {processor.py:183} INFO - Processing /opt/airflow/dags/flight-pipeline.py took 0.190 seconds
[2026-09-17T12:49:19.070+0000] {processor.py:161} INFO - Started process (PID=410) to work on /opt/airflow/dags/flight-pipeline.py
[2026-09-17T12:49:19.073+0000] {processor.py:830} INFO - Processing file /opt/airflow/dags/flight-pipeline.py for tasks to queue
[2026-09-17T12:49:19.077+0000] {logging_mixin.py:188} INFO - [2026-09-17T12:49:19.076+0000] {dagbag.py:545} INFO - Filling up the DagBag from /opt/airflow/dags/flight-pipeline.py
[2026-09-17T12:49:19.136+0000] {processor.py:840} INFO - DAG(s) 'flights_ops_medallion_pipe' retrieved from /opt/airflow/dags/flight-pipeline.py
[2026-09-17T12:49:19.201+0000] {logging_mixin.py:188} INFO - [2026-09-17T12:49:19.201+0000] {dag.py:3089} INFO - Sync 1 DAGs
[2026-09-17T12:49:19.250+0000] {logging_mixin.py:188} INFO - [2026-09-17T12:49:19.250+0000] {dag.py:3947} INFO - Setting next_dagrun for flights_ops_medallion_pipe to 2026-09-17 12:30:00+00:00, run_after=2026-09-17 13:00:00+00:00
[2026-09-17T12:49:19.283+0000] {processor.py:183} INFO - Processing /opt/airflow/dags/flight-pipeline.py took 0.225 seconds
[2026-09-17T12:49:49.462+0000] {processor.py:161} INFO - Started process (PID=411) to work on /opt/airflow/dags/flight-pipeline.py
[2026-09-17T12:49:49.465+0000] {processor.py:830} INFO - Processing file /opt/airflow/dags/flight-pipeline.py for tasks to queue
[2026-09-17T12:49:49.468+0000] {logging_mixin.py:188} INFO - [2026-09-17T12:49:49.467+0000] {dagbag.py:545} INFO - Filling up the DagBag from /opt/airflow/dags/flight-pipeline.py
[2026-09-17T12:49:49.521+0000] {processor.py:840} INFO - DAG(s) 'flights_ops_medallion_pipe' retrieved from /opt/airflow/dags/flight-pipeline.py
[2026-09-17T12:49:49.573+0000] {logging_mixin.py:188} INFO - [2026-09-17T12:49:49.573+0000] {dag.py:3089} INFO - Sync 1 DAGs
[2026-09-17T12:49:49.610+0000] {logging_mixin.py:188} INFO - [2026-09-17T12:49:49.609+0000] {dag.py:3947} INFO - Setting next_dagrun for flights_ops_medallion_pipe to 2026-09-17 12:30:00+00:00, run_after=2026-09-17 13:00:00+00:00
[2026-09-17T12:49:49.637+0000] {processor.py:183} INFO - Processing /opt/airflow/dags/flight-pipeline.py took 0.184 seconds
[2026-09-17T12:50:19.832+0000] {processor.py:161} INFO - Started process (PID=412) to work on /opt/airflow/dags/flight-pipeline.py
[2026-09-17T12:50:19.835+0000] {processor.py:830} INFO - Processing file /opt/airflow/dags/flight-pipeline.py for tasks to queue
[2026-09-17T12:50:19.838+0000] {logging_mixin.py:188} INFO - [2026-09-17T12:50:19.838+0000] {dagbag.py:545} INFO - Filling up the DagBag from /opt/airflow/dags/flight-pipeline.py
[2026-09-17T12:50:19.892+0000] {processor.py:840} INFO - DAG(s) 'flights_ops_medallion_pipe' retrieved from /opt/airflow/dags/flight-pipeline.py
[2026-09-17T12:50:19.941+0000] {logging_mixin.py:188} INFO - [2026-09-17T12:50:19.941+0000] {dag.py:3089} INFO - Sync 1 DAGs
[2026-09-17T12:50:19.980+0000] {logging_mixin.py:188} INFO - [2026-09-17T12:50:19.980+0000] {dag.py:3947} INFO - Setting next_dagrun for flights_ops_medallion_pipe to 2026-09-17 12:30:00+00:00, run_after=2026-09-17 13:00:00+00:00
[2026-09-17T12:50:20.007+0000] {processor.py:183} INFO - Processing /opt/airflow/dags/flight-pipeline.py took 0.193 seconds
[2026-09-17T12:50:50.189+0000] {processor.py:161} INFO - Started process (PID=413) to work on /opt/airflow/dags/flight-pipeline.py
[2026-09-17T12:50:50.192+0000] {processor.py:830} INFO - Processing file /opt/airflow/dags/flight-pipeline.py for tasks to queue
[2026-09-17T12:50:50.197+0000] {logging_mixin.py:188} INFO - [2026-09-17T12:50:50.196+0000] {dagbag.py:545} INFO - Filling up the DagBag from /opt/airflow/dags/flight-pipeline.py
[2026-09-17T12:50:50.251+0000] {processor.py:840} INFO - DAG(s) 'flights_ops_medallion_pipe' retrieved from /opt/airflow/dags/flight-pipeline.py
[2026-09-17T12:50:50.299+0000] {logging_mixin.py:188} INFO - [2026-09-17T12:50:50.298+0000] {dag.py:3089} INFO - Sync 1 DAGs
[2026-09-17T12:50:50.330+0000] {logging_mixin.py:188} INFO - [2026-09-17T12:50:50.330+0000] {dag.py:3947} INFO - Setting next_dagrun for flights_ops_medallion_pipe to 2026-09-17 12:30:00+00:00, run_after=2026-09-17 13:00:00+00:00
[2026-09-17T12:50:50.356+0000] {processor.py:183} INFO - Processing /opt/airflow/dags/flight-pipeline.py took 0.176 seconds
[2026-09-17T12:51:20.597+0000] {processor.py:161} INFO - Started process (PID=414) to work on /opt/airflow/dags/flight-pipeline.py
[2026-09-17T12:51:20.600+0000] {processor.py:830} INFO - Processing file /opt/airflow/dags/flight-pipeline.py for tasks to queue
[2026-09-17T12:51:20.603+0000] {logging_mixin.py:188} INFO - [2026-09-17T12:51:20.603+0000] {dagbag.py:545} INFO - Filling up the DagBag from /opt/airflow/dags/flight-pipeline.py
[2026-09-17T12:51:20.657+0000] {processor.py:840} INFO - DAG(s) 'flights_ops_medallion_pipe' retrieved from /opt/airflow/dags/flight-pipeline.py
[2026-09-17T12:51:20.712+0000] {logging_mixin.py:188} INFO - [2026-09-17T12:51:20.712+0000] {dag.py:3089} INFO - Sync 1 DAGs
[2026-09-17T12:51:20.751+0000] {logging_mixin.py:188} INFO - [2026-09-17T12:51:20.751+0000] {dag.py:3947} INFO - Setting next_dagrun for flights_ops_medallion_pipe to 2026-09-17 12:30:00+00:00, run_after=2026-09-17 13:00:00+00:00
[2026-09-17T12:51:20.780+0000] {processor.py:183} INFO - Processing /opt/airflow/dags/flight-pipeline.py took 0.193 seconds
[2026-09-17T12:51:50.881+0000] {processor.py:161} INFO - Started process (PID=415) to work on /opt/airflow/dags/flight-pipeline.py
[2026-09-17T12:51:50.883+0000] {processor.py:830} INFO - Processing file /opt/airflow/dags/flight-pipeline.py for tasks to queue
[2026-09-17T12:51:50.886+0000] {logging_mixin.py:188} INFO - [2026-09-17T12:51:50.886+0000] {dagbag.py:545} INFO - Filling up the DagBag from /opt/airflow/dags/flight-pipeline.py
[2026-09-17T12:51:50.939+0000] {processor.py:840} INFO - DAG(s) 'flights_ops_medallion_pipe' retrieved from /opt/airflow/dags/flight-pipeline.py
[2026-09-17T12:51:50.989+0000] {logging_mixin.py:188} INFO - [2026-09-17T12:51:50.989+0000] {dag.py:3089} INFO - Sync 1 DAGs
[2026-09-17T12:51:51.022+0000] {logging_mixin.py:188} INFO - [2026-09-17T12:51:51.022+0000] {dag.py:3947} INFO - Setting next_dagrun for flights_ops_medallion_pipe to 2026-09-17 12:30:00+00:00, run_after=2026-09-17 13:00:00+00:00
[2026-09-17T12:51:51.047+0000] {processor.py:183} INFO - Processing /opt/airflow/dags/flight-pipeline.py took 0.175 seconds
[2026-09-17T12:52:21.325+0000] {processor.py:161} INFO - Started process (PID=416) to work on /opt/airflow/dags/flight-pipeline.py
[2026-09-17T12:52:21.328+0000] {processor.py:830} INFO - Processing file /opt/airflow/dags/flight-pipeline.py for tasks to queue
[2026-09-17T12:52:21.332+0000] {logging_mixin.py:188} INFO - [2026-09-17T12:52:21.331+0000] {dagbag.py:545} INFO - Filling up the DagBag from /opt/airflow/dags/flight-pipeline.py
[2026-09-17T12:52:21.392+0000] {processor.py:840} INFO - DAG(s) 'flights_ops_medallion_pipe' retrieved from /opt/airflow/dags/flight-pipeline.py
[2026-09-17T12:52:21.443+0000] {logging_mixin.py:188} INFO - [2026-09-17T12:52:21.443+0000] {dag.py:3089} INFO - Sync 1 DAGs
[2026-09-17T12:52:21.483+0000] {logging_mixin.py:188} INFO - [2026-09-17T12:52:21.483+0000] {dag.py:3947} INFO - Setting next_dagrun for flights_ops_medallion_pipe to 2026-09-17 12:30:00+00:00, run_after=2026-09-17 13:00:00+00:00
[2026-09-17T12:52:21.512+0000] {processor.py:183} INFO - Processing /opt/airflow/dags/flight-pipeline.py took 0.197 seconds
[2026-09-17T12:52:51.597+0000] {processor.py:161} INFO - Started process (PID=417) to work on /opt/airflow/dags/flight-pipeline.py
[2026-09-17T12:52:51.599+0000] {processor.py:830} INFO - Processing file /opt/airflow/dags/flight-pipeline.py for tasks to queue
[2026-09-17T12:52:51.604+0000] {logging_mixin.py:188} INFO - [2026-09-17T12:52:51.603+0000] {dagbag.py:545} INFO - Filling up the DagBag from /opt/airflow/dags/flight-pipeline.py
[2026-09-17T12:52:51.647+0000] {processor.py:840} INFO - DAG(s) 'flights_ops_medallion_pipe' retrieved from /opt/airflow/dags/flight-pipeline.py
[2026-09-17T12:52:51.695+0000] {logging_mixin.py:188} INFO - [2026-09-17T12:52:51.694+0000] {dag.py:3089} INFO - Sync 1 DAGs
[2026-09-17T12:52:51.743+0000] {logging_mixin.py:188} INFO - [2026-09-17T12:52:51.743+0000] {dag.py:3947} INFO - Setting next_dagrun for flights_ops_medallion_pipe to 2026-09-17 12:30:00+00:00, run_after=2026-09-17 13:00:00+00:00
[2026-09-17T12:52:51.771+0000] {processor.py:183} INFO - Processing /opt/airflow/dags/flight-pipeline.py took 0.183 seconds
[2026-09-17T12:53:22.054+0000] {processor.py:161} INFO - Started process (PID=418) to work on /opt/airflow/dags/flight-pipeline.py
[2026-09-17T12:53:22.057+0000] {processor.py:830} INFO - Processing file /opt/airflow/dags/flight-pipeline.py for tasks to queue
[2026-09-17T12:53:22.061+0000] {logging_mixin.py:188} INFO - [2026-09-17T12:53:22.060+0000] {dagbag.py:545} INFO - Filling up the DagBag from /opt/airflow/dags/flight-pipeline.py
[2026-09-17T12:53:22.129+0000] {processor.py:840} INFO - DAG(s) 'flights_ops_medallion_pipe' retrieved from /opt/airflow/dags/flight-pipeline.py
[2026-09-17T12:53:22.189+0000] {logging_mixin.py:188} INFO - [2026-09-17T12:53:22.188+0000] {dag.py:3089} INFO - Sync 1 DAGs
[2026-09-17T12:53:22.229+0000] {logging_mixin.py:188} INFO - [2026-09-17T12:53:22.228+0000] {dag.py:3947} INFO - Setting next_dagrun for flights_ops_medallion_pipe to 2026-09-17 12:30:00+00:00, run_after=2026-09-17 13:00:00+00:00
[2026-09-17T12:53:22.258+0000] {processor.py:183} INFO - Processing /opt/airflow/dags/flight-pipeline.py took 0.215 seconds
[2026-09-17T12:53:52.326+0000] {processor.py:161} INFO - Started process (PID=419) to work on /opt/airflow/dags/flight-pipeline.py
[2026-09-17T12:53:52.328+0000] {processor.py:830} INFO - Processing file /opt/airflow/dags/flight-pipeline.py for tasks to queue
[2026-09-17T12:53:52.333+0000] {logging_mixin.py:188} INFO - [2026-09-17T12:53:52.333+0000] {dagbag.py:545} INFO - Filling up the DagBag from /opt/airflow/dags/flight-pipeline.py
[2026-09-17T12:53:52.381+0000] {processor.py:840} INFO - DAG(s) 'flights_ops_medallion_pipe' retrieved from /opt/airflow/dags/flight-pipeline.py
[2026-09-17T12:53:52.433+0000] {logging_mixin.py:188} INFO - [2026-09-17T12:53:52.433+0000] {dag.py:3089} INFO - Sync 1 DAGs
[2026-09-17T12:53:52.466+0000] {logging_mixin.py:188} INFO - [2026-09-17T12:53:52.466+0000] {dag.py:3947} INFO - Setting next_dagrun for flights_ops_medallion_pipe to 2026-09-17 12:30:00+00:00, run_after=2026-09-17 13:00:00+00:00
[2026-09-17T12:53:52.493+0000] {processor.py:183} INFO - Processing /opt/airflow/dags/flight-pipeline.py took 0.175 seconds
[2026-09-17T12:54:22.809+0000] {processor.py:161} INFO - Started process (PID=420) to work on /opt/airflow/dags/flight-pipeline.py
[2026-09-17T12:54:22.812+0000] {processor.py:830} INFO - Processing file /opt/airflow/dags/flight-pipeline.py for tasks to queue
[2026-09-17T12:54:22.816+0000] {logging_mixin.py:188} INFO - [2026-09-17T12:54:22.815+0000] {dagbag.py:545} INFO - Filling up the DagBag from /opt/airflow/dags/flight-pipeline.py
[2026-09-17T12:54:22.874+0000] {processor.py:840} INFO - DAG(s) 'flights_ops_medallion_pipe' retrieved from /opt/airflow/dags/flight-pipeline.py
[2026-09-17T12:54:22.931+0000] {logging_mixin.py:188} INFO - [2026-09-17T12:54:22.931+0000] {dag.py:3089} INFO - Sync 1 DAGs
[2026-09-17T12:54:22.970+0000] {logging_mixin.py:188} INFO - [2026-09-17T12:54:22.970+0000] {dag.py:3947} INFO - Setting next_dagrun for flights_ops_medallion_pipe to 2026-09-17 12:30:00+00:00, run_after=2026-09-17 13:00:00+00:00
[2026-09-17T12:54:23.002+0000] {processor.py:183} INFO - Processing /opt/airflow/dags/flight-pipeline.py took 0.204 seconds
[2026-09-17T12:54:53.094+0000] {processor.py:161} INFO - Started process (PID=421) to work on /opt/airflow/dags/flight-pipeline.py
[2026-09-17T12:54:53.096+0000] {processor.py:830} INFO - Processing file /opt/airflow/dags/flight-pipeline.py for tasks to queue
[2026-09-17T12:54:53.100+0000] {logging_mixin.py:188} INFO - [2026-09-17T12:54:53.100+0000] {dagbag.py:545} INFO - Filling up the DagBag from /opt/airflow/dags/flight-pipeline.py
[2026-09-17T12:54:53.153+0000] {processor.py:840} INFO - DAG(s) 'flights_ops_medallion_pipe' retrieved from /opt/airflow/dags/flight-pipeline.py
[2026-09-17T12:54:53.205+0000] {logging_mixin.py:188} INFO - [2026-09-17T12:54:53.204+0000] {dag.py:3089} INFO - Sync 1 DAGs
[2026-09-17T12:54:53.242+0000] {logging_mixin.py:188} INFO - [2026-09-17T12:54:53.242+0000] {dag.py:3947} INFO - Setting next_dagrun for flights_ops_medallion_pipe to 2026-09-17 12:30:00+00:00, run_after=2026-09-17 13:00:00+00:00
[2026-09-17T12:54:53.269+0000] {processor.py:183} INFO - Processing /opt/airflow/dags/flight-pipeline.py took 0.184 seconds
[2026-09-17T12:55:23.564+0000] {processor.py:161} INFO - Started process (PID=422) to work on /opt/airflow/dags/flight-pipeline.py
[2026-09-17T12:55:23.566+0000] {processor.py:830} INFO - Processing file /opt/airflow/dags/flight-pipeline.py for tasks to queue
[2026-09-17T12:55:23.569+0000] {logging_mixin.py:188} INFO - [2026-09-17T12:55:23.569+0000] {dagbag.py:545} INFO - Filling up the DagBag from /opt/airflow/dags/flight-pipeline.py
[2026-09-17T12:55:23.619+0000] {processor.py:840} INFO - DAG(s) 'flights_ops_medallion_pipe' retrieved from /opt/airflow/dags/flight-pipeline.py
[2026-09-17T12:55:23.670+0000] {logging_mixin.py:188} INFO - [2026-09-17T12:55:23.670+0000] {dag.py:3089} INFO - Sync 1 DAGs
[2026-09-17T12:55:23.709+0000] {logging_mixin.py:188} INFO - [2026-09-17T12:55:23.709+0000] {dag.py:3947} INFO - Setting next_dagrun for flights_ops_medallion_pipe to 2026-09-17 12:30:00+00:00, run_after=2026-09-17 13:00:00+00:00
[2026-09-17T12:55:23.738+0000] {processor.py:183} INFO - Processing /opt/airflow/dags/flight-pipeline.py took 0.184 seconds
[2026-09-17T12:55:53.854+0000] {processor.py:161} INFO - Started process (PID=423) to work on /opt/airflow/dags/flight-pipeline.py
[2026-09-17T12:55:53.856+0000] {processor.py:830} INFO - Processing file /opt/airflow/dags/flight-pipeline.py for tasks to queue
[2026-09-17T12:55:53.860+0000] {logging_mixin.py:188} INFO - [2026-09-17T12:55:53.859+0000] {dagbag.py:545} INFO - Filling up the DagBag from /opt/airflow/dags/flight-pipeline.py
[2026-09-17T12:55:53.918+0000] {processor.py:840} INFO - DAG(s) 'flights_ops_medallion_pipe' retrieved from /opt/airflow/dags/flight-pipeline.py
[2026-09-17T12:55:53.977+0000] {logging_mixin.py:188} INFO - [2026-09-17T12:55:53.977+0000] {dag.py:3089} INFO - Sync 1 DAGs
[2026-09-17T12:55:54.018+0000] {logging_mixin.py:188} INFO - [2026-09-17T12:55:54.017+0000] {dag.py:3947} INFO - Setting next_dagrun for flights_ops_medallion_pipe to 2026-09-17 12:30:00+00:00, run_after=2026-09-17 13:00:00+00:00
[2026-09-17T12:55:54.052+0000] {processor.py:183} INFO - Processing /opt/airflow/dags/flight-pipeline.py took 0.208 seconds
[2026-09-17T12:56:24.361+0000] {processor.py:161} INFO - Started process (PID=424) to work on /opt/airflow/dags/flight-pipeline.py
[2026-09-17T12:56:24.364+0000] {processor.py:830} INFO - Processing file /opt/airflow/dags/flight-pipeline.py for tasks to queue
[2026-09-17T12:56:24.369+0000] {logging_mixin.py:188} INFO - [2026-09-17T12:56:24.368+0000] {dagbag.py:545} INFO - Filling up the DagBag from /opt/airflow/dags/flight-pipeline.py
[2026-09-17T12:56:24.430+0000] {processor.py:840} INFO - DAG(s) 'flights_ops_medallion_pipe' retrieved from /opt/airflow/dags/flight-pipeline.py
[2026-09-17T12:56:24.490+0000] {logging_mixin.py:188} INFO - [2026-09-17T12:56:24.489+0000] {dag.py:3089} INFO - Sync 1 DAGs
[2026-09-17T12:56:24.534+0000] {logging_mixin.py:188} INFO - [2026-09-17T12:56:24.533+0000] {dag.py:3947} INFO - Setting next_dagrun for flights_ops_medallion_pipe to 2026-09-17 12:30:00+00:00, run_after=2026-09-17 13:00:00+00:00
[2026-09-17T12:56:24.563+0000] {processor.py:183} INFO - Processing /opt/airflow/dags/flight-pipeline.py took 0.217 seconds
[2026-09-17T12:56:54.828+0000] {processor.py:161} INFO - Started process (PID=425) to work on /opt/airflow/dags/flight-pipeline.py
[2026-09-17T12:56:54.831+0000] {processor.py:830} INFO - Processing file /opt/airflow/dags/flight-pipeline.py for tasks to queue
[2026-09-17T12:56:54.834+0000] {logging_mixin.py:188} INFO - [2026-09-17T12:56:54.834+0000] {dagbag.py:545} INFO - Filling up the DagBag from /opt/airflow/dags/flight-pipeline.py
[2026-09-17T12:56:54.883+0000] {processor.py:840} INFO - DAG(s) 'flights_ops_medallion_pipe' retrieved from /opt/airflow/dags/flight-pipeline.py
[2026-09-17T12:56:54.939+0000] {logging_mixin.py:188} INFO - [2026-09-17T12:56:54.938+0000] {dag.py:3089} INFO - Sync 1 DAGs
[2026-09-17T12:56:54.978+0000] {logging_mixin.py:188} INFO - [2026-09-17T12:56:54.977+0000] {dag.py:3947} INFO - Setting next_dagrun for flights_ops_medallion_pipe to 2026-09-17 12:30:00+00:00, run_after=2026-09-17 13:00:00+00:00
[2026-09-17T12:56:55.005+0000] {processor.py:183} INFO - Processing /opt/airflow/dags/flight-pipeline.py took 0.186 seconds
[2026-09-17T12:57:25.103+0000] {processor.py:161} INFO - Started process (PID=426) to work on /opt/airflow/dags/flight-pipeline.py
[2026-09-17T12:57:25.105+0000] {processor.py:830} INFO - Processing file /opt/airflow/dags/flight-pipeline.py for tasks to queue
[2026-09-17T12:57:25.109+0000] {logging_mixin.py:188} INFO - [2026-09-17T12:57:25.108+0000] {dagbag.py:545} INFO - Filling up the DagBag from /opt/airflow/dags/flight-pipeline.py
[2026-09-17T12:57:25.157+0000] {processor.py:840} INFO - DAG(s) 'flights_ops_medallion_pipe' retrieved from /opt/airflow/dags/flight-pipeline.py
[2026-09-17T12:57:25.210+0000] {logging_mixin.py:188} INFO - [2026-09-17T12:57:25.210+0000] {dag.py:3089} INFO - Sync 1 DAGs
[2026-09-17T12:57:25.247+0000] {logging_mixin.py:188} INFO - [2026-09-17T12:57:25.247+0000] {dag.py:3947} INFO - Setting next_dagrun for flights_ops_medallion_pipe to 2026-09-17 12:30:00+00:00, run_after=2026-09-17 13:00:00+00:00
[2026-09-17T12:57:25.276+0000] {processor.py:183} INFO - Processing /opt/airflow/dags/flight-pipeline.py took 0.183 seconds
[2026-09-17T12:57:55.504+0000] {processor.py:161} INFO - Started process (PID=427) to work on /opt/airflow/dags/flight-pipeline.py
[2026-09-17T12:57:55.506+0000] {processor.py:830} INFO - Processing file /opt/airflow/dags/flight-pipeline.py for tasks to queue
[2026-09-17T12:57:55.510+0000] {logging_mixin.py:188} INFO - [2026-09-17T12:57:55.509+0000] {dagbag.py:545} INFO - Filling up the DagBag from /opt/airflow/dags/flight-pipeline.py
[2026-09-17T12:57:55.558+0000] {processor.py:840} INFO - DAG(s) 'flights_ops_medallion_pipe' retrieved from /opt/airflow/dags/flight-pipeline.py
[2026-09-17T12:57:55.611+0000] {logging_mixin.py:188} INFO - [2026-09-17T12:57:55.610+0000] {dag.py:3089} INFO - Sync 1 DAGs
[2026-09-17T12:57:55.643+0000] {logging_mixin.py:188} INFO - [2026-09-17T12:57:55.643+0000] {dag.py:3947} INFO - Setting next_dagrun for flights_ops_medallion_pipe to 2026-09-17 12:30:00+00:00, run_after=2026-09-17 13:00:00+00:00
[2026-09-17T12:57:55.671+0000] {processor.py:183} INFO - Processing /opt/airflow/dags/flight-pipeline.py took 0.175 seconds
[2026-09-17T12:58:25.830+0000] {processor.py:161} INFO - Started process (PID=428) to work on /opt/airflow/dags/flight-pipeline.py
[2026-09-17T12:58:25.832+0000] {processor.py:830} INFO - Processing file /opt/airflow/dags/flight-pipeline.py for tasks to queue
[2026-09-17T12:58:25.837+0000] {logging_mixin.py:188} INFO - [2026-09-17T12:58:25.836+0000] {dagbag.py:545} INFO - Filling up the DagBag from /opt/airflow/dags/flight-pipeline.py
[2026-09-17T12:58:25.902+0000] {processor.py:840} INFO - DAG(s) 'flights_ops_medallion_pipe' retrieved from /opt/airflow/dags/flight-pipeline.py
[2026-09-17T12:58:25.963+0000] {logging_mixin.py:188} INFO - [2026-09-17T12:58:25.963+0000] {dag.py:3089} INFO - Sync 1 DAGs
[2026-09-17T12:58:26.002+0000] {logging_mixin.py:188} INFO - [2026-09-17T12:58:26.002+0000] {dag.py:3947} INFO - Setting next_dagrun for flights_ops_medallion_pipe to 2026-09-17 12:30:00+00:00, run_after=2026-09-17 13:00:00+00:00
[2026-09-17T12:58:26.032+0000] {processor.py:183} INFO - Processing /opt/airflow/dags/flight-pipeline.py took 0.214 seconds
[2026-09-17T12:58:56.245+0000] {processor.py:161} INFO - Started process (PID=429) to work on /opt/airflow/dags/flight-pipeline.py
[2026-09-17T12:58:56.248+0000] {processor.py:830} INFO - Processing file /opt/airflow/dags/flight-pipeline.py for tasks to queue
[2026-09-17T12:58:56.252+0000] {logging_mixin.py:188} INFO - [2026-09-17T12:58:56.252+0000] {dagbag.py:545} INFO - Filling up the DagBag from /opt/airflow/dags/flight-pipeline.py
[2026-09-17T12:58:56.310+0000] {processor.py:840} INFO - DAG(s) 'flights_ops_medallion_pipe' retrieved from /opt/airflow/dags/flight-pipeline.py
[2026-09-17T12:58:56.361+0000] {logging_mixin.py:188} INFO - [2026-09-17T12:58:56.361+0000] {dag.py:3089} INFO - Sync 1 DAGs
[2026-09-17T12:58:56.398+0000] {logging_mixin.py:188} INFO - [2026-09-17T12:58:56.398+0000] {dag.py:3947} INFO - Setting next_dagrun for flights_ops_medallion_pipe to 2026-09-17 12:30:00+00:00, run_after=2026-09-17 13:00:00+00:00
[2026-09-17T12:58:56.427+0000] {processor.py:183} INFO - Processing /opt/airflow/dags/flight-pipeline.py took 0.192 seconds
[2026-09-17T12:59:26.600+0000] {processor.py:161} INFO - Started process (PID=430) to work on /opt/airflow/dags/flight-pipeline.py
[2026-09-17T12:59:26.602+0000] {processor.py:830} INFO - Processing file /opt/airflow/dags/flight-pipeline.py for tasks to queue
[2026-09-17T12:59:26.607+0000] {logging_mixin.py:188} INFO - [2026-09-17T12:59:26.606+0000] {dagbag.py:545} INFO - Filling up the DagBag from /opt/airflow/dags/flight-pipeline.py
[2026-09-17T12:59:26.664+0000] {processor.py:840} INFO - DAG(s) 'flights_ops_medallion_pipe' retrieved from /opt/airflow/dags/flight-pipeline.py
[2026-09-17T12:59:26.712+0000] {logging_mixin.py:188} INFO - [2026-09-17T12:59:26.712+0000] {dag.py:3089} INFO - Sync 1 DAGs
[2026-09-17T12:59:26.749+0000] {logging_mixin.py:188} INFO - [2026-09-17T12:59:26.749+0000] {dag.py:3947} INFO - Setting next_dagrun for flights_ops_medallion_pipe to 2026-09-17 12:30:00+00:00, run_after=2026-09-17 13:00:00+00:00
[2026-09-17T12:59:26.777+0000] {processor.py:183} INFO - Processing /opt/airflow/dags/flight-pipeline.py took 0.187 seconds
[2026-09-17T12:59:56.996+0000] {processor.py:161} INFO - Started process (PID=431) to work on /opt/airflow/dags/flight-pipeline.py
[2026-09-17T12:59:56.999+0000] {processor.py:830} INFO - Processing file /opt/airflow/dags/flight-pipeline.py for tasks to queue
[2026-09-17T12:59:57.002+0000] {logging_mixin.py:188} INFO - [2026-09-17T12:59:57.002+0000] {dagbag.py:545} INFO - Filling up the DagBag from /opt/airflow/dags/flight-pipeline.py
[2026-09-17T12:59:57.056+0000] {processor.py:840} INFO - DAG(s) 'flights_ops_medallion_pipe' retrieved from /opt/airflow/dags/flight-pipeline.py
[2026-09-17T12:59:57.109+0000] {logging_mixin.py:188} INFO - [2026-09-17T12:59:57.109+0000] {dag.py:3089} INFO - Sync 1 DAGs
[2026-09-17T12:59:57.146+0000] {logging_mixin.py:188} INFO - [2026-09-17T12:59:57.145+0000] {dag.py:3947} INFO - Setting next_dagrun for flights_ops_medallion_pipe to 2026-09-17 12:30:00+00:00, run_after=2026-09-17 13:00:00+00:00
[2026-09-17T12:59:57.174+0000] {processor.py:183} INFO - Processing /opt/airflow/dags/flight-pipeline.py took 0.187 seconds
[2026-09-17T13:00:27.359+0000] {processor.py:161} INFO - Started process (PID=489) to work on /opt/airflow/dags/flight-pipeline.py
[2026-09-17T13:00:27.362+0000] {processor.py:830} INFO - Processing file /opt/airflow/dags/flight-pipeline.py for tasks to queue
[2026-09-17T13:00:27.367+0000] {logging_mixin.py:188} INFO - [2026-09-17T13:00:27.367+0000] {dagbag.py:545} INFO - Filling up the DagBag from /opt/airflow/dags/flight-pipeline.py
[2026-09-17T13:00:27.438+0000] {processor.py:840} INFO - DAG(s) 'flights_ops_medallion_pipe' retrieved from /opt/airflow/dags/flight-pipeline.py
[2026-09-17T13:00:27.496+0000] {logging_mixin.py:188} INFO - [2026-09-17T13:00:27.495+0000] {dag.py:3089} INFO - Sync 1 DAGs
[2026-09-17T13:00:27.546+0000] {logging_mixin.py:188} INFO - [2026-09-17T13:00:27.546+0000] {dag.py:3947} INFO - Setting next_dagrun for flights_ops_medallion_pipe to 2026-09-17 13:00:00+00:00, run_after=2026-09-17 13:30:00+00:00
[2026-09-17T13:00:27.585+0000] {processor.py:183} INFO - Processing /opt/airflow/dags/flight-pipeline.py took 0.237 seconds
[2026-09-17T13:00:57.767+0000] {processor.py:161} INFO - Started process (PID=490) to work on /opt/airflow/dags/flight-pipeline.py
[2026-09-17T13:00:57.769+0000] {processor.py:830} INFO - Processing file /opt/airflow/dags/flight-pipeline.py for tasks to queue
[2026-09-17T13:00:57.774+0000] {logging_mixin.py:188} INFO - [2026-09-17T13:00:57.773+0000] {dagbag.py:545} INFO - Filling up the DagBag from /opt/airflow/dags/flight-pipeline.py
[2026-09-17T13:00:57.835+0000] {processor.py:840} INFO - DAG(s) 'flights_ops_medallion_pipe' retrieved from /opt/airflow/dags/flight-pipeline.py
[2026-09-17T13:00:57.892+0000] {logging_mixin.py:188} INFO - [2026-09-17T13:00:57.892+0000] {dag.py:3089} INFO - Sync 1 DAGs
[2026-09-17T13:00:57.928+0000] {logging_mixin.py:188} INFO - [2026-09-17T13:00:57.928+0000] {dag.py:3947} INFO - Setting next_dagrun for flights_ops_medallion_pipe to 2026-09-17 13:00:00+00:00, run_after=2026-09-17 13:30:00+00:00
[2026-09-17T13:00:57.954+0000] {processor.py:183} INFO - Processing /opt/airflow/dags/flight-pipeline.py took 0.198 seconds
[2026-09-17T13:01:28.245+0000] {processor.py:161} INFO - Started process (PID=491) to work on /opt/airflow/dags/flight-pipeline.py
[2026-09-17T13:01:28.247+0000] {processor.py:830} INFO - Processing file /opt/airflow/dags/flight-pipeline.py for tasks to queue
[2026-09-17T13:01:28.251+0000] {logging_mixin.py:188} INFO - [2026-09-17T13:01:28.250+0000] {dagbag.py:545} INFO - Filling up the DagBag from /opt/airflow/dags/flight-pipeline.py
[2026-09-17T13:01:28.334+0000] {processor.py:840} INFO - DAG(s) 'flights_ops_medallion_pipe' retrieved from /opt/airflow/dags/flight-pipeline.py
[2026-09-17T13:01:28.402+0000] {logging_mixin.py:188} INFO - [2026-09-17T13:01:28.401+0000] {dag.py:3089} INFO - Sync 1 DAGs
[2026-09-17T13:01:28.443+0000] {logging_mixin.py:188} INFO - [2026-09-17T13:01:28.443+0000] {dag.py:3947} INFO - Setting next_dagrun for flights_ops_medallion_pipe to 2026-09-17 13:00:00+00:00, run_after=2026-09-17 13:30:00+00:00
[2026-09-17T13:01:28.470+0000] {processor.py:183} INFO - Processing /opt/airflow/dags/flight-pipeline.py took 0.236 seconds
[2026-09-17T13:01:58.556+0000] {processor.py:161} INFO - Started process (PID=492) to work on /opt/airflow/dags/flight-pipeline.py
[2026-09-17T13:01:58.559+0000] {processor.py:830} INFO - Processing file /opt/airflow/dags/flight-pipeline.py for tasks to queue
[2026-09-17T13:01:58.562+0000] {logging_mixin.py:188} INFO - [2026-09-17T13:01:58.562+0000] {dagbag.py:545} INFO - Filling up the DagBag from /opt/airflow/dags/flight-pipeline.py
[2026-09-17T13:01:58.622+0000] {processor.py:840} INFO - DAG(s) 'flights_ops_medallion_pipe' retrieved from /opt/airflow/dags/flight-pipeline.py
[2026-09-17T13:01:58.673+0000] {logging_mixin.py:188} INFO - [2026-09-17T13:01:58.673+0000] {dag.py:3089} INFO - Sync 1 DAGs
[2026-09-17T13:01:58.713+0000] {logging_mixin.py:188} INFO - [2026-09-17T13:01:58.713+0000] {dag.py:3947} INFO - Setting next_dagrun for flights_ops_medallion_pipe to 2026-09-17 13:00:00+00:00, run_after=2026-09-17 13:30:00+00:00
[2026-09-17T13:01:58.743+0000] {processor.py:183} INFO - Processing /opt/airflow/dags/flight-pipeline.py took 0.198 seconds
[2026-09-17T13:02:29.049+0000] {processor.py:161} INFO - Started process (PID=493) to work on /opt/airflow/dags/flight-pipeline.py
[2026-09-17T13:02:29.051+0000] {processor.py:830} INFO - Processing file /opt/airflow/dags/flight-pipeline.py for tasks to queue
[2026-09-17T13:02:29.055+0000] {logging_mixin.py:188} INFO - [2026-09-17T13:02:29.054+0000] {dagbag.py:545} INFO - Filling up the DagBag from /opt/airflow/dags/flight-pipeline.py
[2026-09-17T13:02:29.102+0000] {processor.py:840} INFO - DAG(s) 'flights_ops_medallion_pipe' retrieved from /opt/airflow/dags/flight-pipeline.py
[2026-09-17T13:02:29.152+0000] {logging_mixin.py:188} INFO - [2026-09-17T13:02:29.152+0000] {dag.py:3089} INFO - Sync 1 DAGs
[2026-09-17T13:02:29.189+0000] {logging_mixin.py:188} INFO - [2026-09-17T13:02:29.188+0000] {dag.py:3947} INFO - Setting next_dagrun for flights_ops_medallion_pipe to 2026-09-17 13:00:00+00:00, run_after=2026-09-17 13:30:00+00:00
[2026-09-17T13:02:29.216+0000] {processor.py:183} INFO - Processing /opt/airflow/dags/flight-pipeline.py took 0.177 seconds
[2026-09-17T13:02:59.363+0000] {processor.py:161} INFO - Started process (PID=494) to work on /opt/airflow/dags/flight-pipeline.py
[2026-09-17T13:02:59.365+0000] {processor.py:830} INFO - Processing file /opt/airflow/dags/flight-pipeline.py for tasks to queue
[2026-09-17T13:02:59.369+0000] {logging_mixin.py:188} INFO - [2026-09-17T13:02:59.369+0000] {dagbag.py:545} INFO - Filling up the DagBag from /opt/airflow/dags/flight-pipeline.py
[2026-09-17T13:02:59.441+0000] {processor.py:840} INFO - DAG(s) 'flights_ops_medallion_pipe' retrieved from /opt/airflow/dags/flight-pipeline.py
[2026-09-17T13:02:59.505+0000] {logging_mixin.py:188} INFO - [2026-09-17T13:02:59.505+0000] {dag.py:3089} INFO - Sync 1 DAGs
[2026-09-17T13:02:59.546+0000] {logging_mixin.py:188} INFO - [2026-09-17T13:02:59.546+0000] {dag.py:3947} INFO - Setting next_dagrun for flights_ops_medallion_pipe to 2026-09-17 13:00:00+00:00, run_after=2026-09-17 13:30:00+00:00
[2026-09-17T13:02:59.577+0000] {processor.py:183} INFO - Processing /opt/airflow/dags/flight-pipeline.py took 0.225 seconds
[2026-09-17T13:03:29.802+0000] {processor.py:161} INFO - Started process (PID=495) to work on /opt/airflow/dags/flight-pipeline.py
[2026-09-17T13:03:29.804+0000] {processor.py:830} INFO - Processing file /opt/airflow/dags/flight-pipeline.py for tasks to queue
[2026-09-17T13:03:29.809+0000] {logging_mixin.py:188} INFO - [2026-09-17T13:03:29.808+0000] {dagbag.py:545} INFO - Filling up the DagBag from /opt/airflow/dags/flight-pipeline.py
[2026-09-17T13:03:29.877+0000] {processor.py:840} INFO - DAG(s) 'flights_ops_medallion_pipe' retrieved from /opt/airflow/dags/flight-pipeline.py
[2026-09-17T13:03:29.933+0000] {logging_mixin.py:188} INFO - [2026-09-17T13:03:29.932+0000] {dag.py:3089} INFO - Sync 1 DAGs
[2026-09-17T13:03:29.967+0000] {logging_mixin.py:188} INFO - [2026-09-17T13:03:29.966+0000] {dag.py:3947} INFO - Setting next_dagrun for flights_ops_medallion_pipe to 2026-09-17 13:00:00+00:00, run_after=2026-09-17 13:30:00+00:00
[2026-09-17T13:03:29.992+0000] {processor.py:183} INFO - Processing /opt/airflow/dags/flight-pipeline.py took 0.202 seconds
[2026-09-17T13:04:00.152+0000] {processor.py:161} INFO - Started process (PID=496) to work on /opt/airflow/dags/flight-pipeline.py
[2026-09-17T13:04:00.154+0000] {processor.py:830} INFO - Processing file /opt/airflow/dags/flight-pipeline.py for tasks to queue
[2026-09-17T13:04:00.159+0000] {logging_mixin.py:188} INFO - [2026-09-17T13:04:00.159+0000] {dagbag.py:545} INFO - Filling up the DagBag from /opt/airflow/dags/flight-pipeline.py
[2026-09-17T13:04:00.225+0000] {processor.py:840} INFO - DAG(s) 'flights_ops_medallion_pipe' retrieved from /opt/airflow/dags/flight-pipeline.py
[2026-09-17T13:04:00.283+0000] {logging_mixin.py:188} INFO - [2026-09-17T13:04:00.283+0000] {dag.py:3089} INFO - Sync 1 DAGs
[2026-09-17T13:04:00.323+0000] {logging_mixin.py:188} INFO - [2026-09-17T13:04:00.323+0000] {dag.py:3947} INFO - Setting next_dagrun for flights_ops_medallion_pipe to 2026-09-17 13:00:00+00:00, run_after=2026-09-17 13:30:00+00:00
[2026-09-17T13:04:00.360+0000] {processor.py:183} INFO - Processing /opt/airflow/dags/flight-pipeline.py took 0.221 seconds
[2026-09-17T13:04:30.585+0000] {processor.py:161} INFO - Started process (PID=497) to work on /opt/airflow/dags/flight-pipeline.py
[2026-09-17T13:04:30.588+0000] {processor.py:830} INFO - Processing file /opt/airflow/dags/flight-pipeline.py for tasks to queue
[2026-09-17T13:04:30.593+0000] {logging_mixin.py:188} INFO - [2026-09-17T13:04:30.593+0000] {dagbag.py:545} INFO - Filling up the DagBag from /opt/airflow/dags/flight-pipeline.py
[2026-09-17T13:04:30.665+0000] {processor.py:840} INFO - DAG(s) 'flights_ops_medallion_pipe' retrieved from /opt/airflow/dags/flight-pipeline.py
[2026-09-17T13:04:30.725+0000] {logging_mixin.py:188} INFO - [2026-09-17T13:04:30.725+0000] {dag.py:3089} INFO - Sync 1 DAGs
[2026-09-17T13:04:30.766+0000] {logging_mixin.py:188} INFO - [2026-09-17T13:04:30.766+0000] {dag.py:3947} INFO - Setting next_dagrun for flights_ops_medallion_pipe to 2026-09-17 13:00:00+00:00, run_after=2026-09-17 13:30:00+00:00
[2026-09-17T13:04:30.796+0000] {processor.py:183} INFO - Processing /opt/airflow/dags/flight-pipeline.py took 0.224 seconds
[2026-09-17T13:05:00.931+0000] {processor.py:161} INFO - Started process (PID=498) to work on /opt/airflow/dags/flight-pipeline.py
[2026-09-17T13:05:00.933+0000] {processor.py:830} INFO - Processing file /opt/airflow/dags/flight-pipeline.py for tasks to queue
[2026-09-17T13:05:00.938+0000] {logging_mixin.py:188} INFO - [2026-09-17T13:05:00.937+0000] {dagbag.py:545} INFO - Filling up the DagBag from /opt/airflow/dags/flight-pipeline.py
[2026-09-17T13:05:01.001+0000] {processor.py:840} INFO - DAG(s) 'flights_ops_medallion_pipe' retrieved from /opt/airflow/dags/flight-pipeline.py
[2026-09-17T13:05:01.061+0000] {logging_mixin.py:188} INFO - [2026-09-17T13:05:01.061+0000] {dag.py:3089} INFO - Sync 1 DAGs
[2026-09-17T13:05:01.101+0000] {logging_mixin.py:188} INFO - [2026-09-17T13:05:01.100+0000] {dag.py:3947} INFO - Setting next_dagrun for flights_ops_medallion_pipe to 2026-09-17 13:00:00+00:00, run_after=2026-09-17 13:30:00+00:00
[2026-09-17T13:05:01.130+0000] {processor.py:183} INFO - Processing /opt/airflow/dags/flight-pipeline.py took 0.211 seconds
[2026-09-17T13:05:31.366+0000] {processor.py:161} INFO - Started process (PID=499) to work on /opt/airflow/dags/flight-pipeline.py
[2026-09-17T13:05:31.368+0000] {processor.py:830} INFO - Processing file /opt/airflow/dags/flight-pipeline.py for tasks to queue
[2026-09-17T13:05:31.372+0000] {logging_mixin.py:188} INFO - [2026-09-17T13:05:31.372+0000] {dagbag.py:545} INFO - Filling up the DagBag from /opt/airflow/dags/flight-pipeline.py
[2026-09-17T13:05:31.428+0000] {processor.py:840} INFO - DAG(s) 'flights_ops_medallion_pipe' retrieved from /opt/airflow/dags/flight-pipeline.py
[2026-09-17T13:05:31.480+0000] {logging_mixin.py:188} INFO - [2026-09-17T13:05:31.480+0000] {dag.py:3089} INFO - Sync 1 DAGs
[2026-09-17T13:05:31.520+0000] {logging_mixin.py:188} INFO - [2026-09-17T13:05:31.520+0000] {dag.py:3947} INFO - Setting next_dagrun for flights_ops_medallion_pipe to 2026-09-17 13:00:00+00:00, run_after=2026-09-17 13:30:00+00:00
[2026-09-17T13:05:31.549+0000] {processor.py:183} INFO - Processing /opt/airflow/dags/flight-pipeline.py took 0.200 seconds
[2026-09-17T13:06:01.667+0000] {processor.py:161} INFO - Started process (PID=500) to work on /opt/airflow/dags/flight-pipeline.py
[2026-09-17T13:06:01.669+0000] {processor.py:830} INFO - Processing file /opt/airflow/dags/flight-pipeline.py for tasks to queue
[2026-09-17T13:06:01.673+0000] {logging_mixin.py:188} INFO - [2026-09-17T13:06:01.673+0000] {dagbag.py:545} INFO - Filling up the DagBag from /opt/airflow/dags/flight-pipeline.py
[2026-09-17T13:06:01.725+0000] {processor.py:840} INFO - DAG(s) 'flights_ops_medallion_pipe' retrieved from /opt/airflow/dags/flight-pipeline.py
[2026-09-17T13:06:01.783+0000] {logging_mixin.py:188} INFO - [2026-09-17T13:06:01.783+0000] {dag.py:3089} INFO - Sync 1 DAGs
[2026-09-17T13:06:01.821+0000] {logging_mixin.py:188} INFO - [2026-09-17T13:06:01.821+0000] {dag.py:3947} INFO - Setting next_dagrun for flights_ops_medallion_pipe to 2026-09-17 13:00:00+00:00, run_after=2026-09-17 13:30:00+00:00
[2026-09-17T13:06:01.852+0000] {processor.py:183} INFO - Processing /opt/airflow/dags/flight-pipeline.py took 0.196 seconds
[2026-09-17T13:06:32.219+0000] {processor.py:161} INFO - Started process (PID=501) to work on /opt/airflow/dags/flight-pipeline.py
[2026-09-17T13:06:32.222+0000] {processor.py:830} INFO - Processing file /opt/airflow/dags/flight-pipeline.py for tasks to queue
[2026-09-17T13:06:32.226+0000] {logging_mixin.py:188} INFO - [2026-09-17T13:06:32.225+0000] {dagbag.py:545} INFO - Filling up the DagBag from /opt/airflow/dags/flight-pipeline.py
[2026-09-17T13:06:32.292+0000] {processor.py:840} INFO - DAG(s) 'flights_ops_medallion_pipe' retrieved from /opt/airflow/dags/flight-pipeline.py
[2026-09-17T13:06:32.354+0000] {logging_mixin.py:188} INFO - [2026-09-17T13:06:32.353+0000] {dag.py:3089} INFO - Sync 1 DAGs
[2026-09-17T13:06:32.394+0000] {logging_mixin.py:188} INFO - [2026-09-17T13:06:32.394+0000] {dag.py:3947} INFO - Setting next_dagrun for flights_ops_medallion_pipe to 2026-09-17 13:00:00+00:00, run_after=2026-09-17 13:30:00+00:00
[2026-09-17T13:06:32.421+0000] {processor.py:183} INFO - Processing /opt/airflow/dags/flight-pipeline.py took 0.212 seconds
[2026-09-17T13:07:02.538+0000] {processor.py:161} INFO - Started process (PID=502) to work on /opt/airflow/dags/flight-pipeline.py
[2026-09-17T13:07:02.540+0000] {processor.py:830} INFO - Processing file /opt/airflow/dags/flight-pipeline.py for tasks to queue
[2026-09-17T13:07:02.545+0000] {logging_mixin.py:188} INFO - [2026-09-17T13:07:02.544+0000] {dagbag.py:545} INFO - Filling up the DagBag from /opt/airflow/dags/flight-pipeline.py
[2026-09-17T13:07:02.612+0000] {processor.py:840} INFO - DAG(s) 'flights_ops_medallion_pipe' retrieved from /opt/airflow/dags/flight-pipeline.py
[2026-09-17T13:07:02.662+0000] {logging_mixin.py:188} INFO - [2026-09-17T13:07:02.662+0000] {dag.py:3089} INFO - Sync 1 DAGs
[2026-09-17T13:07:02.696+0000] {logging_mixin.py:188} INFO - [2026-09-17T13:07:02.696+0000] {dag.py:3947} INFO - Setting next_dagrun for flights_ops_medallion_pipe to 2026-09-17 13:00:00+00:00, run_after=2026-09-17 13:30:00+00:00
[2026-09-17T13:07:02.721+0000] {processor.py:183} INFO - Processing /opt/airflow/dags/flight-pipeline.py took 0.194 seconds
[2026-09-17T13:07:33.031+0000] {processor.py:161} INFO - Started process (PID=503) to work on /opt/airflow/dags/flight-pipeline.py
[2026-09-17T13:07:33.034+0000] {processor.py:830} INFO - Processing file /opt/airflow/dags/flight-pipeline.py for tasks to queue
[2026-09-17T13:07:33.038+0000] {logging_mixin.py:188} INFO - [2026-09-17T13:07:33.037+0000] {dagbag.py:545} INFO - Filling up the DagBag from /opt/airflow/dags/flight-pipeline.py
[2026-09-17T13:07:33.100+0000] {processor.py:840} INFO - DAG(s) 'flights_ops_medallion_pipe' retrieved from /opt/airflow/dags/flight-pipeline.py
[2026-09-17T13:07:33.161+0000] {logging_mixin.py:188} INFO - [2026-09-17T13:07:33.160+0000] {dag.py:3089} INFO - Sync 1 DAGs
[2026-09-17T13:07:33.200+0000] {logging_mixin.py:188} INFO - [2026-09-17T13:07:33.200+0000] {dag.py:3947} INFO - Setting next_dagrun for flights_ops_medallion_pipe to 2026-09-17 13:00:00+00:00, run_after=2026-09-17 13:30:00+00:00
[2026-09-17T13:07:33.230+0000] {processor.py:183} INFO - Processing /opt/airflow/dags/flight-pipeline.py took 0.208 seconds
[2026-09-17T13:08:03.327+0000] {processor.py:161} INFO - Started process (PID=504) to work on /opt/airflow/dags/flight-pipeline.py
[2026-09-17T13:08:03.330+0000] {processor.py:830} INFO - Processing file /opt/airflow/dags/flight-pipeline.py for tasks to queue
[2026-09-17T13:08:03.335+0000] {logging_mixin.py:188} INFO - [2026-09-17T13:08:03.334+0000] {dagbag.py:545} INFO - Filling up the DagBag from /opt/airflow/dags/flight-pipeline.py
[2026-09-17T13:08:03.395+0000] {processor.py:840} INFO - DAG(s) 'flights_ops_medallion_pipe' retrieved from /opt/airflow/dags/flight-pipeline.py
[2026-09-17T13:08:03.461+0000] {logging_mixin.py:188} INFO - [2026-09-17T13:08:03.461+0000] {dag.py:3089} INFO - Sync 1 DAGs
[2026-09-17T13:08:03.507+0000] {logging_mixin.py:188} INFO - [2026-09-17T13:08:03.507+0000] {dag.py:3947} INFO - Setting next_dagrun for flights_ops_medallion_pipe to 2026-09-17 13:00:00+00:00, run_after=2026-09-17 13:30:00+00:00
[2026-09-17T13:08:03.540+0000] {processor.py:183} INFO - Processing /opt/airflow/dags/flight-pipeline.py took 0.227 seconds
[2026-09-17T13:08:33.835+0000] {processor.py:161} INFO - Started process (PID=505) to work on /opt/airflow/dags/flight-pipeline.py
[2026-09-17T13:08:33.838+0000] {processor.py:830} INFO - Processing file /opt/airflow/dags/flight-pipeline.py for tasks to queue
[2026-09-17T13:08:33.842+0000] {logging_mixin.py:188} INFO - [2026-09-17T13:08:33.841+0000] {dagbag.py:545} INFO - Filling up the DagBag from /opt/airflow/dags/flight-pipeline.py
[2026-09-17T13:08:33.911+0000] {processor.py:840} INFO - DAG(s) 'flights_ops_medallion_pipe' retrieved from /opt/airflow/dags/flight-pipeline.py
[2026-09-17T13:08:33.969+0000] {logging_mixin.py:188} INFO - [2026-09-17T13:08:33.969+0000] {dag.py:3089} INFO - Sync 1 DAGs
[2026-09-17T13:08:34.005+0000] {logging_mixin.py:188} INFO - [2026-09-17T13:08:34.005+0000] {dag.py:3947} INFO - Setting next_dagrun for flights_ops_medallion_pipe to 2026-09-17 13:00:00+00:00, run_after=2026-09-17 13:30:00+00:00
[2026-09-17T13:08:34.031+0000] {processor.py:183} INFO - Processing /opt/airflow/dags/flight-pipeline.py took 0.206 seconds
[2026-09-17T13:09:04.156+0000] {processor.py:161} INFO - Started process (PID=506) to work on /opt/airflow/dags/flight-pipeline.py
[2026-09-17T13:09:04.158+0000] {processor.py:830} INFO - Processing file /opt/airflow/dags/flight-pipeline.py for tasks to queue
[2026-09-17T13:09:04.163+0000] {logging_mixin.py:188} INFO - [2026-09-17T13:09:04.162+0000] {dagbag.py:545} INFO - Filling up the DagBag from /opt/airflow/dags/flight-pipeline.py
[2026-09-17T13:09:04.219+0000] {processor.py:840} INFO - DAG(s) 'flights_ops_medallion_pipe' retrieved from /opt/airflow/dags/flight-pipeline.py
[2026-09-17T13:09:04.275+0000] {logging_mixin.py:188} INFO - [2026-09-17T13:09:04.275+0000] {dag.py:3089} INFO - Sync 1 DAGs
[2026-09-17T13:09:04.313+0000] {logging_mixin.py:188} INFO - [2026-09-17T13:09:04.312+0000] {dag.py:3947} INFO - Setting next_dagrun for flights_ops_medallion_pipe to 2026-09-17 13:00:00+00:00, run_after=2026-09-17 13:30:00+00:00
[2026-09-17T13:09:04.345+0000] {processor.py:183} INFO - Processing /opt/airflow/dags/flight-pipeline.py took 0.201 seconds
[2026-09-17T13:09:34.586+0000] {processor.py:161} INFO - Started process (PID=507) to work on /opt/airflow/dags/flight-pipeline.py
[2026-09-17T13:09:34.588+0000] {processor.py:830} INFO - Processing file /opt/airflow/dags/flight-pipeline.py for tasks to queue
[2026-09-17T13:09:34.592+0000] {logging_mixin.py:188} INFO - [2026-09-17T13:09:34.591+0000] {dagbag.py:545} INFO - Filling up the DagBag from /opt/airflow/dags/flight-pipeline.py
[2026-09-17T13:09:34.641+0000] {processor.py:840} INFO - DAG(s) 'flights_ops_medallion_pipe' retrieved from /opt/airflow/dags/flight-pipeline.py
[2026-09-17T13:09:34.698+0000] {logging_mixin.py:188} INFO - [2026-09-17T13:09:34.697+0000] {dag.py:3089} INFO - Sync 1 DAGs
[2026-09-17T13:09:34.736+0000] {logging_mixin.py:188} INFO - [2026-09-17T13:09:34.736+0000] {dag.py:3947} INFO - Setting next_dagrun for flights_ops_medallion_pipe to 2026-09-17 13:00:00+00:00, run_after=2026-09-17 13:30:00+00:00
[2026-09-17T13:09:34.766+0000] {processor.py:183} INFO - Processing /opt/airflow/dags/flight-pipeline.py took 0.188 seconds
[2026-09-17T13:10:04.899+0000] {processor.py:161} INFO - Started process (PID=508) to work on /opt/airflow/dags/flight-pipeline.py
[2026-09-17T13:10:04.903+0000] {processor.py:830} INFO - Processing file /opt/airflow/dags/flight-pipeline.py for tasks to queue
[2026-09-17T13:10:04.910+0000] {logging_mixin.py:188} INFO - [2026-09-17T13:10:04.909+0000] {dagbag.py:545} INFO - Filling up the DagBag from /opt/airflow/dags/flight-pipeline.py
[2026-09-17T13:10:04.986+0000] {processor.py:840} INFO - DAG(s) 'flights_ops_medallion_pipe' retrieved from /opt/airflow/dags/flight-pipeline.py
[2026-09-17T13:10:05.048+0000] {logging_mixin.py:188} INFO - [2026-09-17T13:10:05.048+0000] {dag.py:3089} INFO - Sync 1 DAGs
[2026-09-17T13:10:05.091+0000] {logging_mixin.py:188} INFO - [2026-09-17T13:10:05.090+0000] {dag.py:3947} INFO - Setting next_dagrun for flights_ops_medallion_pipe to 2026-09-17 13:00:00+00:00, run_after=2026-09-17 13:30:00+00:00
[2026-09-17T13:10:05.120+0000] {processor.py:183} INFO - Processing /opt/airflow/dags/flight-pipeline.py took 0.234 seconds
[2026-09-17T13:10:35.325+0000] {processor.py:161} INFO - Started process (PID=509) to work on /opt/airflow/dags/flight-pipeline.py
[2026-09-17T13:10:35.328+0000] {processor.py:830} INFO - Processing file /opt/airflow/dags/flight-pipeline.py for tasks to queue
[2026-09-17T13:10:35.332+0000] {logging_mixin.py:188} INFO - [2026-09-17T13:10:35.331+0000] {dagbag.py:545} INFO - Filling up the DagBag from /opt/airflow/dags/flight-pipeline.py
[2026-09-17T13:10:35.402+0000] {processor.py:840} INFO - DAG(s) 'flights_ops_medallion_pipe' retrieved from /opt/airflow/dags/flight-pipeline.py
[2026-09-17T13:10:35.460+0000] {logging_mixin.py:188} INFO - [2026-09-17T13:10:35.459+0000] {dag.py:3089} INFO - Sync 1 DAGs
[2026-09-17T13:10:35.497+0000] {logging_mixin.py:188} INFO - [2026-09-17T13:10:35.497+0000] {dag.py:3947} INFO - Setting next_dagrun for flights_ops_medallion_pipe to 2026-09-17 13:00:00+00:00, run_after=2026-09-17 13:30:00+00:00
[2026-09-17T13:10:35.527+0000] {processor.py:183} INFO - Processing /opt/airflow/dags/flight-pipeline.py took 0.213 seconds
[2026-09-17T13:11:05.707+0000] {processor.py:161} INFO - Started process (PID=510) to work on /opt/airflow/dags/flight-pipeline.py
[2026-09-17T13:11:05.711+0000] {processor.py:830} INFO - Processing file /opt/airflow/dags/flight-pipeline.py for tasks to queue
[2026-09-17T13:11:05.716+0000] {logging_mixin.py:188} INFO - [2026-09-17T13:11:05.715+0000] {dagbag.py:545} INFO - Filling up the DagBag from /opt/airflow/dags/flight-pipeline.py
[2026-09-17T13:11:05.768+0000] {processor.py:840} INFO - DAG(s) 'flights_ops_medallion_pipe' retrieved from /opt/airflow/dags/flight-pipeline.py
[2026-09-17T13:11:05.821+0000] {logging_mixin.py:188} INFO - [2026-09-17T13:11:05.820+0000] {dag.py:3089} INFO - Sync 1 DAGs
[2026-09-17T13:11:05.856+0000] {logging_mixin.py:188} INFO - [2026-09-17T13:11:05.856+0000] {dag.py:3947} INFO - Setting next_dagrun for flights_ops_medallion_pipe to 2026-09-17 13:00:00+00:00, run_after=2026-09-17 13:30:00+00:00
[2026-09-17T13:11:05.884+0000] {processor.py:183} INFO - Processing /opt/airflow/dags/flight-pipeline.py took 0.195 seconds
[2026-09-17T13:11:36.101+0000] {processor.py:161} INFO - Started process (PID=511) to work on /opt/airflow/dags/flight-pipeline.py
[2026-09-17T13:11:36.103+0000] {processor.py:830} INFO - Processing file /opt/airflow/dags/flight-pipeline.py for tasks to queue
[2026-09-17T13:11:36.107+0000] {logging_mixin.py:188} INFO - [2026-09-17T13:11:36.107+0000] {dagbag.py:545} INFO - Filling up the DagBag from /opt/airflow/dags/flight-pipeline.py
[2026-09-17T13:11:36.170+0000] {processor.py:840} INFO - DAG(s) 'flights_ops_medallion_pipe' retrieved from /opt/airflow/dags/flight-pipeline.py
[2026-09-17T13:11:36.235+0000] {logging_mixin.py:188} INFO - [2026-09-17T13:11:36.235+0000] {dag.py:3089} INFO - Sync 1 DAGs
[2026-09-17T13:11:36.275+0000] {logging_mixin.py:188} INFO - [2026-09-17T13:11:36.274+0000] {dag.py:3947} INFO - Setting next_dagrun for flights_ops_medallion_pipe to 2026-09-17 13:00:00+00:00, run_after=2026-09-17 13:30:00+00:00
[2026-09-17T13:11:36.303+0000] {processor.py:183} INFO - Processing /opt/airflow/dags/flight-pipeline.py took 0.213 seconds
[2026-09-17T13:12:06.545+0000] {processor.py:161} INFO - Started process (PID=512) to work on /opt/airflow/dags/flight-pipeline.py
[2026-09-17T13:12:06.547+0000] {processor.py:830} INFO - Processing file /opt/airflow/dags/flight-pipeline.py for tasks to queue
[2026-09-17T13:12:06.551+0000] {logging_mixin.py:188} INFO - [2026-09-17T13:12:06.550+0000] {dagbag.py:545} INFO - Filling up the DagBag from /opt/airflow/dags/flight-pipeline.py
[2026-09-17T13:12:06.616+0000] {processor.py:840} INFO - DAG(s) 'flights_ops_medallion_pipe' retrieved from /opt/airflow/dags/flight-pipeline.py
[2026-09-17T13:12:06.676+0000] {logging_mixin.py:188} INFO - [2026-09-17T13:12:06.675+0000] {dag.py:3089} INFO - Sync 1 DAGs
[2026-09-17T13:12:06.714+0000] {logging_mixin.py:188} INFO - [2026-09-17T13:12:06.713+0000] {dag.py:3947} INFO - Setting next_dagrun for flights_ops_medallion_pipe to 2026-09-17 13:00:00+00:00, run_after=2026-09-17 13:30:00+00:00
[2026-09-17T13:12:06.744+0000] {processor.py:183} INFO - Processing /opt/airflow/dags/flight-pipeline.py took 0.211 seconds
[2026-09-17T13:12:36.875+0000] {processor.py:161} INFO - Started process (PID=513) to work on /opt/airflow/dags/flight-pipeline.py
[2026-09-17T13:12:36.877+0000] {processor.py:830} INFO - Processing file /opt/airflow/dags/flight-pipeline.py for tasks to queue
[2026-09-17T13:12:36.882+0000] {logging_mixin.py:188} INFO - [2026-09-17T13:12:36.881+0000] {dagbag.py:545} INFO - Filling up the DagBag from /opt/airflow/dags/flight-pipeline.py
[2026-09-17T13:12:36.941+0000] {processor.py:840} INFO - DAG(s) 'flights_ops_medallion_pipe' retrieved from /opt/airflow/dags/flight-pipeline.py
[2026-09-17T13:12:37.000+0000] {logging_mixin.py:188} INFO - [2026-09-17T13:12:37.000+0000] {dag.py:3089} INFO - Sync 1 DAGs
[2026-09-17T13:12:37.040+0000] {logging_mixin.py:188} INFO - [2026-09-17T13:12:37.040+0000] {dag.py:3947} INFO - Setting next_dagrun for flights_ops_medallion_pipe to 2026-09-17 13:00:00+00:00, run_after=2026-09-17 13:30:00+00:00
[2026-09-17T13:12:37.069+0000] {processor.py:183} INFO - Processing /opt/airflow/dags/flight-pipeline.py took 0.203 seconds
[2026-09-17T13:13:07.308+0000] {processor.py:161} INFO - Started process (PID=514) to work on /opt/airflow/dags/flight-pipeline.py
[2026-09-17T13:13:07.311+0000] {processor.py:830} INFO - Processing file /opt/airflow/dags/flight-pipeline.py for tasks to queue
[2026-09-17T13:13:07.315+0000] {logging_mixin.py:188} INFO - [2026-09-17T13:13:07.314+0000] {dagbag.py:545} INFO - Filling up the DagBag from /opt/airflow/dags/flight-pipeline.py
[2026-09-17T13:13:07.371+0000] {processor.py:840} INFO - DAG(s) 'flights_ops_medallion_pipe' retrieved from /opt/airflow/dags/flight-pipeline.py
[2026-09-17T13:13:07.428+0000] {logging_mixin.py:188} INFO - [2026-09-17T13:13:07.428+0000] {dag.py:3089} INFO - Sync 1 DAGs
[2026-09-17T13:13:07.470+0000] {logging_mixin.py:188} INFO - [2026-09-17T13:13:07.469+0000] {dag.py:3947} INFO - Setting next_dagrun for flights_ops_medallion_pipe to 2026-09-17 13:00:00+00:00, run_after=2026-09-17 13:30:00+00:00
[2026-09-17T13:13:07.498+0000] {processor.py:183} INFO - Processing /opt/airflow/dags/flight-pipeline.py took 0.200 seconds
[2026-09-17T13:13:37.627+0000] {processor.py:161} INFO - Started process (PID=515) to work on /opt/airflow/dags/flight-pipeline.py
[2026-09-17T13:13:37.629+0000] {processor.py:830} INFO - Processing file /opt/airflow/dags/flight-pipeline.py for tasks to queue
[2026-09-17T13:13:37.634+0000] {logging_mixin.py:188} INFO - [2026-09-17T13:13:37.633+0000] {dagbag.py:545} INFO - Filling up the DagBag from /opt/airflow/dags/flight-pipeline.py
[2026-09-17T13:13:37.688+0000] {processor.py:840} INFO - DAG(s) 'flights_ops_medallion_pipe' retrieved from /opt/airflow/dags/flight-pipeline.py
[2026-09-17T13:13:37.747+0000] {logging_mixin.py:188} INFO - [2026-09-17T13:13:37.747+0000] {dag.py:3089} INFO - Sync 1 DAGs
[2026-09-17T13:13:37.782+0000] {logging_mixin.py:188} INFO - [2026-09-17T13:13:37.782+0000] {dag.py:3947} INFO - Setting next_dagrun for flights_ops_medallion_pipe to 2026-09-17 13:00:00+00:00, run_after=2026-09-17 13:30:00+00:00
[2026-09-17T13:13:37.808+0000] {processor.py:183} INFO - Processing /opt/airflow/dags/flight-pipeline.py took 0.192 seconds
[2026-09-17T13:14:08.048+0000] {processor.py:161} INFO - Started process (PID=516) to work on /opt/airflow/dags/flight-pipeline.py
[2026-09-17T13:14:08.050+0000] {processor.py:830} INFO - Processing file /opt/airflow/dags/flight-pipeline.py for tasks to queue
[2026-09-17T13:14:08.054+0000] {logging_mixin.py:188} INFO - [2026-09-17T13:14:08.053+0000] {dagbag.py:545} INFO - Filling up the DagBag from /opt/airflow/dags/flight-pipeline.py
[2026-09-17T13:14:08.103+0000] {processor.py:840} INFO - DAG(s) 'flights_ops_medallion_pipe' retrieved from /opt/airflow/dags/flight-pipeline.py
[2026-09-17T13:14:08.157+0000] {logging_mixin.py:188} INFO - [2026-09-17T13:14:08.156+0000] {dag.py:3089} INFO - Sync 1 DAGs
[2026-09-17T13:14:08.194+0000] {logging_mixin.py:188} INFO - [2026-09-17T13:14:08.193+0000] {dag.py:3947} INFO - Setting next_dagrun for flights_ops_medallion_pipe to 2026-09-17 13:00:00+00:00, run_after=2026-09-17 13:30:00+00:00
[2026-09-17T13:14:08.223+0000] {processor.py:183} INFO - Processing /opt/airflow/dags/flight-pipeline.py took 0.184 seconds
[2026-09-17T13:14:38.344+0000] {processor.py:161} INFO - Started process (PID=517) to work on /opt/airflow/dags/flight-pipeline.py
[2026-09-17T13:14:38.346+0000] {processor.py:830} INFO - Processing file /opt/airflow/dags/flight-pipeline.py for tasks to queue
[2026-09-17T13:14:38.350+0000] {logging_mixin.py:188} INFO - [2026-09-17T13:14:38.350+0000] {dagbag.py:545} INFO - Filling up the DagBag from /opt/airflow/dags/flight-pipeline.py
[2026-09-17T13:14:38.417+0000] {processor.py:840} INFO - DAG(s) 'flights_ops_medallion_pipe' retrieved from /opt/airflow/dags/flight-pipeline.py
[2026-09-17T13:14:38.477+0000] {logging_mixin.py:188} INFO - [2026-09-17T13:14:38.477+0000] {dag.py:3089} INFO - Sync 1 DAGs
[2026-09-17T13:14:38.515+0000] {logging_mixin.py:188} INFO - [2026-09-17T13:14:38.514+0000] {dag.py:3947} INFO - Setting next_dagrun for flights_ops_medallion_pipe to 2026-09-17 13:00:00+00:00, run_after=2026-09-17 13:30:00+00:00
[2026-09-17T13:14:38.542+0000] {processor.py:183} INFO - Processing /opt/airflow/dags/flight-pipeline.py took 0.211 seconds
[2026-09-17T13:15:08.744+0000] {processor.py:161} INFO - Started process (PID=575) to work on /opt/airflow/dags/flight-pipeline.py
[2026-09-17T13:15:08.746+0000] {processor.py:830} INFO - Processing file /opt/airflow/dags/flight-pipeline.py for tasks to queue
[2026-09-17T13:15:08.751+0000] {logging_mixin.py:188} INFO - [2026-09-17T13:15:08.751+0000] {dagbag.py:545} INFO - Filling up the DagBag from /opt/airflow/dags/flight-pipeline.py
[2026-09-17T13:15:08.809+0000] {processor.py:840} INFO - DAG(s) 'flights_ops_medallion_pipe' retrieved from /opt/airflow/dags/flight-pipeline.py
[2026-09-17T13:15:08.866+0000] {logging_mixin.py:188} INFO - [2026-09-17T13:15:08.865+0000] {dag.py:3089} INFO - Sync 1 DAGs
[2026-09-17T13:15:08.909+0000] {logging_mixin.py:188} INFO - [2026-09-17T13:15:08.909+0000] {dag.py:3947} INFO - Setting next_dagrun for flights_ops_medallion_pipe to 2026-09-17 13:00:00+00:00, run_after=2026-09-17 13:30:00+00:00
[2026-09-17T13:15:08.938+0000] {processor.py:183} INFO - Processing /opt/airflow/dags/flight-pipeline.py took 0.206 seconds
[2026-09-17T13:15:39.031+0000] {processor.py:161} INFO - Started process (PID=576) to work on /opt/airflow/dags/flight-pipeline.py
[2026-09-17T13:15:39.033+0000] {processor.py:830} INFO - Processing file /opt/airflow/dags/flight-pipeline.py for tasks to queue
[2026-09-17T13:15:39.037+0000] {logging_mixin.py:188} INFO - [2026-09-17T13:15:39.037+0000] {dagbag.py:545} INFO - Filling up the DagBag from /opt/airflow/dags/flight-pipeline.py
[2026-09-17T13:15:39.096+0000] {processor.py:840} INFO - DAG(s) 'flights_ops_medallion_pipe' retrieved from /opt/airflow/dags/flight-pipeline.py
[2026-09-17T13:15:39.150+0000] {logging_mixin.py:188} INFO - [2026-09-17T13:15:39.150+0000] {dag.py:3089} INFO - Sync 1 DAGs
[2026-09-17T13:15:39.188+0000] {logging_mixin.py:188} INFO - [2026-09-17T13:15:39.188+0000] {dag.py:3947} INFO - Setting next_dagrun for flights_ops_medallion_pipe to 2026-09-17 13:00:00+00:00, run_after=2026-09-17 13:30:00+00:00
[2026-09-17T13:15:39.215+0000] {processor.py:183} INFO - Processing /opt/airflow/dags/flight-pipeline.py took 0.196 seconds
[2026-09-17T13:16:09.496+0000] {processor.py:161} INFO - Started process (PID=577) to work on /opt/airflow/dags/flight-pipeline.py
[2026-09-17T13:16:09.498+0000] {processor.py:830} INFO - Processing file /opt/airflow/dags/flight-pipeline.py for tasks to queue
[2026-09-17T13:16:09.502+0000] {logging_mixin.py:188} INFO - [2026-09-17T13:16:09.502+0000] {dagbag.py:545} INFO - Filling up the DagBag from /opt/airflow/dags/flight-pipeline.py
[2026-09-17T13:16:09.560+0000] {processor.py:840} INFO - DAG(s) 'flights_ops_medallion_pipe' retrieved from /opt/airflow/dags/flight-pipeline.py
[2026-09-17T13:16:09.617+0000] {logging_mixin.py:188} INFO - [2026-09-17T13:16:09.617+0000] {dag.py:3089} INFO - Sync 1 DAGs
[2026-09-17T13:16:09.656+0000] {logging_mixin.py:188} INFO - [2026-09-17T13:16:09.656+0000] {dag.py:3947} INFO - Setting next_dagrun for flights_ops_medallion_pipe to 2026-09-17 13:00:00+00:00, run_after=2026-09-17 13:30:00+00:00
[2026-09-17T13:16:09.684+0000] {processor.py:183} INFO - Processing /opt/airflow/dags/flight-pipeline.py took 0.199 seconds
[2026-09-17T13:16:39.762+0000] {processor.py:161} INFO - Started process (PID=578) to work on /opt/airflow/dags/flight-pipeline.py
[2026-09-17T13:16:39.764+0000] {processor.py:830} INFO - Processing file /opt/airflow/dags/flight-pipeline.py for tasks to queue
[2026-09-17T13:16:39.767+0000] {logging_mixin.py:188} INFO - [2026-09-17T13:16:39.766+0000] {dagbag.py:545} INFO - Filling up the DagBag from /opt/airflow/dags/flight-pipeline.py
[2026-09-17T13:16:39.809+0000] {processor.py:840} INFO - DAG(s) 'flights_ops_medallion_pipe' retrieved from /opt/airflow/dags/flight-pipeline.py
[2026-09-17T13:16:39.854+0000] {logging_mixin.py:188} INFO - [2026-09-17T13:16:39.854+0000] {dag.py:3089} INFO - Sync 1 DAGs
[2026-09-17T13:16:39.889+0000] {logging_mixin.py:188} INFO - [2026-09-17T13:16:39.889+0000] {dag.py:3947} INFO - Setting next_dagrun for flights_ops_medallion_pipe to 2026-09-17 13:00:00+00:00, run_after=2026-09-17 13:30:00+00:00
[2026-09-17T13:16:39.915+0000] {processor.py:183} INFO - Processing /opt/airflow/dags/flight-pipeline.py took 0.163 seconds
[2026-09-17T13:17:10.218+0000] {processor.py:161} INFO - Started process (PID=579) to work on /opt/airflow/dags/flight-pipeline.py
[2026-09-17T13:17:10.220+0000] {processor.py:830} INFO - Processing file /opt/airflow/dags/flight-pipeline.py for tasks to queue
[2026-09-17T13:17:10.224+0000] {logging_mixin.py:188} INFO - [2026-09-17T13:17:10.223+0000] {dagbag.py:545} INFO - Filling up the DagBag from /opt/airflow/dags/flight-pipeline.py
[2026-09-17T13:17:10.280+0000] {processor.py:840} INFO - DAG(s) 'flights_ops_medallion_pipe' retrieved from /opt/airflow/dags/flight-pipeline.py
[2026-09-17T13:17:10.342+0000] {logging_mixin.py:188} INFO - [2026-09-17T13:17:10.342+0000] {dag.py:3089} INFO - Sync 1 DAGs
[2026-09-17T13:17:10.388+0000] {logging_mixin.py:188} INFO - [2026-09-17T13:17:10.387+0000] {dag.py:3947} INFO - Setting next_dagrun for flights_ops_medallion_pipe to 2026-09-17 13:00:00+00:00, run_after=2026-09-17 13:30:00+00:00
[2026-09-17T13:17:10.420+0000] {processor.py:183} INFO - Processing /opt/airflow/dags/flight-pipeline.py took 0.211 seconds
[2026-09-17T13:17:40.510+0000] {processor.py:161} INFO - Started process (PID=580) to work on /opt/airflow/dags/flight-pipeline.py
[2026-09-17T13:17:40.512+0000] {processor.py:830} INFO - Processing file /opt/airflow/dags/flight-pipeline.py for tasks to queue
[2026-09-17T13:17:40.516+0000] {logging_mixin.py:188} INFO - [2026-09-17T13:17:40.515+0000] {dagbag.py:545} INFO - Filling up the DagBag from /opt/airflow/dags/flight-pipeline.py
[2026-09-17T13:17:40.567+0000] {processor.py:840} INFO - DAG(s) 'flights_ops_medallion_pipe' retrieved from /opt/airflow/dags/flight-pipeline.py
[2026-09-17T13:17:40.622+0000] {logging_mixin.py:188} INFO - [2026-09-17T13:17:40.622+0000] {dag.py:3089} INFO - Sync 1 DAGs
[2026-09-17T13:17:40.662+0000] {logging_mixin.py:188} INFO - [2026-09-17T13:17:40.661+0000] {dag.py:3947} INFO - Setting next_dagrun for flights_ops_medallion_pipe to 2026-09-17 13:00:00+00:00, run_after=2026-09-17 13:30:00+00:00
[2026-09-17T13:17:40.693+0000] {processor.py:183} INFO - Processing /opt/airflow/dags/flight-pipeline.py took 0.193 seconds
[2026-09-17T13:18:10.962+0000] {processor.py:161} INFO - Started process (PID=581) to work on /opt/airflow/dags/flight-pipeline.py
[2026-09-17T13:18:10.964+0000] {processor.py:830} INFO - Processing file /opt/airflow/dags/flight-pipeline.py for tasks to queue
[2026-09-17T13:18:10.967+0000] {logging_mixin.py:188} INFO - [2026-09-17T13:18:10.967+0000] {dagbag.py:545} INFO - Filling up the DagBag from /opt/airflow/dags/flight-pipeline.py
[2026-09-17T13:18:11.014+0000] {processor.py:840} INFO - DAG(s) 'flights_ops_medallion_pipe' retrieved from /opt/airflow/dags/flight-pipeline.py
[2026-09-17T13:18:11.066+0000] {logging_mixin.py:188} INFO - [2026-09-17T13:18:11.066+0000] {dag.py:3089} INFO - Sync 1 DAGs
[2026-09-17T13:18:11.103+0000] {logging_mixin.py:188} INFO - [2026-09-17T13:18:11.102+0000] {dag.py:3947} INFO - Setting next_dagrun for flights_ops_medallion_pipe to 2026-09-17 13:00:00+00:00, run_after=2026-09-17 13:30:00+00:00
[2026-09-17T13:18:11.131+0000] {processor.py:183} INFO - Processing /opt/airflow/dags/flight-pipeline.py took 0.179 seconds
[2026-09-17T13:18:41.250+0000] {processor.py:161} INFO - Started process (PID=582) to work on /opt/airflow/dags/flight-pipeline.py
[2026-09-17T13:18:41.253+0000] {processor.py:830} INFO - Processing file /opt/airflow/dags/flight-pipeline.py for tasks to queue
[2026-09-17T13:18:41.256+0000] {logging_mixin.py:188} INFO - [2026-09-17T13:18:41.256+0000] {dagbag.py:545} INFO - Filling up the DagBag from /opt/airflow/dags/flight-pipeline.py
[2026-09-17T13:18:41.316+0000] {processor.py:840} INFO - DAG(s) 'flights_ops_medallion_pipe' retrieved from /opt/airflow/dags/flight-pipeline.py
[2026-09-17T13:18:41.368+0000] {logging_mixin.py:188} INFO - [2026-09-17T13:18:41.368+0000] {dag.py:3089} INFO - Sync 1 DAGs
[2026-09-17T13:18:41.406+0000] {logging_mixin.py:188} INFO - [2026-09-17T13:18:41.405+0000] {dag.py:3947} INFO - Setting next_dagrun for flights_ops_medallion_pipe to 2026-09-17 13:00:00+00:00, run_after=2026-09-17 13:30:00+00:00
[2026-09-17T13:18:41.433+0000] {processor.py:183} INFO - Processing /opt/airflow/dags/flight-pipeline.py took 0.192 seconds
[2026-09-17T13:19:11.667+0000] {processor.py:161} INFO - Started process (PID=583) to work on /opt/airflow/dags/flight-pipeline.py
[2026-09-17T13:19:11.669+0000] {processor.py:830} INFO - Processing file /opt/airflow/dags/flight-pipeline.py for tasks to queue
[2026-09-17T13:19:11.673+0000] {logging_mixin.py:188} INFO - [2026-09-17T13:19:11.672+0000] {dagbag.py:545} INFO - Filling up the DagBag from /opt/airflow/dags/flight-pipeline.py
[2026-09-17T13:19:11.716+0000] {processor.py:840} INFO - DAG(s) 'flights_ops_medallion_pipe' retrieved from /opt/airflow/dags/flight-pipeline.py
[2026-09-17T13:19:11.766+0000] {logging_mixin.py:188} INFO - [2026-09-17T13:19:11.766+0000] {dag.py:3089} INFO - Sync 1 DAGs
[2026-09-17T13:19:11.801+0000] {logging_mixin.py:188} INFO - [2026-09-17T13:19:11.801+0000] {dag.py:3947} INFO - Setting next_dagrun for flights_ops_medallion_pipe to 2026-09-17 13:00:00+00:00, run_after=2026-09-17 13:30:00+00:00
[2026-09-17T13:19:11.828+0000] {processor.py:183} INFO - Processing /opt/airflow/dags/flight-pipeline.py took 0.170 seconds
[2026-09-17T13:19:41.968+0000] {processor.py:161} INFO - Started process (PID=584) to work on /opt/airflow/dags/flight-pipeline.py
[2026-09-17T13:19:41.970+0000] {processor.py:830} INFO - Processing file /opt/airflow/dags/flight-pipeline.py for tasks to queue
[2026-09-17T13:19:41.974+0000] {logging_mixin.py:188} INFO - [2026-09-17T13:19:41.974+0000] {dagbag.py:545} INFO - Filling up the DagBag from /opt/airflow/dags/flight-pipeline.py
[2026-09-17T13:19:42.030+0000] {processor.py:840} INFO - DAG(s) 'flights_ops_medallion_pipe' retrieved from /opt/airflow/dags/flight-pipeline.py
[2026-09-17T13:19:42.096+0000] {logging_mixin.py:188} INFO - [2026-09-17T13:19:42.096+0000] {dag.py:3089} INFO - Sync 1 DAGs
[2026-09-17T13:19:42.149+0000] {logging_mixin.py:188} INFO - [2026-09-17T13:19:42.148+0000] {dag.py:3947} INFO - Setting next_dagrun for flights_ops_medallion_pipe to 2026-09-17 13:00:00+00:00, run_after=2026-09-17 13:30:00+00:00
[2026-09-17T13:19:42.176+0000] {processor.py:183} INFO - Processing /opt/airflow/dags/flight-pipeline.py took 0.220 seconds
[2026-09-17T13:20:12.369+0000] {processor.py:161} INFO - Started process (PID=585) to work on /opt/airflow/dags/flight-pipeline.py
[2026-09-17T13:20:12.372+0000] {processor.py:830} INFO - Processing file /opt/airflow/dags/flight-pipeline.py for tasks to queue
[2026-09-17T13:20:12.375+0000] {logging_mixin.py:188} INFO - [2026-09-17T13:20:12.375+0000] {dagbag.py:545} INFO - Filling up the DagBag from /opt/airflow/dags/flight-pipeline.py
[2026-09-17T13:20:12.424+0000] {processor.py:840} INFO - DAG(s) 'flights_ops_medallion_pipe' retrieved from /opt/airflow/dags/flight-pipeline.py
[2026-09-17T13:20:12.473+0000] {logging_mixin.py:188} INFO - [2026-09-17T13:20:12.473+0000] {dag.py:3089} INFO - Sync 1 DAGs
[2026-09-17T13:20:12.510+0000] {logging_mixin.py:188} INFO - [2026-09-17T13:20:12.509+0000] {dag.py:3947} INFO - Setting next_dagrun for flights_ops_medallion_pipe to 2026-09-17 13:00:00+00:00, run_after=2026-09-17 13:30:00+00:00
[2026-09-17T13:20:12.537+0000] {processor.py:183} INFO - Processing /opt/airflow/dags/flight-pipeline.py took 0.177 seconds
[2026-09-17T13:20:42.709+0000] {processor.py:161} INFO - Started process (PID=586) to work on /opt/airflow/dags/flight-pipeline.py
[2026-09-17T13:20:42.711+0000] {processor.py:830} INFO - Processing file /opt/airflow/dags/flight-pipeline.py for tasks to queue
[2026-09-17T13:20:42.715+0000] {logging_mixin.py:188} INFO - [2026-09-17T13:20:42.715+0000] {dagbag.py:545} INFO - Filling up the DagBag from /opt/airflow/dags/flight-pipeline.py
[2026-09-17T13:20:42.770+0000] {processor.py:840} INFO - DAG(s) 'flights_ops_medallion_pipe' retrieved from /opt/airflow/dags/flight-pipeline.py
[2026-09-17T13:20:42.823+0000] {logging_mixin.py:188} INFO - [2026-09-17T13:20:42.823+0000] {dag.py:3089} INFO - Sync 1 DAGs
[2026-09-17T13:20:42.863+0000] {logging_mixin.py:188} INFO - [2026-09-17T13:20:42.863+0000] {dag.py:3947} INFO - Setting next_dagrun for flights_ops_medallion_pipe to 2026-09-17 13:00:00+00:00, run_after=2026-09-17 13:30:00+00:00
[2026-09-17T13:20:42.891+0000] {processor.py:183} INFO - Processing /opt/airflow/dags/flight-pipeline.py took 0.192 seconds
[2026-09-17T13:21:13.147+0000] {processor.py:161} INFO - Started process (PID=587) to work on /opt/airflow/dags/flight-pipeline.py
[2026-09-17T13:21:13.150+0000] {processor.py:830} INFO - Processing file /opt/airflow/dags/flight-pipeline.py for tasks to queue
[2026-09-17T13:21:13.153+0000] {logging_mixin.py:188} INFO - [2026-09-17T13:21:13.153+0000] {dagbag.py:545} INFO - Filling up the DagBag from /opt/airflow/dags/flight-pipeline.py
[2026-09-17T13:21:13.205+0000] {processor.py:840} INFO - DAG(s) 'flights_ops_medallion_pipe' retrieved from /opt/airflow/dags/flight-pipeline.py
[2026-09-17T13:21:13.272+0000] {logging_mixin.py:188} INFO - [2026-09-17T13:21:13.272+0000] {dag.py:3089} INFO - Sync 1 DAGs
[2026-09-17T13:21:13.319+0000] {logging_mixin.py:188} INFO - [2026-09-17T13:21:13.318+0000] {dag.py:3947} INFO - Setting next_dagrun for flights_ops_medallion_pipe to 2026-09-17 13:00:00+00:00, run_after=2026-09-17 13:30:00+00:00
[2026-09-17T13:21:13.348+0000] {processor.py:183} INFO - Processing /opt/airflow/dags/flight-pipeline.py took 0.210 seconds
[2026-09-17T13:21:43.448+0000] {processor.py:161} INFO - Started process (PID=588) to work on /opt/airflow/dags/flight-pipeline.py
[2026-09-17T13:21:43.451+0000] {processor.py:830} INFO - Processing file /opt/airflow/dags/flight-pipeline.py for tasks to queue
[2026-09-17T13:21:43.454+0000] {logging_mixin.py:188} INFO - [2026-09-17T13:21:43.454+0000] {dagbag.py:545} INFO - Filling up the DagBag from /opt/airflow/dags/flight-pipeline.py
[2026-09-17T13:21:43.517+0000] {processor.py:840} INFO - DAG(s) 'flights_ops_medallion_pipe' retrieved from /opt/airflow/dags/flight-pipeline.py
[2026-09-17T13:21:43.573+0000] {logging_mixin.py:188} INFO - [2026-09-17T13:21:43.573+0000] {dag.py:3089} INFO - Sync 1 DAGs
[2026-09-17T13:21:43.614+0000] {logging_mixin.py:188} INFO - [2026-09-17T13:21:43.614+0000] {dag.py:3947} INFO - Setting next_dagrun for flights_ops_medallion_pipe to 2026-09-17 13:00:00+00:00, run_after=2026-09-17 13:30:00+00:00
[2026-09-17T13:21:43.641+0000] {processor.py:183} INFO - Processing /opt/airflow/dags/flight-pipeline.py took 0.202 seconds
[2026-09-17T13:22:13.874+0000] {processor.py:161} INFO - Started process (PID=589) to work on /opt/airflow/dags/flight-pipeline.py
[2026-09-17T13:22:13.876+0000] {processor.py:830} INFO - Processing file /opt/airflow/dags/flight-pipeline.py for tasks to queue
[2026-09-17T13:22:13.880+0000] {logging_mixin.py:188} INFO - [2026-09-17T13:22:13.880+0000] {dagbag.py:545} INFO - Filling up the DagBag from /opt/airflow/dags/flight-pipeline.py
[2026-09-17T13:22:13.932+0000] {processor.py:840} INFO - DAG(s) 'flights_ops_medallion_pipe' retrieved from /opt/airflow/dags/flight-pipeline.py
[2026-09-17T13:22:13.982+0000] {logging_mixin.py:188} INFO - [2026-09-17T13:22:13.982+0000] {dag.py:3089} INFO - Sync 1 DAGs
[2026-09-17T13:22:14.020+0000] {logging_mixin.py:188} INFO - [2026-09-17T13:22:14.019+0000] {dag.py:3947} INFO - Setting next_dagrun for flights_ops_medallion_pipe to 2026-09-17 13:00:00+00:00, run_after=2026-09-17 13:30:00+00:00
[2026-09-17T13:22:14.049+0000] {processor.py:183} INFO - Processing /opt/airflow/dags/flight-pipeline.py took 0.184 seconds
[2026-09-17T13:22:44.171+0000] {processor.py:161} INFO - Started process (PID=590) to work on /opt/airflow/dags/flight-pipeline.py
[2026-09-17T13:22:44.173+0000] {processor.py:830} INFO - Processing file /opt/airflow/dags/flight-pipeline.py for tasks to queue
[2026-09-17T13:22:44.177+0000] {logging_mixin.py:188} INFO - [2026-09-17T13:22:44.176+0000] {dagbag.py:545} INFO - Filling up the DagBag from /opt/airflow/dags/flight-pipeline.py
[2026-09-17T13:22:44.224+0000] {processor.py:840} INFO - DAG(s) 'flights_ops_medallion_pipe' retrieved from /opt/airflow/dags/flight-pipeline.py
[2026-09-17T13:22:44.275+0000] {logging_mixin.py:188} INFO - [2026-09-17T13:22:44.275+0000] {dag.py:3089} INFO - Sync 1 DAGs
[2026-09-17T13:22:44.318+0000] {logging_mixin.py:188} INFO - [2026-09-17T13:22:44.317+0000] {dag.py:3947} INFO - Setting next_dagrun for flights_ops_medallion_pipe to 2026-09-17 13:00:00+00:00, run_after=2026-09-17 13:30:00+00:00
[2026-09-17T13:22:44.345+0000] {processor.py:183} INFO - Processing /opt/airflow/dags/flight-pipeline.py took 0.183 seconds
[2026-09-17T13:23:14.590+0000] {processor.py:161} INFO - Started process (PID=591) to work on /opt/airflow/dags/flight-pipeline.py
[2026-09-17T13:23:14.592+0000] {processor.py:830} INFO - Processing file /opt/airflow/dags/flight-pipeline.py for tasks to queue
[2026-09-17T13:23:14.595+0000] {logging_mixin.py:188} INFO - [2026-09-17T13:23:14.595+0000] {dagbag.py:545} INFO - Filling up the DagBag from /opt/airflow/dags/flight-pipeline.py
[2026-09-17T13:23:14.646+0000] {processor.py:840} INFO - DAG(s) 'flights_ops_medallion_pipe' retrieved from /opt/airflow/dags/flight-pipeline.py
[2026-09-17T13:23:14.695+0000] {logging_mixin.py:188} INFO - [2026-09-17T13:23:14.695+0000] {dag.py:3089} INFO - Sync 1 DAGs
[2026-09-17T13:23:14.731+0000] {logging_mixin.py:188} INFO - [2026-09-17T13:23:14.731+0000] {dag.py:3947} INFO - Setting next_dagrun for flights_ops_medallion_pipe to 2026-09-17 13:00:00+00:00, run_after=2026-09-17 13:30:00+00:00
[2026-09-17T13:23:14.758+0000] {processor.py:183} INFO - Processing /opt/airflow/dags/flight-pipeline.py took 0.177 seconds
[2026-09-17T13:23:44.891+0000] {processor.py:161} INFO - Started process (PID=592) to work on /opt/airflow/dags/flight-pipeline.py
[2026-09-17T13:23:44.893+0000] {processor.py:830} INFO - Processing file /opt/airflow/dags/flight-pipeline.py for tasks to queue
[2026-09-17T13:23:44.896+0000] {logging_mixin.py:188} INFO - [2026-09-17T13:23:44.896+0000] {dagbag.py:545} INFO - Filling up the DagBag from /opt/airflow/dags/flight-pipeline.py
[2026-09-17T13:23:44.948+0000] {processor.py:840} INFO - DAG(s) 'flights_ops_medallion_pipe' retrieved from /opt/airflow/dags/flight-pipeline.py
[2026-09-17T13:23:45.005+0000] {logging_mixin.py:188} INFO - [2026-09-17T13:23:45.005+0000] {dag.py:3089} INFO - Sync 1 DAGs
[2026-09-17T13:23:45.042+0000] {logging_mixin.py:188} INFO - [2026-09-17T13:23:45.042+0000] {dag.py:3947} INFO - Setting next_dagrun for flights_ops_medallion_pipe to 2026-09-17 13:00:00+00:00, run_after=2026-09-17 13:30:00+00:00
[2026-09-17T13:23:45.071+0000] {processor.py:183} INFO - Processing /opt/airflow/dags/flight-pipeline.py took 0.190 seconds
[2026-09-17T13:24:15.282+0000] {processor.py:161} INFO - Started process (PID=593) to work on /opt/airflow/dags/flight-pipeline.py
[2026-09-17T13:24:15.284+0000] {processor.py:830} INFO - Processing file /opt/airflow/dags/flight-pipeline.py for tasks to queue
[2026-09-17T13:24:15.288+0000] {logging_mixin.py:188} INFO - [2026-09-17T13:24:15.287+0000] {dagbag.py:545} INFO - Filling up the DagBag from /opt/airflow/dags/flight-pipeline.py
[2026-09-17T13:24:15.344+0000] {processor.py:840} INFO - DAG(s) 'flights_ops_medallion_pipe' retrieved from /opt/airflow/dags/flight-pipeline.py
[2026-09-17T13:24:15.399+0000] {logging_mixin.py:188} INFO - [2026-09-17T13:24:15.399+0000] {dag.py:3089} INFO - Sync 1 DAGs
[2026-09-17T13:24:15.436+0000] {logging_mixin.py:188} INFO - [2026-09-17T13:24:15.435+0000] {dag.py:3947} INFO - Setting next_dagrun for flights_ops_medallion_pipe to 2026-09-17 13:00:00+00:00, run_after=2026-09-17 13:30:00+00:00
[2026-09-17T13:24:15.465+0000] {processor.py:183} INFO - Processing /opt/airflow/dags/flight-pipeline.py took 0.191 seconds
[2026-09-17T13:24:45.555+0000] {processor.py:161} INFO - Started process (PID=594) to work on /opt/airflow/dags/flight-pipeline.py
[2026-09-17T13:24:45.557+0000] {processor.py:830} INFO - Processing file /opt/airflow/dags/flight-pipeline.py for tasks to queue
[2026-09-17T13:24:45.561+0000] {logging_mixin.py:188} INFO - [2026-09-17T13:24:45.561+0000] {dagbag.py:545} INFO - Filling up the DagBag from /opt/airflow/dags/flight-pipeline.py
[2026-09-17T13:24:45.616+0000] {processor.py:840} INFO - DAG(s) 'flights_ops_medallion_pipe' retrieved from /opt/airflow/dags/flight-pipeline.py
[2026-09-17T13:24:45.673+0000] {logging_mixin.py:188} INFO - [2026-09-17T13:24:45.672+0000] {dag.py:3089} INFO - Sync 1 DAGs
[2026-09-17T13:24:45.717+0000] {logging_mixin.py:188} INFO - [2026-09-17T13:24:45.717+0000] {dag.py:3947} INFO - Setting next_dagrun for flights_ops_medallion_pipe to 2026-09-17 13:00:00+00:00, run_after=2026-09-17 13:30:00+00:00
[2026-09-17T13:24:45.746+0000] {processor.py:183} INFO - Processing /opt/airflow/dags/flight-pipeline.py took 0.200 seconds
[2026-09-17T13:25:15.986+0000] {processor.py:161} INFO - Started process (PID=595) to work on /opt/airflow/dags/flight-pipeline.py
[2026-09-17T13:25:15.988+0000] {processor.py:830} INFO - Processing file /opt/airflow/dags/flight-pipeline.py for tasks to queue
[2026-09-17T13:25:15.992+0000] {logging_mixin.py:188} INFO - [2026-09-17T13:25:15.991+0000] {dagbag.py:545} INFO - Filling up the DagBag from /opt/airflow/dags/flight-pipeline.py
[2026-09-17T13:25:16.044+0000] {processor.py:840} INFO - DAG(s) 'flights_ops_medallion_pipe' retrieved from /opt/airflow/dags/flight-pipeline.py
[2026-09-17T13:25:16.100+0000] {logging_mixin.py:188} INFO - [2026-09-17T13:25:16.100+0000] {dag.py:3089} INFO - Sync 1 DAGs
[2026-09-17T13:25:16.141+0000] {logging_mixin.py:188} INFO - [2026-09-17T13:25:16.141+0000] {dag.py:3947} INFO - Setting next_dagrun for flights_ops_medallion_pipe to 2026-09-17 13:00:00+00:00, run_after=2026-09-17 13:30:00+00:00
[2026-09-17T13:25:16.174+0000] {processor.py:183} INFO - Processing /opt/airflow/dags/flight-pipeline.py took 0.197 seconds
[2026-09-17T13:25:46.277+0000] {processor.py:161} INFO - Started process (PID=596) to work on /opt/airflow/dags/flight-pipeline.py
[2026-09-17T13:25:46.280+0000] {processor.py:830} INFO - Processing file /opt/airflow/dags/flight-pipeline.py for tasks to queue
[2026-09-17T13:25:46.285+0000] {logging_mixin.py:188} INFO - [2026-09-17T13:25:46.284+0000] {dagbag.py:545} INFO - Filling up the DagBag from /opt/airflow/dags/flight-pipeline.py
[2026-09-17T13:25:46.350+0000] {processor.py:840} INFO - DAG(s) 'flights_ops_medallion_pipe' retrieved from /opt/airflow/dags/flight-pipeline.py
[2026-09-17T13:25:46.410+0000] {logging_mixin.py:188} INFO - [2026-09-17T13:25:46.409+0000] {dag.py:3089} INFO - Sync 1 DAGs
[2026-09-17T13:25:46.451+0000] {logging_mixin.py:188} INFO - [2026-09-17T13:25:46.451+0000] {dag.py:3947} INFO - Setting next_dagrun for flights_ops_medallion_pipe to 2026-09-17 13:00:00+00:00, run_after=2026-09-17 13:30:00+00:00
[2026-09-17T13:25:46.480+0000] {processor.py:183} INFO - Processing /opt/airflow/dags/flight-pipeline.py took 0.220 seconds
[2026-09-17T13:26:16.748+0000] {processor.py:161} INFO - Started process (PID=597) to work on /opt/airflow/dags/flight-pipeline.py
[2026-09-17T13:26:16.751+0000] {processor.py:830} INFO - Processing file /opt/airflow/dags/flight-pipeline.py for tasks to queue
[2026-09-17T13:26:16.755+0000] {logging_mixin.py:188} INFO - [2026-09-17T13:26:16.755+0000] {dagbag.py:545} INFO - Filling up the DagBag from /opt/airflow/dags/flight-pipeline.py
[2026-09-17T13:26:16.808+0000] {processor.py:840} INFO - DAG(s) 'flights_ops_medallion_pipe' retrieved from /opt/airflow/dags/flight-pipeline.py
[2026-09-17T13:26:16.861+0000] {logging_mixin.py:188} INFO - [2026-09-17T13:26:16.860+0000] {dag.py:3089} INFO - Sync 1 DAGs
[2026-09-17T13:26:16.898+0000] {logging_mixin.py:188} INFO - [2026-09-17T13:26:16.897+0000] {dag.py:3947} INFO - Setting next_dagrun for flights_ops_medallion_pipe to 2026-09-17 13:00:00+00:00, run_after=2026-09-17 13:30:00+00:00
[2026-09-17T13:26:16.925+0000] {processor.py:183} INFO - Processing /opt/airflow/dags/flight-pipeline.py took 0.185 seconds
[2026-09-17T13:26:47.034+0000] {processor.py:161} INFO - Started process (PID=598) to work on /opt/airflow/dags/flight-pipeline.py
[2026-09-17T13:26:47.036+0000] {processor.py:830} INFO - Processing file /opt/airflow/dags/flight-pipeline.py for tasks to queue
[2026-09-17T13:26:47.040+0000] {logging_mixin.py:188} INFO - [2026-09-17T13:26:47.039+0000] {dagbag.py:545} INFO - Filling up the DagBag from /opt/airflow/dags/flight-pipeline.py
[2026-09-17T13:26:47.092+0000] {processor.py:840} INFO - DAG(s) 'flights_ops_medallion_pipe' retrieved from /opt/airflow/dags/flight-pipeline.py
[2026-09-17T13:26:47.147+0000] {logging_mixin.py:188} INFO - [2026-09-17T13:26:47.147+0000] {dag.py:3089} INFO - Sync 1 DAGs
[2026-09-17T13:26:47.185+0000] {logging_mixin.py:188} INFO - [2026-09-17T13:26:47.185+0000] {dag.py:3947} INFO - Setting next_dagrun for flights_ops_medallion_pipe to 2026-09-17 13:00:00+00:00, run_after=2026-09-17 13:30:00+00:00
[2026-09-17T13:26:47.210+0000] {processor.py:183} INFO - Processing /opt/airflow/dags/flight-pipeline.py took 0.185 seconds
[2026-09-17T13:27:17.472+0000] {processor.py:161} INFO - Started process (PID=599) to work on /opt/airflow/dags/flight-pipeline.py
[2026-09-17T13:27:17.474+0000] {processor.py:830} INFO - Processing file /opt/airflow/dags/flight-pipeline.py for tasks to queue
[2026-09-17T13:27:17.478+0000] {logging_mixin.py:188} INFO - [2026-09-17T13:27:17.477+0000] {dagbag.py:545} INFO - Filling up the DagBag from /opt/airflow/dags/flight-pipeline.py
[2026-09-17T13:27:17.533+0000] {processor.py:840} INFO - DAG(s) 'flights_ops_medallion_pipe' retrieved from /opt/airflow/dags/flight-pipeline.py
[2026-09-17T13:27:17.587+0000] {logging_mixin.py:188} INFO - [2026-09-17T13:27:17.587+0000] {dag.py:3089} INFO - Sync 1 DAGs
[2026-09-17T13:27:17.625+0000] {logging_mixin.py:188} INFO - [2026-09-17T13:27:17.624+0000] {dag.py:3947} INFO - Setting next_dagrun for flights_ops_medallion_pipe to 2026-09-17 13:00:00+00:00, run_after=2026-09-17 13:30:00+00:00
[2026-09-17T13:27:17.654+0000] {processor.py:183} INFO - Processing /opt/airflow/dags/flight-pipeline.py took 0.191 seconds
[2026-09-17T13:27:47.758+0000] {processor.py:161} INFO - Started process (PID=600) to work on /opt/airflow/dags/flight-pipeline.py
[2026-09-17T13:27:47.760+0000] {processor.py:830} INFO - Processing file /opt/airflow/dags/flight-pipeline.py for tasks to queue
[2026-09-17T13:27:47.765+0000] {logging_mixin.py:188} INFO - [2026-09-17T13:27:47.764+0000] {dagbag.py:545} INFO - Filling up the DagBag from /opt/airflow/dags/flight-pipeline.py
[2026-09-17T13:27:47.813+0000] {processor.py:840} INFO - DAG(s) 'flights_ops_medallion_pipe' retrieved from /opt/airflow/dags/flight-pipeline.py
[2026-09-17T13:27:47.868+0000] {logging_mixin.py:188} INFO - [2026-09-17T13:27:47.868+0000] {dag.py:3089} INFO - Sync 1 DAGs
[2026-09-17T13:27:47.907+0000] {logging_mixin.py:188} INFO - [2026-09-17T13:27:47.907+0000] {dag.py:3947} INFO - Setting next_dagrun for flights_ops_medallion_pipe to 2026-09-17 13:00:00+00:00, run_after=2026-09-17 13:30:00+00:00
[2026-09-17T13:27:47.931+0000] {processor.py:183} INFO - Processing /opt/airflow/dags/flight-pipeline.py took 0.183 seconds
[2026-09-17T13:28:18.184+0000] {processor.py:161} INFO - Started process (PID=658) to work on /opt/airflow/dags/flight-pipeline.py
[2026-09-17T13:28:18.187+0000] {processor.py:830} INFO - Processing file /opt/airflow/dags/flight-pipeline.py for tasks to queue
[2026-09-17T13:28:18.191+0000] {logging_mixin.py:188} INFO - [2026-09-17T13:28:18.190+0000] {dagbag.py:545} INFO - Filling up the DagBag from /opt/airflow/dags/flight-pipeline.py
[2026-09-17T13:28:18.241+0000] {processor.py:840} INFO - DAG(s) 'flights_ops_medallion_pipe' retrieved from /opt/airflow/dags/flight-pipeline.py
[2026-09-17T13:28:18.311+0000] {logging_mixin.py:188} INFO - [2026-09-17T13:28:18.311+0000] {dag.py:3089} INFO - Sync 1 DAGs
[2026-09-17T13:28:18.362+0000] {logging_mixin.py:188} INFO - [2026-09-17T13:28:18.361+0000] {dag.py:3947} INFO - Setting next_dagrun for flights_ops_medallion_pipe to 2026-09-17 13:00:00+00:00, run_after=2026-09-17 13:30:00+00:00
[2026-09-17T13:28:18.394+0000] {processor.py:183} INFO - Processing /opt/airflow/dags/flight-pipeline.py took 0.218 seconds
[2026-09-17T13:28:48.479+0000] {processor.py:161} INFO - Started process (PID=659) to work on /opt/airflow/dags/flight-pipeline.py
[2026-09-17T13:28:48.481+0000] {processor.py:830} INFO - Processing file /opt/airflow/dags/flight-pipeline.py for tasks to queue
[2026-09-17T13:28:48.485+0000] {logging_mixin.py:188} INFO - [2026-09-17T13:28:48.485+0000] {dagbag.py:545} INFO - Filling up the DagBag from /opt/airflow/dags/flight-pipeline.py
[2026-09-17T13:28:48.541+0000] {processor.py:840} INFO - DAG(s) 'flights_ops_medallion_pipe' retrieved from /opt/airflow/dags/flight-pipeline.py
[2026-09-17T13:28:48.602+0000] {logging_mixin.py:188} INFO - [2026-09-17T13:28:48.602+0000] {dag.py:3089} INFO - Sync 1 DAGs
[2026-09-17T13:28:48.644+0000] {logging_mixin.py:188} INFO - [2026-09-17T13:28:48.643+0000] {dag.py:3947} INFO - Setting next_dagrun for flights_ops_medallion_pipe to 2026-09-17 13:00:00+00:00, run_after=2026-09-17 13:30:00+00:00
[2026-09-17T13:28:48.672+0000] {processor.py:183} INFO - Processing /opt/airflow/dags/flight-pipeline.py took 0.203 seconds
[2026-09-17T13:29:18.943+0000] {processor.py:161} INFO - Started process (PID=660) to work on /opt/airflow/dags/flight-pipeline.py
[2026-09-17T13:29:18.945+0000] {processor.py:830} INFO - Processing file /opt/airflow/dags/flight-pipeline.py for tasks to queue
[2026-09-17T13:29:18.949+0000] {logging_mixin.py:188} INFO - [2026-09-17T13:29:18.949+0000] {dagbag.py:545} INFO - Filling up the DagBag from /opt/airflow/dags/flight-pipeline.py
[2026-09-17T13:29:19.004+0000] {processor.py:840} INFO - DAG(s) 'flights_ops_medallion_pipe' retrieved from /opt/airflow/dags/flight-pipeline.py
[2026-09-17T13:29:19.054+0000] {logging_mixin.py:188} INFO - [2026-09-17T13:29:19.054+0000] {dag.py:3089} INFO - Sync 1 DAGs
[2026-09-17T13:29:19.097+0000] {logging_mixin.py:188} INFO - [2026-09-17T13:29:19.096+0000] {dag.py:3947} INFO - Setting next_dagrun for flights_ops_medallion_pipe to 2026-09-17 13:00:00+00:00, run_after=2026-09-17 13:30:00+00:00
[2026-09-17T13:29:19.125+0000] {processor.py:183} INFO - Processing /opt/airflow/dags/flight-pipeline.py took 0.189 seconds
[2026-09-17T13:29:49.241+0000] {processor.py:161} INFO - Started process (PID=661) to work on /opt/airflow/dags/flight-pipeline.py
[2026-09-17T13:29:49.244+0000] {processor.py:830} INFO - Processing file /opt/airflow/dags/flight-pipeline.py for tasks to queue
[2026-09-17T13:29:49.248+0000] {logging_mixin.py:188} INFO - [2026-09-17T13:29:49.248+0000] {dagbag.py:545} INFO - Filling up the DagBag from /opt/airflow/dags/flight-pipeline.py
[2026-09-17T13:29:49.298+0000] {processor.py:840} INFO - DAG(s) 'flights_ops_medallion_pipe' retrieved from /opt/airflow/dags/flight-pipeline.py
[2026-09-17T13:29:49.352+0000] {logging_mixin.py:188} INFO - [2026-09-17T13:29:49.352+0000] {dag.py:3089} INFO - Sync 1 DAGs
[2026-09-17T13:29:49.393+0000] {logging_mixin.py:188} INFO - [2026-09-17T13:29:49.393+0000] {dag.py:3947} INFO - Setting next_dagrun for flights_ops_medallion_pipe to 2026-09-17 13:00:00+00:00, run_after=2026-09-17 13:30:00+00:00
[2026-09-17T13:29:49.421+0000] {processor.py:183} INFO - Processing /opt/airflow/dags/flight-pipeline.py took 0.190 seconds
[2026-09-17T13:30:19.631+0000] {processor.py:161} INFO - Started process (PID=719) to work on /opt/airflow/dags/flight-pipeline.py
[2026-09-17T13:30:19.633+0000] {processor.py:830} INFO - Processing file /opt/airflow/dags/flight-pipeline.py for tasks to queue
[2026-09-17T13:30:19.638+0000] {logging_mixin.py:188} INFO - [2026-09-17T13:30:19.637+0000] {dagbag.py:545} INFO - Filling up the DagBag from /opt/airflow/dags/flight-pipeline.py
[2026-09-17T13:30:19.686+0000] {processor.py:840} INFO - DAG(s) 'flights_ops_medallion_pipe' retrieved from /opt/airflow/dags/flight-pipeline.py
[2026-09-17T13:30:19.740+0000] {logging_mixin.py:188} INFO - [2026-09-17T13:30:19.740+0000] {dag.py:3089} INFO - Sync 1 DAGs
[2026-09-17T13:30:19.779+0000] {logging_mixin.py:188} INFO - [2026-09-17T13:30:19.778+0000] {dag.py:3947} INFO - Setting next_dagrun for flights_ops_medallion_pipe to 2026-09-17 13:30:00+00:00, run_after=2026-09-17 14:00:00+00:00
[2026-09-17T13:30:19.809+0000] {processor.py:183} INFO - Processing /opt/airflow/dags/flight-pipeline.py took 0.187 seconds
[2026-09-17T13:30:49.931+0000] {processor.py:161} INFO - Started process (PID=720) to work on /opt/airflow/dags/flight-pipeline.py
[2026-09-17T13:30:49.933+0000] {processor.py:830} INFO - Processing file /opt/airflow/dags/flight-pipeline.py for tasks to queue
[2026-09-17T13:30:49.938+0000] {logging_mixin.py:188} INFO - [2026-09-17T13:30:49.937+0000] {dagbag.py:545} INFO - Filling up the DagBag from /opt/airflow/dags/flight-pipeline.py
[2026-09-17T13:30:49.998+0000] {processor.py:840} INFO - DAG(s) 'flights_ops_medallion_pipe' retrieved from /opt/airflow/dags/flight-pipeline.py
[2026-09-17T13:30:50.063+0000] {logging_mixin.py:188} INFO - [2026-09-17T13:30:50.062+0000] {dag.py:3089} INFO - Sync 1 DAGs
[2026-09-17T13:30:50.102+0000] {logging_mixin.py:188} INFO - [2026-09-17T13:30:50.102+0000] {dag.py:3947} INFO - Setting next_dagrun for flights_ops_medallion_pipe to 2026-09-17 13:30:00+00:00, run_after=2026-09-17 14:00:00+00:00
[2026-09-17T13:30:50.131+0000] {processor.py:183} INFO - Processing /opt/airflow/dags/flight-pipeline.py took 0.212 seconds
[2026-09-17T13:31:20.362+0000] {processor.py:161} INFO - Started process (PID=721) to work on /opt/airflow/dags/flight-pipeline.py
[2026-09-17T13:31:20.364+0000] {processor.py:830} INFO - Processing file /opt/airflow/dags/flight-pipeline.py for tasks to queue
[2026-09-17T13:31:20.367+0000] {logging_mixin.py:188} INFO - [2026-09-17T13:31:20.367+0000] {dagbag.py:545} INFO - Filling up the DagBag from /opt/airflow/dags/flight-pipeline.py
[2026-09-17T13:31:20.417+0000] {processor.py:840} INFO - DAG(s) 'flights_ops_medallion_pipe' retrieved from /opt/airflow/dags/flight-pipeline.py
[2026-09-17T13:31:20.472+0000] {logging_mixin.py:188} INFO - [2026-09-17T13:31:20.471+0000] {dag.py:3089} INFO - Sync 1 DAGs
[2026-09-17T13:31:20.514+0000] {logging_mixin.py:188} INFO - [2026-09-17T13:31:20.514+0000] {dag.py:3947} INFO - Setting next_dagrun for flights_ops_medallion_pipe to 2026-09-17 13:30:00+00:00, run_after=2026-09-17 14:00:00+00:00
[2026-09-17T13:31:20.543+0000] {processor.py:183} INFO - Processing /opt/airflow/dags/flight-pipeline.py took 0.191 seconds
[2026-09-17T13:31:50.655+0000] {processor.py:161} INFO - Started process (PID=722) to work on /opt/airflow/dags/flight-pipeline.py
[2026-09-17T13:31:50.657+0000] {processor.py:830} INFO - Processing file /opt/airflow/dags/flight-pipeline.py for tasks to queue
[2026-09-17T13:31:50.660+0000] {logging_mixin.py:188} INFO - [2026-09-17T13:31:50.660+0000] {dagbag.py:545} INFO - Filling up the DagBag from /opt/airflow/dags/flight-pipeline.py
[2026-09-17T13:31:50.708+0000] {processor.py:840} INFO - DAG(s) 'flights_ops_medallion_pipe' retrieved from /opt/airflow/dags/flight-pipeline.py
[2026-09-17T13:31:50.762+0000] {logging_mixin.py:188} INFO - [2026-09-17T13:31:50.762+0000] {dag.py:3089} INFO - Sync 1 DAGs
[2026-09-17T13:31:50.801+0000] {logging_mixin.py:188} INFO - [2026-09-17T13:31:50.801+0000] {dag.py:3947} INFO - Setting next_dagrun for flights_ops_medallion_pipe to 2026-09-17 13:30:00+00:00, run_after=2026-09-17 14:00:00+00:00
[2026-09-17T13:31:50.830+0000] {processor.py:183} INFO - Processing /opt/airflow/dags/flight-pipeline.py took 0.185 seconds
[2026-09-17T13:32:21.075+0000] {processor.py:161} INFO - Started process (PID=723) to work on /opt/airflow/dags/flight-pipeline.py
[2026-09-17T13:32:21.078+0000] {processor.py:830} INFO - Processing file /opt/airflow/dags/flight-pipeline.py for tasks to queue
[2026-09-17T13:32:21.081+0000] {logging_mixin.py:188} INFO - [2026-09-17T13:32:21.080+0000] {dagbag.py:545} INFO - Filling up the DagBag from /opt/airflow/dags/flight-pipeline.py
[2026-09-17T13:32:21.127+0000] {processor.py:840} INFO - DAG(s) 'flights_ops_medallion_pipe' retrieved from /opt/airflow/dags/flight-pipeline.py
[2026-09-17T13:32:21.191+0000] {logging_mixin.py:188} INFO - [2026-09-17T13:32:21.191+0000] {dag.py:3089} INFO - Sync 1 DAGs
[2026-09-17T13:32:21.231+0000] {logging_mixin.py:188} INFO - [2026-09-17T13:32:21.230+0000] {dag.py:3947} INFO - Setting next_dagrun for flights_ops_medallion_pipe to 2026-09-17 13:30:00+00:00, run_after=2026-09-17 14:00:00+00:00
[2026-09-17T13:32:21.259+0000] {processor.py:183} INFO - Processing /opt/airflow/dags/flight-pipeline.py took 0.193 seconds
[2026-09-17T13:32:51.385+0000] {processor.py:161} INFO - Started process (PID=724) to work on /opt/airflow/dags/flight-pipeline.py
[2026-09-17T13:32:51.388+0000] {processor.py:830} INFO - Processing file /opt/airflow/dags/flight-pipeline.py for tasks to queue
[2026-09-17T13:32:51.392+0000] {logging_mixin.py:188} INFO - [2026-09-17T13:32:51.391+0000] {dagbag.py:545} INFO - Filling up the DagBag from /opt/airflow/dags/flight-pipeline.py
[2026-09-17T13:32:51.465+0000] {processor.py:840} INFO - DAG(s) 'flights_ops_medallion_pipe' retrieved from /opt/airflow/dags/flight-pipeline.py
[2026-09-17T13:32:51.521+0000] {logging_mixin.py:188} INFO - [2026-09-17T13:32:51.521+0000] {dag.py:3089} INFO - Sync 1 DAGs
[2026-09-17T13:32:51.564+0000] {logging_mixin.py:188} INFO - [2026-09-17T13:32:51.564+0000] {dag.py:3947} INFO - Setting next_dagrun for flights_ops_medallion_pipe to 2026-09-17 13:30:00+00:00, run_after=2026-09-17 14:00:00+00:00
[2026-09-17T13:32:51.593+0000] {processor.py:183} INFO - Processing /opt/airflow/dags/flight-pipeline.py took 0.220 seconds
[2026-09-17T13:33:21.811+0000] {processor.py:161} INFO - Started process (PID=725) to work on /opt/airflow/dags/flight-pipeline.py
[2026-09-17T13:33:21.814+0000] {processor.py:830} INFO - Processing file /opt/airflow/dags/flight-pipeline.py for tasks to queue
[2026-09-17T13:33:21.820+0000] {logging_mixin.py:188} INFO - [2026-09-17T13:33:21.819+0000] {dagbag.py:545} INFO - Filling up the DagBag from /opt/airflow/dags/flight-pipeline.py
[2026-09-17T13:33:21.879+0000] {processor.py:840} INFO - DAG(s) 'flights_ops_medallion_pipe' retrieved from /opt/airflow/dags/flight-pipeline.py
[2026-09-17T13:33:21.941+0000] {logging_mixin.py:188} INFO - [2026-09-17T13:33:21.941+0000] {dag.py:3089} INFO - Sync 1 DAGs
[2026-09-17T13:33:21.985+0000] {logging_mixin.py:188} INFO - [2026-09-17T13:33:21.985+0000] {dag.py:3947} INFO - Setting next_dagrun for flights_ops_medallion_pipe to 2026-09-17 13:30:00+00:00, run_after=2026-09-17 14:00:00+00:00
[2026-09-17T13:33:22.015+0000] {processor.py:183} INFO - Processing /opt/airflow/dags/flight-pipeline.py took 0.222 seconds
[2026-09-17T13:33:52.161+0000] {processor.py:161} INFO - Started process (PID=726) to work on /opt/airflow/dags/flight-pipeline.py
[2026-09-17T13:33:52.164+0000] {processor.py:830} INFO - Processing file /opt/airflow/dags/flight-pipeline.py for tasks to queue
[2026-09-17T13:33:52.168+0000] {logging_mixin.py:188} INFO - [2026-09-17T13:33:52.168+0000] {dagbag.py:545} INFO - Filling up the DagBag from /opt/airflow/dags/flight-pipeline.py
[2026-09-17T13:33:52.231+0000] {processor.py:840} INFO - DAG(s) 'flights_ops_medallion_pipe' retrieved from /opt/airflow/dags/flight-pipeline.py
[2026-09-17T13:33:52.288+0000] {logging_mixin.py:188} INFO - [2026-09-17T13:33:52.288+0000] {dag.py:3089} INFO - Sync 1 DAGs
[2026-09-17T13:33:52.326+0000] {logging_mixin.py:188} INFO - [2026-09-17T13:33:52.326+0000] {dag.py:3947} INFO - Setting next_dagrun for flights_ops_medallion_pipe to 2026-09-17 13:30:00+00:00, run_after=2026-09-17 14:00:00+00:00
[2026-09-17T13:33:52.358+0000] {processor.py:183} INFO - Processing /opt/airflow/dags/flight-pipeline.py took 0.208 seconds
[2026-09-17T13:34:22.595+0000] {processor.py:161} INFO - Started process (PID=727) to work on /opt/airflow/dags/flight-pipeline.py
[2026-09-17T13:34:22.598+0000] {processor.py:830} INFO - Processing file /opt/airflow/dags/flight-pipeline.py for tasks to queue
[2026-09-17T13:34:22.602+0000] {logging_mixin.py:188} INFO - [2026-09-17T13:34:22.602+0000] {dagbag.py:545} INFO - Filling up the DagBag from /opt/airflow/dags/flight-pipeline.py
[2026-09-17T13:34:22.670+0000] {processor.py:840} INFO - DAG(s) 'flights_ops_medallion_pipe' retrieved from /opt/airflow/dags/flight-pipeline.py
[2026-09-17T13:34:22.729+0000] {logging_mixin.py:188} INFO - [2026-09-17T13:34:22.729+0000] {dag.py:3089} INFO - Sync 1 DAGs
[2026-09-17T13:34:22.772+0000] {logging_mixin.py:188} INFO - [2026-09-17T13:34:22.772+0000] {dag.py:3947} INFO - Setting next_dagrun for flights_ops_medallion_pipe to 2026-09-17 13:30:00+00:00, run_after=2026-09-17 14:00:00+00:00
[2026-09-17T13:34:22.804+0000] {processor.py:183} INFO - Processing /opt/airflow/dags/flight-pipeline.py took 0.224 seconds
[2026-09-17T13:34:52.923+0000] {processor.py:161} INFO - Started process (PID=728) to work on /opt/airflow/dags/flight-pipeline.py
[2026-09-17T13:34:52.925+0000] {processor.py:830} INFO - Processing file /opt/airflow/dags/flight-pipeline.py for tasks to queue
[2026-09-17T13:34:52.929+0000] {logging_mixin.py:188} INFO - [2026-09-17T13:34:52.929+0000] {dagbag.py:545} INFO - Filling up the DagBag from /opt/airflow/dags/flight-pipeline.py
[2026-09-17T13:34:52.985+0000] {processor.py:840} INFO - DAG(s) 'flights_ops_medallion_pipe' retrieved from /opt/airflow/dags/flight-pipeline.py
[2026-09-17T13:34:53.038+0000] {logging_mixin.py:188} INFO - [2026-09-17T13:34:53.038+0000] {dag.py:3089} INFO - Sync 1 DAGs
[2026-09-17T13:34:53.076+0000] {logging_mixin.py:188} INFO - [2026-09-17T13:34:53.076+0000] {dag.py:3947} INFO - Setting next_dagrun for flights_ops_medallion_pipe to 2026-09-17 13:30:00+00:00, run_after=2026-09-17 14:00:00+00:00
[2026-09-17T13:34:53.104+0000] {processor.py:183} INFO - Processing /opt/airflow/dags/flight-pipeline.py took 0.197 seconds
[2026-09-17T13:35:23.363+0000] {processor.py:161} INFO - Started process (PID=729) to work on /opt/airflow/dags/flight-pipeline.py
[2026-09-17T13:35:23.366+0000] {processor.py:830} INFO - Processing file /opt/airflow/dags/flight-pipeline.py for tasks to queue
[2026-09-17T13:35:23.370+0000] {logging_mixin.py:188} INFO - [2026-09-17T13:35:23.370+0000] {dagbag.py:545} INFO - Filling up the DagBag from /opt/airflow/dags/flight-pipeline.py
[2026-09-17T13:35:23.437+0000] {processor.py:840} INFO - DAG(s) 'flights_ops_medallion_pipe' retrieved from /opt/airflow/dags/flight-pipeline.py
[2026-09-17T13:35:23.492+0000] {logging_mixin.py:188} INFO - [2026-09-17T13:35:23.491+0000] {dag.py:3089} INFO - Sync 1 DAGs
[2026-09-17T13:35:23.532+0000] {logging_mixin.py:188} INFO - [2026-09-17T13:35:23.532+0000] {dag.py:3947} INFO - Setting next_dagrun for flights_ops_medallion_pipe to 2026-09-17 13:30:00+00:00, run_after=2026-09-17 14:00:00+00:00
[2026-09-17T13:35:23.560+0000] {processor.py:183} INFO - Processing /opt/airflow/dags/flight-pipeline.py took 0.207 seconds
[2026-09-17T13:35:53.647+0000] {processor.py:161} INFO - Started process (PID=730) to work on /opt/airflow/dags/flight-pipeline.py
[2026-09-17T13:35:53.650+0000] {processor.py:830} INFO - Processing file /opt/airflow/dags/flight-pipeline.py for tasks to queue
[2026-09-17T13:35:53.653+0000] {logging_mixin.py:188} INFO - [2026-09-17T13:35:53.653+0000] {dagbag.py:545} INFO - Filling up the DagBag from /opt/airflow/dags/flight-pipeline.py
[2026-09-17T13:35:53.711+0000] {processor.py:840} INFO - DAG(s) 'flights_ops_medallion_pipe' retrieved from /opt/airflow/dags/flight-pipeline.py
[2026-09-17T13:35:53.762+0000] {logging_mixin.py:188} INFO - [2026-09-17T13:35:53.762+0000] {dag.py:3089} INFO - Sync 1 DAGs
[2026-09-17T13:35:53.799+0000] {logging_mixin.py:188} INFO - [2026-09-17T13:35:53.799+0000] {dag.py:3947} INFO - Setting next_dagrun for flights_ops_medallion_pipe to 2026-09-17 13:30:00+00:00, run_after=2026-09-17 14:00:00+00:00
[2026-09-17T13:35:53.827+0000] {processor.py:183} INFO - Processing /opt/airflow/dags/flight-pipeline.py took 0.192 seconds
[2026-09-17T13:36:24.148+0000] {processor.py:161} INFO - Started process (PID=731) to work on /opt/airflow/dags/flight-pipeline.py
[2026-09-17T13:36:24.151+0000] {processor.py:830} INFO - Processing file /opt/airflow/dags/flight-pipeline.py for tasks to queue
[2026-09-17T13:36:24.154+0000] {logging_mixin.py:188} INFO - [2026-09-17T13:36:24.153+0000] {dagbag.py:545} INFO - Filling up the DagBag from /opt/airflow/dags/flight-pipeline.py
[2026-09-17T13:36:24.200+0000] {processor.py:840} INFO - DAG(s) 'flights_ops_medallion_pipe' retrieved from /opt/airflow/dags/flight-pipeline.py
[2026-09-17T13:36:24.246+0000] {logging_mixin.py:188} INFO - [2026-09-17T13:36:24.246+0000] {dag.py:3089} INFO - Sync 1 DAGs
[2026-09-17T13:36:24.280+0000] {logging_mixin.py:188} INFO - [2026-09-17T13:36:24.279+0000] {dag.py:3947} INFO - Setting next_dagrun for flights_ops_medallion_pipe to 2026-09-17 13:30:00+00:00, run_after=2026-09-17 14:00:00+00:00
[2026-09-17T13:36:24.305+0000] {processor.py:183} INFO - Processing /opt/airflow/dags/flight-pipeline.py took 0.164 seconds
[2026-09-17T13:36:54.429+0000] {processor.py:161} INFO - Started process (PID=732) to work on /opt/airflow/dags/flight-pipeline.py
[2026-09-17T13:36:54.431+0000] {processor.py:830} INFO - Processing file /opt/airflow/dags/flight-pipeline.py for tasks to queue
[2026-09-17T13:36:54.435+0000] {logging_mixin.py:188} INFO - [2026-09-17T13:36:54.434+0000] {dagbag.py:545} INFO - Filling up the DagBag from /opt/airflow/dags/flight-pipeline.py
[2026-09-17T13:36:54.482+0000] {processor.py:840} INFO - DAG(s) 'flights_ops_medallion_pipe' retrieved from /opt/airflow/dags/flight-pipeline.py
[2026-09-17T13:36:54.531+0000] {logging_mixin.py:188} INFO - [2026-09-17T13:36:54.531+0000] {dag.py:3089} INFO - Sync 1 DAGs
[2026-09-17T13:36:54.567+0000] {logging_mixin.py:188} INFO - [2026-09-17T13:36:54.567+0000] {dag.py:3947} INFO - Setting next_dagrun for flights_ops_medallion_pipe to 2026-09-17 13:30:00+00:00, run_after=2026-09-17 14:00:00+00:00
[2026-09-17T13:36:54.594+0000] {processor.py:183} INFO - Processing /opt/airflow/dags/flight-pipeline.py took 0.173 seconds
[2026-09-17T13:37:24.838+0000] {processor.py:161} INFO - Started process (PID=733) to work on /opt/airflow/dags/flight-pipeline.py
[2026-09-17T13:37:24.840+0000] {processor.py:830} INFO - Processing file /opt/airflow/dags/flight-pipeline.py for tasks to queue
[2026-09-17T13:37:24.844+0000] {logging_mixin.py:188} INFO - [2026-09-17T13:37:24.843+0000] {dagbag.py:545} INFO - Filling up the DagBag from /opt/airflow/dags/flight-pipeline.py
[2026-09-17T13:37:24.892+0000] {processor.py:840} INFO - DAG(s) 'flights_ops_medallion_pipe' retrieved from /opt/airflow/dags/flight-pipeline.py
[2026-09-17T13:37:24.950+0000] {logging_mixin.py:188} INFO - [2026-09-17T13:37:24.949+0000] {dag.py:3089} INFO - Sync 1 DAGs
[2026-09-17T13:37:24.993+0000] {logging_mixin.py:188} INFO - [2026-09-17T13:37:24.992+0000] {dag.py:3947} INFO - Setting next_dagrun for flights_ops_medallion_pipe to 2026-09-17 13:30:00+00:00, run_after=2026-09-17 14:00:00+00:00
[2026-09-17T13:37:25.023+0000] {processor.py:183} INFO - Processing /opt/airflow/dags/flight-pipeline.py took 0.193 seconds
[2026-09-17T13:37:55.127+0000] {processor.py:161} INFO - Started process (PID=734) to work on /opt/airflow/dags/flight-pipeline.py
[2026-09-17T13:37:55.130+0000] {processor.py:830} INFO - Processing file /opt/airflow/dags/flight-pipeline.py for tasks to queue
[2026-09-17T13:37:55.134+0000] {logging_mixin.py:188} INFO - [2026-09-17T13:37:55.133+0000] {dagbag.py:545} INFO - Filling up the DagBag from /opt/airflow/dags/flight-pipeline.py
[2026-09-17T13:37:55.191+0000] {processor.py:840} INFO - DAG(s) 'flights_ops_medallion_pipe' retrieved from /opt/airflow/dags/flight-pipeline.py
[2026-09-17T13:37:55.248+0000] {logging_mixin.py:188} INFO - [2026-09-17T13:37:55.247+0000] {dag.py:3089} INFO - Sync 1 DAGs
[2026-09-17T13:37:55.288+0000] {logging_mixin.py:188} INFO - [2026-09-17T13:37:55.288+0000] {dag.py:3947} INFO - Setting next_dagrun for flights_ops_medallion_pipe to 2026-09-17 13:30:00+00:00, run_after=2026-09-17 14:00:00+00:00
[2026-09-17T13:37:55.322+0000] {processor.py:183} INFO - Processing /opt/airflow/dags/flight-pipeline.py took 0.206 seconds
[2026-09-17T13:38:25.538+0000] {processor.py:161} INFO - Started process (PID=735) to work on /opt/airflow/dags/flight-pipeline.py
[2026-09-17T13:38:25.540+0000] {processor.py:830} INFO - Processing file /opt/airflow/dags/flight-pipeline.py for tasks to queue
[2026-09-17T13:38:25.544+0000] {logging_mixin.py:188} INFO - [2026-09-17T13:38:25.543+0000] {dagbag.py:545} INFO - Filling up the DagBag from /opt/airflow/dags/flight-pipeline.py
[2026-09-17T13:38:25.594+0000] {processor.py:840} INFO - DAG(s) 'flights_ops_medallion_pipe' retrieved from /opt/airflow/dags/flight-pipeline.py
[2026-09-17T13:38:25.660+0000] {logging_mixin.py:188} INFO - [2026-09-17T13:38:25.660+0000] {dag.py:3089} INFO - Sync 1 DAGs
[2026-09-17T13:38:25.697+0000] {logging_mixin.py:188} INFO - [2026-09-17T13:38:25.697+0000] {dag.py:3947} INFO - Setting next_dagrun for flights_ops_medallion_pipe to 2026-09-17 13:30:00+00:00, run_after=2026-09-17 14:00:00+00:00
[2026-09-17T13:38:25.723+0000] {processor.py:183} INFO - Processing /opt/airflow/dags/flight-pipeline.py took 0.195 seconds
[2026-09-17T13:38:55.840+0000] {processor.py:161} INFO - Started process (PID=736) to work on /opt/airflow/dags/flight-pipeline.py
[2026-09-17T13:38:55.842+0000] {processor.py:830} INFO - Processing file /opt/airflow/dags/flight-pipeline.py for tasks to queue
[2026-09-17T13:38:55.846+0000] {logging_mixin.py:188} INFO - [2026-09-17T13:38:55.846+0000] {dagbag.py:545} INFO - Filling up the DagBag from /opt/airflow/dags/flight-pipeline.py
[2026-09-17T13:38:55.907+0000] {processor.py:840} INFO - DAG(s) 'flights_ops_medallion_pipe' retrieved from /opt/airflow/dags/flight-pipeline.py
[2026-09-17T13:38:55.970+0000] {logging_mixin.py:188} INFO - [2026-09-17T13:38:55.969+0000] {dag.py:3089} INFO - Sync 1 DAGs
[2026-09-17T13:38:56.013+0000] {logging_mixin.py:188} INFO - [2026-09-17T13:38:56.013+0000] {dag.py:3947} INFO - Setting next_dagrun for flights_ops_medallion_pipe to 2026-09-17 13:30:00+00:00, run_after=2026-09-17 14:00:00+00:00
[2026-09-17T13:38:56.041+0000] {processor.py:183} INFO - Processing /opt/airflow/dags/flight-pipeline.py took 0.213 seconds
[2026-09-17T13:39:26.252+0000] {processor.py:161} INFO - Started process (PID=737) to work on /opt/airflow/dags/flight-pipeline.py
[2026-09-17T13:39:26.254+0000] {processor.py:830} INFO - Processing file /opt/airflow/dags/flight-pipeline.py for tasks to queue
[2026-09-17T13:39:26.257+0000] {logging_mixin.py:188} INFO - [2026-09-17T13:39:26.257+0000] {dagbag.py:545} INFO - Filling up the DagBag from /opt/airflow/dags/flight-pipeline.py
[2026-09-17T13:39:26.307+0000] {processor.py:840} INFO - DAG(s) 'flights_ops_medallion_pipe' retrieved from /opt/airflow/dags/flight-pipeline.py
[2026-09-17T13:39:26.362+0000] {logging_mixin.py:188} INFO - [2026-09-17T13:39:26.361+0000] {dag.py:3089} INFO - Sync 1 DAGs
[2026-09-17T13:39:26.404+0000] {logging_mixin.py:188} INFO - [2026-09-17T13:39:26.403+0000] {dag.py:3947} INFO - Setting next_dagrun for flights_ops_medallion_pipe to 2026-09-17 13:30:00+00:00, run_after=2026-09-17 14:00:00+00:00
[2026-09-17T13:39:26.435+0000] {processor.py:183} INFO - Processing /opt/airflow/dags/flight-pipeline.py took 0.197 seconds
[2026-09-17T13:39:56.591+0000] {processor.py:161} INFO - Started process (PID=738) to work on /opt/airflow/dags/flight-pipeline.py
[2026-09-17T13:39:56.593+0000] {processor.py:830} INFO - Processing file /opt/airflow/dags/flight-pipeline.py for tasks to queue
[2026-09-17T13:39:56.597+0000] {logging_mixin.py:188} INFO - [2026-09-17T13:39:56.596+0000] {dagbag.py:545} INFO - Filling up the DagBag from /opt/airflow/dags/flight-pipeline.py
[2026-09-17T13:39:56.645+0000] {processor.py:840} INFO - DAG(s) 'flights_ops_medallion_pipe' retrieved from /opt/airflow/dags/flight-pipeline.py
[2026-09-17T13:39:56.695+0000] {logging_mixin.py:188} INFO - [2026-09-17T13:39:56.694+0000] {dag.py:3089} INFO - Sync 1 DAGs
[2026-09-17T13:39:56.731+0000] {logging_mixin.py:188} INFO - [2026-09-17T13:39:56.731+0000] {dag.py:3947} INFO - Setting next_dagrun for flights_ops_medallion_pipe to 2026-09-17 13:30:00+00:00, run_after=2026-09-17 14:00:00+00:00
[2026-09-17T13:39:56.759+0000] {processor.py:183} INFO - Processing /opt/airflow/dags/flight-pipeline.py took 0.177 seconds
[2026-09-17T13:40:26.981+0000] {processor.py:161} INFO - Started process (PID=739) to work on /opt/airflow/dags/flight-pipeline.py
[2026-09-17T13:40:26.984+0000] {processor.py:830} INFO - Processing file /opt/airflow/dags/flight-pipeline.py for tasks to queue
[2026-09-17T13:40:26.987+0000] {logging_mixin.py:188} INFO - [2026-09-17T13:40:26.987+0000] {dagbag.py:545} INFO - Filling up the DagBag from /opt/airflow/dags/flight-pipeline.py
[2026-09-17T13:40:27.037+0000] {processor.py:840} INFO - DAG(s) 'flights_ops_medallion_pipe' retrieved from /opt/airflow/dags/flight-pipeline.py
[2026-09-17T13:40:27.088+0000] {logging_mixin.py:188} INFO - [2026-09-17T13:40:27.087+0000] {dag.py:3089} INFO - Sync 1 DAGs
[2026-09-17T13:40:27.124+0000] {logging_mixin.py:188} INFO - [2026-09-17T13:40:27.123+0000] {dag.py:3947} INFO - Setting next_dagrun for flights_ops_medallion_pipe to 2026-09-17 13:30:00+00:00, run_after=2026-09-17 14:00:00+00:00
[2026-09-17T13:40:27.151+0000] {processor.py:183} INFO - Processing /opt/airflow/dags/flight-pipeline.py took 0.179 seconds
[2026-09-17T13:40:57.282+0000] {processor.py:161} INFO - Started process (PID=740) to work on /opt/airflow/dags/flight-pipeline.py
[2026-09-17T13:40:57.284+0000] {processor.py:830} INFO - Processing file /opt/airflow/dags/flight-pipeline.py for tasks to queue
[2026-09-17T13:40:57.287+0000] {logging_mixin.py:188} INFO - [2026-09-17T13:40:57.287+0000] {dagbag.py:545} INFO - Filling up the DagBag from /opt/airflow/dags/flight-pipeline.py
[2026-09-17T13:40:57.334+0000] {processor.py:840} INFO - DAG(s) 'flights_ops_medallion_pipe' retrieved from /opt/airflow/dags/flight-pipeline.py
[2026-09-17T13:40:57.385+0000] {logging_mixin.py:188} INFO - [2026-09-17T13:40:57.384+0000] {dag.py:3089} INFO - Sync 1 DAGs
[2026-09-17T13:40:57.421+0000] {logging_mixin.py:188} INFO - [2026-09-17T13:40:57.421+0000] {dag.py:3947} INFO - Setting next_dagrun for flights_ops_medallion_pipe to 2026-09-17 13:30:00+00:00, run_after=2026-09-17 14:00:00+00:00
[2026-09-17T13:40:57.449+0000] {processor.py:183} INFO - Processing /opt/airflow/dags/flight-pipeline.py took 0.176 seconds
[2026-09-17T13:41:27.755+0000] {processor.py:161} INFO - Started process (PID=741) to work on /opt/airflow/dags/flight-pipeline.py
[2026-09-17T13:41:27.757+0000] {processor.py:830} INFO - Processing file /opt/airflow/dags/flight-pipeline.py for tasks to queue
[2026-09-17T13:41:27.761+0000] {logging_mixin.py:188} INFO - [2026-09-17T13:41:27.761+0000] {dagbag.py:545} INFO - Filling up the DagBag from /opt/airflow/dags/flight-pipeline.py
[2026-09-17T13:41:27.807+0000] {processor.py:840} INFO - DAG(s) 'flights_ops_medallion_pipe' retrieved from /opt/airflow/dags/flight-pipeline.py
[2026-09-17T13:41:27.861+0000] {logging_mixin.py:188} INFO - [2026-09-17T13:41:27.860+0000] {dag.py:3089} INFO - Sync 1 DAGs
[2026-09-17T13:41:27.899+0000] {logging_mixin.py:188} INFO - [2026-09-17T13:41:27.899+0000] {dag.py:3947} INFO - Setting next_dagrun for flights_ops_medallion_pipe to 2026-09-17 13:30:00+00:00, run_after=2026-09-17 14:00:00+00:00
[2026-09-17T13:41:27.926+0000] {processor.py:183} INFO - Processing /opt/airflow/dags/flight-pipeline.py took 0.180 seconds
[2026-09-17T13:41:58.067+0000] {processor.py:161} INFO - Started process (PID=742) to work on /opt/airflow/dags/flight-pipeline.py
[2026-09-17T13:41:58.069+0000] {processor.py:830} INFO - Processing file /opt/airflow/dags/flight-pipeline.py for tasks to queue
[2026-09-17T13:41:58.074+0000] {logging_mixin.py:188} INFO - [2026-09-17T13:41:58.074+0000] {dagbag.py:545} INFO - Filling up the DagBag from /opt/airflow/dags/flight-pipeline.py
[2026-09-17T13:41:58.134+0000] {processor.py:840} INFO - DAG(s) 'flights_ops_medallion_pipe' retrieved from /opt/airflow/dags/flight-pipeline.py
[2026-09-17T13:41:58.195+0000] {logging_mixin.py:188} INFO - [2026-09-17T13:41:58.194+0000] {dag.py:3089} INFO - Sync 1 DAGs
[2026-09-17T13:41:58.238+0000] {logging_mixin.py:188} INFO - [2026-09-17T13:41:58.238+0000] {dag.py:3947} INFO - Setting next_dagrun for flights_ops_medallion_pipe to 2026-09-17 13:30:00+00:00, run_after=2026-09-17 14:00:00+00:00
[2026-09-17T13:41:58.266+0000] {processor.py:183} INFO - Processing /opt/airflow/dags/flight-pipeline.py took 0.211 seconds
[2026-09-17T13:42:28.477+0000] {processor.py:161} INFO - Started process (PID=743) to work on /opt/airflow/dags/flight-pipeline.py
[2026-09-17T13:42:28.479+0000] {processor.py:830} INFO - Processing file /opt/airflow/dags/flight-pipeline.py for tasks to queue
[2026-09-17T13:42:28.483+0000] {logging_mixin.py:188} INFO - [2026-09-17T13:42:28.483+0000] {dagbag.py:545} INFO - Filling up the DagBag from /opt/airflow/dags/flight-pipeline.py
[2026-09-17T13:42:28.531+0000] {processor.py:840} INFO - DAG(s) 'flights_ops_medallion_pipe' retrieved from /opt/airflow/dags/flight-pipeline.py
[2026-09-17T13:42:28.585+0000] {logging_mixin.py:188} INFO - [2026-09-17T13:42:28.584+0000] {dag.py:3089} INFO - Sync 1 DAGs
[2026-09-17T13:42:28.621+0000] {logging_mixin.py:188} INFO - [2026-09-17T13:42:28.621+0000] {dag.py:3947} INFO - Setting next_dagrun for flights_ops_medallion_pipe to 2026-09-17 13:30:00+00:00, run_after=2026-09-17 14:00:00+00:00
[2026-09-17T13:42:28.649+0000] {processor.py:183} INFO - Processing /opt/airflow/dags/flight-pipeline.py took 0.181 seconds
[2026-09-17T13:42:30.557+0000] {processor.py:161} INFO - Started process (PID=744) to work on /opt/airflow/dags/flight-pipeline.py
[2026-09-17T13:42:30.560+0000] {processor.py:830} INFO - Processing file /opt/airflow/dags/flight-pipeline.py for tasks to queue
[2026-09-17T13:42:30.566+0000] {logging_mixin.py:188} INFO - [2026-09-17T13:42:30.565+0000] {dagbag.py:545} INFO - Filling up the DagBag from /opt/airflow/dags/flight-pipeline.py
[2026-09-17T13:42:32.625+0000] {logging_mixin.py:188} INFO - [2026-09-17T13:42:32.616+0000] {dagbag.py:355} ERROR - Failed to import: /opt/airflow/dags/flight-pipeline.py
Traceback (most recent call last):
  File "/home/airflow/.local/lib/python3.12/site-packages/airflow/models/dagbag.py", line 351, in parse
    loader.exec_module(new_module)
  File "<frozen importlib._bootstrap_external>", line 995, in exec_module
  File "<frozen importlib._bootstrap>", line 488, in _call_with_frames_removed
  File "/opt/airflow/dags/flight-pipeline.py", line 13, in <module>
    from scripts.silver_transform import run_silver_transforms
ImportError: cannot import name 'run_silver_transforms' from 'scripts.silver_transform' (/opt/airflow/scripts/silver_transform.py). Did you mean: 'silver_transform'?
[2026-09-17T13:42:32.628+0000] {processor.py:842} WARNING - No viable dags retrieved from /opt/airflow/dags/flight-pipeline.py
[2026-09-17T13:42:32.660+0000] {processor.py:183} INFO - Processing /opt/airflow/dags/flight-pipeline.py took 2.122 seconds
[2026-09-17T13:43:02.843+0000] {processor.py:161} INFO - Started process (PID=746) to work on /opt/airflow/dags/flight-pipeline.py
[2026-09-17T13:43:02.847+0000] {processor.py:830} INFO - Processing file /opt/airflow/dags/flight-pipeline.py for tasks to queue
[2026-09-17T13:43:02.852+0000] {logging_mixin.py:188} INFO - [2026-09-17T13:43:02.851+0000] {dagbag.py:545} INFO - Filling up the DagBag from /opt/airflow/dags/flight-pipeline.py
[2026-09-17T13:43:03.545+0000] {logging_mixin.py:188} INFO - [2026-09-17T13:43:03.536+0000] {dagbag.py:355} ERROR - Failed to import: /opt/airflow/dags/flight-pipeline.py
Traceback (most recent call last):
  File "/home/airflow/.local/lib/python3.12/site-packages/airflow/models/dagbag.py", line 351, in parse
    loader.exec_module(new_module)
  File "<frozen importlib._bootstrap_external>", line 995, in exec_module
  File "<frozen importlib._bootstrap>", line 488, in _call_with_frames_removed
  File "/opt/airflow/dags/flight-pipeline.py", line 13, in <module>
    from scripts.silver_transform import run_silver_transforms
ImportError: cannot import name 'run_silver_transforms' from 'scripts.silver_transform' (/opt/airflow/scripts/silver_transform.py). Did you mean: 'silver_transform'?
[2026-09-17T13:43:03.548+0000] {processor.py:842} WARNING - No viable dags retrieved from /opt/airflow/dags/flight-pipeline.py
[2026-09-17T13:43:03.577+0000] {processor.py:183} INFO - Processing /opt/airflow/dags/flight-pipeline.py took 0.751 seconds
[2026-09-17T13:43:33.907+0000] {processor.py:161} INFO - Started process (PID=748) to work on /opt/airflow/dags/flight-pipeline.py
[2026-09-17T13:43:33.910+0000] {processor.py:830} INFO - Processing file /opt/airflow/dags/flight-pipeline.py for tasks to queue
[2026-09-17T13:43:33.913+0000] {logging_mixin.py:188} INFO - [2026-09-17T13:43:33.913+0000] {dagbag.py:545} INFO - Filling up the DagBag from /opt/airflow/dags/flight-pipeline.py
[2026-09-17T13:43:34.572+0000] {logging_mixin.py:188} INFO - [2026-09-17T13:43:34.563+0000] {dagbag.py:355} ERROR - Failed to import: /opt/airflow/dags/flight-pipeline.py
Traceback (most recent call last):
  File "/home/airflow/.local/lib/python3.12/site-packages/airflow/models/dagbag.py", line 351, in parse
    loader.exec_module(new_module)
  File "<frozen importlib._bootstrap_external>", line 995, in exec_module
  File "<frozen importlib._bootstrap>", line 488, in _call_with_frames_removed
  File "/opt/airflow/dags/flight-pipeline.py", line 13, in <module>
    from scripts.silver_transform import run_silver_transforms
ImportError: cannot import name 'run_silver_transforms' from 'scripts.silver_transform' (/opt/airflow/scripts/silver_transform.py). Did you mean: 'silver_transform'?
[2026-09-17T13:43:34.575+0000] {processor.py:842} WARNING - No viable dags retrieved from /opt/airflow/dags/flight-pipeline.py
[2026-09-17T13:43:34.609+0000] {processor.py:183} INFO - Processing /opt/airflow/dags/flight-pipeline.py took 0.715 seconds
[2026-09-17T13:44:00.908+0000] {processor.py:161} INFO - Started process (PID=750) to work on /opt/airflow/dags/flight-pipeline.py
[2026-09-17T13:44:00.910+0000] {processor.py:830} INFO - Processing file /opt/airflow/dags/flight-pipeline.py for tasks to queue
[2026-09-17T13:44:00.912+0000] {logging_mixin.py:188} INFO - [2026-09-17T13:44:00.912+0000] {dagbag.py:545} INFO - Filling up the DagBag from /opt/airflow/dags/flight-pipeline.py
[2026-09-17T13:44:01.615+0000] {logging_mixin.py:188} INFO - [2026-09-17T13:44:01.607+0000] {dagbag.py:355} ERROR - Failed to import: /opt/airflow/dags/flight-pipeline.py
Traceback (most recent call last):
  File "/home/airflow/.local/lib/python3.12/site-packages/airflow/models/dagbag.py", line 351, in parse
    loader.exec_module(new_module)
  File "<frozen importlib._bootstrap_external>", line 995, in exec_module
  File "<frozen importlib._bootstrap>", line 488, in _call_with_frames_removed
  File "/opt/airflow/dags/flight-pipeline.py", line 13, in <module>
    from scripts.silver_transform import run_silver_transforms
ImportError: cannot import name 'run_silver_transforms' from 'scripts.silver_transform' (/opt/airflow/scripts/silver_transform.py). Did you mean: 'silver_transform'?
[2026-09-17T13:44:01.619+0000] {processor.py:842} WARNING - No viable dags retrieved from /opt/airflow/dags/flight-pipeline.py
[2026-09-17T13:44:01.644+0000] {processor.py:183} INFO - Processing /opt/airflow/dags/flight-pipeline.py took 0.747 seconds
[2026-09-17T13:44:31.985+0000] {processor.py:161} INFO - Started process (PID=752) to work on /opt/airflow/dags/flight-pipeline.py
[2026-09-17T13:44:31.988+0000] {processor.py:830} INFO - Processing file /opt/airflow/dags/flight-pipeline.py for tasks to queue
[2026-09-17T13:44:31.991+0000] {logging_mixin.py:188} INFO - [2026-09-17T13:44:31.991+0000] {dagbag.py:545} INFO - Filling up the DagBag from /opt/airflow/dags/flight-pipeline.py
[2026-09-17T13:44:32.723+0000] {logging_mixin.py:188} INFO - [2026-09-17T13:44:32.715+0000] {dagbag.py:355} ERROR - Failed to import: /opt/airflow/dags/flight-pipeline.py
Traceback (most recent call last):
  File "/home/airflow/.local/lib/python3.12/site-packages/airflow/models/dagbag.py", line 351, in parse
    loader.exec_module(new_module)
  File "<frozen importlib._bootstrap_external>", line 995, in exec_module
  File "<frozen importlib._bootstrap>", line 488, in _call_with_frames_removed
  File "/opt/airflow/dags/flight-pipeline.py", line 13, in <module>
    from scripts.silver_transform import run_silver_transforms
ImportError: cannot import name 'run_silver_transforms' from 'scripts.silver_transform' (/opt/airflow/scripts/silver_transform.py). Did you mean: 'silver_transform'?
[2026-09-17T13:44:32.726+0000] {processor.py:842} WARNING - No viable dags retrieved from /opt/airflow/dags/flight-pipeline.py
[2026-09-17T13:44:32.759+0000] {processor.py:183} INFO - Processing /opt/airflow/dags/flight-pipeline.py took 0.787 seconds
[2026-09-17T13:45:02.951+0000] {processor.py:161} INFO - Started process (PID=754) to work on /opt/airflow/dags/flight-pipeline.py
[2026-09-17T13:45:02.953+0000] {processor.py:830} INFO - Processing file /opt/airflow/dags/flight-pipeline.py for tasks to queue
[2026-09-17T13:45:02.955+0000] {logging_mixin.py:188} INFO - [2026-09-17T13:45:02.955+0000] {dagbag.py:545} INFO - Filling up the DagBag from /opt/airflow/dags/flight-pipeline.py
[2026-09-17T13:45:03.625+0000] {logging_mixin.py:188} INFO - [2026-09-17T13:45:03.616+0000] {dagbag.py:355} ERROR - Failed to import: /opt/airflow/dags/flight-pipeline.py
Traceback (most recent call last):
  File "/home/airflow/.local/lib/python3.12/site-packages/airflow/models/dagbag.py", line 351, in parse
    loader.exec_module(new_module)
  File "<frozen importlib._bootstrap_external>", line 995, in exec_module
  File "<frozen importlib._bootstrap>", line 488, in _call_with_frames_removed
  File "/opt/airflow/dags/flight-pipeline.py", line 13, in <module>
    from scripts.silver_transform import run_silver_transforms
ImportError: cannot import name 'run_silver_transforms' from 'scripts.silver_transform' (/opt/airflow/scripts/silver_transform.py). Did you mean: 'silver_transform'?
[2026-09-17T13:45:03.628+0000] {processor.py:842} WARNING - No viable dags retrieved from /opt/airflow/dags/flight-pipeline.py
[2026-09-17T13:45:03.660+0000] {processor.py:183} INFO - Processing /opt/airflow/dags/flight-pipeline.py took 0.719 seconds
[2026-09-17T13:45:34.015+0000] {processor.py:161} INFO - Started process (PID=756) to work on /opt/airflow/dags/flight-pipeline.py
[2026-09-17T13:45:34.018+0000] {processor.py:830} INFO - Processing file /opt/airflow/dags/flight-pipeline.py for tasks to queue
[2026-09-17T13:45:34.020+0000] {logging_mixin.py:188} INFO - [2026-09-17T13:45:34.020+0000] {dagbag.py:545} INFO - Filling up the DagBag from /opt/airflow/dags/flight-pipeline.py
[2026-09-17T13:45:34.716+0000] {logging_mixin.py:188} INFO - [2026-09-17T13:45:34.708+0000] {dagbag.py:355} ERROR - Failed to import: /opt/airflow/dags/flight-pipeline.py
Traceback (most recent call last):
  File "/home/airflow/.local/lib/python3.12/site-packages/airflow/models/dagbag.py", line 351, in parse
    loader.exec_module(new_module)
  File "<frozen importlib._bootstrap_external>", line 995, in exec_module
  File "<frozen importlib._bootstrap>", line 488, in _call_with_frames_removed
  File "/opt/airflow/dags/flight-pipeline.py", line 13, in <module>
    from scripts.silver_transform import run_silver_transforms
ImportError: cannot import name 'run_silver_transforms' from 'scripts.silver_transform' (/opt/airflow/scripts/silver_transform.py). Did you mean: 'silver_transform'?
[2026-09-17T13:45:34.719+0000] {processor.py:842} WARNING - No viable dags retrieved from /opt/airflow/dags/flight-pipeline.py
[2026-09-17T13:45:34.749+0000] {processor.py:183} INFO - Processing /opt/airflow/dags/flight-pipeline.py took 0.746 seconds
[2026-09-17T13:46:05.086+0000] {processor.py:161} INFO - Started process (PID=758) to work on /opt/airflow/dags/flight-pipeline.py
[2026-09-17T13:46:05.089+0000] {processor.py:830} INFO - Processing file /opt/airflow/dags/flight-pipeline.py for tasks to queue
[2026-09-17T13:46:05.092+0000] {logging_mixin.py:188} INFO - [2026-09-17T13:46:05.091+0000] {dagbag.py:545} INFO - Filling up the DagBag from /opt/airflow/dags/flight-pipeline.py
[2026-09-17T13:46:05.842+0000] {logging_mixin.py:188} INFO - [2026-09-17T13:46:05.834+0000] {dagbag.py:355} ERROR - Failed to import: /opt/airflow/dags/flight-pipeline.py
Traceback (most recent call last):
  File "/home/airflow/.local/lib/python3.12/site-packages/airflow/models/dagbag.py", line 351, in parse
    loader.exec_module(new_module)
  File "<frozen importlib._bootstrap_external>", line 995, in exec_module
  File "<frozen importlib._bootstrap>", line 488, in _call_with_frames_removed
  File "/opt/airflow/dags/flight-pipeline.py", line 13, in <module>
    from scripts.silver_transform import run_silver_transforms
ImportError: cannot import name 'run_silver_transforms' from 'scripts.silver_transform' (/opt/airflow/scripts/silver_transform.py). Did you mean: 'silver_transform'?
[2026-09-17T13:46:05.846+0000] {processor.py:842} WARNING - No viable dags retrieved from /opt/airflow/dags/flight-pipeline.py
[2026-09-17T13:46:05.878+0000] {processor.py:183} INFO - Processing /opt/airflow/dags/flight-pipeline.py took 0.805 seconds
[2026-09-17T13:46:36.208+0000] {processor.py:161} INFO - Started process (PID=760) to work on /opt/airflow/dags/flight-pipeline.py
[2026-09-17T13:46:36.211+0000] {processor.py:830} INFO - Processing file /opt/airflow/dags/flight-pipeline.py for tasks to queue
[2026-09-17T13:46:36.213+0000] {logging_mixin.py:188} INFO - [2026-09-17T13:46:36.213+0000] {dagbag.py:545} INFO - Filling up the DagBag from /opt/airflow/dags/flight-pipeline.py
[2026-09-17T13:46:36.893+0000] {logging_mixin.py:188} INFO - [2026-09-17T13:46:36.884+0000] {dagbag.py:355} ERROR - Failed to import: /opt/airflow/dags/flight-pipeline.py
Traceback (most recent call last):
  File "/home/airflow/.local/lib/python3.12/site-packages/airflow/models/dagbag.py", line 351, in parse
    loader.exec_module(new_module)
  File "<frozen importlib._bootstrap_external>", line 995, in exec_module
  File "<frozen importlib._bootstrap>", line 488, in _call_with_frames_removed
  File "/opt/airflow/dags/flight-pipeline.py", line 13, in <module>
    from scripts.silver_transform import run_silver_transforms
ImportError: cannot import name 'run_silver_transforms' from 'scripts.silver_transform' (/opt/airflow/scripts/silver_transform.py). Did you mean: 'silver_transform'?
[2026-09-17T13:46:36.896+0000] {processor.py:842} WARNING - No viable dags retrieved from /opt/airflow/dags/flight-pipeline.py
[2026-09-17T13:46:36.929+0000] {processor.py:183} INFO - Processing /opt/airflow/dags/flight-pipeline.py took 0.732 seconds
[2026-09-17T13:47:07.211+0000] {processor.py:161} INFO - Started process (PID=762) to work on /opt/airflow/dags/flight-pipeline.py
[2026-09-17T13:47:07.213+0000] {processor.py:830} INFO - Processing file /opt/airflow/dags/flight-pipeline.py for tasks to queue
[2026-09-17T13:47:07.216+0000] {logging_mixin.py:188} INFO - [2026-09-17T13:47:07.215+0000] {dagbag.py:545} INFO - Filling up the DagBag from /opt/airflow/dags/flight-pipeline.py
[2026-09-17T13:47:07.909+0000] {logging_mixin.py:188} INFO - [2026-09-17T13:47:07.902+0000] {dagbag.py:355} ERROR - Failed to import: /opt/airflow/dags/flight-pipeline.py
Traceback (most recent call last):
  File "/home/airflow/.local/lib/python3.12/site-packages/airflow/models/dagbag.py", line 351, in parse
    loader.exec_module(new_module)
  File "<frozen importlib._bootstrap_external>", line 995, in exec_module
  File "<frozen importlib._bootstrap>", line 488, in _call_with_frames_removed
  File "/opt/airflow/dags/flight-pipeline.py", line 13, in <module>
    from scripts.silver_transform import run_silver_transforms
ImportError: cannot import name 'run_silver_transforms' from 'scripts.silver_transform' (/opt/airflow/scripts/silver_transform.py). Did you mean: 'silver_transform'?
[2026-09-17T13:47:07.912+0000] {processor.py:842} WARNING - No viable dags retrieved from /opt/airflow/dags/flight-pipeline.py
[2026-09-17T13:47:07.940+0000] {processor.py:183} INFO - Processing /opt/airflow/dags/flight-pipeline.py took 0.738 seconds
[2026-09-17T13:47:38.304+0000] {processor.py:161} INFO - Started process (PID=764) to work on /opt/airflow/dags/flight-pipeline.py
[2026-09-17T13:47:38.307+0000] {processor.py:830} INFO - Processing file /opt/airflow/dags/flight-pipeline.py for tasks to queue
[2026-09-17T13:47:38.309+0000] {logging_mixin.py:188} INFO - [2026-09-17T13:47:38.308+0000] {dagbag.py:545} INFO - Filling up the DagBag from /opt/airflow/dags/flight-pipeline.py
[2026-09-17T13:47:38.950+0000] {logging_mixin.py:188} INFO - [2026-09-17T13:47:38.942+0000] {dagbag.py:355} ERROR - Failed to import: /opt/airflow/dags/flight-pipeline.py
Traceback (most recent call last):
  File "/home/airflow/.local/lib/python3.12/site-packages/airflow/models/dagbag.py", line 351, in parse
    loader.exec_module(new_module)
  File "<frozen importlib._bootstrap_external>", line 995, in exec_module
  File "<frozen importlib._bootstrap>", line 488, in _call_with_frames_removed
  File "/opt/airflow/dags/flight-pipeline.py", line 13, in <module>
    from scripts.silver_transform import run_silver_transforms
ImportError: cannot import name 'run_silver_transforms' from 'scripts.silver_transform' (/opt/airflow/scripts/silver_transform.py). Did you mean: 'silver_transform'?
[2026-09-17T13:47:38.954+0000] {processor.py:842} WARNING - No viable dags retrieved from /opt/airflow/dags/flight-pipeline.py
[2026-09-17T13:47:38.982+0000] {processor.py:183} INFO - Processing /opt/airflow/dags/flight-pipeline.py took 0.688 seconds
[2026-09-17T13:48:09.327+0000] {processor.py:161} INFO - Started process (PID=766) to work on /opt/airflow/dags/flight-pipeline.py
[2026-09-17T13:48:09.329+0000] {processor.py:830} INFO - Processing file /opt/airflow/dags/flight-pipeline.py for tasks to queue
[2026-09-17T13:48:09.333+0000] {logging_mixin.py:188} INFO - [2026-09-17T13:48:09.332+0000] {dagbag.py:545} INFO - Filling up the DagBag from /opt/airflow/dags/flight-pipeline.py
[2026-09-17T13:48:10.014+0000] {logging_mixin.py:188} INFO - [2026-09-17T13:48:10.006+0000] {dagbag.py:355} ERROR - Failed to import: /opt/airflow/dags/flight-pipeline.py
Traceback (most recent call last):
  File "/home/airflow/.local/lib/python3.12/site-packages/airflow/models/dagbag.py", line 351, in parse
    loader.exec_module(new_module)
  File "<frozen importlib._bootstrap_external>", line 995, in exec_module
  File "<frozen importlib._bootstrap>", line 488, in _call_with_frames_removed
  File "/opt/airflow/dags/flight-pipeline.py", line 13, in <module>
    from scripts.silver_transform import run_silver_transforms
ImportError: cannot import name 'run_silver_transforms' from 'scripts.silver_transform' (/opt/airflow/scripts/silver_transform.py). Did you mean: 'silver_transform'?
[2026-09-17T13:48:10.017+0000] {processor.py:842} WARNING - No viable dags retrieved from /opt/airflow/dags/flight-pipeline.py
[2026-09-17T13:48:10.049+0000] {processor.py:183} INFO - Processing /opt/airflow/dags/flight-pipeline.py took 0.732 seconds
[2026-09-17T13:48:40.404+0000] {processor.py:161} INFO - Started process (PID=768) to work on /opt/airflow/dags/flight-pipeline.py
[2026-09-17T13:48:40.408+0000] {processor.py:830} INFO - Processing file /opt/airflow/dags/flight-pipeline.py for tasks to queue
[2026-09-17T13:48:40.411+0000] {logging_mixin.py:188} INFO - [2026-09-17T13:48:40.410+0000] {dagbag.py:545} INFO - Filling up the DagBag from /opt/airflow/dags/flight-pipeline.py
[2026-09-17T13:48:41.164+0000] {logging_mixin.py:188} INFO - [2026-09-17T13:48:41.156+0000] {dagbag.py:355} ERROR - Failed to import: /opt/airflow/dags/flight-pipeline.py
Traceback (most recent call last):
  File "/home/airflow/.local/lib/python3.12/site-packages/airflow/models/dagbag.py", line 351, in parse
    loader.exec_module(new_module)
  File "<frozen importlib._bootstrap_external>", line 995, in exec_module
  File "<frozen importlib._bootstrap>", line 488, in _call_with_frames_removed
  File "/opt/airflow/dags/flight-pipeline.py", line 13, in <module>
    from scripts.silver_transform import run_silver_transforms
ImportError: cannot import name 'run_silver_transforms' from 'scripts.silver_transform' (/opt/airflow/scripts/silver_transform.py). Did you mean: 'silver_transform'?
[2026-09-17T13:48:41.167+0000] {processor.py:842} WARNING - No viable dags retrieved from /opt/airflow/dags/flight-pipeline.py
[2026-09-17T13:48:41.198+0000] {processor.py:183} INFO - Processing /opt/airflow/dags/flight-pipeline.py took 0.807 seconds
[2026-09-17T13:49:11.533+0000] {processor.py:161} INFO - Started process (PID=770) to work on /opt/airflow/dags/flight-pipeline.py
[2026-09-17T13:49:11.535+0000] {processor.py:830} INFO - Processing file /opt/airflow/dags/flight-pipeline.py for tasks to queue
[2026-09-17T13:49:11.537+0000] {logging_mixin.py:188} INFO - [2026-09-17T13:49:11.537+0000] {dagbag.py:545} INFO - Filling up the DagBag from /opt/airflow/dags/flight-pipeline.py
[2026-09-17T13:49:12.193+0000] {logging_mixin.py:188} INFO - [2026-09-17T13:49:12.185+0000] {dagbag.py:355} ERROR - Failed to import: /opt/airflow/dags/flight-pipeline.py
Traceback (most recent call last):
  File "/home/airflow/.local/lib/python3.12/site-packages/airflow/models/dagbag.py", line 351, in parse
    loader.exec_module(new_module)
  File "<frozen importlib._bootstrap_external>", line 995, in exec_module
  File "<frozen importlib._bootstrap>", line 488, in _call_with_frames_removed
  File "/opt/airflow/dags/flight-pipeline.py", line 13, in <module>
    from scripts.silver_transform import run_silver_transforms
ImportError: cannot import name 'run_silver_transforms' from 'scripts.silver_transform' (/opt/airflow/scripts/silver_transform.py). Did you mean: 'silver_transform'?
[2026-09-17T13:49:12.197+0000] {processor.py:842} WARNING - No viable dags retrieved from /opt/airflow/dags/flight-pipeline.py
[2026-09-17T13:49:12.226+0000] {processor.py:183} INFO - Processing /opt/airflow/dags/flight-pipeline.py took 0.704 seconds
[2026-09-17T13:49:42.580+0000] {processor.py:161} INFO - Started process (PID=772) to work on /opt/airflow/dags/flight-pipeline.py
[2026-09-17T13:49:42.584+0000] {processor.py:830} INFO - Processing file /opt/airflow/dags/flight-pipeline.py for tasks to queue
[2026-09-17T13:49:42.587+0000] {logging_mixin.py:188} INFO - [2026-09-17T13:49:42.586+0000] {dagbag.py:545} INFO - Filling up the DagBag from /opt/airflow/dags/flight-pipeline.py
[2026-09-17T13:49:43.351+0000] {logging_mixin.py:188} INFO - [2026-09-17T13:49:43.343+0000] {dagbag.py:355} ERROR - Failed to import: /opt/airflow/dags/flight-pipeline.py
Traceback (most recent call last):
  File "/home/airflow/.local/lib/python3.12/site-packages/airflow/models/dagbag.py", line 351, in parse
    loader.exec_module(new_module)
  File "<frozen importlib._bootstrap_external>", line 995, in exec_module
  File "<frozen importlib._bootstrap>", line 488, in _call_with_frames_removed
  File "/opt/airflow/dags/flight-pipeline.py", line 13, in <module>
    from scripts.silver_transform import run_silver_transforms
ImportError: cannot import name 'run_silver_transforms' from 'scripts.silver_transform' (/opt/airflow/scripts/silver_transform.py). Did you mean: 'silver_transform'?
[2026-09-17T13:49:43.354+0000] {processor.py:842} WARNING - No viable dags retrieved from /opt/airflow/dags/flight-pipeline.py
[2026-09-17T13:49:43.387+0000] {processor.py:183} INFO - Processing /opt/airflow/dags/flight-pipeline.py took 0.820 seconds
[2026-09-17T13:50:13.764+0000] {processor.py:161} INFO - Started process (PID=774) to work on /opt/airflow/dags/flight-pipeline.py
[2026-09-17T13:50:13.767+0000] {processor.py:830} INFO - Processing file /opt/airflow/dags/flight-pipeline.py for tasks to queue
[2026-09-17T13:50:13.769+0000] {logging_mixin.py:188} INFO - [2026-09-17T13:50:13.769+0000] {dagbag.py:545} INFO - Filling up the DagBag from /opt/airflow/dags/flight-pipeline.py
[2026-09-17T13:50:14.472+0000] {logging_mixin.py:188} INFO - [2026-09-17T13:50:14.466+0000] {dagbag.py:355} ERROR - Failed to import: /opt/airflow/dags/flight-pipeline.py
Traceback (most recent call last):
  File "/home/airflow/.local/lib/python3.12/site-packages/airflow/models/dagbag.py", line 351, in parse
    loader.exec_module(new_module)
  File "<frozen importlib._bootstrap_external>", line 995, in exec_module
  File "<frozen importlib._bootstrap>", line 488, in _call_with_frames_removed
  File "/opt/airflow/dags/flight-pipeline.py", line 13, in <module>
    from scripts.silver_transform import run_silver_transforms
ImportError: cannot import name 'run_silver_transforms' from 'scripts.silver_transform' (/opt/airflow/scripts/silver_transform.py). Did you mean: 'silver_transform'?
[2026-09-17T13:50:14.475+0000] {processor.py:842} WARNING - No viable dags retrieved from /opt/airflow/dags/flight-pipeline.py
[2026-09-17T13:50:14.508+0000] {processor.py:183} INFO - Processing /opt/airflow/dags/flight-pipeline.py took 0.756 seconds
[2026-09-17T13:50:44.872+0000] {processor.py:161} INFO - Started process (PID=776) to work on /opt/airflow/dags/flight-pipeline.py
[2026-09-17T13:50:44.876+0000] {processor.py:830} INFO - Processing file /opt/airflow/dags/flight-pipeline.py for tasks to queue
[2026-09-17T13:50:44.879+0000] {logging_mixin.py:188} INFO - [2026-09-17T13:50:44.878+0000] {dagbag.py:545} INFO - Filling up the DagBag from /opt/airflow/dags/flight-pipeline.py
[2026-09-17T13:50:45.572+0000] {logging_mixin.py:188} INFO - [2026-09-17T13:50:45.566+0000] {dagbag.py:355} ERROR - Failed to import: /opt/airflow/dags/flight-pipeline.py
Traceback (most recent call last):
  File "/home/airflow/.local/lib/python3.12/site-packages/airflow/models/dagbag.py", line 351, in parse
    loader.exec_module(new_module)
  File "<frozen importlib._bootstrap_external>", line 995, in exec_module
  File "<frozen importlib._bootstrap>", line 488, in _call_with_frames_removed
  File "/opt/airflow/dags/flight-pipeline.py", line 13, in <module>
    from scripts.silver_transform import run_silver_transforms
ImportError: cannot import name 'run_silver_transforms' from 'scripts.silver_transform' (/opt/airflow/scripts/silver_transform.py). Did you mean: 'silver_transform'?
[2026-09-17T13:50:45.575+0000] {processor.py:842} WARNING - No viable dags retrieved from /opt/airflow/dags/flight-pipeline.py
[2026-09-17T13:50:45.614+0000] {processor.py:183} INFO - Processing /opt/airflow/dags/flight-pipeline.py took 0.759 seconds
[2026-09-17T13:51:16.027+0000] {processor.py:161} INFO - Started process (PID=778) to work on /opt/airflow/dags/flight-pipeline.py
[2026-09-17T13:51:16.029+0000] {processor.py:830} INFO - Processing file /opt/airflow/dags/flight-pipeline.py for tasks to queue
[2026-09-17T13:51:16.032+0000] {logging_mixin.py:188} INFO - [2026-09-17T13:51:16.031+0000] {dagbag.py:545} INFO - Filling up the DagBag from /opt/airflow/dags/flight-pipeline.py
[2026-09-17T13:51:16.736+0000] {logging_mixin.py:188} INFO - [2026-09-17T13:51:16.729+0000] {dagbag.py:355} ERROR - Failed to import: /opt/airflow/dags/flight-pipeline.py
Traceback (most recent call last):
  File "/home/airflow/.local/lib/python3.12/site-packages/airflow/models/dagbag.py", line 351, in parse
    loader.exec_module(new_module)
  File "<frozen importlib._bootstrap_external>", line 995, in exec_module
  File "<frozen importlib._bootstrap>", line 488, in _call_with_frames_removed
  File "/opt/airflow/dags/flight-pipeline.py", line 13, in <module>
    from scripts.silver_transform import run_silver_transforms
ImportError: cannot import name 'run_silver_transforms' from 'scripts.silver_transform' (/opt/airflow/scripts/silver_transform.py). Did you mean: 'silver_transform'?
[2026-09-17T13:51:16.740+0000] {processor.py:842} WARNING - No viable dags retrieved from /opt/airflow/dags/flight-pipeline.py
[2026-09-17T13:51:16.772+0000] {processor.py:183} INFO - Processing /opt/airflow/dags/flight-pipeline.py took 0.755 seconds
[2026-09-17T13:51:47.114+0000] {processor.py:161} INFO - Started process (PID=780) to work on /opt/airflow/dags/flight-pipeline.py
[2026-09-17T13:51:47.116+0000] {processor.py:830} INFO - Processing file /opt/airflow/dags/flight-pipeline.py for tasks to queue
[2026-09-17T13:51:47.118+0000] {logging_mixin.py:188} INFO - [2026-09-17T13:51:47.118+0000] {dagbag.py:545} INFO - Filling up the DagBag from /opt/airflow/dags/flight-pipeline.py
[2026-09-17T13:51:47.810+0000] {logging_mixin.py:188} INFO - [2026-09-17T13:51:47.803+0000] {dagbag.py:355} ERROR - Failed to import: /opt/airflow/dags/flight-pipeline.py
Traceback (most recent call last):
  File "/home/airflow/.local/lib/python3.12/site-packages/airflow/models/dagbag.py", line 351, in parse
    loader.exec_module(new_module)
  File "<frozen importlib._bootstrap_external>", line 995, in exec_module
  File "<frozen importlib._bootstrap>", line 488, in _call_with_frames_removed
  File "/opt/airflow/dags/flight-pipeline.py", line 13, in <module>
    from scripts.silver_transform import run_silver_transforms
ImportError: cannot import name 'run_silver_transforms' from 'scripts.silver_transform' (/opt/airflow/scripts/silver_transform.py). Did you mean: 'silver_transform'?
[2026-09-17T13:51:47.813+0000] {processor.py:842} WARNING - No viable dags retrieved from /opt/airflow/dags/flight-pipeline.py
[2026-09-17T13:51:47.846+0000] {processor.py:183} INFO - Processing /opt/airflow/dags/flight-pipeline.py took 0.742 seconds
[2026-09-17T13:52:18.172+0000] {processor.py:161} INFO - Started process (PID=782) to work on /opt/airflow/dags/flight-pipeline.py
[2026-09-17T13:52:18.175+0000] {processor.py:830} INFO - Processing file /opt/airflow/dags/flight-pipeline.py for tasks to queue
[2026-09-17T13:52:18.177+0000] {logging_mixin.py:188} INFO - [2026-09-17T13:52:18.177+0000] {dagbag.py:545} INFO - Filling up the DagBag from /opt/airflow/dags/flight-pipeline.py
[2026-09-17T13:52:18.905+0000] {logging_mixin.py:188} INFO - [2026-09-17T13:52:18.896+0000] {dagbag.py:355} ERROR - Failed to import: /opt/airflow/dags/flight-pipeline.py
Traceback (most recent call last):
  File "/home/airflow/.local/lib/python3.12/site-packages/airflow/models/dagbag.py", line 351, in parse
    loader.exec_module(new_module)
  File "<frozen importlib._bootstrap_external>", line 995, in exec_module
  File "<frozen importlib._bootstrap>", line 488, in _call_with_frames_removed
  File "/opt/airflow/dags/flight-pipeline.py", line 13, in <module>
    from scripts.silver_transform import run_silver_transforms
ImportError: cannot import name 'run_silver_transforms' from 'scripts.silver_transform' (/opt/airflow/scripts/silver_transform.py). Did you mean: 'silver_transform'?
[2026-09-17T13:52:18.910+0000] {processor.py:842} WARNING - No viable dags retrieved from /opt/airflow/dags/flight-pipeline.py
[2026-09-17T13:52:18.952+0000] {processor.py:183} INFO - Processing /opt/airflow/dags/flight-pipeline.py took 0.789 seconds
[2026-09-17T13:52:49.142+0000] {processor.py:161} INFO - Started process (PID=784) to work on /opt/airflow/dags/flight-pipeline.py
[2026-09-17T13:52:49.144+0000] {processor.py:830} INFO - Processing file /opt/airflow/dags/flight-pipeline.py for tasks to queue
[2026-09-17T13:52:49.146+0000] {logging_mixin.py:188} INFO - [2026-09-17T13:52:49.146+0000] {dagbag.py:545} INFO - Filling up the DagBag from /opt/airflow/dags/flight-pipeline.py
[2026-09-17T13:52:49.773+0000] {logging_mixin.py:188} INFO - [2026-09-17T13:52:49.766+0000] {dagbag.py:355} ERROR - Failed to import: /opt/airflow/dags/flight-pipeline.py
Traceback (most recent call last):
  File "/home/airflow/.local/lib/python3.12/site-packages/airflow/models/dagbag.py", line 351, in parse
    loader.exec_module(new_module)
  File "<frozen importlib._bootstrap_external>", line 995, in exec_module
  File "<frozen importlib._bootstrap>", line 488, in _call_with_frames_removed
  File "/opt/airflow/dags/flight-pipeline.py", line 13, in <module>
    from scripts.silver_transform import run_silver_transforms
ImportError: cannot import name 'run_silver_transforms' from 'scripts.silver_transform' (/opt/airflow/scripts/silver_transform.py). Did you mean: 'silver_transform'?
[2026-09-17T13:52:49.775+0000] {processor.py:842} WARNING - No viable dags retrieved from /opt/airflow/dags/flight-pipeline.py
[2026-09-17T13:52:49.807+0000] {processor.py:183} INFO - Processing /opt/airflow/dags/flight-pipeline.py took 0.676 seconds
[2026-09-17T13:53:20.147+0000] {processor.py:161} INFO - Started process (PID=786) to work on /opt/airflow/dags/flight-pipeline.py
[2026-09-17T13:53:20.150+0000] {processor.py:830} INFO - Processing file /opt/airflow/dags/flight-pipeline.py for tasks to queue
[2026-09-17T13:53:20.152+0000] {logging_mixin.py:188} INFO - [2026-09-17T13:53:20.151+0000] {dagbag.py:545} INFO - Filling up the DagBag from /opt/airflow/dags/flight-pipeline.py
[2026-09-17T13:53:20.819+0000] {logging_mixin.py:188} INFO - [2026-09-17T13:53:20.812+0000] {dagbag.py:355} ERROR - Failed to import: /opt/airflow/dags/flight-pipeline.py
Traceback (most recent call last):
  File "/home/airflow/.local/lib/python3.12/site-packages/airflow/models/dagbag.py", line 351, in parse
    loader.exec_module(new_module)
  File "<frozen importlib._bootstrap_external>", line 995, in exec_module
  File "<frozen importlib._bootstrap>", line 488, in _call_with_frames_removed
  File "/opt/airflow/dags/flight-pipeline.py", line 13, in <module>
    from scripts.silver_transform import run_silver_transforms
ImportError: cannot import name 'run_silver_transforms' from 'scripts.silver_transform' (/opt/airflow/scripts/silver_transform.py). Did you mean: 'silver_transform'?
[2026-09-17T13:53:20.822+0000] {processor.py:842} WARNING - No viable dags retrieved from /opt/airflow/dags/flight-pipeline.py
[2026-09-17T13:53:20.853+0000] {processor.py:183} INFO - Processing /opt/airflow/dags/flight-pipeline.py took 0.716 seconds
[2026-09-17T13:53:51.191+0000] {processor.py:161} INFO - Started process (PID=788) to work on /opt/airflow/dags/flight-pipeline.py
[2026-09-17T13:53:51.193+0000] {processor.py:830} INFO - Processing file /opt/airflow/dags/flight-pipeline.py for tasks to queue
[2026-09-17T13:53:51.196+0000] {logging_mixin.py:188} INFO - [2026-09-17T13:53:51.195+0000] {dagbag.py:545} INFO - Filling up the DagBag from /opt/airflow/dags/flight-pipeline.py
[2026-09-17T13:53:51.927+0000] {logging_mixin.py:188} INFO - [2026-09-17T13:53:51.921+0000] {dagbag.py:355} ERROR - Failed to import: /opt/airflow/dags/flight-pipeline.py
Traceback (most recent call last):
  File "/home/airflow/.local/lib/python3.12/site-packages/airflow/models/dagbag.py", line 351, in parse
    loader.exec_module(new_module)
  File "<frozen importlib._bootstrap_external>", line 995, in exec_module
  File "<frozen importlib._bootstrap>", line 488, in _call_with_frames_removed
  File "/opt/airflow/dags/flight-pipeline.py", line 13, in <module>
    from scripts.silver_transform import run_silver_transforms
ImportError: cannot import name 'run_silver_transforms' from 'scripts.silver_transform' (/opt/airflow/scripts/silver_transform.py). Did you mean: 'silver_transform'?
[2026-09-17T13:53:51.929+0000] {processor.py:842} WARNING - No viable dags retrieved from /opt/airflow/dags/flight-pipeline.py
[2026-09-17T13:53:51.962+0000] {processor.py:183} INFO - Processing /opt/airflow/dags/flight-pipeline.py took 0.785 seconds
[2026-09-17T13:54:22.081+0000] {processor.py:161} INFO - Started process (PID=790) to work on /opt/airflow/dags/flight-pipeline.py
[2026-09-17T13:54:22.083+0000] {processor.py:830} INFO - Processing file /opt/airflow/dags/flight-pipeline.py for tasks to queue
[2026-09-17T13:54:22.085+0000] {logging_mixin.py:188} INFO - [2026-09-17T13:54:22.085+0000] {dagbag.py:545} INFO - Filling up the DagBag from /opt/airflow/dags/flight-pipeline.py
[2026-09-17T13:54:22.815+0000] {logging_mixin.py:188} INFO - [2026-09-17T13:54:22.807+0000] {dagbag.py:355} ERROR - Failed to import: /opt/airflow/dags/flight-pipeline.py
Traceback (most recent call last):
  File "/home/airflow/.local/lib/python3.12/site-packages/airflow/models/dagbag.py", line 351, in parse
    loader.exec_module(new_module)
  File "<frozen importlib._bootstrap_external>", line 995, in exec_module
  File "<frozen importlib._bootstrap>", line 488, in _call_with_frames_removed
  File "/opt/airflow/dags/flight-pipeline.py", line 13, in <module>
    from scripts.silver_transform import run_silver_transforms
ImportError: cannot import name 'run_silver_transforms' from 'scripts.silver_transform' (/opt/airflow/scripts/silver_transform.py). Did you mean: 'silver_transform'?
[2026-09-17T13:54:22.818+0000] {processor.py:842} WARNING - No viable dags retrieved from /opt/airflow/dags/flight-pipeline.py
[2026-09-17T13:54:22.846+0000] {processor.py:183} INFO - Processing /opt/airflow/dags/flight-pipeline.py took 0.781 seconds
[2026-09-17T13:54:41.070+0000] {processor.py:161} INFO - Started process (PID=792) to work on /opt/airflow/dags/flight-pipeline.py
[2026-09-17T13:54:41.072+0000] {processor.py:830} INFO - Processing file /opt/airflow/dags/flight-pipeline.py for tasks to queue
[2026-09-17T13:54:41.074+0000] {logging_mixin.py:188} INFO - [2026-09-17T13:54:41.074+0000] {dagbag.py:545} INFO - Filling up the DagBag from /opt/airflow/dags/flight-pipeline.py
[2026-09-17T13:54:41.741+0000] {logging_mixin.py:188} INFO - [2026-09-17T13:54:41.733+0000] {dagbag.py:355} ERROR - Failed to import: /opt/airflow/dags/flight-pipeline.py
Traceback (most recent call last):
  File "/home/airflow/.local/lib/python3.12/site-packages/airflow/models/dagbag.py", line 351, in parse
    loader.exec_module(new_module)
  File "<frozen importlib._bootstrap_external>", line 995, in exec_module
  File "<frozen importlib._bootstrap>", line 488, in _call_with_frames_removed
  File "/opt/airflow/dags/flight-pipeline.py", line 13, in <module>
    from scripts.silver_transform import run_silver_transforms
ImportError: cannot import name 'run_silver_transforms' from 'scripts.silver_transform' (/opt/airflow/scripts/silver_transform.py). Did you mean: 'silver_transform'?
[2026-09-17T13:54:41.744+0000] {processor.py:842} WARNING - No viable dags retrieved from /opt/airflow/dags/flight-pipeline.py
[2026-09-17T13:54:41.773+0000] {processor.py:183} INFO - Processing /opt/airflow/dags/flight-pipeline.py took 0.720 seconds
[2026-09-17T13:55:12.106+0000] {processor.py:161} INFO - Started process (PID=794) to work on /opt/airflow/dags/flight-pipeline.py
[2026-09-17T13:55:12.108+0000] {processor.py:830} INFO - Processing file /opt/airflow/dags/flight-pipeline.py for tasks to queue
[2026-09-17T13:55:12.111+0000] {logging_mixin.py:188} INFO - [2026-09-17T13:55:12.111+0000] {dagbag.py:545} INFO - Filling up the DagBag from /opt/airflow/dags/flight-pipeline.py
[2026-09-17T13:55:12.779+0000] {logging_mixin.py:188} INFO - [2026-09-17T13:55:12.770+0000] {dagbag.py:355} ERROR - Failed to import: /opt/airflow/dags/flight-pipeline.py
Traceback (most recent call last):
  File "/home/airflow/.local/lib/python3.12/site-packages/airflow/models/dagbag.py", line 351, in parse
    loader.exec_module(new_module)
  File "<frozen importlib._bootstrap_external>", line 995, in exec_module
  File "<frozen importlib._bootstrap>", line 488, in _call_with_frames_removed
  File "/opt/airflow/dags/flight-pipeline.py", line 13, in <module>
    from scripts.silver_transform import run_silver_transforms
ImportError: cannot import name 'run_silver_transforms' from 'scripts.silver_transform' (/opt/airflow/scripts/silver_transform.py). Did you mean: 'silver_transform'?
[2026-09-17T13:55:12.782+0000] {processor.py:842} WARNING - No viable dags retrieved from /opt/airflow/dags/flight-pipeline.py
[2026-09-17T13:55:12.813+0000] {processor.py:183} INFO - Processing /opt/airflow/dags/flight-pipeline.py took 0.717 seconds
[2026-09-17T13:55:42.944+0000] {processor.py:161} INFO - Started process (PID=796) to work on /opt/airflow/dags/flight-pipeline.py
[2026-09-17T13:55:42.947+0000] {processor.py:830} INFO - Processing file /opt/airflow/dags/flight-pipeline.py for tasks to queue
[2026-09-17T13:55:42.949+0000] {logging_mixin.py:188} INFO - [2026-09-17T13:55:42.949+0000] {dagbag.py:545} INFO - Filling up the DagBag from /opt/airflow/dags/flight-pipeline.py
[2026-09-17T13:55:43.577+0000] {logging_mixin.py:188} INFO - [2026-09-17T13:55:43.569+0000] {dagbag.py:355} ERROR - Failed to import: /opt/airflow/dags/flight-pipeline.py
Traceback (most recent call last):
  File "/home/airflow/.local/lib/python3.12/site-packages/airflow/models/dagbag.py", line 351, in parse
    loader.exec_module(new_module)
  File "<frozen importlib._bootstrap_external>", line 995, in exec_module
  File "<frozen importlib._bootstrap>", line 488, in _call_with_frames_removed
  File "/opt/airflow/dags/flight-pipeline.py", line 13, in <module>
    from scripts.silver_transform import run_silver_transforms
ImportError: cannot import name 'run_silver_transforms' from 'scripts.silver_transform' (/opt/airflow/scripts/silver_transform.py). Did you mean: 'silver_transform'?
[2026-09-17T13:55:43.580+0000] {processor.py:842} WARNING - No viable dags retrieved from /opt/airflow/dags/flight-pipeline.py
[2026-09-17T13:55:43.614+0000] {processor.py:183} INFO - Processing /opt/airflow/dags/flight-pipeline.py took 0.683 seconds
[2026-09-17T13:56:07.896+0000] {processor.py:161} INFO - Started process (PID=798) to work on /opt/airflow/dags/flight-pipeline.py
[2026-09-17T13:56:07.898+0000] {processor.py:830} INFO - Processing file /opt/airflow/dags/flight-pipeline.py for tasks to queue
[2026-09-17T13:56:07.901+0000] {logging_mixin.py:188} INFO - [2026-09-17T13:56:07.900+0000] {dagbag.py:545} INFO - Filling up the DagBag from /opt/airflow/dags/flight-pipeline.py
[2026-09-17T13:56:08.603+0000] {logging_mixin.py:188} INFO - [2026-09-17T13:56:08.595+0000] {dagbag.py:355} ERROR - Failed to import: /opt/airflow/dags/flight-pipeline.py
Traceback (most recent call last):
  File "/home/airflow/.local/lib/python3.12/site-packages/airflow/models/dagbag.py", line 351, in parse
    loader.exec_module(new_module)
  File "<frozen importlib._bootstrap_external>", line 995, in exec_module
  File "<frozen importlib._bootstrap>", line 488, in _call_with_frames_removed
  File "/opt/airflow/dags/flight-pipeline.py", line 13, in <module>
    from scripts.silver_transform import run_silver_transforms
ImportError: cannot import name 'run_silver_transforms' from 'scripts.silver_transform' (/opt/airflow/scripts/silver_transform.py). Did you mean: 'silver_transform'?
[2026-09-17T13:56:08.606+0000] {processor.py:842} WARNING - No viable dags retrieved from /opt/airflow/dags/flight-pipeline.py
[2026-09-17T13:56:08.636+0000] {processor.py:183} INFO - Processing /opt/airflow/dags/flight-pipeline.py took 0.755 seconds
[2026-09-17T13:56:27.550+0000] {processor.py:161} INFO - Started process (PID=800) to work on /opt/airflow/dags/flight-pipeline.py
[2026-09-17T13:56:27.552+0000] {processor.py:830} INFO - Processing file /opt/airflow/dags/flight-pipeline.py for tasks to queue
[2026-09-17T13:56:27.554+0000] {logging_mixin.py:188} INFO - [2026-09-17T13:56:27.554+0000] {dagbag.py:545} INFO - Filling up the DagBag from /opt/airflow/dags/flight-pipeline.py
[2026-09-17T13:56:28.248+0000] {logging_mixin.py:188} INFO - [2026-09-17T13:56:28.240+0000] {dagbag.py:355} ERROR - Failed to import: /opt/airflow/dags/flight-pipeline.py
Traceback (most recent call last):
  File "/home/airflow/.local/lib/python3.12/site-packages/airflow/models/dagbag.py", line 351, in parse
    loader.exec_module(new_module)
  File "<frozen importlib._bootstrap_external>", line 995, in exec_module
  File "<frozen importlib._bootstrap>", line 488, in _call_with_frames_removed
  File "/opt/airflow/dags/flight-pipeline.py", line 13, in <module>
    from scripts.silver_transform import run_silver_transforms
ImportError: cannot import name 'run_silver_transforms' from 'scripts.silver_transform' (/opt/airflow/scripts/silver_transform.py). Did you mean: 'silver_transform'?
[2026-09-17T13:56:28.251+0000] {processor.py:842} WARNING - No viable dags retrieved from /opt/airflow/dags/flight-pipeline.py
[2026-09-17T13:56:28.284+0000] {processor.py:183} INFO - Processing /opt/airflow/dags/flight-pipeline.py took 0.744 seconds
[2026-09-17T13:56:35.417+0000] {processor.py:161} INFO - Started process (PID=802) to work on /opt/airflow/dags/flight-pipeline.py
[2026-09-17T13:56:35.419+0000] {processor.py:830} INFO - Processing file /opt/airflow/dags/flight-pipeline.py for tasks to queue
[2026-09-17T13:56:35.421+0000] {logging_mixin.py:188} INFO - [2026-09-17T13:56:35.421+0000] {dagbag.py:545} INFO - Filling up the DagBag from /opt/airflow/dags/flight-pipeline.py
[2026-09-17T13:56:36.134+0000] {logging_mixin.py:188} INFO - [2026-09-17T13:56:36.127+0000] {dagbag.py:355} ERROR - Failed to import: /opt/airflow/dags/flight-pipeline.py
Traceback (most recent call last):
  File "/home/airflow/.local/lib/python3.12/site-packages/airflow/models/dagbag.py", line 351, in parse
    loader.exec_module(new_module)
  File "<frozen importlib._bootstrap_external>", line 995, in exec_module
  File "<frozen importlib._bootstrap>", line 488, in _call_with_frames_removed
  File "/opt/airflow/dags/flight-pipeline.py", line 13, in <module>
    from scripts.silver_transform import run_silver_transforms
ImportError: cannot import name 'run_silver_transforms' from 'scripts.silver_transform' (/opt/airflow/scripts/silver_transform.py). Did you mean: 'silver_transform'?
[2026-09-17T13:56:36.137+0000] {processor.py:842} WARNING - No viable dags retrieved from /opt/airflow/dags/flight-pipeline.py
[2026-09-17T13:56:36.166+0000] {processor.py:183} INFO - Processing /opt/airflow/dags/flight-pipeline.py took 0.759 seconds
[2026-09-17T13:56:58.109+0000] {processor.py:161} INFO - Started process (PID=804) to work on /opt/airflow/dags/flight-pipeline.py
[2026-09-17T13:56:58.111+0000] {processor.py:830} INFO - Processing file /opt/airflow/dags/flight-pipeline.py for tasks to queue
[2026-09-17T13:56:58.113+0000] {logging_mixin.py:188} INFO - [2026-09-17T13:56:58.112+0000] {dagbag.py:545} INFO - Filling up the DagBag from /opt/airflow/dags/flight-pipeline.py
[2026-09-17T13:56:58.843+0000] {processor.py:840} INFO - DAG(s) 'flights_ops_medallion_pipe' retrieved from /opt/airflow/dags/flight-pipeline.py
[2026-09-17T13:56:59.030+0000] {logging_mixin.py:188} INFO - [2026-09-17T13:56:59.029+0000] {dag.py:3089} INFO - Sync 1 DAGs
[2026-09-17T13:56:59.055+0000] {logging_mixin.py:188} INFO - [2026-09-17T13:56:59.054+0000] {dag.py:3947} INFO - Setting next_dagrun for flights_ops_medallion_pipe to 2026-09-17 13:30:00+00:00, run_after=2026-09-17 14:00:00+00:00
[2026-09-17T13:56:59.084+0000] {processor.py:183} INFO - Processing /opt/airflow/dags/flight-pipeline.py took 0.985 seconds
[2026-09-17T13:57:29.378+0000] {processor.py:161} INFO - Started process (PID=806) to work on /opt/airflow/dags/flight-pipeline.py
[2026-09-17T13:57:29.380+0000] {processor.py:830} INFO - Processing file /opt/airflow/dags/flight-pipeline.py for tasks to queue
[2026-09-17T13:57:29.383+0000] {logging_mixin.py:188} INFO - [2026-09-17T13:57:29.382+0000] {dagbag.py:545} INFO - Filling up the DagBag from /opt/airflow/dags/flight-pipeline.py
[2026-09-17T13:57:30.160+0000] {processor.py:840} INFO - DAG(s) 'flights_ops_medallion_pipe' retrieved from /opt/airflow/dags/flight-pipeline.py
[2026-09-17T13:57:30.204+0000] {logging_mixin.py:188} INFO - [2026-09-17T13:57:30.204+0000] {dag.py:3089} INFO - Sync 1 DAGs
[2026-09-17T13:57:30.237+0000] {logging_mixin.py:188} INFO - [2026-09-17T13:57:30.236+0000] {dag.py:3947} INFO - Setting next_dagrun for flights_ops_medallion_pipe to 2026-09-17 13:30:00+00:00, run_after=2026-09-17 14:00:00+00:00
[2026-09-17T13:57:30.262+0000] {processor.py:183} INFO - Processing /opt/airflow/dags/flight-pipeline.py took 0.893 seconds
[2026-09-17T13:58:00.587+0000] {processor.py:161} INFO - Started process (PID=808) to work on /opt/airflow/dags/flight-pipeline.py
[2026-09-17T13:58:00.590+0000] {processor.py:830} INFO - Processing file /opt/airflow/dags/flight-pipeline.py for tasks to queue
[2026-09-17T13:58:00.593+0000] {logging_mixin.py:188} INFO - [2026-09-17T13:58:00.592+0000] {dagbag.py:545} INFO - Filling up the DagBag from /opt/airflow/dags/flight-pipeline.py
[2026-09-17T13:58:01.343+0000] {processor.py:840} INFO - DAG(s) 'flights_ops_medallion_pipe' retrieved from /opt/airflow/dags/flight-pipeline.py
[2026-09-17T13:58:01.385+0000] {logging_mixin.py:188} INFO - [2026-09-17T13:58:01.385+0000] {dag.py:3089} INFO - Sync 1 DAGs
[2026-09-17T13:58:01.411+0000] {logging_mixin.py:188} INFO - [2026-09-17T13:58:01.411+0000] {dag.py:3947} INFO - Setting next_dagrun for flights_ops_medallion_pipe to 2026-09-17 13:30:00+00:00, run_after=2026-09-17 14:00:00+00:00
[2026-09-17T13:58:01.435+0000] {processor.py:183} INFO - Processing /opt/airflow/dags/flight-pipeline.py took 0.858 seconds
[2026-09-17T13:58:31.773+0000] {processor.py:161} INFO - Started process (PID=810) to work on /opt/airflow/dags/flight-pipeline.py
[2026-09-17T13:58:31.776+0000] {processor.py:830} INFO - Processing file /opt/airflow/dags/flight-pipeline.py for tasks to queue
[2026-09-17T13:58:31.778+0000] {logging_mixin.py:188} INFO - [2026-09-17T13:58:31.777+0000] {dagbag.py:545} INFO - Filling up the DagBag from /opt/airflow/dags/flight-pipeline.py
[2026-09-17T13:58:32.431+0000] {processor.py:840} INFO - DAG(s) 'flights_ops_medallion_pipe' retrieved from /opt/airflow/dags/flight-pipeline.py
[2026-09-17T13:58:32.485+0000] {logging_mixin.py:188} INFO - [2026-09-17T13:58:32.485+0000] {dag.py:3089} INFO - Sync 1 DAGs
[2026-09-17T13:58:32.516+0000] {logging_mixin.py:188} INFO - [2026-09-17T13:58:32.516+0000] {dag.py:3947} INFO - Setting next_dagrun for flights_ops_medallion_pipe to 2026-09-17 13:30:00+00:00, run_after=2026-09-17 14:00:00+00:00
[2026-09-17T13:58:32.541+0000] {processor.py:183} INFO - Processing /opt/airflow/dags/flight-pipeline.py took 0.777 seconds
[2026-09-17T13:59:02.899+0000] {processor.py:161} INFO - Started process (PID=812) to work on /opt/airflow/dags/flight-pipeline.py
[2026-09-17T13:59:02.902+0000] {processor.py:830} INFO - Processing file /opt/airflow/dags/flight-pipeline.py for tasks to queue
[2026-09-17T13:59:02.906+0000] {logging_mixin.py:188} INFO - [2026-09-17T13:59:02.905+0000] {dagbag.py:545} INFO - Filling up the DagBag from /opt/airflow/dags/flight-pipeline.py
[2026-09-17T13:59:03.647+0000] {processor.py:840} INFO - DAG(s) 'flights_ops_medallion_pipe' retrieved from /opt/airflow/dags/flight-pipeline.py
[2026-09-17T13:59:03.688+0000] {logging_mixin.py:188} INFO - [2026-09-17T13:59:03.687+0000] {dag.py:3089} INFO - Sync 1 DAGs
[2026-09-17T13:59:03.713+0000] {logging_mixin.py:188} INFO - [2026-09-17T13:59:03.712+0000] {dag.py:3947} INFO - Setting next_dagrun for flights_ops_medallion_pipe to 2026-09-17 13:30:00+00:00, run_after=2026-09-17 14:00:00+00:00
[2026-09-17T13:59:03.735+0000] {processor.py:183} INFO - Processing /opt/airflow/dags/flight-pipeline.py took 0.854 seconds
[2026-09-17T13:59:34.066+0000] {processor.py:161} INFO - Started process (PID=814) to work on /opt/airflow/dags/flight-pipeline.py
[2026-09-17T13:59:34.068+0000] {processor.py:830} INFO - Processing file /opt/airflow/dags/flight-pipeline.py for tasks to queue
[2026-09-17T13:59:34.071+0000] {logging_mixin.py:188} INFO - [2026-09-17T13:59:34.070+0000] {dagbag.py:545} INFO - Filling up the DagBag from /opt/airflow/dags/flight-pipeline.py
[2026-09-17T13:59:34.727+0000] {processor.py:840} INFO - DAG(s) 'flights_ops_medallion_pipe' retrieved from /opt/airflow/dags/flight-pipeline.py
[2026-09-17T13:59:34.768+0000] {logging_mixin.py:188} INFO - [2026-09-17T13:59:34.768+0000] {dag.py:3089} INFO - Sync 1 DAGs
[2026-09-17T13:59:34.794+0000] {logging_mixin.py:188} INFO - [2026-09-17T13:59:34.793+0000] {dag.py:3947} INFO - Setting next_dagrun for flights_ops_medallion_pipe to 2026-09-17 13:30:00+00:00, run_after=2026-09-17 14:00:00+00:00
[2026-09-17T13:59:34.818+0000] {processor.py:183} INFO - Processing /opt/airflow/dags/flight-pipeline.py took 0.762 seconds
[2026-09-17T14:00:05.113+0000] {processor.py:161} INFO - Started process (PID=872) to work on /opt/airflow/dags/flight-pipeline.py
[2026-09-17T14:00:05.115+0000] {processor.py:830} INFO - Processing file /opt/airflow/dags/flight-pipeline.py for tasks to queue
[2026-09-17T14:00:05.118+0000] {logging_mixin.py:188} INFO - [2026-09-17T14:00:05.117+0000] {dagbag.py:545} INFO - Filling up the DagBag from /opt/airflow/dags/flight-pipeline.py
[2026-09-17T14:00:05.929+0000] {processor.py:840} INFO - DAG(s) 'flights_ops_medallion_pipe' retrieved from /opt/airflow/dags/flight-pipeline.py
[2026-09-17T14:00:05.972+0000] {logging_mixin.py:188} INFO - [2026-09-17T14:00:05.972+0000] {dag.py:3089} INFO - Sync 1 DAGs
[2026-09-17T14:00:06.014+0000] {logging_mixin.py:188} INFO - [2026-09-17T14:00:06.014+0000] {dag.py:3947} INFO - Setting next_dagrun for flights_ops_medallion_pipe to 2026-09-17 14:00:00+00:00, run_after=2026-09-17 14:30:00+00:00
[2026-09-17T14:00:06.038+0000] {processor.py:183} INFO - Processing /opt/airflow/dags/flight-pipeline.py took 0.937 seconds
[2026-09-17T14:00:36.361+0000] {processor.py:161} INFO - Started process (PID=934) to work on /opt/airflow/dags/flight-pipeline.py
[2026-09-17T14:00:36.364+0000] {processor.py:830} INFO - Processing file /opt/airflow/dags/flight-pipeline.py for tasks to queue
[2026-09-17T14:00:36.367+0000] {logging_mixin.py:188} INFO - [2026-09-17T14:00:36.366+0000] {dagbag.py:545} INFO - Filling up the DagBag from /opt/airflow/dags/flight-pipeline.py
[2026-09-17T14:00:37.076+0000] {processor.py:840} INFO - DAG(s) 'flights_ops_medallion_pipe' retrieved from /opt/airflow/dags/flight-pipeline.py
[2026-09-17T14:00:37.117+0000] {logging_mixin.py:188} INFO - [2026-09-17T14:00:37.117+0000] {dag.py:3089} INFO - Sync 1 DAGs
[2026-09-17T14:00:37.144+0000] {logging_mixin.py:188} INFO - [2026-09-17T14:00:37.144+0000] {dag.py:3947} INFO - Setting next_dagrun for flights_ops_medallion_pipe to 2026-09-17 14:00:00+00:00, run_after=2026-09-17 14:30:00+00:00
[2026-09-17T14:00:37.166+0000] {processor.py:183} INFO - Processing /opt/airflow/dags/flight-pipeline.py took 0.816 seconds
[2026-09-17T14:01:07.487+0000] {processor.py:161} INFO - Started process (PID=936) to work on /opt/airflow/dags/flight-pipeline.py
[2026-09-17T14:01:07.489+0000] {processor.py:830} INFO - Processing file /opt/airflow/dags/flight-pipeline.py for tasks to queue
[2026-09-17T14:01:07.492+0000] {logging_mixin.py:188} INFO - [2026-09-17T14:01:07.491+0000] {dagbag.py:545} INFO - Filling up the DagBag from /opt/airflow/dags/flight-pipeline.py
[2026-09-17T14:01:08.229+0000] {processor.py:840} INFO - DAG(s) 'flights_ops_medallion_pipe' retrieved from /opt/airflow/dags/flight-pipeline.py
[2026-09-17T14:01:08.269+0000] {logging_mixin.py:188} INFO - [2026-09-17T14:01:08.268+0000] {dag.py:3089} INFO - Sync 1 DAGs
[2026-09-17T14:01:08.298+0000] {logging_mixin.py:188} INFO - [2026-09-17T14:01:08.298+0000] {dag.py:3947} INFO - Setting next_dagrun for flights_ops_medallion_pipe to 2026-09-17 14:00:00+00:00, run_after=2026-09-17 14:30:00+00:00
[2026-09-17T14:01:08.321+0000] {processor.py:183} INFO - Processing /opt/airflow/dags/flight-pipeline.py took 0.843 seconds
[2026-09-17T14:01:38.705+0000] {processor.py:161} INFO - Started process (PID=938) to work on /opt/airflow/dags/flight-pipeline.py
[2026-09-17T14:01:38.708+0000] {processor.py:830} INFO - Processing file /opt/airflow/dags/flight-pipeline.py for tasks to queue
[2026-09-17T14:01:38.710+0000] {logging_mixin.py:188} INFO - [2026-09-17T14:01:38.710+0000] {dagbag.py:545} INFO - Filling up the DagBag from /opt/airflow/dags/flight-pipeline.py
[2026-09-17T14:01:39.732+0000] {processor.py:840} INFO - DAG(s) 'flights_ops_medallion_pipe' retrieved from /opt/airflow/dags/flight-pipeline.py
[2026-09-17T14:01:39.777+0000] {logging_mixin.py:188} INFO - [2026-09-17T14:01:39.776+0000] {dag.py:3089} INFO - Sync 1 DAGs
[2026-09-17T14:01:39.802+0000] {logging_mixin.py:188} INFO - [2026-09-17T14:01:39.801+0000] {dag.py:3947} INFO - Setting next_dagrun for flights_ops_medallion_pipe to 2026-09-17 14:00:00+00:00, run_after=2026-09-17 14:30:00+00:00
[2026-09-17T14:01:39.823+0000] {processor.py:183} INFO - Processing /opt/airflow/dags/flight-pipeline.py took 1.131 seconds
[2026-09-17T14:02:09.996+0000] {processor.py:161} INFO - Started process (PID=940) to work on /opt/airflow/dags/flight-pipeline.py
[2026-09-17T14:02:09.998+0000] {processor.py:830} INFO - Processing file /opt/airflow/dags/flight-pipeline.py for tasks to queue
[2026-09-17T14:02:10.001+0000] {logging_mixin.py:188} INFO - [2026-09-17T14:02:10.001+0000] {dagbag.py:545} INFO - Filling up the DagBag from /opt/airflow/dags/flight-pipeline.py
[2026-09-17T14:02:10.739+0000] {processor.py:840} INFO - DAG(s) 'flights_ops_medallion_pipe' retrieved from /opt/airflow/dags/flight-pipeline.py
[2026-09-17T14:02:10.784+0000] {logging_mixin.py:188} INFO - [2026-09-17T14:02:10.783+0000] {dag.py:3089} INFO - Sync 1 DAGs
[2026-09-17T14:02:10.810+0000] {logging_mixin.py:188} INFO - [2026-09-17T14:02:10.810+0000] {dag.py:3947} INFO - Setting next_dagrun for flights_ops_medallion_pipe to 2026-09-17 14:00:00+00:00, run_after=2026-09-17 14:30:00+00:00
[2026-09-17T14:02:10.833+0000] {processor.py:183} INFO - Processing /opt/airflow/dags/flight-pipeline.py took 0.847 seconds
[2026-09-17T14:02:41.225+0000] {processor.py:161} INFO - Started process (PID=942) to work on /opt/airflow/dags/flight-pipeline.py
[2026-09-17T14:02:41.227+0000] {processor.py:830} INFO - Processing file /opt/airflow/dags/flight-pipeline.py for tasks to queue
[2026-09-17T14:02:41.230+0000] {logging_mixin.py:188} INFO - [2026-09-17T14:02:41.229+0000] {dagbag.py:545} INFO - Filling up the DagBag from /opt/airflow/dags/flight-pipeline.py
[2026-09-17T14:02:42.009+0000] {processor.py:840} INFO - DAG(s) 'flights_ops_medallion_pipe' retrieved from /opt/airflow/dags/flight-pipeline.py
[2026-09-17T14:02:42.050+0000] {logging_mixin.py:188} INFO - [2026-09-17T14:02:42.050+0000] {dag.py:3089} INFO - Sync 1 DAGs
[2026-09-17T14:02:42.078+0000] {logging_mixin.py:188} INFO - [2026-09-17T14:02:42.077+0000] {dag.py:3947} INFO - Setting next_dagrun for flights_ops_medallion_pipe to 2026-09-17 14:00:00+00:00, run_after=2026-09-17 14:30:00+00:00
[2026-09-17T14:02:42.100+0000] {processor.py:183} INFO - Processing /opt/airflow/dags/flight-pipeline.py took 0.888 seconds
[2026-09-17T14:03:12.486+0000] {processor.py:161} INFO - Started process (PID=944) to work on /opt/airflow/dags/flight-pipeline.py
[2026-09-17T14:03:12.489+0000] {processor.py:830} INFO - Processing file /opt/airflow/dags/flight-pipeline.py for tasks to queue
[2026-09-17T14:03:12.492+0000] {logging_mixin.py:188} INFO - [2026-09-17T14:03:12.491+0000] {dagbag.py:545} INFO - Filling up the DagBag from /opt/airflow/dags/flight-pipeline.py
[2026-09-17T14:03:13.289+0000] {processor.py:840} INFO - DAG(s) 'flights_ops_medallion_pipe' retrieved from /opt/airflow/dags/flight-pipeline.py
[2026-09-17T14:03:13.336+0000] {logging_mixin.py:188} INFO - [2026-09-17T14:03:13.335+0000] {dag.py:3089} INFO - Sync 1 DAGs
[2026-09-17T14:03:13.371+0000] {logging_mixin.py:188} INFO - [2026-09-17T14:03:13.371+0000] {dag.py:3947} INFO - Setting next_dagrun for flights_ops_medallion_pipe to 2026-09-17 14:00:00+00:00, run_after=2026-09-17 14:30:00+00:00
[2026-09-17T14:03:13.397+0000] {processor.py:183} INFO - Processing /opt/airflow/dags/flight-pipeline.py took 0.926 seconds
[2026-09-17T14:03:43.760+0000] {processor.py:161} INFO - Started process (PID=946) to work on /opt/airflow/dags/flight-pipeline.py
[2026-09-17T14:03:43.762+0000] {processor.py:830} INFO - Processing file /opt/airflow/dags/flight-pipeline.py for tasks to queue
[2026-09-17T14:03:43.764+0000] {logging_mixin.py:188} INFO - [2026-09-17T14:03:43.764+0000] {dagbag.py:545} INFO - Filling up the DagBag from /opt/airflow/dags/flight-pipeline.py
[2026-09-17T14:03:44.470+0000] {processor.py:840} INFO - DAG(s) 'flights_ops_medallion_pipe' retrieved from /opt/airflow/dags/flight-pipeline.py
[2026-09-17T14:03:44.509+0000] {logging_mixin.py:188} INFO - [2026-09-17T14:03:44.508+0000] {dag.py:3089} INFO - Sync 1 DAGs
[2026-09-17T14:03:44.535+0000] {logging_mixin.py:188} INFO - [2026-09-17T14:03:44.535+0000] {dag.py:3947} INFO - Setting next_dagrun for flights_ops_medallion_pipe to 2026-09-17 14:00:00+00:00, run_after=2026-09-17 14:30:00+00:00
[2026-09-17T14:03:44.556+0000] {processor.py:183} INFO - Processing /opt/airflow/dags/flight-pipeline.py took 0.807 seconds
[2026-09-17T14:04:14.934+0000] {processor.py:161} INFO - Started process (PID=948) to work on /opt/airflow/dags/flight-pipeline.py
[2026-09-17T14:04:14.937+0000] {processor.py:830} INFO - Processing file /opt/airflow/dags/flight-pipeline.py for tasks to queue
[2026-09-17T14:04:14.940+0000] {logging_mixin.py:188} INFO - [2026-09-17T14:04:14.939+0000] {dagbag.py:545} INFO - Filling up the DagBag from /opt/airflow/dags/flight-pipeline.py
[2026-09-17T14:04:15.644+0000] {processor.py:840} INFO - DAG(s) 'flights_ops_medallion_pipe' retrieved from /opt/airflow/dags/flight-pipeline.py
[2026-09-17T14:04:15.686+0000] {logging_mixin.py:188} INFO - [2026-09-17T14:04:15.686+0000] {dag.py:3089} INFO - Sync 1 DAGs
[2026-09-17T14:04:15.711+0000] {logging_mixin.py:188} INFO - [2026-09-17T14:04:15.711+0000] {dag.py:3947} INFO - Setting next_dagrun for flights_ops_medallion_pipe to 2026-09-17 14:00:00+00:00, run_after=2026-09-17 14:30:00+00:00
[2026-09-17T14:04:15.733+0000] {processor.py:183} INFO - Processing /opt/airflow/dags/flight-pipeline.py took 0.818 seconds
[2026-09-17T14:04:46.126+0000] {processor.py:161} INFO - Started process (PID=950) to work on /opt/airflow/dags/flight-pipeline.py
[2026-09-17T14:04:46.130+0000] {processor.py:830} INFO - Processing file /opt/airflow/dags/flight-pipeline.py for tasks to queue
[2026-09-17T14:04:46.133+0000] {logging_mixin.py:188} INFO - [2026-09-17T14:04:46.132+0000] {dagbag.py:545} INFO - Filling up the DagBag from /opt/airflow/dags/flight-pipeline.py
[2026-09-17T14:04:46.829+0000] {processor.py:840} INFO - DAG(s) 'flights_ops_medallion_pipe' retrieved from /opt/airflow/dags/flight-pipeline.py
[2026-09-17T14:04:46.871+0000] {logging_mixin.py:188} INFO - [2026-09-17T14:04:46.871+0000] {dag.py:3089} INFO - Sync 1 DAGs
[2026-09-17T14:04:46.896+0000] {logging_mixin.py:188} INFO - [2026-09-17T14:04:46.896+0000] {dag.py:3947} INFO - Setting next_dagrun for flights_ops_medallion_pipe to 2026-09-17 14:00:00+00:00, run_after=2026-09-17 14:30:00+00:00
[2026-09-17T14:04:46.917+0000] {processor.py:183} INFO - Processing /opt/airflow/dags/flight-pipeline.py took 0.812 seconds
[2026-09-17T14:05:17.308+0000] {processor.py:161} INFO - Started process (PID=952) to work on /opt/airflow/dags/flight-pipeline.py
[2026-09-17T14:05:17.311+0000] {processor.py:830} INFO - Processing file /opt/airflow/dags/flight-pipeline.py for tasks to queue
[2026-09-17T14:05:17.314+0000] {logging_mixin.py:188} INFO - [2026-09-17T14:05:17.313+0000] {dagbag.py:545} INFO - Filling up the DagBag from /opt/airflow/dags/flight-pipeline.py
[2026-09-17T14:05:17.995+0000] {processor.py:840} INFO - DAG(s) 'flights_ops_medallion_pipe' retrieved from /opt/airflow/dags/flight-pipeline.py
[2026-09-17T14:05:18.036+0000] {logging_mixin.py:188} INFO - [2026-09-17T14:05:18.035+0000] {dag.py:3089} INFO - Sync 1 DAGs
[2026-09-17T14:05:18.060+0000] {logging_mixin.py:188} INFO - [2026-09-17T14:05:18.060+0000] {dag.py:3947} INFO - Setting next_dagrun for flights_ops_medallion_pipe to 2026-09-17 14:00:00+00:00, run_after=2026-09-17 14:30:00+00:00
[2026-09-17T14:05:18.082+0000] {processor.py:183} INFO - Processing /opt/airflow/dags/flight-pipeline.py took 0.789 seconds
[2026-09-17T14:05:48.430+0000] {processor.py:161} INFO - Started process (PID=954) to work on /opt/airflow/dags/flight-pipeline.py
[2026-09-17T14:05:48.432+0000] {processor.py:830} INFO - Processing file /opt/airflow/dags/flight-pipeline.py for tasks to queue
[2026-09-17T14:05:48.434+0000] {logging_mixin.py:188} INFO - [2026-09-17T14:05:48.434+0000] {dagbag.py:545} INFO - Filling up the DagBag from /opt/airflow/dags/flight-pipeline.py
[2026-09-17T14:05:49.177+0000] {processor.py:840} INFO - DAG(s) 'flights_ops_medallion_pipe' retrieved from /opt/airflow/dags/flight-pipeline.py
[2026-09-17T14:05:49.216+0000] {logging_mixin.py:188} INFO - [2026-09-17T14:05:49.215+0000] {dag.py:3089} INFO - Sync 1 DAGs
[2026-09-17T14:05:49.243+0000] {logging_mixin.py:188} INFO - [2026-09-17T14:05:49.243+0000] {dag.py:3947} INFO - Setting next_dagrun for flights_ops_medallion_pipe to 2026-09-17 14:00:00+00:00, run_after=2026-09-17 14:30:00+00:00
[2026-09-17T14:05:49.265+0000] {processor.py:183} INFO - Processing /opt/airflow/dags/flight-pipeline.py took 0.847 seconds
[2026-09-17T14:06:19.731+0000] {processor.py:161} INFO - Started process (PID=956) to work on /opt/airflow/dags/flight-pipeline.py
[2026-09-17T14:06:19.734+0000] {processor.py:830} INFO - Processing file /opt/airflow/dags/flight-pipeline.py for tasks to queue
[2026-09-17T14:06:19.737+0000] {logging_mixin.py:188} INFO - [2026-09-17T14:06:19.736+0000] {dagbag.py:545} INFO - Filling up the DagBag from /opt/airflow/dags/flight-pipeline.py
[2026-09-17T14:06:20.516+0000] {processor.py:840} INFO - DAG(s) 'flights_ops_medallion_pipe' retrieved from /opt/airflow/dags/flight-pipeline.py
[2026-09-17T14:06:20.558+0000] {logging_mixin.py:188} INFO - [2026-09-17T14:06:20.558+0000] {dag.py:3089} INFO - Sync 1 DAGs
[2026-09-17T14:06:20.585+0000] {logging_mixin.py:188} INFO - [2026-09-17T14:06:20.585+0000] {dag.py:3947} INFO - Setting next_dagrun for flights_ops_medallion_pipe to 2026-09-17 14:00:00+00:00, run_after=2026-09-17 14:30:00+00:00
[2026-09-17T14:06:20.608+0000] {processor.py:183} INFO - Processing /opt/airflow/dags/flight-pipeline.py took 0.889 seconds
[2026-09-17T14:06:50.973+0000] {processor.py:161} INFO - Started process (PID=958) to work on /opt/airflow/dags/flight-pipeline.py
[2026-09-17T14:06:50.975+0000] {processor.py:830} INFO - Processing file /opt/airflow/dags/flight-pipeline.py for tasks to queue
[2026-09-17T14:06:50.978+0000] {logging_mixin.py:188} INFO - [2026-09-17T14:06:50.977+0000] {dagbag.py:545} INFO - Filling up the DagBag from /opt/airflow/dags/flight-pipeline.py
[2026-09-17T14:06:51.768+0000] {processor.py:840} INFO - DAG(s) 'flights_ops_medallion_pipe' retrieved from /opt/airflow/dags/flight-pipeline.py
[2026-09-17T14:06:51.806+0000] {logging_mixin.py:188} INFO - [2026-09-17T14:06:51.805+0000] {dag.py:3089} INFO - Sync 1 DAGs
[2026-09-17T14:06:51.832+0000] {logging_mixin.py:188} INFO - [2026-09-17T14:06:51.831+0000] {dag.py:3947} INFO - Setting next_dagrun for flights_ops_medallion_pipe to 2026-09-17 14:00:00+00:00, run_after=2026-09-17 14:30:00+00:00
[2026-09-17T14:06:51.855+0000] {processor.py:183} INFO - Processing /opt/airflow/dags/flight-pipeline.py took 0.899 seconds
[2026-09-17T14:07:22.202+0000] {processor.py:161} INFO - Started process (PID=960) to work on /opt/airflow/dags/flight-pipeline.py
[2026-09-17T14:07:22.205+0000] {processor.py:830} INFO - Processing file /opt/airflow/dags/flight-pipeline.py for tasks to queue
[2026-09-17T14:07:22.207+0000] {logging_mixin.py:188} INFO - [2026-09-17T14:07:22.206+0000] {dagbag.py:545} INFO - Filling up the DagBag from /opt/airflow/dags/flight-pipeline.py
[2026-09-17T14:07:22.886+0000] {processor.py:840} INFO - DAG(s) 'flights_ops_medallion_pipe' retrieved from /opt/airflow/dags/flight-pipeline.py
[2026-09-17T14:07:22.930+0000] {logging_mixin.py:188} INFO - [2026-09-17T14:07:22.929+0000] {dag.py:3089} INFO - Sync 1 DAGs
[2026-09-17T14:07:22.956+0000] {logging_mixin.py:188} INFO - [2026-09-17T14:07:22.955+0000] {dag.py:3947} INFO - Setting next_dagrun for flights_ops_medallion_pipe to 2026-09-17 14:00:00+00:00, run_after=2026-09-17 14:30:00+00:00
[2026-09-17T14:07:22.978+0000] {processor.py:183} INFO - Processing /opt/airflow/dags/flight-pipeline.py took 0.788 seconds
[2026-09-17T14:07:53.313+0000] {processor.py:161} INFO - Started process (PID=962) to work on /opt/airflow/dags/flight-pipeline.py
[2026-09-17T14:07:53.315+0000] {processor.py:830} INFO - Processing file /opt/airflow/dags/flight-pipeline.py for tasks to queue
[2026-09-17T14:07:53.317+0000] {logging_mixin.py:188} INFO - [2026-09-17T14:07:53.317+0000] {dagbag.py:545} INFO - Filling up the DagBag from /opt/airflow/dags/flight-pipeline.py
[2026-09-17T14:07:54.067+0000] {processor.py:840} INFO - DAG(s) 'flights_ops_medallion_pipe' retrieved from /opt/airflow/dags/flight-pipeline.py
[2026-09-17T14:07:54.106+0000] {logging_mixin.py:188} INFO - [2026-09-17T14:07:54.105+0000] {dag.py:3089} INFO - Sync 1 DAGs
[2026-09-17T14:07:54.130+0000] {logging_mixin.py:188} INFO - [2026-09-17T14:07:54.130+0000] {dag.py:3947} INFO - Setting next_dagrun for flights_ops_medallion_pipe to 2026-09-17 14:00:00+00:00, run_after=2026-09-17 14:30:00+00:00
[2026-09-17T14:07:54.151+0000] {processor.py:183} INFO - Processing /opt/airflow/dags/flight-pipeline.py took 0.850 seconds
[2026-09-17T14:08:24.480+0000] {processor.py:161} INFO - Started process (PID=964) to work on /opt/airflow/dags/flight-pipeline.py
[2026-09-17T14:08:24.482+0000] {processor.py:830} INFO - Processing file /opt/airflow/dags/flight-pipeline.py for tasks to queue
[2026-09-17T14:08:24.484+0000] {logging_mixin.py:188} INFO - [2026-09-17T14:08:24.484+0000] {dagbag.py:545} INFO - Filling up the DagBag from /opt/airflow/dags/flight-pipeline.py
[2026-09-17T14:08:25.151+0000] {processor.py:840} INFO - DAG(s) 'flights_ops_medallion_pipe' retrieved from /opt/airflow/dags/flight-pipeline.py
[2026-09-17T14:08:25.190+0000] {logging_mixin.py:188} INFO - [2026-09-17T14:08:25.190+0000] {dag.py:3089} INFO - Sync 1 DAGs
[2026-09-17T14:08:25.219+0000] {logging_mixin.py:188} INFO - [2026-09-17T14:08:25.219+0000] {dag.py:3947} INFO - Setting next_dagrun for flights_ops_medallion_pipe to 2026-09-17 14:00:00+00:00, run_after=2026-09-17 14:30:00+00:00
[2026-09-17T14:08:25.240+0000] {processor.py:183} INFO - Processing /opt/airflow/dags/flight-pipeline.py took 0.774 seconds
[2026-09-17T14:08:55.506+0000] {processor.py:161} INFO - Started process (PID=966) to work on /opt/airflow/dags/flight-pipeline.py
[2026-09-17T14:08:55.508+0000] {processor.py:830} INFO - Processing file /opt/airflow/dags/flight-pipeline.py for tasks to queue
[2026-09-17T14:08:55.510+0000] {logging_mixin.py:188} INFO - [2026-09-17T14:08:55.510+0000] {dagbag.py:545} INFO - Filling up the DagBag from /opt/airflow/dags/flight-pipeline.py
[2026-09-17T14:08:56.159+0000] {processor.py:840} INFO - DAG(s) 'flights_ops_medallion_pipe' retrieved from /opt/airflow/dags/flight-pipeline.py
[2026-09-17T14:08:56.200+0000] {logging_mixin.py:188} INFO - [2026-09-17T14:08:56.199+0000] {dag.py:3089} INFO - Sync 1 DAGs
[2026-09-17T14:08:56.238+0000] {logging_mixin.py:188} INFO - [2026-09-17T14:08:56.237+0000] {dag.py:3947} INFO - Setting next_dagrun for flights_ops_medallion_pipe to 2026-09-17 14:00:00+00:00, run_after=2026-09-17 14:30:00+00:00
[2026-09-17T14:08:56.262+0000] {processor.py:183} INFO - Processing /opt/airflow/dags/flight-pipeline.py took 0.765 seconds
[2026-09-17T14:09:26.644+0000] {processor.py:161} INFO - Started process (PID=968) to work on /opt/airflow/dags/flight-pipeline.py
[2026-09-17T14:09:26.647+0000] {processor.py:830} INFO - Processing file /opt/airflow/dags/flight-pipeline.py for tasks to queue
[2026-09-17T14:09:26.649+0000] {logging_mixin.py:188} INFO - [2026-09-17T14:09:26.649+0000] {dagbag.py:545} INFO - Filling up the DagBag from /opt/airflow/dags/flight-pipeline.py
[2026-09-17T14:09:27.358+0000] {processor.py:840} INFO - DAG(s) 'flights_ops_medallion_pipe' retrieved from /opt/airflow/dags/flight-pipeline.py
[2026-09-17T14:09:27.398+0000] {logging_mixin.py:188} INFO - [2026-09-17T14:09:27.398+0000] {dag.py:3089} INFO - Sync 1 DAGs
[2026-09-17T14:09:27.427+0000] {logging_mixin.py:188} INFO - [2026-09-17T14:09:27.427+0000] {dag.py:3947} INFO - Setting next_dagrun for flights_ops_medallion_pipe to 2026-09-17 14:00:00+00:00, run_after=2026-09-17 14:30:00+00:00
[2026-09-17T14:09:27.448+0000] {processor.py:183} INFO - Processing /opt/airflow/dags/flight-pipeline.py took 0.816 seconds
[2026-09-17T14:09:57.845+0000] {processor.py:161} INFO - Started process (PID=970) to work on /opt/airflow/dags/flight-pipeline.py
[2026-09-17T14:09:57.848+0000] {processor.py:830} INFO - Processing file /opt/airflow/dags/flight-pipeline.py for tasks to queue
[2026-09-17T14:09:57.851+0000] {logging_mixin.py:188} INFO - [2026-09-17T14:09:57.850+0000] {dagbag.py:545} INFO - Filling up the DagBag from /opt/airflow/dags/flight-pipeline.py
[2026-09-17T14:09:58.645+0000] {processor.py:840} INFO - DAG(s) 'flights_ops_medallion_pipe' retrieved from /opt/airflow/dags/flight-pipeline.py
[2026-09-17T14:09:58.697+0000] {logging_mixin.py:188} INFO - [2026-09-17T14:09:58.697+0000] {dag.py:3089} INFO - Sync 1 DAGs
[2026-09-17T14:09:58.731+0000] {logging_mixin.py:188} INFO - [2026-09-17T14:09:58.731+0000] {dag.py:3947} INFO - Setting next_dagrun for flights_ops_medallion_pipe to 2026-09-17 14:00:00+00:00, run_after=2026-09-17 14:30:00+00:00
[2026-09-17T14:09:58.756+0000] {processor.py:183} INFO - Processing /opt/airflow/dags/flight-pipeline.py took 0.924 seconds
[2026-09-17T14:10:29.137+0000] {processor.py:161} INFO - Started process (PID=972) to work on /opt/airflow/dags/flight-pipeline.py
[2026-09-17T14:10:29.139+0000] {processor.py:830} INFO - Processing file /opt/airflow/dags/flight-pipeline.py for tasks to queue
[2026-09-17T14:10:29.141+0000] {logging_mixin.py:188} INFO - [2026-09-17T14:10:29.141+0000] {dagbag.py:545} INFO - Filling up the DagBag from /opt/airflow/dags/flight-pipeline.py
[2026-09-17T14:10:29.866+0000] {processor.py:840} INFO - DAG(s) 'flights_ops_medallion_pipe' retrieved from /opt/airflow/dags/flight-pipeline.py
[2026-09-17T14:10:29.910+0000] {logging_mixin.py:188} INFO - [2026-09-17T14:10:29.909+0000] {dag.py:3089} INFO - Sync 1 DAGs
[2026-09-17T14:10:29.940+0000] {logging_mixin.py:188} INFO - [2026-09-17T14:10:29.940+0000] {dag.py:3947} INFO - Setting next_dagrun for flights_ops_medallion_pipe to 2026-09-17 14:00:00+00:00, run_after=2026-09-17 14:30:00+00:00
[2026-09-17T14:10:29.965+0000] {processor.py:183} INFO - Processing /opt/airflow/dags/flight-pipeline.py took 0.839 seconds
[2026-09-17T14:11:00.350+0000] {processor.py:161} INFO - Started process (PID=974) to work on /opt/airflow/dags/flight-pipeline.py
[2026-09-17T14:11:00.352+0000] {processor.py:830} INFO - Processing file /opt/airflow/dags/flight-pipeline.py for tasks to queue
[2026-09-17T14:11:00.355+0000] {logging_mixin.py:188} INFO - [2026-09-17T14:11:00.354+0000] {dagbag.py:545} INFO - Filling up the DagBag from /opt/airflow/dags/flight-pipeline.py
[2026-09-17T14:11:01.185+0000] {processor.py:840} INFO - DAG(s) 'flights_ops_medallion_pipe' retrieved from /opt/airflow/dags/flight-pipeline.py
[2026-09-17T14:11:01.230+0000] {logging_mixin.py:188} INFO - [2026-09-17T14:11:01.230+0000] {dag.py:3089} INFO - Sync 1 DAGs
[2026-09-17T14:11:01.259+0000] {logging_mixin.py:188} INFO - [2026-09-17T14:11:01.259+0000] {dag.py:3947} INFO - Setting next_dagrun for flights_ops_medallion_pipe to 2026-09-17 14:00:00+00:00, run_after=2026-09-17 14:30:00+00:00
[2026-09-17T14:11:01.286+0000] {processor.py:183} INFO - Processing /opt/airflow/dags/flight-pipeline.py took 0.947 seconds
[2026-09-17T14:11:31.650+0000] {processor.py:161} INFO - Started process (PID=976) to work on /opt/airflow/dags/flight-pipeline.py
[2026-09-17T14:11:31.653+0000] {processor.py:830} INFO - Processing file /opt/airflow/dags/flight-pipeline.py for tasks to queue
[2026-09-17T14:11:31.655+0000] {logging_mixin.py:188} INFO - [2026-09-17T14:11:31.655+0000] {dagbag.py:545} INFO - Filling up the DagBag from /opt/airflow/dags/flight-pipeline.py
[2026-09-17T14:11:32.312+0000] {processor.py:840} INFO - DAG(s) 'flights_ops_medallion_pipe' retrieved from /opt/airflow/dags/flight-pipeline.py
[2026-09-17T14:11:32.357+0000] {logging_mixin.py:188} INFO - [2026-09-17T14:11:32.356+0000] {dag.py:3089} INFO - Sync 1 DAGs
[2026-09-17T14:11:32.383+0000] {logging_mixin.py:188} INFO - [2026-09-17T14:11:32.383+0000] {dag.py:3947} INFO - Setting next_dagrun for flights_ops_medallion_pipe to 2026-09-17 14:00:00+00:00, run_after=2026-09-17 14:30:00+00:00
[2026-09-17T14:11:32.406+0000] {processor.py:183} INFO - Processing /opt/airflow/dags/flight-pipeline.py took 0.766 seconds
[2026-09-17T14:12:02.793+0000] {processor.py:161} INFO - Started process (PID=978) to work on /opt/airflow/dags/flight-pipeline.py
[2026-09-17T14:12:02.796+0000] {processor.py:830} INFO - Processing file /opt/airflow/dags/flight-pipeline.py for tasks to queue
[2026-09-17T14:12:02.799+0000] {logging_mixin.py:188} INFO - [2026-09-17T14:12:02.798+0000] {dagbag.py:545} INFO - Filling up the DagBag from /opt/airflow/dags/flight-pipeline.py
[2026-09-17T14:12:03.529+0000] {processor.py:840} INFO - DAG(s) 'flights_ops_medallion_pipe' retrieved from /opt/airflow/dags/flight-pipeline.py
[2026-09-17T14:12:03.565+0000] {logging_mixin.py:188} INFO - [2026-09-17T14:12:03.565+0000] {dag.py:3089} INFO - Sync 1 DAGs
[2026-09-17T14:12:03.590+0000] {logging_mixin.py:188} INFO - [2026-09-17T14:12:03.590+0000] {dag.py:3947} INFO - Setting next_dagrun for flights_ops_medallion_pipe to 2026-09-17 14:00:00+00:00, run_after=2026-09-17 14:30:00+00:00
[2026-09-17T14:12:03.613+0000] {processor.py:183} INFO - Processing /opt/airflow/dags/flight-pipeline.py took 0.837 seconds
[2026-09-17T14:12:33.973+0000] {processor.py:161} INFO - Started process (PID=980) to work on /opt/airflow/dags/flight-pipeline.py
[2026-09-17T14:12:33.975+0000] {processor.py:830} INFO - Processing file /opt/airflow/dags/flight-pipeline.py for tasks to queue
[2026-09-17T14:12:33.978+0000] {logging_mixin.py:188} INFO - [2026-09-17T14:12:33.977+0000] {dagbag.py:545} INFO - Filling up the DagBag from /opt/airflow/dags/flight-pipeline.py
[2026-09-17T14:12:34.740+0000] {processor.py:840} INFO - DAG(s) 'flights_ops_medallion_pipe' retrieved from /opt/airflow/dags/flight-pipeline.py
[2026-09-17T14:12:34.788+0000] {logging_mixin.py:188} INFO - [2026-09-17T14:12:34.787+0000] {dag.py:3089} INFO - Sync 1 DAGs
[2026-09-17T14:12:34.819+0000] {logging_mixin.py:188} INFO - [2026-09-17T14:12:34.819+0000] {dag.py:3947} INFO - Setting next_dagrun for flights_ops_medallion_pipe to 2026-09-17 14:00:00+00:00, run_after=2026-09-17 14:30:00+00:00
[2026-09-17T14:12:34.845+0000] {processor.py:183} INFO - Processing /opt/airflow/dags/flight-pipeline.py took 0.888 seconds
[2026-09-17T14:13:05.202+0000] {processor.py:161} INFO - Started process (PID=982) to work on /opt/airflow/dags/flight-pipeline.py
[2026-09-17T14:13:05.204+0000] {processor.py:830} INFO - Processing file /opt/airflow/dags/flight-pipeline.py for tasks to queue
[2026-09-17T14:13:05.207+0000] {logging_mixin.py:188} INFO - [2026-09-17T14:13:05.206+0000] {dagbag.py:545} INFO - Filling up the DagBag from /opt/airflow/dags/flight-pipeline.py
[2026-09-17T14:13:05.915+0000] {processor.py:840} INFO - DAG(s) 'flights_ops_medallion_pipe' retrieved from /opt/airflow/dags/flight-pipeline.py
[2026-09-17T14:13:05.958+0000] {logging_mixin.py:188} INFO - [2026-09-17T14:13:05.958+0000] {dag.py:3089} INFO - Sync 1 DAGs
[2026-09-17T14:13:05.989+0000] {logging_mixin.py:188} INFO - [2026-09-17T14:13:05.989+0000] {dag.py:3947} INFO - Setting next_dagrun for flights_ops_medallion_pipe to 2026-09-17 14:00:00+00:00, run_after=2026-09-17 14:30:00+00:00
[2026-09-17T14:13:06.013+0000] {processor.py:183} INFO - Processing /opt/airflow/dags/flight-pipeline.py took 0.822 seconds
[2026-09-17T14:13:36.369+0000] {processor.py:161} INFO - Started process (PID=984) to work on /opt/airflow/dags/flight-pipeline.py
[2026-09-17T14:13:36.372+0000] {processor.py:830} INFO - Processing file /opt/airflow/dags/flight-pipeline.py for tasks to queue
[2026-09-17T14:13:36.374+0000] {logging_mixin.py:188} INFO - [2026-09-17T14:13:36.374+0000] {dagbag.py:545} INFO - Filling up the DagBag from /opt/airflow/dags/flight-pipeline.py
[2026-09-17T14:13:37.098+0000] {processor.py:840} INFO - DAG(s) 'flights_ops_medallion_pipe' retrieved from /opt/airflow/dags/flight-pipeline.py
[2026-09-17T14:13:37.141+0000] {logging_mixin.py:188} INFO - [2026-09-17T14:13:37.141+0000] {dag.py:3089} INFO - Sync 1 DAGs
[2026-09-17T14:13:37.167+0000] {logging_mixin.py:188} INFO - [2026-09-17T14:13:37.167+0000] {dag.py:3947} INFO - Setting next_dagrun for flights_ops_medallion_pipe to 2026-09-17 14:00:00+00:00, run_after=2026-09-17 14:30:00+00:00
[2026-09-17T14:13:37.194+0000] {processor.py:183} INFO - Processing /opt/airflow/dags/flight-pipeline.py took 0.836 seconds
[2026-09-17T14:14:07.550+0000] {processor.py:161} INFO - Started process (PID=986) to work on /opt/airflow/dags/flight-pipeline.py
[2026-09-17T14:14:07.552+0000] {processor.py:830} INFO - Processing file /opt/airflow/dags/flight-pipeline.py for tasks to queue
[2026-09-17T14:14:07.555+0000] {logging_mixin.py:188} INFO - [2026-09-17T14:14:07.554+0000] {dagbag.py:545} INFO - Filling up the DagBag from /opt/airflow/dags/flight-pipeline.py
[2026-09-17T14:14:08.247+0000] {processor.py:840} INFO - DAG(s) 'flights_ops_medallion_pipe' retrieved from /opt/airflow/dags/flight-pipeline.py
[2026-09-17T14:14:08.293+0000] {logging_mixin.py:188} INFO - [2026-09-17T14:14:08.292+0000] {dag.py:3089} INFO - Sync 1 DAGs
[2026-09-17T14:14:08.324+0000] {logging_mixin.py:188} INFO - [2026-09-17T14:14:08.324+0000] {dag.py:3947} INFO - Setting next_dagrun for flights_ops_medallion_pipe to 2026-09-17 14:00:00+00:00, run_after=2026-09-17 14:30:00+00:00
[2026-09-17T14:14:08.352+0000] {processor.py:183} INFO - Processing /opt/airflow/dags/flight-pipeline.py took 0.814 seconds
[2026-09-17T14:14:38.669+0000] {processor.py:161} INFO - Started process (PID=988) to work on /opt/airflow/dags/flight-pipeline.py
[2026-09-17T14:14:38.672+0000] {processor.py:830} INFO - Processing file /opt/airflow/dags/flight-pipeline.py for tasks to queue
[2026-09-17T14:14:38.674+0000] {logging_mixin.py:188} INFO - [2026-09-17T14:14:38.674+0000] {dagbag.py:545} INFO - Filling up the DagBag from /opt/airflow/dags/flight-pipeline.py
[2026-09-17T14:14:39.433+0000] {processor.py:840} INFO - DAG(s) 'flights_ops_medallion_pipe' retrieved from /opt/airflow/dags/flight-pipeline.py
[2026-09-17T14:14:39.478+0000] {logging_mixin.py:188} INFO - [2026-09-17T14:14:39.478+0000] {dag.py:3089} INFO - Sync 1 DAGs
[2026-09-17T14:14:39.507+0000] {logging_mixin.py:188} INFO - [2026-09-17T14:14:39.506+0000] {dag.py:3947} INFO - Setting next_dagrun for flights_ops_medallion_pipe to 2026-09-17 14:00:00+00:00, run_after=2026-09-17 14:30:00+00:00
[2026-09-17T14:14:39.530+0000] {processor.py:183} INFO - Processing /opt/airflow/dags/flight-pipeline.py took 0.871 seconds
[2026-09-17T14:15:09.699+0000] {processor.py:161} INFO - Started process (PID=990) to work on /opt/airflow/dags/flight-pipeline.py
[2026-09-17T14:15:09.701+0000] {processor.py:830} INFO - Processing file /opt/airflow/dags/flight-pipeline.py for tasks to queue
[2026-09-17T14:15:09.703+0000] {logging_mixin.py:188} INFO - [2026-09-17T14:15:09.703+0000] {dagbag.py:545} INFO - Filling up the DagBag from /opt/airflow/dags/flight-pipeline.py
[2026-09-17T14:15:10.340+0000] {processor.py:840} INFO - DAG(s) 'flights_ops_medallion_pipe' retrieved from /opt/airflow/dags/flight-pipeline.py
[2026-09-17T14:15:10.381+0000] {logging_mixin.py:188} INFO - [2026-09-17T14:15:10.381+0000] {dag.py:3089} INFO - Sync 1 DAGs
[2026-09-17T14:15:10.407+0000] {logging_mixin.py:188} INFO - [2026-09-17T14:15:10.407+0000] {dag.py:3947} INFO - Setting next_dagrun for flights_ops_medallion_pipe to 2026-09-17 14:00:00+00:00, run_after=2026-09-17 14:30:00+00:00
[2026-09-17T14:15:10.431+0000] {processor.py:183} INFO - Processing /opt/airflow/dags/flight-pipeline.py took 0.741 seconds
[2026-09-17T14:15:40.775+0000] {processor.py:161} INFO - Started process (PID=992) to work on /opt/airflow/dags/flight-pipeline.py
[2026-09-17T14:15:40.778+0000] {processor.py:830} INFO - Processing file /opt/airflow/dags/flight-pipeline.py for tasks to queue
[2026-09-17T14:15:40.781+0000] {logging_mixin.py:188} INFO - [2026-09-17T14:15:40.780+0000] {dagbag.py:545} INFO - Filling up the DagBag from /opt/airflow/dags/flight-pipeline.py
[2026-09-17T14:15:41.462+0000] {processor.py:840} INFO - DAG(s) 'flights_ops_medallion_pipe' retrieved from /opt/airflow/dags/flight-pipeline.py
[2026-09-17T14:15:41.504+0000] {logging_mixin.py:188} INFO - [2026-09-17T14:15:41.503+0000] {dag.py:3089} INFO - Sync 1 DAGs
[2026-09-17T14:15:41.534+0000] {logging_mixin.py:188} INFO - [2026-09-17T14:15:41.534+0000] {dag.py:3947} INFO - Setting next_dagrun for flights_ops_medallion_pipe to 2026-09-17 14:00:00+00:00, run_after=2026-09-17 14:30:00+00:00
[2026-09-17T14:15:41.558+0000] {processor.py:183} INFO - Processing /opt/airflow/dags/flight-pipeline.py took 0.795 seconds
[2026-09-17T14:16:11.927+0000] {processor.py:161} INFO - Started process (PID=994) to work on /opt/airflow/dags/flight-pipeline.py
[2026-09-17T14:16:11.929+0000] {processor.py:830} INFO - Processing file /opt/airflow/dags/flight-pipeline.py for tasks to queue
[2026-09-17T14:16:11.932+0000] {logging_mixin.py:188} INFO - [2026-09-17T14:16:11.931+0000] {dagbag.py:545} INFO - Filling up the DagBag from /opt/airflow/dags/flight-pipeline.py
[2026-09-17T14:16:12.728+0000] {processor.py:840} INFO - DAG(s) 'flights_ops_medallion_pipe' retrieved from /opt/airflow/dags/flight-pipeline.py
[2026-09-17T14:16:12.768+0000] {logging_mixin.py:188} INFO - [2026-09-17T14:16:12.768+0000] {dag.py:3089} INFO - Sync 1 DAGs
[2026-09-17T14:16:12.794+0000] {logging_mixin.py:188} INFO - [2026-09-17T14:16:12.793+0000] {dag.py:3947} INFO - Setting next_dagrun for flights_ops_medallion_pipe to 2026-09-17 14:00:00+00:00, run_after=2026-09-17 14:30:00+00:00
[2026-09-17T14:16:12.816+0000] {processor.py:183} INFO - Processing /opt/airflow/dags/flight-pipeline.py took 0.901 seconds
[2026-09-17T14:16:43.234+0000] {processor.py:161} INFO - Started process (PID=996) to work on /opt/airflow/dags/flight-pipeline.py
[2026-09-17T14:16:43.237+0000] {processor.py:830} INFO - Processing file /opt/airflow/dags/flight-pipeline.py for tasks to queue
[2026-09-17T14:16:43.240+0000] {logging_mixin.py:188} INFO - [2026-09-17T14:16:43.239+0000] {dagbag.py:545} INFO - Filling up the DagBag from /opt/airflow/dags/flight-pipeline.py
[2026-09-17T14:16:43.987+0000] {processor.py:840} INFO - DAG(s) 'flights_ops_medallion_pipe' retrieved from /opt/airflow/dags/flight-pipeline.py
[2026-09-17T14:16:44.037+0000] {logging_mixin.py:188} INFO - [2026-09-17T14:16:44.036+0000] {dag.py:3089} INFO - Sync 1 DAGs
[2026-09-17T14:16:44.068+0000] {logging_mixin.py:188} INFO - [2026-09-17T14:16:44.068+0000] {dag.py:3947} INFO - Setting next_dagrun for flights_ops_medallion_pipe to 2026-09-17 14:00:00+00:00, run_after=2026-09-17 14:30:00+00:00
[2026-09-17T14:16:44.095+0000] {processor.py:183} INFO - Processing /opt/airflow/dags/flight-pipeline.py took 0.875 seconds
[2026-09-17T14:17:14.451+0000] {processor.py:161} INFO - Started process (PID=998) to work on /opt/airflow/dags/flight-pipeline.py
[2026-09-17T14:17:14.453+0000] {processor.py:830} INFO - Processing file /opt/airflow/dags/flight-pipeline.py for tasks to queue
[2026-09-17T14:17:14.456+0000] {logging_mixin.py:188} INFO - [2026-09-17T14:17:14.455+0000] {dagbag.py:545} INFO - Filling up the DagBag from /opt/airflow/dags/flight-pipeline.py
[2026-09-17T14:17:15.118+0000] {processor.py:840} INFO - DAG(s) 'flights_ops_medallion_pipe' retrieved from /opt/airflow/dags/flight-pipeline.py
[2026-09-17T14:17:15.159+0000] {logging_mixin.py:188} INFO - [2026-09-17T14:17:15.158+0000] {dag.py:3089} INFO - Sync 1 DAGs
[2026-09-17T14:17:15.190+0000] {logging_mixin.py:188} INFO - [2026-09-17T14:17:15.190+0000] {dag.py:3947} INFO - Setting next_dagrun for flights_ops_medallion_pipe to 2026-09-17 14:00:00+00:00, run_after=2026-09-17 14:30:00+00:00
[2026-09-17T14:17:15.212+0000] {processor.py:183} INFO - Processing /opt/airflow/dags/flight-pipeline.py took 0.771 seconds
[2026-09-17T14:17:45.552+0000] {processor.py:161} INFO - Started process (PID=1000) to work on /opt/airflow/dags/flight-pipeline.py
[2026-09-17T14:17:45.554+0000] {processor.py:830} INFO - Processing file /opt/airflow/dags/flight-pipeline.py for tasks to queue
[2026-09-17T14:17:45.556+0000] {logging_mixin.py:188} INFO - [2026-09-17T14:17:45.556+0000] {dagbag.py:545} INFO - Filling up the DagBag from /opt/airflow/dags/flight-pipeline.py
[2026-09-17T14:17:46.231+0000] {processor.py:840} INFO - DAG(s) 'flights_ops_medallion_pipe' retrieved from /opt/airflow/dags/flight-pipeline.py
[2026-09-17T14:17:46.271+0000] {logging_mixin.py:188} INFO - [2026-09-17T14:17:46.271+0000] {dag.py:3089} INFO - Sync 1 DAGs
[2026-09-17T14:17:46.297+0000] {logging_mixin.py:188} INFO - [2026-09-17T14:17:46.297+0000] {dag.py:3947} INFO - Setting next_dagrun for flights_ops_medallion_pipe to 2026-09-17 14:00:00+00:00, run_after=2026-09-17 14:30:00+00:00
[2026-09-17T14:17:46.321+0000] {processor.py:183} INFO - Processing /opt/airflow/dags/flight-pipeline.py took 0.778 seconds
[2026-09-17T14:18:16.656+0000] {processor.py:161} INFO - Started process (PID=1002) to work on /opt/airflow/dags/flight-pipeline.py
[2026-09-17T14:18:16.659+0000] {processor.py:830} INFO - Processing file /opt/airflow/dags/flight-pipeline.py for tasks to queue
[2026-09-17T14:18:16.661+0000] {logging_mixin.py:188} INFO - [2026-09-17T14:18:16.660+0000] {dagbag.py:545} INFO - Filling up the DagBag from /opt/airflow/dags/flight-pipeline.py
[2026-09-17T14:18:17.343+0000] {processor.py:840} INFO - DAG(s) 'flights_ops_medallion_pipe' retrieved from /opt/airflow/dags/flight-pipeline.py
[2026-09-17T14:18:17.383+0000] {logging_mixin.py:188} INFO - [2026-09-17T14:18:17.383+0000] {dag.py:3089} INFO - Sync 1 DAGs
[2026-09-17T14:18:17.409+0000] {logging_mixin.py:188} INFO - [2026-09-17T14:18:17.409+0000] {dag.py:3947} INFO - Setting next_dagrun for flights_ops_medallion_pipe to 2026-09-17 14:00:00+00:00, run_after=2026-09-17 14:30:00+00:00
[2026-09-17T14:18:17.431+0000] {processor.py:183} INFO - Processing /opt/airflow/dags/flight-pipeline.py took 0.787 seconds
[2026-09-17T14:18:47.685+0000] {processor.py:161} INFO - Started process (PID=1004) to work on /opt/airflow/dags/flight-pipeline.py
[2026-09-17T14:18:47.688+0000] {processor.py:830} INFO - Processing file /opt/airflow/dags/flight-pipeline.py for tasks to queue
[2026-09-17T14:18:47.690+0000] {logging_mixin.py:188} INFO - [2026-09-17T14:18:47.690+0000] {dagbag.py:545} INFO - Filling up the DagBag from /opt/airflow/dags/flight-pipeline.py
[2026-09-17T14:18:48.345+0000] {processor.py:840} INFO - DAG(s) 'flights_ops_medallion_pipe' retrieved from /opt/airflow/dags/flight-pipeline.py
[2026-09-17T14:18:48.381+0000] {logging_mixin.py:188} INFO - [2026-09-17T14:18:48.381+0000] {dag.py:3089} INFO - Sync 1 DAGs
[2026-09-17T14:18:48.407+0000] {logging_mixin.py:188} INFO - [2026-09-17T14:18:48.407+0000] {dag.py:3947} INFO - Setting next_dagrun for flights_ops_medallion_pipe to 2026-09-17 14:00:00+00:00, run_after=2026-09-17 14:30:00+00:00
[2026-09-17T14:18:48.428+0000] {processor.py:183} INFO - Processing /opt/airflow/dags/flight-pipeline.py took 0.753 seconds
[2026-09-17T14:19:18.811+0000] {processor.py:161} INFO - Started process (PID=1006) to work on /opt/airflow/dags/flight-pipeline.py
[2026-09-17T14:19:18.814+0000] {processor.py:830} INFO - Processing file /opt/airflow/dags/flight-pipeline.py for tasks to queue
[2026-09-17T14:19:18.817+0000] {logging_mixin.py:188} INFO - [2026-09-17T14:19:18.816+0000] {dagbag.py:545} INFO - Filling up the DagBag from /opt/airflow/dags/flight-pipeline.py
[2026-09-17T14:19:19.614+0000] {processor.py:840} INFO - DAG(s) 'flights_ops_medallion_pipe' retrieved from /opt/airflow/dags/flight-pipeline.py
[2026-09-17T14:19:19.662+0000] {logging_mixin.py:188} INFO - [2026-09-17T14:19:19.662+0000] {dag.py:3089} INFO - Sync 1 DAGs
[2026-09-17T14:19:19.692+0000] {logging_mixin.py:188} INFO - [2026-09-17T14:19:19.692+0000] {dag.py:3947} INFO - Setting next_dagrun for flights_ops_medallion_pipe to 2026-09-17 14:00:00+00:00, run_after=2026-09-17 14:30:00+00:00
[2026-09-17T14:19:19.717+0000] {processor.py:183} INFO - Processing /opt/airflow/dags/flight-pipeline.py took 0.919 seconds
[2026-09-17T14:19:50.086+0000] {processor.py:161} INFO - Started process (PID=1008) to work on /opt/airflow/dags/flight-pipeline.py
[2026-09-17T14:19:50.089+0000] {processor.py:830} INFO - Processing file /opt/airflow/dags/flight-pipeline.py for tasks to queue
[2026-09-17T14:19:50.092+0000] {logging_mixin.py:188} INFO - [2026-09-17T14:19:50.091+0000] {dagbag.py:545} INFO - Filling up the DagBag from /opt/airflow/dags/flight-pipeline.py
[2026-09-17T14:19:50.737+0000] {processor.py:840} INFO - DAG(s) 'flights_ops_medallion_pipe' retrieved from /opt/airflow/dags/flight-pipeline.py
[2026-09-17T14:19:50.777+0000] {logging_mixin.py:188} INFO - [2026-09-17T14:19:50.777+0000] {dag.py:3089} INFO - Sync 1 DAGs
[2026-09-17T14:19:50.806+0000] {logging_mixin.py:188} INFO - [2026-09-17T14:19:50.806+0000] {dag.py:3947} INFO - Setting next_dagrun for flights_ops_medallion_pipe to 2026-09-17 14:00:00+00:00, run_after=2026-09-17 14:30:00+00:00
[2026-09-17T14:19:50.838+0000] {processor.py:183} INFO - Processing /opt/airflow/dags/flight-pipeline.py took 0.763 seconds
[2026-09-17T14:20:21.175+0000] {processor.py:161} INFO - Started process (PID=1010) to work on /opt/airflow/dags/flight-pipeline.py
[2026-09-17T14:20:21.177+0000] {processor.py:830} INFO - Processing file /opt/airflow/dags/flight-pipeline.py for tasks to queue
[2026-09-17T14:20:21.179+0000] {logging_mixin.py:188} INFO - [2026-09-17T14:20:21.179+0000] {dagbag.py:545} INFO - Filling up the DagBag from /opt/airflow/dags/flight-pipeline.py
[2026-09-17T14:20:21.861+0000] {processor.py:840} INFO - DAG(s) 'flights_ops_medallion_pipe' retrieved from /opt/airflow/dags/flight-pipeline.py
[2026-09-17T14:20:21.902+0000] {logging_mixin.py:188} INFO - [2026-09-17T14:20:21.902+0000] {dag.py:3089} INFO - Sync 1 DAGs
[2026-09-17T14:20:21.929+0000] {logging_mixin.py:188} INFO - [2026-09-17T14:20:21.928+0000] {dag.py:3947} INFO - Setting next_dagrun for flights_ops_medallion_pipe to 2026-09-17 14:00:00+00:00, run_after=2026-09-17 14:30:00+00:00
[2026-09-17T14:20:21.950+0000] {processor.py:183} INFO - Processing /opt/airflow/dags/flight-pipeline.py took 0.785 seconds
[2026-09-17T14:20:52.336+0000] {processor.py:161} INFO - Started process (PID=1012) to work on /opt/airflow/dags/flight-pipeline.py
[2026-09-17T14:20:52.339+0000] {processor.py:830} INFO - Processing file /opt/airflow/dags/flight-pipeline.py for tasks to queue
[2026-09-17T14:20:52.342+0000] {logging_mixin.py:188} INFO - [2026-09-17T14:20:52.341+0000] {dagbag.py:545} INFO - Filling up the DagBag from /opt/airflow/dags/flight-pipeline.py
[2026-09-17T14:20:53.055+0000] {processor.py:840} INFO - DAG(s) 'flights_ops_medallion_pipe' retrieved from /opt/airflow/dags/flight-pipeline.py
[2026-09-17T14:20:53.093+0000] {logging_mixin.py:188} INFO - [2026-09-17T14:20:53.093+0000] {dag.py:3089} INFO - Sync 1 DAGs
[2026-09-17T14:20:53.128+0000] {logging_mixin.py:188} INFO - [2026-09-17T14:20:53.128+0000] {dag.py:3947} INFO - Setting next_dagrun for flights_ops_medallion_pipe to 2026-09-17 14:00:00+00:00, run_after=2026-09-17 14:30:00+00:00
[2026-09-17T14:20:53.151+0000] {processor.py:183} INFO - Processing /opt/airflow/dags/flight-pipeline.py took 0.829 seconds
[2026-09-17T14:21:23.568+0000] {processor.py:161} INFO - Started process (PID=1014) to work on /opt/airflow/dags/flight-pipeline.py
[2026-09-17T14:21:23.570+0000] {processor.py:830} INFO - Processing file /opt/airflow/dags/flight-pipeline.py for tasks to queue
[2026-09-17T14:21:23.573+0000] {logging_mixin.py:188} INFO - [2026-09-17T14:21:23.572+0000] {dagbag.py:545} INFO - Filling up the DagBag from /opt/airflow/dags/flight-pipeline.py
[2026-09-17T14:21:24.259+0000] {processor.py:840} INFO - DAG(s) 'flights_ops_medallion_pipe' retrieved from /opt/airflow/dags/flight-pipeline.py
[2026-09-17T14:21:24.294+0000] {logging_mixin.py:188} INFO - [2026-09-17T14:21:24.294+0000] {dag.py:3089} INFO - Sync 1 DAGs
[2026-09-17T14:21:24.320+0000] {logging_mixin.py:188} INFO - [2026-09-17T14:21:24.320+0000] {dag.py:3947} INFO - Setting next_dagrun for flights_ops_medallion_pipe to 2026-09-17 14:00:00+00:00, run_after=2026-09-17 14:30:00+00:00
[2026-09-17T14:21:24.343+0000] {processor.py:183} INFO - Processing /opt/airflow/dags/flight-pipeline.py took 0.787 seconds
[2026-09-17T14:21:54.670+0000] {processor.py:161} INFO - Started process (PID=1016) to work on /opt/airflow/dags/flight-pipeline.py
[2026-09-17T14:21:54.672+0000] {processor.py:830} INFO - Processing file /opt/airflow/dags/flight-pipeline.py for tasks to queue
[2026-09-17T14:21:54.675+0000] {logging_mixin.py:188} INFO - [2026-09-17T14:21:54.674+0000] {dagbag.py:545} INFO - Filling up the DagBag from /opt/airflow/dags/flight-pipeline.py
[2026-09-17T14:21:55.302+0000] {processor.py:840} INFO - DAG(s) 'flights_ops_medallion_pipe' retrieved from /opt/airflow/dags/flight-pipeline.py
[2026-09-17T14:21:55.342+0000] {logging_mixin.py:188} INFO - [2026-09-17T14:21:55.342+0000] {dag.py:3089} INFO - Sync 1 DAGs
[2026-09-17T14:21:55.368+0000] {logging_mixin.py:188} INFO - [2026-09-17T14:21:55.368+0000] {dag.py:3947} INFO - Setting next_dagrun for flights_ops_medallion_pipe to 2026-09-17 14:00:00+00:00, run_after=2026-09-17 14:30:00+00:00
[2026-09-17T14:21:55.390+0000] {processor.py:183} INFO - Processing /opt/airflow/dags/flight-pipeline.py took 0.732 seconds
[2026-09-17T14:22:25.477+0000] {processor.py:161} INFO - Started process (PID=1018) to work on /opt/airflow/dags/flight-pipeline.py
[2026-09-17T14:22:25.479+0000] {processor.py:830} INFO - Processing file /opt/airflow/dags/flight-pipeline.py for tasks to queue
[2026-09-17T14:22:25.481+0000] {logging_mixin.py:188} INFO - [2026-09-17T14:22:25.481+0000] {dagbag.py:545} INFO - Filling up the DagBag from /opt/airflow/dags/flight-pipeline.py
[2026-09-17T14:22:26.157+0000] {processor.py:840} INFO - DAG(s) 'flights_ops_medallion_pipe' retrieved from /opt/airflow/dags/flight-pipeline.py
[2026-09-17T14:22:26.199+0000] {logging_mixin.py:188} INFO - [2026-09-17T14:22:26.199+0000] {dag.py:3089} INFO - Sync 1 DAGs
[2026-09-17T14:22:26.225+0000] {logging_mixin.py:188} INFO - [2026-09-17T14:22:26.225+0000] {dag.py:3947} INFO - Setting next_dagrun for flights_ops_medallion_pipe to 2026-09-17 14:00:00+00:00, run_after=2026-09-17 14:30:00+00:00
[2026-09-17T14:22:26.248+0000] {processor.py:183} INFO - Processing /opt/airflow/dags/flight-pipeline.py took 0.779 seconds
[2026-09-17T14:22:56.594+0000] {processor.py:161} INFO - Started process (PID=1020) to work on /opt/airflow/dags/flight-pipeline.py
[2026-09-17T14:22:56.598+0000] {processor.py:830} INFO - Processing file /opt/airflow/dags/flight-pipeline.py for tasks to queue
[2026-09-17T14:22:56.602+0000] {logging_mixin.py:188} INFO - [2026-09-17T14:22:56.601+0000] {dagbag.py:545} INFO - Filling up the DagBag from /opt/airflow/dags/flight-pipeline.py
[2026-09-17T14:22:57.280+0000] {processor.py:840} INFO - DAG(s) 'flights_ops_medallion_pipe' retrieved from /opt/airflow/dags/flight-pipeline.py
[2026-09-17T14:22:57.319+0000] {logging_mixin.py:188} INFO - [2026-09-17T14:22:57.318+0000] {dag.py:3089} INFO - Sync 1 DAGs
[2026-09-17T14:22:57.345+0000] {logging_mixin.py:188} INFO - [2026-09-17T14:22:57.344+0000] {dag.py:3947} INFO - Setting next_dagrun for flights_ops_medallion_pipe to 2026-09-17 14:00:00+00:00, run_after=2026-09-17 14:30:00+00:00
[2026-09-17T14:22:57.366+0000] {processor.py:183} INFO - Processing /opt/airflow/dags/flight-pipeline.py took 0.790 seconds
[2026-09-17T14:23:27.686+0000] {processor.py:161} INFO - Started process (PID=1022) to work on /opt/airflow/dags/flight-pipeline.py
[2026-09-17T14:23:27.689+0000] {processor.py:830} INFO - Processing file /opt/airflow/dags/flight-pipeline.py for tasks to queue
[2026-09-17T14:23:27.691+0000] {logging_mixin.py:188} INFO - [2026-09-17T14:23:27.690+0000] {dagbag.py:545} INFO - Filling up the DagBag from /opt/airflow/dags/flight-pipeline.py
[2026-09-17T14:23:28.472+0000] {processor.py:840} INFO - DAG(s) 'flights_ops_medallion_pipe' retrieved from /opt/airflow/dags/flight-pipeline.py
[2026-09-17T14:23:28.514+0000] {logging_mixin.py:188} INFO - [2026-09-17T14:23:28.514+0000] {dag.py:3089} INFO - Sync 1 DAGs
[2026-09-17T14:23:28.545+0000] {logging_mixin.py:188} INFO - [2026-09-17T14:23:28.544+0000] {dag.py:3947} INFO - Setting next_dagrun for flights_ops_medallion_pipe to 2026-09-17 14:00:00+00:00, run_after=2026-09-17 14:30:00+00:00
[2026-09-17T14:23:28.569+0000] {processor.py:183} INFO - Processing /opt/airflow/dags/flight-pipeline.py took 0.894 seconds
[2026-09-17T14:23:58.894+0000] {processor.py:161} INFO - Started process (PID=1024) to work on /opt/airflow/dags/flight-pipeline.py
[2026-09-17T14:23:58.897+0000] {processor.py:830} INFO - Processing file /opt/airflow/dags/flight-pipeline.py for tasks to queue
[2026-09-17T14:23:58.900+0000] {logging_mixin.py:188} INFO - [2026-09-17T14:23:58.899+0000] {dagbag.py:545} INFO - Filling up the DagBag from /opt/airflow/dags/flight-pipeline.py
[2026-09-17T14:23:59.580+0000] {processor.py:840} INFO - DAG(s) 'flights_ops_medallion_pipe' retrieved from /opt/airflow/dags/flight-pipeline.py
[2026-09-17T14:23:59.623+0000] {logging_mixin.py:188} INFO - [2026-09-17T14:23:59.622+0000] {dag.py:3089} INFO - Sync 1 DAGs
[2026-09-17T14:23:59.648+0000] {logging_mixin.py:188} INFO - [2026-09-17T14:23:59.648+0000] {dag.py:3947} INFO - Setting next_dagrun for flights_ops_medallion_pipe to 2026-09-17 14:00:00+00:00, run_after=2026-09-17 14:30:00+00:00
[2026-09-17T14:23:59.672+0000] {processor.py:183} INFO - Processing /opt/airflow/dags/flight-pipeline.py took 0.796 seconds
[2026-09-17T14:24:29.769+0000] {processor.py:161} INFO - Started process (PID=1026) to work on /opt/airflow/dags/flight-pipeline.py
[2026-09-17T14:24:29.772+0000] {processor.py:830} INFO - Processing file /opt/airflow/dags/flight-pipeline.py for tasks to queue
[2026-09-17T14:24:29.774+0000] {logging_mixin.py:188} INFO - [2026-09-17T14:24:29.773+0000] {dagbag.py:545} INFO - Filling up the DagBag from /opt/airflow/dags/flight-pipeline.py
[2026-09-17T14:24:30.405+0000] {processor.py:840} INFO - DAG(s) 'flights_ops_medallion_pipe' retrieved from /opt/airflow/dags/flight-pipeline.py
[2026-09-17T14:24:30.444+0000] {logging_mixin.py:188} INFO - [2026-09-17T14:24:30.444+0000] {dag.py:3089} INFO - Sync 1 DAGs
[2026-09-17T14:24:30.469+0000] {logging_mixin.py:188} INFO - [2026-09-17T14:24:30.469+0000] {dag.py:3947} INFO - Setting next_dagrun for flights_ops_medallion_pipe to 2026-09-17 14:00:00+00:00, run_after=2026-09-17 14:30:00+00:00
[2026-09-17T14:24:30.491+0000] {processor.py:183} INFO - Processing /opt/airflow/dags/flight-pipeline.py took 0.731 seconds
[2026-09-17T14:25:00.847+0000] {processor.py:161} INFO - Started process (PID=1028) to work on /opt/airflow/dags/flight-pipeline.py
[2026-09-17T14:25:00.850+0000] {processor.py:830} INFO - Processing file /opt/airflow/dags/flight-pipeline.py for tasks to queue
[2026-09-17T14:25:00.852+0000] {logging_mixin.py:188} INFO - [2026-09-17T14:25:00.852+0000] {dagbag.py:545} INFO - Filling up the DagBag from /opt/airflow/dags/flight-pipeline.py
[2026-09-17T14:25:01.552+0000] {processor.py:840} INFO - DAG(s) 'flights_ops_medallion_pipe' retrieved from /opt/airflow/dags/flight-pipeline.py
[2026-09-17T14:25:01.595+0000] {logging_mixin.py:188} INFO - [2026-09-17T14:25:01.594+0000] {dag.py:3089} INFO - Sync 1 DAGs
[2026-09-17T14:25:01.622+0000] {logging_mixin.py:188} INFO - [2026-09-17T14:25:01.621+0000] {dag.py:3947} INFO - Setting next_dagrun for flights_ops_medallion_pipe to 2026-09-17 14:00:00+00:00, run_after=2026-09-17 14:30:00+00:00
[2026-09-17T14:25:01.644+0000] {processor.py:183} INFO - Processing /opt/airflow/dags/flight-pipeline.py took 0.808 seconds
[2026-09-17T14:25:31.990+0000] {processor.py:161} INFO - Started process (PID=1030) to work on /opt/airflow/dags/flight-pipeline.py
[2026-09-17T14:25:31.992+0000] {processor.py:830} INFO - Processing file /opt/airflow/dags/flight-pipeline.py for tasks to queue
[2026-09-17T14:25:31.994+0000] {logging_mixin.py:188} INFO - [2026-09-17T14:25:31.994+0000] {dagbag.py:545} INFO - Filling up the DagBag from /opt/airflow/dags/flight-pipeline.py
[2026-09-17T14:25:32.651+0000] {processor.py:840} INFO - DAG(s) 'flights_ops_medallion_pipe' retrieved from /opt/airflow/dags/flight-pipeline.py
[2026-09-17T14:25:32.696+0000] {logging_mixin.py:188} INFO - [2026-09-17T14:25:32.696+0000] {dag.py:3089} INFO - Sync 1 DAGs
[2026-09-17T14:25:32.727+0000] {logging_mixin.py:188} INFO - [2026-09-17T14:25:32.726+0000] {dag.py:3947} INFO - Setting next_dagrun for flights_ops_medallion_pipe to 2026-09-17 14:00:00+00:00, run_after=2026-09-17 14:30:00+00:00
[2026-09-17T14:25:32.749+0000] {processor.py:183} INFO - Processing /opt/airflow/dags/flight-pipeline.py took 0.769 seconds
[2026-09-17T14:26:03.061+0000] {processor.py:161} INFO - Started process (PID=1148) to work on /opt/airflow/dags/flight-pipeline.py
[2026-09-17T14:26:03.063+0000] {processor.py:830} INFO - Processing file /opt/airflow/dags/flight-pipeline.py for tasks to queue
[2026-09-17T14:26:03.065+0000] {logging_mixin.py:188} INFO - [2026-09-17T14:26:03.065+0000] {dagbag.py:545} INFO - Filling up the DagBag from /opt/airflow/dags/flight-pipeline.py
[2026-09-17T14:26:03.738+0000] {processor.py:840} INFO - DAG(s) 'flights_ops_medallion_pipe' retrieved from /opt/airflow/dags/flight-pipeline.py
[2026-09-17T14:26:03.775+0000] {logging_mixin.py:188} INFO - [2026-09-17T14:26:03.775+0000] {dag.py:3089} INFO - Sync 1 DAGs
[2026-09-17T14:26:03.799+0000] {logging_mixin.py:188} INFO - [2026-09-17T14:26:03.799+0000] {dag.py:3947} INFO - Setting next_dagrun for flights_ops_medallion_pipe to 2026-09-17 14:00:00+00:00, run_after=2026-09-17 14:30:00+00:00
[2026-09-17T14:26:03.822+0000] {processor.py:183} INFO - Processing /opt/airflow/dags/flight-pipeline.py took 0.771 seconds
[2026-09-17T14:26:34.059+0000] {processor.py:161} INFO - Started process (PID=1150) to work on /opt/airflow/dags/flight-pipeline.py
[2026-09-17T14:26:34.061+0000] {processor.py:830} INFO - Processing file /opt/airflow/dags/flight-pipeline.py for tasks to queue
[2026-09-17T14:26:34.064+0000] {logging_mixin.py:188} INFO - [2026-09-17T14:26:34.064+0000] {dagbag.py:545} INFO - Filling up the DagBag from /opt/airflow/dags/flight-pipeline.py
[2026-09-17T14:26:34.756+0000] {processor.py:840} INFO - DAG(s) 'flights_ops_medallion_pipe' retrieved from /opt/airflow/dags/flight-pipeline.py
[2026-09-17T14:26:34.793+0000] {logging_mixin.py:188} INFO - [2026-09-17T14:26:34.792+0000] {dag.py:3089} INFO - Sync 1 DAGs
[2026-09-17T14:26:34.828+0000] {logging_mixin.py:188} INFO - [2026-09-17T14:26:34.828+0000] {dag.py:3947} INFO - Setting next_dagrun for flights_ops_medallion_pipe to 2026-09-17 14:00:00+00:00, run_after=2026-09-17 14:30:00+00:00
[2026-09-17T14:26:34.851+0000] {processor.py:183} INFO - Processing /opt/airflow/dags/flight-pipeline.py took 0.803 seconds
[2026-09-17T14:27:05.180+0000] {processor.py:161} INFO - Started process (PID=1152) to work on /opt/airflow/dags/flight-pipeline.py
[2026-09-17T14:27:05.182+0000] {processor.py:830} INFO - Processing file /opt/airflow/dags/flight-pipeline.py for tasks to queue
[2026-09-17T14:27:05.184+0000] {logging_mixin.py:188} INFO - [2026-09-17T14:27:05.183+0000] {dagbag.py:545} INFO - Filling up the DagBag from /opt/airflow/dags/flight-pipeline.py
[2026-09-17T14:27:06.082+0000] {processor.py:840} INFO - DAG(s) 'flights_ops_medallion_pipe' retrieved from /opt/airflow/dags/flight-pipeline.py
[2026-09-17T14:27:06.126+0000] {logging_mixin.py:188} INFO - [2026-09-17T14:27:06.125+0000] {dag.py:3089} INFO - Sync 1 DAGs
[2026-09-17T14:27:06.153+0000] {logging_mixin.py:188} INFO - [2026-09-17T14:27:06.153+0000] {dag.py:3947} INFO - Setting next_dagrun for flights_ops_medallion_pipe to 2026-09-17 14:00:00+00:00, run_after=2026-09-17 14:30:00+00:00
[2026-09-17T14:27:06.177+0000] {processor.py:183} INFO - Processing /opt/airflow/dags/flight-pipeline.py took 1.008 seconds
[2026-09-17T14:27:36.474+0000] {processor.py:161} INFO - Started process (PID=1212) to work on /opt/airflow/dags/flight-pipeline.py
[2026-09-17T14:27:36.476+0000] {processor.py:830} INFO - Processing file /opt/airflow/dags/flight-pipeline.py for tasks to queue
[2026-09-17T14:27:36.478+0000] {logging_mixin.py:188} INFO - [2026-09-17T14:27:36.478+0000] {dagbag.py:545} INFO - Filling up the DagBag from /opt/airflow/dags/flight-pipeline.py
[2026-09-17T14:27:37.190+0000] {processor.py:840} INFO - DAG(s) 'flights_ops_medallion_pipe' retrieved from /opt/airflow/dags/flight-pipeline.py
[2026-09-17T14:27:37.234+0000] {logging_mixin.py:188} INFO - [2026-09-17T14:27:37.234+0000] {dag.py:3089} INFO - Sync 1 DAGs
[2026-09-17T14:27:37.264+0000] {logging_mixin.py:188} INFO - [2026-09-17T14:27:37.264+0000] {dag.py:3947} INFO - Setting next_dagrun for flights_ops_medallion_pipe to 2026-09-17 14:00:00+00:00, run_after=2026-09-17 14:30:00+00:00
[2026-09-17T14:27:37.289+0000] {processor.py:183} INFO - Processing /opt/airflow/dags/flight-pipeline.py took 0.824 seconds
[2026-09-17T14:28:07.656+0000] {processor.py:161} INFO - Started process (PID=1272) to work on /opt/airflow/dags/flight-pipeline.py
[2026-09-17T14:28:07.658+0000] {processor.py:830} INFO - Processing file /opt/airflow/dags/flight-pipeline.py for tasks to queue
[2026-09-17T14:28:07.661+0000] {logging_mixin.py:188} INFO - [2026-09-17T14:28:07.660+0000] {dagbag.py:545} INFO - Filling up the DagBag from /opt/airflow/dags/flight-pipeline.py
[2026-09-17T14:28:08.364+0000] {processor.py:840} INFO - DAG(s) 'flights_ops_medallion_pipe' retrieved from /opt/airflow/dags/flight-pipeline.py
[2026-09-17T14:28:08.415+0000] {logging_mixin.py:188} INFO - [2026-09-17T14:28:08.414+0000] {dag.py:3089} INFO - Sync 1 DAGs
[2026-09-17T14:28:08.450+0000] {logging_mixin.py:188} INFO - [2026-09-17T14:28:08.449+0000] {dag.py:3947} INFO - Setting next_dagrun for flights_ops_medallion_pipe to 2026-09-17 14:00:00+00:00, run_after=2026-09-17 14:30:00+00:00
[2026-09-17T14:28:08.473+0000] {processor.py:183} INFO - Processing /opt/airflow/dags/flight-pipeline.py took 0.830 seconds
[2026-09-17T14:28:38.826+0000] {processor.py:161} INFO - Started process (PID=1274) to work on /opt/airflow/dags/flight-pipeline.py
[2026-09-17T14:28:38.829+0000] {processor.py:830} INFO - Processing file /opt/airflow/dags/flight-pipeline.py for tasks to queue
[2026-09-17T14:28:38.831+0000] {logging_mixin.py:188} INFO - [2026-09-17T14:28:38.831+0000] {dagbag.py:545} INFO - Filling up the DagBag from /opt/airflow/dags/flight-pipeline.py
[2026-09-17T14:28:39.775+0000] {processor.py:840} INFO - DAG(s) 'flights_ops_medallion_pipe' retrieved from /opt/airflow/dags/flight-pipeline.py
[2026-09-17T14:28:39.822+0000] {logging_mixin.py:188} INFO - [2026-09-17T14:28:39.822+0000] {dag.py:3089} INFO - Sync 1 DAGs
[2026-09-17T14:28:39.847+0000] {logging_mixin.py:188} INFO - [2026-09-17T14:28:39.847+0000] {dag.py:3947} INFO - Setting next_dagrun for flights_ops_medallion_pipe to 2026-09-17 14:00:00+00:00, run_after=2026-09-17 14:30:00+00:00
[2026-09-17T14:28:39.869+0000] {processor.py:183} INFO - Processing /opt/airflow/dags/flight-pipeline.py took 1.060 seconds
[2026-09-17T14:29:10.124+0000] {processor.py:161} INFO - Started process (PID=1276) to work on /opt/airflow/dags/flight-pipeline.py
[2026-09-17T14:29:10.126+0000] {processor.py:830} INFO - Processing file /opt/airflow/dags/flight-pipeline.py for tasks to queue
[2026-09-17T14:29:10.129+0000] {logging_mixin.py:188} INFO - [2026-09-17T14:29:10.128+0000] {dagbag.py:545} INFO - Filling up the DagBag from /opt/airflow/dags/flight-pipeline.py
[2026-09-17T14:29:10.831+0000] {processor.py:840} INFO - DAG(s) 'flights_ops_medallion_pipe' retrieved from /opt/airflow/dags/flight-pipeline.py
[2026-09-17T14:29:10.873+0000] {logging_mixin.py:188} INFO - [2026-09-17T14:29:10.872+0000] {dag.py:3089} INFO - Sync 1 DAGs
[2026-09-17T14:29:10.899+0000] {logging_mixin.py:188} INFO - [2026-09-17T14:29:10.899+0000] {dag.py:3947} INFO - Setting next_dagrun for flights_ops_medallion_pipe to 2026-09-17 14:00:00+00:00, run_after=2026-09-17 14:30:00+00:00
[2026-09-17T14:29:10.921+0000] {processor.py:183} INFO - Processing /opt/airflow/dags/flight-pipeline.py took 0.811 seconds
[2026-09-17T14:29:41.314+0000] {processor.py:161} INFO - Started process (PID=1278) to work on /opt/airflow/dags/flight-pipeline.py
[2026-09-17T14:29:41.317+0000] {processor.py:830} INFO - Processing file /opt/airflow/dags/flight-pipeline.py for tasks to queue
[2026-09-17T14:29:41.320+0000] {logging_mixin.py:188} INFO - [2026-09-17T14:29:41.319+0000] {dagbag.py:545} INFO - Filling up the DagBag from /opt/airflow/dags/flight-pipeline.py
[2026-09-17T14:29:42.061+0000] {processor.py:840} INFO - DAG(s) 'flights_ops_medallion_pipe' retrieved from /opt/airflow/dags/flight-pipeline.py
[2026-09-17T14:29:42.102+0000] {logging_mixin.py:188} INFO - [2026-09-17T14:29:42.102+0000] {dag.py:3089} INFO - Sync 1 DAGs
[2026-09-17T14:29:42.128+0000] {logging_mixin.py:188} INFO - [2026-09-17T14:29:42.128+0000] {dag.py:3947} INFO - Setting next_dagrun for flights_ops_medallion_pipe to 2026-09-17 14:00:00+00:00, run_after=2026-09-17 14:30:00+00:00
[2026-09-17T14:29:42.151+0000] {processor.py:183} INFO - Processing /opt/airflow/dags/flight-pipeline.py took 0.856 seconds
[2026-09-17T14:30:12.493+0000] {processor.py:161} INFO - Started process (PID=1339) to work on /opt/airflow/dags/flight-pipeline.py
[2026-09-17T14:30:12.495+0000] {processor.py:830} INFO - Processing file /opt/airflow/dags/flight-pipeline.py for tasks to queue
[2026-09-17T14:30:12.497+0000] {logging_mixin.py:188} INFO - [2026-09-17T14:30:12.497+0000] {dagbag.py:545} INFO - Filling up the DagBag from /opt/airflow/dags/flight-pipeline.py
[2026-09-17T14:30:13.204+0000] {processor.py:840} INFO - DAG(s) 'flights_ops_medallion_pipe' retrieved from /opt/airflow/dags/flight-pipeline.py
[2026-09-17T14:30:13.246+0000] {logging_mixin.py:188} INFO - [2026-09-17T14:30:13.246+0000] {dag.py:3089} INFO - Sync 1 DAGs
[2026-09-17T14:30:13.277+0000] {logging_mixin.py:188} INFO - [2026-09-17T14:30:13.277+0000] {dag.py:3947} INFO - Setting next_dagrun for flights_ops_medallion_pipe to 2026-09-17 14:30:00+00:00, run_after=2026-09-17 15:00:00+00:00
[2026-09-17T14:30:13.302+0000] {processor.py:183} INFO - Processing /opt/airflow/dags/flight-pipeline.py took 0.819 seconds
[2026-09-17T14:30:43.625+0000] {processor.py:161} INFO - Started process (PID=1398) to work on /opt/airflow/dags/flight-pipeline.py
[2026-09-17T14:30:43.627+0000] {processor.py:830} INFO - Processing file /opt/airflow/dags/flight-pipeline.py for tasks to queue
[2026-09-17T14:30:43.629+0000] {logging_mixin.py:188} INFO - [2026-09-17T14:30:43.629+0000] {dagbag.py:545} INFO - Filling up the DagBag from /opt/airflow/dags/flight-pipeline.py
[2026-09-17T14:30:44.722+0000] {processor.py:840} INFO - DAG(s) 'flights_ops_medallion_pipe' retrieved from /opt/airflow/dags/flight-pipeline.py
[2026-09-17T14:30:44.771+0000] {logging_mixin.py:188} INFO - [2026-09-17T14:30:44.770+0000] {dag.py:3089} INFO - Sync 1 DAGs
[2026-09-17T14:30:44.799+0000] {logging_mixin.py:188} INFO - [2026-09-17T14:30:44.799+0000] {dag.py:3947} INFO - Setting next_dagrun for flights_ops_medallion_pipe to 2026-09-17 14:30:00+00:00, run_after=2026-09-17 15:00:00+00:00
[2026-09-17T14:30:44.821+0000] {processor.py:183} INFO - Processing /opt/airflow/dags/flight-pipeline.py took 1.207 seconds
[2026-09-17T14:31:15.199+0000] {processor.py:161} INFO - Started process (PID=1400) to work on /opt/airflow/dags/flight-pipeline.py
[2026-09-17T14:31:15.202+0000] {processor.py:830} INFO - Processing file /opt/airflow/dags/flight-pipeline.py for tasks to queue
[2026-09-17T14:31:15.204+0000] {logging_mixin.py:188} INFO - [2026-09-17T14:31:15.203+0000] {dagbag.py:545} INFO - Filling up the DagBag from /opt/airflow/dags/flight-pipeline.py
[2026-09-17T14:31:15.896+0000] {processor.py:840} INFO - DAG(s) 'flights_ops_medallion_pipe' retrieved from /opt/airflow/dags/flight-pipeline.py
[2026-09-17T14:31:15.951+0000] {logging_mixin.py:188} INFO - [2026-09-17T14:31:15.950+0000] {dag.py:3089} INFO - Sync 1 DAGs
[2026-09-17T14:31:15.977+0000] {logging_mixin.py:188} INFO - [2026-09-17T14:31:15.977+0000] {dag.py:3947} INFO - Setting next_dagrun for flights_ops_medallion_pipe to 2026-09-17 14:30:00+00:00, run_after=2026-09-17 15:00:00+00:00
[2026-09-17T14:31:15.999+0000] {processor.py:183} INFO - Processing /opt/airflow/dags/flight-pipeline.py took 0.809 seconds
[2026-09-17T14:31:46.350+0000] {processor.py:161} INFO - Started process (PID=1402) to work on /opt/airflow/dags/flight-pipeline.py
[2026-09-17T14:31:46.353+0000] {processor.py:830} INFO - Processing file /opt/airflow/dags/flight-pipeline.py for tasks to queue
[2026-09-17T14:31:46.355+0000] {logging_mixin.py:188} INFO - [2026-09-17T14:31:46.354+0000] {dagbag.py:545} INFO - Filling up the DagBag from /opt/airflow/dags/flight-pipeline.py
[2026-09-17T14:31:47.057+0000] {processor.py:840} INFO - DAG(s) 'flights_ops_medallion_pipe' retrieved from /opt/airflow/dags/flight-pipeline.py
[2026-09-17T14:31:47.097+0000] {logging_mixin.py:188} INFO - [2026-09-17T14:31:47.096+0000] {dag.py:3089} INFO - Sync 1 DAGs
[2026-09-17T14:31:47.120+0000] {logging_mixin.py:188} INFO - [2026-09-17T14:31:47.120+0000] {dag.py:3947} INFO - Setting next_dagrun for flights_ops_medallion_pipe to 2026-09-17 14:30:00+00:00, run_after=2026-09-17 15:00:00+00:00
[2026-09-17T14:31:47.141+0000] {processor.py:183} INFO - Processing /opt/airflow/dags/flight-pipeline.py took 0.807 seconds
[2026-09-17T14:32:17.507+0000] {processor.py:161} INFO - Started process (PID=1404) to work on /opt/airflow/dags/flight-pipeline.py
[2026-09-17T14:32:17.509+0000] {processor.py:830} INFO - Processing file /opt/airflow/dags/flight-pipeline.py for tasks to queue
[2026-09-17T14:32:17.512+0000] {logging_mixin.py:188} INFO - [2026-09-17T14:32:17.511+0000] {dagbag.py:545} INFO - Filling up the DagBag from /opt/airflow/dags/flight-pipeline.py
[2026-09-17T14:32:18.163+0000] {processor.py:840} INFO - DAG(s) 'flights_ops_medallion_pipe' retrieved from /opt/airflow/dags/flight-pipeline.py
[2026-09-17T14:32:18.200+0000] {logging_mixin.py:188} INFO - [2026-09-17T14:32:18.199+0000] {dag.py:3089} INFO - Sync 1 DAGs
[2026-09-17T14:32:18.224+0000] {logging_mixin.py:188} INFO - [2026-09-17T14:32:18.224+0000] {dag.py:3947} INFO - Setting next_dagrun for flights_ops_medallion_pipe to 2026-09-17 14:30:00+00:00, run_after=2026-09-17 15:00:00+00:00
[2026-09-17T14:32:18.245+0000] {processor.py:183} INFO - Processing /opt/airflow/dags/flight-pipeline.py took 0.748 seconds
[2026-09-17T14:32:48.584+0000] {processor.py:161} INFO - Started process (PID=1406) to work on /opt/airflow/dags/flight-pipeline.py
[2026-09-17T14:32:48.586+0000] {processor.py:830} INFO - Processing file /opt/airflow/dags/flight-pipeline.py for tasks to queue
[2026-09-17T14:32:48.588+0000] {logging_mixin.py:188} INFO - [2026-09-17T14:32:48.588+0000] {dagbag.py:545} INFO - Filling up the DagBag from /opt/airflow/dags/flight-pipeline.py
[2026-09-17T14:32:49.289+0000] {processor.py:840} INFO - DAG(s) 'flights_ops_medallion_pipe' retrieved from /opt/airflow/dags/flight-pipeline.py
[2026-09-17T14:32:49.339+0000] {logging_mixin.py:188} INFO - [2026-09-17T14:32:49.338+0000] {dag.py:3089} INFO - Sync 1 DAGs
[2026-09-17T14:32:49.374+0000] {logging_mixin.py:188} INFO - [2026-09-17T14:32:49.373+0000] {dag.py:3947} INFO - Setting next_dagrun for flights_ops_medallion_pipe to 2026-09-17 14:30:00+00:00, run_after=2026-09-17 15:00:00+00:00
[2026-09-17T14:32:49.397+0000] {processor.py:183} INFO - Processing /opt/airflow/dags/flight-pipeline.py took 0.823 seconds
[2026-09-17T14:33:19.763+0000] {processor.py:161} INFO - Started process (PID=1408) to work on /opt/airflow/dags/flight-pipeline.py
[2026-09-17T14:33:19.767+0000] {processor.py:830} INFO - Processing file /opt/airflow/dags/flight-pipeline.py for tasks to queue
[2026-09-17T14:33:19.771+0000] {logging_mixin.py:188} INFO - [2026-09-17T14:33:19.770+0000] {dagbag.py:545} INFO - Filling up the DagBag from /opt/airflow/dags/flight-pipeline.py
[2026-09-17T14:33:20.554+0000] {processor.py:840} INFO - DAG(s) 'flights_ops_medallion_pipe' retrieved from /opt/airflow/dags/flight-pipeline.py
[2026-09-17T14:33:20.602+0000] {logging_mixin.py:188} INFO - [2026-09-17T14:33:20.601+0000] {dag.py:3089} INFO - Sync 1 DAGs
[2026-09-17T14:33:20.628+0000] {logging_mixin.py:188} INFO - [2026-09-17T14:33:20.628+0000] {dag.py:3947} INFO - Setting next_dagrun for flights_ops_medallion_pipe to 2026-09-17 14:30:00+00:00, run_after=2026-09-17 15:00:00+00:00
[2026-09-17T14:33:20.650+0000] {processor.py:183} INFO - Processing /opt/airflow/dags/flight-pipeline.py took 0.906 seconds
[2026-09-17T14:33:50.978+0000] {processor.py:161} INFO - Started process (PID=1410) to work on /opt/airflow/dags/flight-pipeline.py
[2026-09-17T14:33:50.980+0000] {processor.py:830} INFO - Processing file /opt/airflow/dags/flight-pipeline.py for tasks to queue
[2026-09-17T14:33:50.982+0000] {logging_mixin.py:188} INFO - [2026-09-17T14:33:50.981+0000] {dagbag.py:545} INFO - Filling up the DagBag from /opt/airflow/dags/flight-pipeline.py
[2026-09-17T14:33:51.726+0000] {processor.py:840} INFO - DAG(s) 'flights_ops_medallion_pipe' retrieved from /opt/airflow/dags/flight-pipeline.py
[2026-09-17T14:33:51.769+0000] {logging_mixin.py:188} INFO - [2026-09-17T14:33:51.768+0000] {dag.py:3089} INFO - Sync 1 DAGs
[2026-09-17T14:33:51.797+0000] {logging_mixin.py:188} INFO - [2026-09-17T14:33:51.796+0000] {dag.py:3947} INFO - Setting next_dagrun for flights_ops_medallion_pipe to 2026-09-17 14:30:00+00:00, run_after=2026-09-17 15:00:00+00:00
[2026-09-17T14:33:51.821+0000] {processor.py:183} INFO - Processing /opt/airflow/dags/flight-pipeline.py took 0.855 seconds
[2026-09-17T14:34:22.166+0000] {processor.py:161} INFO - Started process (PID=1412) to work on /opt/airflow/dags/flight-pipeline.py
[2026-09-17T14:34:22.169+0000] {processor.py:830} INFO - Processing file /opt/airflow/dags/flight-pipeline.py for tasks to queue
[2026-09-17T14:34:22.171+0000] {logging_mixin.py:188} INFO - [2026-09-17T14:34:22.171+0000] {dagbag.py:545} INFO - Filling up the DagBag from /opt/airflow/dags/flight-pipeline.py
[2026-09-17T14:34:22.823+0000] {processor.py:840} INFO - DAG(s) 'flights_ops_medallion_pipe' retrieved from /opt/airflow/dags/flight-pipeline.py
[2026-09-17T14:34:22.866+0000] {logging_mixin.py:188} INFO - [2026-09-17T14:34:22.865+0000] {dag.py:3089} INFO - Sync 1 DAGs
[2026-09-17T14:34:22.890+0000] {logging_mixin.py:188} INFO - [2026-09-17T14:34:22.890+0000] {dag.py:3947} INFO - Setting next_dagrun for flights_ops_medallion_pipe to 2026-09-17 14:30:00+00:00, run_after=2026-09-17 15:00:00+00:00
[2026-09-17T14:34:22.917+0000] {processor.py:183} INFO - Processing /opt/airflow/dags/flight-pipeline.py took 0.761 seconds
[2026-09-17T14:34:53.230+0000] {processor.py:161} INFO - Started process (PID=1414) to work on /opt/airflow/dags/flight-pipeline.py
[2026-09-17T14:34:53.232+0000] {processor.py:830} INFO - Processing file /opt/airflow/dags/flight-pipeline.py for tasks to queue
[2026-09-17T14:34:53.235+0000] {logging_mixin.py:188} INFO - [2026-09-17T14:34:53.234+0000] {dagbag.py:545} INFO - Filling up the DagBag from /opt/airflow/dags/flight-pipeline.py
[2026-09-17T14:34:54.056+0000] {processor.py:840} INFO - DAG(s) 'flights_ops_medallion_pipe' retrieved from /opt/airflow/dags/flight-pipeline.py
[2026-09-17T14:34:54.105+0000] {logging_mixin.py:188} INFO - [2026-09-17T14:34:54.104+0000] {dag.py:3089} INFO - Sync 1 DAGs
[2026-09-17T14:34:54.138+0000] {logging_mixin.py:188} INFO - [2026-09-17T14:34:54.138+0000] {dag.py:3947} INFO - Setting next_dagrun for flights_ops_medallion_pipe to 2026-09-17 14:30:00+00:00, run_after=2026-09-17 15:00:00+00:00
[2026-09-17T14:34:54.167+0000] {processor.py:183} INFO - Processing /opt/airflow/dags/flight-pipeline.py took 0.946 seconds
[2026-09-17T14:35:24.472+0000] {processor.py:161} INFO - Started process (PID=1532) to work on /opt/airflow/dags/flight-pipeline.py
[2026-09-17T14:35:24.475+0000] {processor.py:830} INFO - Processing file /opt/airflow/dags/flight-pipeline.py for tasks to queue
[2026-09-17T14:35:24.477+0000] {logging_mixin.py:188} INFO - [2026-09-17T14:35:24.477+0000] {dagbag.py:545} INFO - Filling up the DagBag from /opt/airflow/dags/flight-pipeline.py
[2026-09-17T14:35:25.127+0000] {processor.py:840} INFO - DAG(s) 'flights_ops_medallion_pipe' retrieved from /opt/airflow/dags/flight-pipeline.py
[2026-09-17T14:35:25.167+0000] {logging_mixin.py:188} INFO - [2026-09-17T14:35:25.167+0000] {dag.py:3089} INFO - Sync 1 DAGs
[2026-09-17T14:35:25.191+0000] {logging_mixin.py:188} INFO - [2026-09-17T14:35:25.191+0000] {dag.py:3947} INFO - Setting next_dagrun for flights_ops_medallion_pipe to 2026-09-17 14:30:00+00:00, run_after=2026-09-17 15:00:00+00:00
[2026-09-17T14:35:25.213+0000] {processor.py:183} INFO - Processing /opt/airflow/dags/flight-pipeline.py took 0.755 seconds
[2026-09-17T14:35:55.486+0000] {processor.py:161} INFO - Started process (PID=1534) to work on /opt/airflow/dags/flight-pipeline.py
[2026-09-17T14:35:55.488+0000] {processor.py:830} INFO - Processing file /opt/airflow/dags/flight-pipeline.py for tasks to queue
[2026-09-17T14:35:55.491+0000] {logging_mixin.py:188} INFO - [2026-09-17T14:35:55.491+0000] {dagbag.py:545} INFO - Filling up the DagBag from /opt/airflow/dags/flight-pipeline.py
[2026-09-17T14:35:56.190+0000] {processor.py:840} INFO - DAG(s) 'flights_ops_medallion_pipe' retrieved from /opt/airflow/dags/flight-pipeline.py
[2026-09-17T14:35:56.233+0000] {logging_mixin.py:188} INFO - [2026-09-17T14:35:56.233+0000] {dag.py:3089} INFO - Sync 1 DAGs
[2026-09-17T14:35:56.262+0000] {logging_mixin.py:188} INFO - [2026-09-17T14:35:56.262+0000] {dag.py:3947} INFO - Setting next_dagrun for flights_ops_medallion_pipe to 2026-09-17 14:30:00+00:00, run_after=2026-09-17 15:00:00+00:00
[2026-09-17T14:35:56.286+0000] {processor.py:183} INFO - Processing /opt/airflow/dags/flight-pipeline.py took 0.809 seconds
[2026-09-17T14:36:26.720+0000] {processor.py:161} INFO - Started process (PID=1536) to work on /opt/airflow/dags/flight-pipeline.py
[2026-09-17T14:36:26.722+0000] {processor.py:830} INFO - Processing file /opt/airflow/dags/flight-pipeline.py for tasks to queue
[2026-09-17T14:36:26.725+0000] {logging_mixin.py:188} INFO - [2026-09-17T14:36:26.724+0000] {dagbag.py:545} INFO - Filling up the DagBag from /opt/airflow/dags/flight-pipeline.py
[2026-09-17T14:36:27.616+0000] {processor.py:840} INFO - DAG(s) 'flights_ops_medallion_pipe' retrieved from /opt/airflow/dags/flight-pipeline.py
[2026-09-17T14:36:27.658+0000] {logging_mixin.py:188} INFO - [2026-09-17T14:36:27.658+0000] {dag.py:3089} INFO - Sync 1 DAGs
[2026-09-17T14:36:27.684+0000] {logging_mixin.py:188} INFO - [2026-09-17T14:36:27.684+0000] {dag.py:3947} INFO - Setting next_dagrun for flights_ops_medallion_pipe to 2026-09-17 14:30:00+00:00, run_after=2026-09-17 15:00:00+00:00
[2026-09-17T14:36:27.706+0000] {processor.py:183} INFO - Processing /opt/airflow/dags/flight-pipeline.py took 0.997 seconds
[2026-09-17T14:36:58.050+0000] {processor.py:161} INFO - Started process (PID=1538) to work on /opt/airflow/dags/flight-pipeline.py
[2026-09-17T14:36:58.052+0000] {processor.py:830} INFO - Processing file /opt/airflow/dags/flight-pipeline.py for tasks to queue
[2026-09-17T14:36:58.054+0000] {logging_mixin.py:188} INFO - [2026-09-17T14:36:58.054+0000] {dagbag.py:545} INFO - Filling up the DagBag from /opt/airflow/dags/flight-pipeline.py
[2026-09-17T14:36:58.718+0000] {processor.py:840} INFO - DAG(s) 'flights_ops_medallion_pipe' retrieved from /opt/airflow/dags/flight-pipeline.py
[2026-09-17T14:36:58.763+0000] {logging_mixin.py:188} INFO - [2026-09-17T14:36:58.763+0000] {dag.py:3089} INFO - Sync 1 DAGs
[2026-09-17T14:36:58.790+0000] {logging_mixin.py:188} INFO - [2026-09-17T14:36:58.789+0000] {dag.py:3947} INFO - Setting next_dagrun for flights_ops_medallion_pipe to 2026-09-17 14:30:00+00:00, run_after=2026-09-17 15:00:00+00:00
[2026-09-17T14:36:58.816+0000] {processor.py:183} INFO - Processing /opt/airflow/dags/flight-pipeline.py took 0.777 seconds
[2026-09-17T14:37:29.165+0000] {processor.py:161} INFO - Started process (PID=1540) to work on /opt/airflow/dags/flight-pipeline.py
[2026-09-17T14:37:29.167+0000] {processor.py:830} INFO - Processing file /opt/airflow/dags/flight-pipeline.py for tasks to queue
[2026-09-17T14:37:29.169+0000] {logging_mixin.py:188} INFO - [2026-09-17T14:37:29.169+0000] {dagbag.py:545} INFO - Filling up the DagBag from /opt/airflow/dags/flight-pipeline.py
[2026-09-17T14:37:29.839+0000] {processor.py:840} INFO - DAG(s) 'flights_ops_medallion_pipe' retrieved from /opt/airflow/dags/flight-pipeline.py
[2026-09-17T14:37:29.875+0000] {logging_mixin.py:188} INFO - [2026-09-17T14:37:29.875+0000] {dag.py:3089} INFO - Sync 1 DAGs
[2026-09-17T14:37:29.900+0000] {logging_mixin.py:188} INFO - [2026-09-17T14:37:29.900+0000] {dag.py:3947} INFO - Setting next_dagrun for flights_ops_medallion_pipe to 2026-09-17 14:30:00+00:00, run_after=2026-09-17 15:00:00+00:00
[2026-09-17T14:37:29.922+0000] {processor.py:183} INFO - Processing /opt/airflow/dags/flight-pipeline.py took 0.767 seconds
[2026-09-17T14:38:00.281+0000] {processor.py:161} INFO - Started process (PID=1542) to work on /opt/airflow/dags/flight-pipeline.py
[2026-09-17T14:38:00.283+0000] {processor.py:830} INFO - Processing file /opt/airflow/dags/flight-pipeline.py for tasks to queue
[2026-09-17T14:38:00.286+0000] {logging_mixin.py:188} INFO - [2026-09-17T14:38:00.285+0000] {dagbag.py:545} INFO - Filling up the DagBag from /opt/airflow/dags/flight-pipeline.py
[2026-09-17T14:38:00.919+0000] {processor.py:840} INFO - DAG(s) 'flights_ops_medallion_pipe' retrieved from /opt/airflow/dags/flight-pipeline.py
[2026-09-17T14:38:00.955+0000] {logging_mixin.py:188} INFO - [2026-09-17T14:38:00.954+0000] {dag.py:3089} INFO - Sync 1 DAGs
[2026-09-17T14:38:00.979+0000] {logging_mixin.py:188} INFO - [2026-09-17T14:38:00.979+0000] {dag.py:3947} INFO - Setting next_dagrun for flights_ops_medallion_pipe to 2026-09-17 14:30:00+00:00, run_after=2026-09-17 15:00:00+00:00
[2026-09-17T14:38:01.000+0000] {processor.py:183} INFO - Processing /opt/airflow/dags/flight-pipeline.py took 0.730 seconds
[2026-09-17T14:38:31.339+0000] {processor.py:161} INFO - Started process (PID=1544) to work on /opt/airflow/dags/flight-pipeline.py
[2026-09-17T14:38:31.342+0000] {processor.py:830} INFO - Processing file /opt/airflow/dags/flight-pipeline.py for tasks to queue
[2026-09-17T14:38:31.344+0000] {logging_mixin.py:188} INFO - [2026-09-17T14:38:31.344+0000] {dagbag.py:545} INFO - Filling up the DagBag from /opt/airflow/dags/flight-pipeline.py
[2026-09-17T14:38:32.025+0000] {processor.py:840} INFO - DAG(s) 'flights_ops_medallion_pipe' retrieved from /opt/airflow/dags/flight-pipeline.py
[2026-09-17T14:38:32.063+0000] {logging_mixin.py:188} INFO - [2026-09-17T14:38:32.063+0000] {dag.py:3089} INFO - Sync 1 DAGs
[2026-09-17T14:38:32.096+0000] {logging_mixin.py:188} INFO - [2026-09-17T14:38:32.096+0000] {dag.py:3947} INFO - Setting next_dagrun for flights_ops_medallion_pipe to 2026-09-17 14:30:00+00:00, run_after=2026-09-17 15:00:00+00:00
[2026-09-17T14:38:32.118+0000] {processor.py:183} INFO - Processing /opt/airflow/dags/flight-pipeline.py took 0.790 seconds
[2026-09-17T14:39:02.442+0000] {processor.py:161} INFO - Started process (PID=1546) to work on /opt/airflow/dags/flight-pipeline.py
[2026-09-17T14:39:02.445+0000] {processor.py:830} INFO - Processing file /opt/airflow/dags/flight-pipeline.py for tasks to queue
[2026-09-17T14:39:02.447+0000] {logging_mixin.py:188} INFO - [2026-09-17T14:39:02.446+0000] {dagbag.py:545} INFO - Filling up the DagBag from /opt/airflow/dags/flight-pipeline.py
[2026-09-17T14:39:03.185+0000] {processor.py:840} INFO - DAG(s) 'flights_ops_medallion_pipe' retrieved from /opt/airflow/dags/flight-pipeline.py
[2026-09-17T14:39:03.225+0000] {logging_mixin.py:188} INFO - [2026-09-17T14:39:03.225+0000] {dag.py:3089} INFO - Sync 1 DAGs
[2026-09-17T14:39:03.252+0000] {logging_mixin.py:188} INFO - [2026-09-17T14:39:03.252+0000] {dag.py:3947} INFO - Setting next_dagrun for flights_ops_medallion_pipe to 2026-09-17 14:30:00+00:00, run_after=2026-09-17 15:00:00+00:00
[2026-09-17T14:39:03.274+0000] {processor.py:183} INFO - Processing /opt/airflow/dags/flight-pipeline.py took 0.842 seconds
[2026-09-17T14:39:33.373+0000] {processor.py:161} INFO - Started process (PID=1548) to work on /opt/airflow/dags/flight-pipeline.py
[2026-09-17T14:39:33.375+0000] {processor.py:830} INFO - Processing file /opt/airflow/dags/flight-pipeline.py for tasks to queue
[2026-09-17T14:39:33.377+0000] {logging_mixin.py:188} INFO - [2026-09-17T14:39:33.376+0000] {dagbag.py:545} INFO - Filling up the DagBag from /opt/airflow/dags/flight-pipeline.py
[2026-09-17T14:39:34.041+0000] {processor.py:840} INFO - DAG(s) 'flights_ops_medallion_pipe' retrieved from /opt/airflow/dags/flight-pipeline.py
[2026-09-17T14:39:34.082+0000] {logging_mixin.py:188} INFO - [2026-09-17T14:39:34.082+0000] {dag.py:3089} INFO - Sync 1 DAGs
[2026-09-17T14:39:34.109+0000] {logging_mixin.py:188} INFO - [2026-09-17T14:39:34.108+0000] {dag.py:3947} INFO - Setting next_dagrun for flights_ops_medallion_pipe to 2026-09-17 14:30:00+00:00, run_after=2026-09-17 15:00:00+00:00
[2026-09-17T14:39:34.131+0000] {processor.py:183} INFO - Processing /opt/airflow/dags/flight-pipeline.py took 0.767 seconds
[2026-09-17T14:40:04.491+0000] {processor.py:161} INFO - Started process (PID=1550) to work on /opt/airflow/dags/flight-pipeline.py
[2026-09-17T14:40:04.494+0000] {processor.py:830} INFO - Processing file /opt/airflow/dags/flight-pipeline.py for tasks to queue
[2026-09-17T14:40:04.496+0000] {logging_mixin.py:188} INFO - [2026-09-17T14:40:04.496+0000] {dagbag.py:545} INFO - Filling up the DagBag from /opt/airflow/dags/flight-pipeline.py
[2026-09-17T14:40:05.224+0000] {processor.py:840} INFO - DAG(s) 'flights_ops_medallion_pipe' retrieved from /opt/airflow/dags/flight-pipeline.py
[2026-09-17T14:40:05.265+0000] {logging_mixin.py:188} INFO - [2026-09-17T14:40:05.265+0000] {dag.py:3089} INFO - Sync 1 DAGs
[2026-09-17T14:40:05.291+0000] {logging_mixin.py:188} INFO - [2026-09-17T14:40:05.290+0000] {dag.py:3947} INFO - Setting next_dagrun for flights_ops_medallion_pipe to 2026-09-17 14:30:00+00:00, run_after=2026-09-17 15:00:00+00:00
[2026-09-17T14:40:05.314+0000] {processor.py:183} INFO - Processing /opt/airflow/dags/flight-pipeline.py took 0.836 seconds
[2026-09-17T14:40:35.669+0000] {processor.py:161} INFO - Started process (PID=1552) to work on /opt/airflow/dags/flight-pipeline.py
[2026-09-17T14:40:35.672+0000] {processor.py:830} INFO - Processing file /opt/airflow/dags/flight-pipeline.py for tasks to queue
[2026-09-17T14:40:35.674+0000] {logging_mixin.py:188} INFO - [2026-09-17T14:40:35.674+0000] {dagbag.py:545} INFO - Filling up the DagBag from /opt/airflow/dags/flight-pipeline.py
[2026-09-17T14:40:36.351+0000] {processor.py:840} INFO - DAG(s) 'flights_ops_medallion_pipe' retrieved from /opt/airflow/dags/flight-pipeline.py
[2026-09-17T14:40:36.392+0000] {logging_mixin.py:188} INFO - [2026-09-17T14:40:36.392+0000] {dag.py:3089} INFO - Sync 1 DAGs
[2026-09-17T14:40:36.417+0000] {logging_mixin.py:188} INFO - [2026-09-17T14:40:36.416+0000] {dag.py:3947} INFO - Setting next_dagrun for flights_ops_medallion_pipe to 2026-09-17 14:30:00+00:00, run_after=2026-09-17 15:00:00+00:00
[2026-09-17T14:40:36.438+0000] {processor.py:183} INFO - Processing /opt/airflow/dags/flight-pipeline.py took 0.786 seconds
[2026-09-17T14:41:06.778+0000] {processor.py:161} INFO - Started process (PID=1554) to work on /opt/airflow/dags/flight-pipeline.py
[2026-09-17T14:41:06.781+0000] {processor.py:830} INFO - Processing file /opt/airflow/dags/flight-pipeline.py for tasks to queue
[2026-09-17T14:41:06.783+0000] {logging_mixin.py:188} INFO - [2026-09-17T14:41:06.783+0000] {dagbag.py:545} INFO - Filling up the DagBag from /opt/airflow/dags/flight-pipeline.py
[2026-09-17T14:41:07.451+0000] {processor.py:840} INFO - DAG(s) 'flights_ops_medallion_pipe' retrieved from /opt/airflow/dags/flight-pipeline.py
[2026-09-17T14:41:07.489+0000] {logging_mixin.py:188} INFO - [2026-09-17T14:41:07.489+0000] {dag.py:3089} INFO - Sync 1 DAGs
[2026-09-17T14:41:07.514+0000] {logging_mixin.py:188} INFO - [2026-09-17T14:41:07.514+0000] {dag.py:3947} INFO - Setting next_dagrun for flights_ops_medallion_pipe to 2026-09-17 14:30:00+00:00, run_after=2026-09-17 15:00:00+00:00
[2026-09-17T14:41:07.536+0000] {processor.py:183} INFO - Processing /opt/airflow/dags/flight-pipeline.py took 0.769 seconds
[2026-09-17T14:41:37.695+0000] {processor.py:161} INFO - Started process (PID=1556) to work on /opt/airflow/dags/flight-pipeline.py
[2026-09-17T14:41:37.698+0000] {processor.py:830} INFO - Processing file /opt/airflow/dags/flight-pipeline.py for tasks to queue
[2026-09-17T14:41:37.701+0000] {logging_mixin.py:188} INFO - [2026-09-17T14:41:37.700+0000] {dagbag.py:545} INFO - Filling up the DagBag from /opt/airflow/dags/flight-pipeline.py
[2026-09-17T14:41:38.367+0000] {processor.py:840} INFO - DAG(s) 'flights_ops_medallion_pipe' retrieved from /opt/airflow/dags/flight-pipeline.py
[2026-09-17T14:41:38.407+0000] {logging_mixin.py:188} INFO - [2026-09-17T14:41:38.406+0000] {dag.py:3089} INFO - Sync 1 DAGs
[2026-09-17T14:41:38.431+0000] {logging_mixin.py:188} INFO - [2026-09-17T14:41:38.431+0000] {dag.py:3947} INFO - Setting next_dagrun for flights_ops_medallion_pipe to 2026-09-17 14:30:00+00:00, run_after=2026-09-17 15:00:00+00:00
[2026-09-17T14:41:38.453+0000] {processor.py:183} INFO - Processing /opt/airflow/dags/flight-pipeline.py took 0.769 seconds
[2026-09-17T14:42:08.810+0000] {processor.py:161} INFO - Started process (PID=1558) to work on /opt/airflow/dags/flight-pipeline.py
[2026-09-17T14:42:08.813+0000] {processor.py:830} INFO - Processing file /opt/airflow/dags/flight-pipeline.py for tasks to queue
[2026-09-17T14:42:08.815+0000] {logging_mixin.py:188} INFO - [2026-09-17T14:42:08.814+0000] {dagbag.py:545} INFO - Filling up the DagBag from /opt/airflow/dags/flight-pipeline.py
[2026-09-17T14:42:09.472+0000] {processor.py:840} INFO - DAG(s) 'flights_ops_medallion_pipe' retrieved from /opt/airflow/dags/flight-pipeline.py
[2026-09-17T14:42:09.513+0000] {logging_mixin.py:188} INFO - [2026-09-17T14:42:09.513+0000] {dag.py:3089} INFO - Sync 1 DAGs
[2026-09-17T14:42:09.539+0000] {logging_mixin.py:188} INFO - [2026-09-17T14:42:09.539+0000] {dag.py:3947} INFO - Setting next_dagrun for flights_ops_medallion_pipe to 2026-09-17 14:30:00+00:00, run_after=2026-09-17 15:00:00+00:00
[2026-09-17T14:42:09.569+0000] {processor.py:183} INFO - Processing /opt/airflow/dags/flight-pipeline.py took 0.768 seconds
[2026-09-17T14:42:39.882+0000] {processor.py:161} INFO - Started process (PID=1560) to work on /opt/airflow/dags/flight-pipeline.py
[2026-09-17T14:42:39.885+0000] {processor.py:830} INFO - Processing file /opt/airflow/dags/flight-pipeline.py for tasks to queue
[2026-09-17T14:42:39.888+0000] {logging_mixin.py:188} INFO - [2026-09-17T14:42:39.887+0000] {dagbag.py:545} INFO - Filling up the DagBag from /opt/airflow/dags/flight-pipeline.py
[2026-09-17T14:42:40.566+0000] {processor.py:840} INFO - DAG(s) 'flights_ops_medallion_pipe' retrieved from /opt/airflow/dags/flight-pipeline.py
[2026-09-17T14:42:40.606+0000] {logging_mixin.py:188} INFO - [2026-09-17T14:42:40.606+0000] {dag.py:3089} INFO - Sync 1 DAGs
[2026-09-17T14:42:40.633+0000] {logging_mixin.py:188} INFO - [2026-09-17T14:42:40.633+0000] {dag.py:3947} INFO - Setting next_dagrun for flights_ops_medallion_pipe to 2026-09-17 14:30:00+00:00, run_after=2026-09-17 15:00:00+00:00
[2026-09-17T14:42:40.656+0000] {processor.py:183} INFO - Processing /opt/airflow/dags/flight-pipeline.py took 0.791 seconds
[2026-09-17T14:43:10.967+0000] {processor.py:161} INFO - Started process (PID=1562) to work on /opt/airflow/dags/flight-pipeline.py
[2026-09-17T14:43:10.969+0000] {processor.py:830} INFO - Processing file /opt/airflow/dags/flight-pipeline.py for tasks to queue
[2026-09-17T14:43:10.971+0000] {logging_mixin.py:188} INFO - [2026-09-17T14:43:10.971+0000] {dagbag.py:545} INFO - Filling up the DagBag from /opt/airflow/dags/flight-pipeline.py
[2026-09-17T14:43:11.637+0000] {processor.py:840} INFO - DAG(s) 'flights_ops_medallion_pipe' retrieved from /opt/airflow/dags/flight-pipeline.py
[2026-09-17T14:43:11.679+0000] {logging_mixin.py:188} INFO - [2026-09-17T14:43:11.678+0000] {dag.py:3089} INFO - Sync 1 DAGs
[2026-09-17T14:43:11.704+0000] {logging_mixin.py:188} INFO - [2026-09-17T14:43:11.704+0000] {dag.py:3947} INFO - Setting next_dagrun for flights_ops_medallion_pipe to 2026-09-17 14:30:00+00:00, run_after=2026-09-17 15:00:00+00:00
[2026-09-17T14:43:11.726+0000] {processor.py:183} INFO - Processing /opt/airflow/dags/flight-pipeline.py took 0.770 seconds
[2026-09-17T14:43:41.857+0000] {processor.py:161} INFO - Started process (PID=1564) to work on /opt/airflow/dags/flight-pipeline.py
[2026-09-17T14:43:41.859+0000] {processor.py:830} INFO - Processing file /opt/airflow/dags/flight-pipeline.py for tasks to queue
[2026-09-17T14:43:41.861+0000] {logging_mixin.py:188} INFO - [2026-09-17T14:43:41.861+0000] {dagbag.py:545} INFO - Filling up the DagBag from /opt/airflow/dags/flight-pipeline.py
[2026-09-17T14:43:42.537+0000] {processor.py:840} INFO - DAG(s) 'flights_ops_medallion_pipe' retrieved from /opt/airflow/dags/flight-pipeline.py
[2026-09-17T14:43:42.579+0000] {logging_mixin.py:188} INFO - [2026-09-17T14:43:42.579+0000] {dag.py:3089} INFO - Sync 1 DAGs
[2026-09-17T14:43:42.606+0000] {logging_mixin.py:188} INFO - [2026-09-17T14:43:42.605+0000] {dag.py:3947} INFO - Setting next_dagrun for flights_ops_medallion_pipe to 2026-09-17 14:30:00+00:00, run_after=2026-09-17 15:00:00+00:00
[2026-09-17T14:43:42.629+0000] {processor.py:183} INFO - Processing /opt/airflow/dags/flight-pipeline.py took 0.782 seconds
[2026-09-17T14:44:12.925+0000] {processor.py:161} INFO - Started process (PID=1566) to work on /opt/airflow/dags/flight-pipeline.py
[2026-09-17T14:44:12.927+0000] {processor.py:830} INFO - Processing file /opt/airflow/dags/flight-pipeline.py for tasks to queue
[2026-09-17T14:44:12.929+0000] {logging_mixin.py:188} INFO - [2026-09-17T14:44:12.929+0000] {dagbag.py:545} INFO - Filling up the DagBag from /opt/airflow/dags/flight-pipeline.py
[2026-09-17T14:44:13.590+0000] {processor.py:840} INFO - DAG(s) 'flights_ops_medallion_pipe' retrieved from /opt/airflow/dags/flight-pipeline.py
[2026-09-17T14:44:13.632+0000] {logging_mixin.py:188} INFO - [2026-09-17T14:44:13.631+0000] {dag.py:3089} INFO - Sync 1 DAGs
[2026-09-17T14:44:13.657+0000] {logging_mixin.py:188} INFO - [2026-09-17T14:44:13.657+0000] {dag.py:3947} INFO - Setting next_dagrun for flights_ops_medallion_pipe to 2026-09-17 14:30:00+00:00, run_after=2026-09-17 15:00:00+00:00
[2026-09-17T14:44:13.680+0000] {processor.py:183} INFO - Processing /opt/airflow/dags/flight-pipeline.py took 0.766 seconds
[2026-09-17T14:44:43.980+0000] {processor.py:161} INFO - Started process (PID=1568) to work on /opt/airflow/dags/flight-pipeline.py
[2026-09-17T14:44:43.982+0000] {processor.py:830} INFO - Processing file /opt/airflow/dags/flight-pipeline.py for tasks to queue
[2026-09-17T14:44:43.984+0000] {logging_mixin.py:188} INFO - [2026-09-17T14:44:43.984+0000] {dagbag.py:545} INFO - Filling up the DagBag from /opt/airflow/dags/flight-pipeline.py
[2026-09-17T14:44:44.637+0000] {processor.py:840} INFO - DAG(s) 'flights_ops_medallion_pipe' retrieved from /opt/airflow/dags/flight-pipeline.py
[2026-09-17T14:44:44.679+0000] {logging_mixin.py:188} INFO - [2026-09-17T14:44:44.678+0000] {dag.py:3089} INFO - Sync 1 DAGs
[2026-09-17T14:44:44.705+0000] {logging_mixin.py:188} INFO - [2026-09-17T14:44:44.705+0000] {dag.py:3947} INFO - Setting next_dagrun for flights_ops_medallion_pipe to 2026-09-17 14:30:00+00:00, run_after=2026-09-17 15:00:00+00:00
[2026-09-17T14:44:44.729+0000] {processor.py:183} INFO - Processing /opt/airflow/dags/flight-pipeline.py took 0.760 seconds
[2026-09-17T14:45:15.021+0000] {processor.py:161} INFO - Started process (PID=1570) to work on /opt/airflow/dags/flight-pipeline.py
[2026-09-17T14:45:15.024+0000] {processor.py:830} INFO - Processing file /opt/airflow/dags/flight-pipeline.py for tasks to queue
[2026-09-17T14:45:15.026+0000] {logging_mixin.py:188} INFO - [2026-09-17T14:45:15.026+0000] {dagbag.py:545} INFO - Filling up the DagBag from /opt/airflow/dags/flight-pipeline.py
[2026-09-17T14:45:15.757+0000] {processor.py:840} INFO - DAG(s) 'flights_ops_medallion_pipe' retrieved from /opt/airflow/dags/flight-pipeline.py
[2026-09-17T14:45:15.809+0000] {logging_mixin.py:188} INFO - [2026-09-17T14:45:15.809+0000] {dag.py:3089} INFO - Sync 1 DAGs
[2026-09-17T14:45:15.838+0000] {logging_mixin.py:188} INFO - [2026-09-17T14:45:15.838+0000] {dag.py:3947} INFO - Setting next_dagrun for flights_ops_medallion_pipe to 2026-09-17 14:30:00+00:00, run_after=2026-09-17 15:00:00+00:00
[2026-09-17T14:45:15.863+0000] {processor.py:183} INFO - Processing /opt/airflow/dags/flight-pipeline.py took 0.862 seconds
[2026-09-17T14:45:46.130+0000] {processor.py:161} INFO - Started process (PID=1572) to work on /opt/airflow/dags/flight-pipeline.py
[2026-09-17T14:45:46.132+0000] {processor.py:830} INFO - Processing file /opt/airflow/dags/flight-pipeline.py for tasks to queue
[2026-09-17T14:45:46.135+0000] {logging_mixin.py:188} INFO - [2026-09-17T14:45:46.134+0000] {dagbag.py:545} INFO - Filling up the DagBag from /opt/airflow/dags/flight-pipeline.py
[2026-09-17T14:45:46.806+0000] {processor.py:840} INFO - DAG(s) 'flights_ops_medallion_pipe' retrieved from /opt/airflow/dags/flight-pipeline.py
[2026-09-17T14:45:46.849+0000] {logging_mixin.py:188} INFO - [2026-09-17T14:45:46.848+0000] {dag.py:3089} INFO - Sync 1 DAGs
[2026-09-17T14:45:46.877+0000] {logging_mixin.py:188} INFO - [2026-09-17T14:45:46.876+0000] {dag.py:3947} INFO - Setting next_dagrun for flights_ops_medallion_pipe to 2026-09-17 14:30:00+00:00, run_after=2026-09-17 15:00:00+00:00
[2026-09-17T14:45:46.900+0000] {processor.py:183} INFO - Processing /opt/airflow/dags/flight-pipeline.py took 0.780 seconds
[2026-09-17T14:46:17.162+0000] {processor.py:161} INFO - Started process (PID=1574) to work on /opt/airflow/dags/flight-pipeline.py
[2026-09-17T14:46:17.165+0000] {processor.py:830} INFO - Processing file /opt/airflow/dags/flight-pipeline.py for tasks to queue
[2026-09-17T14:46:17.167+0000] {logging_mixin.py:188} INFO - [2026-09-17T14:46:17.166+0000] {dagbag.py:545} INFO - Filling up the DagBag from /opt/airflow/dags/flight-pipeline.py
[2026-09-17T14:46:17.855+0000] {processor.py:840} INFO - DAG(s) 'flights_ops_medallion_pipe' retrieved from /opt/airflow/dags/flight-pipeline.py
[2026-09-17T14:46:17.904+0000] {logging_mixin.py:188} INFO - [2026-09-17T14:46:17.904+0000] {dag.py:3089} INFO - Sync 1 DAGs
[2026-09-17T14:46:17.933+0000] {logging_mixin.py:188} INFO - [2026-09-17T14:46:17.933+0000] {dag.py:3947} INFO - Setting next_dagrun for flights_ops_medallion_pipe to 2026-09-17 14:30:00+00:00, run_after=2026-09-17 15:00:00+00:00
[2026-09-17T14:46:17.958+0000] {processor.py:183} INFO - Processing /opt/airflow/dags/flight-pipeline.py took 0.806 seconds
[2026-09-17T14:46:48.262+0000] {processor.py:161} INFO - Started process (PID=1576) to work on /opt/airflow/dags/flight-pipeline.py
[2026-09-17T14:46:48.264+0000] {processor.py:830} INFO - Processing file /opt/airflow/dags/flight-pipeline.py for tasks to queue
[2026-09-17T14:46:48.266+0000] {logging_mixin.py:188} INFO - [2026-09-17T14:46:48.266+0000] {dagbag.py:545} INFO - Filling up the DagBag from /opt/airflow/dags/flight-pipeline.py
[2026-09-17T14:46:48.928+0000] {processor.py:840} INFO - DAG(s) 'flights_ops_medallion_pipe' retrieved from /opt/airflow/dags/flight-pipeline.py
[2026-09-17T14:46:48.969+0000] {logging_mixin.py:188} INFO - [2026-09-17T14:46:48.969+0000] {dag.py:3089} INFO - Sync 1 DAGs
[2026-09-17T14:46:48.995+0000] {logging_mixin.py:188} INFO - [2026-09-17T14:46:48.995+0000] {dag.py:3947} INFO - Setting next_dagrun for flights_ops_medallion_pipe to 2026-09-17 14:30:00+00:00, run_after=2026-09-17 15:00:00+00:00
[2026-09-17T14:46:49.021+0000] {processor.py:183} INFO - Processing /opt/airflow/dags/flight-pipeline.py took 0.767 seconds
[2026-09-17T14:47:19.320+0000] {processor.py:161} INFO - Started process (PID=1578) to work on /opt/airflow/dags/flight-pipeline.py
[2026-09-17T14:47:19.322+0000] {processor.py:830} INFO - Processing file /opt/airflow/dags/flight-pipeline.py for tasks to queue
[2026-09-17T14:47:19.324+0000] {logging_mixin.py:188} INFO - [2026-09-17T14:47:19.324+0000] {dagbag.py:545} INFO - Filling up the DagBag from /opt/airflow/dags/flight-pipeline.py
[2026-09-17T14:47:20.046+0000] {processor.py:840} INFO - DAG(s) 'flights_ops_medallion_pipe' retrieved from /opt/airflow/dags/flight-pipeline.py
[2026-09-17T14:47:20.089+0000] {logging_mixin.py:188} INFO - [2026-09-17T14:47:20.089+0000] {dag.py:3089} INFO - Sync 1 DAGs
[2026-09-17T14:47:20.120+0000] {logging_mixin.py:188} INFO - [2026-09-17T14:47:20.120+0000] {dag.py:3947} INFO - Setting next_dagrun for flights_ops_medallion_pipe to 2026-09-17 14:30:00+00:00, run_after=2026-09-17 15:00:00+00:00
[2026-09-17T14:47:20.147+0000] {processor.py:183} INFO - Processing /opt/airflow/dags/flight-pipeline.py took 0.837 seconds
[2026-09-17T14:47:50.416+0000] {processor.py:161} INFO - Started process (PID=1580) to work on /opt/airflow/dags/flight-pipeline.py
[2026-09-17T14:47:50.418+0000] {processor.py:830} INFO - Processing file /opt/airflow/dags/flight-pipeline.py for tasks to queue
[2026-09-17T14:47:50.421+0000] {logging_mixin.py:188} INFO - [2026-09-17T14:47:50.420+0000] {dagbag.py:545} INFO - Filling up the DagBag from /opt/airflow/dags/flight-pipeline.py
[2026-09-17T14:47:51.079+0000] {processor.py:840} INFO - DAG(s) 'flights_ops_medallion_pipe' retrieved from /opt/airflow/dags/flight-pipeline.py
[2026-09-17T14:47:51.122+0000] {logging_mixin.py:188} INFO - [2026-09-17T14:47:51.122+0000] {dag.py:3089} INFO - Sync 1 DAGs
[2026-09-17T14:47:51.149+0000] {logging_mixin.py:188} INFO - [2026-09-17T14:47:51.149+0000] {dag.py:3947} INFO - Setting next_dagrun for flights_ops_medallion_pipe to 2026-09-17 14:30:00+00:00, run_after=2026-09-17 15:00:00+00:00
[2026-09-17T14:47:51.174+0000] {processor.py:183} INFO - Processing /opt/airflow/dags/flight-pipeline.py took 0.768 seconds
[2026-09-17T14:48:21.474+0000] {processor.py:161} INFO - Started process (PID=1582) to work on /opt/airflow/dags/flight-pipeline.py
[2026-09-17T14:48:21.476+0000] {processor.py:830} INFO - Processing file /opt/airflow/dags/flight-pipeline.py for tasks to queue
[2026-09-17T14:48:21.478+0000] {logging_mixin.py:188} INFO - [2026-09-17T14:48:21.477+0000] {dagbag.py:545} INFO - Filling up the DagBag from /opt/airflow/dags/flight-pipeline.py
[2026-09-17T14:48:22.147+0000] {processor.py:840} INFO - DAG(s) 'flights_ops_medallion_pipe' retrieved from /opt/airflow/dags/flight-pipeline.py
[2026-09-17T14:48:22.190+0000] {logging_mixin.py:188} INFO - [2026-09-17T14:48:22.189+0000] {dag.py:3089} INFO - Sync 1 DAGs
[2026-09-17T14:48:22.220+0000] {logging_mixin.py:188} INFO - [2026-09-17T14:48:22.220+0000] {dag.py:3947} INFO - Setting next_dagrun for flights_ops_medallion_pipe to 2026-09-17 14:30:00+00:00, run_after=2026-09-17 15:00:00+00:00
[2026-09-17T14:48:22.244+0000] {processor.py:183} INFO - Processing /opt/airflow/dags/flight-pipeline.py took 0.780 seconds
[2026-09-17T14:48:52.544+0000] {processor.py:161} INFO - Started process (PID=1584) to work on /opt/airflow/dags/flight-pipeline.py
[2026-09-17T14:48:52.546+0000] {processor.py:830} INFO - Processing file /opt/airflow/dags/flight-pipeline.py for tasks to queue
[2026-09-17T14:48:52.549+0000] {logging_mixin.py:188} INFO - [2026-09-17T14:48:52.548+0000] {dagbag.py:545} INFO - Filling up the DagBag from /opt/airflow/dags/flight-pipeline.py
[2026-09-17T14:48:53.214+0000] {processor.py:840} INFO - DAG(s) 'flights_ops_medallion_pipe' retrieved from /opt/airflow/dags/flight-pipeline.py
[2026-09-17T14:48:53.251+0000] {logging_mixin.py:188} INFO - [2026-09-17T14:48:53.250+0000] {dag.py:3089} INFO - Sync 1 DAGs
[2026-09-17T14:48:53.279+0000] {logging_mixin.py:188} INFO - [2026-09-17T14:48:53.278+0000] {dag.py:3947} INFO - Setting next_dagrun for flights_ops_medallion_pipe to 2026-09-17 14:30:00+00:00, run_after=2026-09-17 15:00:00+00:00
[2026-09-17T14:48:53.305+0000] {processor.py:183} INFO - Processing /opt/airflow/dags/flight-pipeline.py took 0.771 seconds
[2026-09-17T14:49:23.514+0000] {processor.py:161} INFO - Started process (PID=1586) to work on /opt/airflow/dags/flight-pipeline.py
[2026-09-17T14:49:23.516+0000] {processor.py:830} INFO - Processing file /opt/airflow/dags/flight-pipeline.py for tasks to queue
[2026-09-17T14:49:23.518+0000] {logging_mixin.py:188} INFO - [2026-09-17T14:49:23.518+0000] {dagbag.py:545} INFO - Filling up the DagBag from /opt/airflow/dags/flight-pipeline.py
[2026-09-17T14:49:24.207+0000] {processor.py:840} INFO - DAG(s) 'flights_ops_medallion_pipe' retrieved from /opt/airflow/dags/flight-pipeline.py
[2026-09-17T14:49:24.251+0000] {logging_mixin.py:188} INFO - [2026-09-17T14:49:24.250+0000] {dag.py:3089} INFO - Sync 1 DAGs
[2026-09-17T14:49:24.276+0000] {logging_mixin.py:188} INFO - [2026-09-17T14:49:24.276+0000] {dag.py:3947} INFO - Setting next_dagrun for flights_ops_medallion_pipe to 2026-09-17 14:30:00+00:00, run_after=2026-09-17 15:00:00+00:00
[2026-09-17T14:49:24.299+0000] {processor.py:183} INFO - Processing /opt/airflow/dags/flight-pipeline.py took 0.796 seconds
[2026-09-17T14:49:54.637+0000] {processor.py:161} INFO - Started process (PID=1588) to work on /opt/airflow/dags/flight-pipeline.py
[2026-09-17T14:49:54.639+0000] {processor.py:830} INFO - Processing file /opt/airflow/dags/flight-pipeline.py for tasks to queue
[2026-09-17T14:49:54.641+0000] {logging_mixin.py:188} INFO - [2026-09-17T14:49:54.641+0000] {dagbag.py:545} INFO - Filling up the DagBag from /opt/airflow/dags/flight-pipeline.py
[2026-09-17T14:49:55.330+0000] {processor.py:840} INFO - DAG(s) 'flights_ops_medallion_pipe' retrieved from /opt/airflow/dags/flight-pipeline.py
[2026-09-17T14:49:55.369+0000] {logging_mixin.py:188} INFO - [2026-09-17T14:49:55.369+0000] {dag.py:3089} INFO - Sync 1 DAGs
[2026-09-17T14:49:55.395+0000] {logging_mixin.py:188} INFO - [2026-09-17T14:49:55.395+0000] {dag.py:3947} INFO - Setting next_dagrun for flights_ops_medallion_pipe to 2026-09-17 14:30:00+00:00, run_after=2026-09-17 15:00:00+00:00
[2026-09-17T14:49:55.417+0000] {processor.py:183} INFO - Processing /opt/airflow/dags/flight-pipeline.py took 0.794 seconds
[2026-09-17T14:50:25.723+0000] {processor.py:161} INFO - Started process (PID=1590) to work on /opt/airflow/dags/flight-pipeline.py
[2026-09-17T14:50:25.725+0000] {processor.py:830} INFO - Processing file /opt/airflow/dags/flight-pipeline.py for tasks to queue
[2026-09-17T14:50:25.728+0000] {logging_mixin.py:188} INFO - [2026-09-17T14:50:25.727+0000] {dagbag.py:545} INFO - Filling up the DagBag from /opt/airflow/dags/flight-pipeline.py
[2026-09-17T14:50:26.411+0000] {processor.py:840} INFO - DAG(s) 'flights_ops_medallion_pipe' retrieved from /opt/airflow/dags/flight-pipeline.py
[2026-09-17T14:50:26.452+0000] {logging_mixin.py:188} INFO - [2026-09-17T14:50:26.452+0000] {dag.py:3089} INFO - Sync 1 DAGs
[2026-09-17T14:50:26.478+0000] {logging_mixin.py:188} INFO - [2026-09-17T14:50:26.478+0000] {dag.py:3947} INFO - Setting next_dagrun for flights_ops_medallion_pipe to 2026-09-17 14:30:00+00:00, run_after=2026-09-17 15:00:00+00:00
[2026-09-17T14:50:26.500+0000] {processor.py:183} INFO - Processing /opt/airflow/dags/flight-pipeline.py took 0.785 seconds
[2026-09-17T14:50:56.825+0000] {processor.py:161} INFO - Started process (PID=1593) to work on /opt/airflow/dags/flight-pipeline.py
[2026-09-17T14:50:56.827+0000] {processor.py:830} INFO - Processing file /opt/airflow/dags/flight-pipeline.py for tasks to queue
[2026-09-17T14:50:56.829+0000] {logging_mixin.py:188} INFO - [2026-09-17T14:50:56.828+0000] {dagbag.py:545} INFO - Filling up the DagBag from /opt/airflow/dags/flight-pipeline.py
[2026-09-17T14:50:57.638+0000] {processor.py:840} INFO - DAG(s) 'flights_ops_medallion_pipe' retrieved from /opt/airflow/dags/flight-pipeline.py
[2026-09-17T14:50:57.680+0000] {logging_mixin.py:188} INFO - [2026-09-17T14:50:57.680+0000] {dag.py:3089} INFO - Sync 1 DAGs
[2026-09-17T14:50:57.710+0000] {logging_mixin.py:188} INFO - [2026-09-17T14:50:57.709+0000] {dag.py:3947} INFO - Setting next_dagrun for flights_ops_medallion_pipe to 2026-09-17 14:30:00+00:00, run_after=2026-09-17 15:00:00+00:00
[2026-09-17T14:50:57.736+0000] {processor.py:183} INFO - Processing /opt/airflow/dags/flight-pipeline.py took 0.921 seconds
[2026-09-17T14:51:28.021+0000] {processor.py:161} INFO - Started process (PID=1710) to work on /opt/airflow/dags/flight-pipeline.py
[2026-09-17T14:51:28.023+0000] {processor.py:830} INFO - Processing file /opt/airflow/dags/flight-pipeline.py for tasks to queue
[2026-09-17T14:51:28.026+0000] {logging_mixin.py:188} INFO - [2026-09-17T14:51:28.025+0000] {dagbag.py:545} INFO - Filling up the DagBag from /opt/airflow/dags/flight-pipeline.py
[2026-09-17T14:51:28.803+0000] {processor.py:840} INFO - DAG(s) 'flights_ops_medallion_pipe' retrieved from /opt/airflow/dags/flight-pipeline.py
[2026-09-17T14:51:28.841+0000] {logging_mixin.py:188} INFO - [2026-09-17T14:51:28.841+0000] {dag.py:3089} INFO - Sync 1 DAGs
[2026-09-17T14:51:28.869+0000] {logging_mixin.py:188} INFO - [2026-09-17T14:51:28.869+0000] {dag.py:3947} INFO - Setting next_dagrun for flights_ops_medallion_pipe to 2026-09-17 14:30:00+00:00, run_after=2026-09-17 15:00:00+00:00
[2026-09-17T14:51:28.891+0000] {processor.py:183} INFO - Processing /opt/airflow/dags/flight-pipeline.py took 0.886 seconds
[2026-09-17T14:51:59.172+0000] {processor.py:161} INFO - Started process (PID=1712) to work on /opt/airflow/dags/flight-pipeline.py
[2026-09-17T14:51:59.175+0000] {processor.py:830} INFO - Processing file /opt/airflow/dags/flight-pipeline.py for tasks to queue
[2026-09-17T14:51:59.177+0000] {logging_mixin.py:188} INFO - [2026-09-17T14:51:59.177+0000] {dagbag.py:545} INFO - Filling up the DagBag from /opt/airflow/dags/flight-pipeline.py
[2026-09-17T14:52:00.138+0000] {processor.py:840} INFO - DAG(s) 'flights_ops_medallion_pipe' retrieved from /opt/airflow/dags/flight-pipeline.py
[2026-09-17T14:52:00.185+0000] {logging_mixin.py:188} INFO - [2026-09-17T14:52:00.184+0000] {dag.py:3089} INFO - Sync 1 DAGs
[2026-09-17T14:52:00.212+0000] {logging_mixin.py:188} INFO - [2026-09-17T14:52:00.212+0000] {dag.py:3947} INFO - Setting next_dagrun for flights_ops_medallion_pipe to 2026-09-17 14:30:00+00:00, run_after=2026-09-17 15:00:00+00:00
[2026-09-17T14:52:00.234+0000] {processor.py:183} INFO - Processing /opt/airflow/dags/flight-pipeline.py took 1.073 seconds
[2026-09-17T14:52:30.456+0000] {processor.py:161} INFO - Started process (PID=1714) to work on /opt/airflow/dags/flight-pipeline.py
[2026-09-17T14:52:30.459+0000] {processor.py:830} INFO - Processing file /opt/airflow/dags/flight-pipeline.py for tasks to queue
[2026-09-17T14:52:30.461+0000] {logging_mixin.py:188} INFO - [2026-09-17T14:52:30.461+0000] {dagbag.py:545} INFO - Filling up the DagBag from /opt/airflow/dags/flight-pipeline.py
[2026-09-17T14:52:31.075+0000] {processor.py:840} INFO - DAG(s) 'flights_ops_medallion_pipe' retrieved from /opt/airflow/dags/flight-pipeline.py
[2026-09-17T14:52:31.118+0000] {logging_mixin.py:188} INFO - [2026-09-17T14:52:31.118+0000] {dag.py:3089} INFO - Sync 1 DAGs
[2026-09-17T14:52:31.143+0000] {logging_mixin.py:188} INFO - [2026-09-17T14:52:31.143+0000] {dag.py:3947} INFO - Setting next_dagrun for flights_ops_medallion_pipe to 2026-09-17 14:30:00+00:00, run_after=2026-09-17 15:00:00+00:00
[2026-09-17T14:52:31.165+0000] {processor.py:183} INFO - Processing /opt/airflow/dags/flight-pipeline.py took 0.719 seconds
[2026-09-17T14:53:01.486+0000] {processor.py:161} INFO - Started process (PID=1716) to work on /opt/airflow/dags/flight-pipeline.py
[2026-09-17T14:53:01.488+0000] {processor.py:830} INFO - Processing file /opt/airflow/dags/flight-pipeline.py for tasks to queue
[2026-09-17T14:53:01.490+0000] {logging_mixin.py:188} INFO - [2026-09-17T14:53:01.489+0000] {dagbag.py:545} INFO - Filling up the DagBag from /opt/airflow/dags/flight-pipeline.py
[2026-09-17T14:53:02.181+0000] {processor.py:840} INFO - DAG(s) 'flights_ops_medallion_pipe' retrieved from /opt/airflow/dags/flight-pipeline.py
[2026-09-17T14:53:02.218+0000] {logging_mixin.py:188} INFO - [2026-09-17T14:53:02.218+0000] {dag.py:3089} INFO - Sync 1 DAGs
[2026-09-17T14:53:02.248+0000] {logging_mixin.py:188} INFO - [2026-09-17T14:53:02.248+0000] {dag.py:3947} INFO - Setting next_dagrun for flights_ops_medallion_pipe to 2026-09-17 14:30:00+00:00, run_after=2026-09-17 15:00:00+00:00
[2026-09-17T14:53:02.271+0000] {processor.py:183} INFO - Processing /opt/airflow/dags/flight-pipeline.py took 0.796 seconds
[2026-09-17T14:53:32.588+0000] {processor.py:161} INFO - Started process (PID=1718) to work on /opt/airflow/dags/flight-pipeline.py
[2026-09-17T14:53:32.590+0000] {processor.py:830} INFO - Processing file /opt/airflow/dags/flight-pipeline.py for tasks to queue
[2026-09-17T14:53:32.592+0000] {logging_mixin.py:188} INFO - [2026-09-17T14:53:32.592+0000] {dagbag.py:545} INFO - Filling up the DagBag from /opt/airflow/dags/flight-pipeline.py
[2026-09-17T14:53:33.305+0000] {processor.py:840} INFO - DAG(s) 'flights_ops_medallion_pipe' retrieved from /opt/airflow/dags/flight-pipeline.py
[2026-09-17T14:53:33.347+0000] {logging_mixin.py:188} INFO - [2026-09-17T14:53:33.347+0000] {dag.py:3089} INFO - Sync 1 DAGs
[2026-09-17T14:53:33.377+0000] {logging_mixin.py:188} INFO - [2026-09-17T14:53:33.377+0000] {dag.py:3947} INFO - Setting next_dagrun for flights_ops_medallion_pipe to 2026-09-17 14:30:00+00:00, run_after=2026-09-17 15:00:00+00:00
[2026-09-17T14:53:33.402+0000] {processor.py:183} INFO - Processing /opt/airflow/dags/flight-pipeline.py took 0.826 seconds
[2026-09-17T14:54:03.724+0000] {processor.py:161} INFO - Started process (PID=1720) to work on /opt/airflow/dags/flight-pipeline.py
[2026-09-17T14:54:03.726+0000] {processor.py:830} INFO - Processing file /opt/airflow/dags/flight-pipeline.py for tasks to queue
[2026-09-17T14:54:03.728+0000] {logging_mixin.py:188} INFO - [2026-09-17T14:54:03.728+0000] {dagbag.py:545} INFO - Filling up the DagBag from /opt/airflow/dags/flight-pipeline.py
[2026-09-17T14:54:04.482+0000] {processor.py:840} INFO - DAG(s) 'flights_ops_medallion_pipe' retrieved from /opt/airflow/dags/flight-pipeline.py
[2026-09-17T14:54:04.534+0000] {logging_mixin.py:188} INFO - [2026-09-17T14:54:04.533+0000] {dag.py:3089} INFO - Sync 1 DAGs
[2026-09-17T14:54:04.559+0000] {logging_mixin.py:188} INFO - [2026-09-17T14:54:04.559+0000] {dag.py:3947} INFO - Setting next_dagrun for flights_ops_medallion_pipe to 2026-09-17 14:30:00+00:00, run_after=2026-09-17 15:00:00+00:00
[2026-09-17T14:54:04.583+0000] {processor.py:183} INFO - Processing /opt/airflow/dags/flight-pipeline.py took 0.870 seconds
[2026-09-17T14:54:34.893+0000] {processor.py:161} INFO - Started process (PID=1722) to work on /opt/airflow/dags/flight-pipeline.py
[2026-09-17T14:54:34.895+0000] {processor.py:830} INFO - Processing file /opt/airflow/dags/flight-pipeline.py for tasks to queue
[2026-09-17T14:54:34.897+0000] {logging_mixin.py:188} INFO - [2026-09-17T14:54:34.897+0000] {dagbag.py:545} INFO - Filling up the DagBag from /opt/airflow/dags/flight-pipeline.py
[2026-09-17T14:54:35.599+0000] {processor.py:840} INFO - DAG(s) 'flights_ops_medallion_pipe' retrieved from /opt/airflow/dags/flight-pipeline.py
[2026-09-17T14:54:35.641+0000] {logging_mixin.py:188} INFO - [2026-09-17T14:54:35.640+0000] {dag.py:3089} INFO - Sync 1 DAGs
[2026-09-17T14:54:35.668+0000] {logging_mixin.py:188} INFO - [2026-09-17T14:54:35.668+0000] {dag.py:3947} INFO - Setting next_dagrun for flights_ops_medallion_pipe to 2026-09-17 14:30:00+00:00, run_after=2026-09-17 15:00:00+00:00
[2026-09-17T14:54:35.691+0000] {processor.py:183} INFO - Processing /opt/airflow/dags/flight-pipeline.py took 0.808 seconds
[2026-09-17T14:55:05.994+0000] {processor.py:161} INFO - Started process (PID=1724) to work on /opt/airflow/dags/flight-pipeline.py
[2026-09-17T14:55:05.996+0000] {processor.py:830} INFO - Processing file /opt/airflow/dags/flight-pipeline.py for tasks to queue
[2026-09-17T14:55:05.999+0000] {logging_mixin.py:188} INFO - [2026-09-17T14:55:05.999+0000] {dagbag.py:545} INFO - Filling up the DagBag from /opt/airflow/dags/flight-pipeline.py
[2026-09-17T14:55:06.695+0000] {processor.py:840} INFO - DAG(s) 'flights_ops_medallion_pipe' retrieved from /opt/airflow/dags/flight-pipeline.py
[2026-09-17T14:55:06.745+0000] {logging_mixin.py:188} INFO - [2026-09-17T14:55:06.745+0000] {dag.py:3089} INFO - Sync 1 DAGs
[2026-09-17T14:55:06.770+0000] {logging_mixin.py:188} INFO - [2026-09-17T14:55:06.770+0000] {dag.py:3947} INFO - Setting next_dagrun for flights_ops_medallion_pipe to 2026-09-17 14:30:00+00:00, run_after=2026-09-17 15:00:00+00:00
[2026-09-17T14:55:06.792+0000] {processor.py:183} INFO - Processing /opt/airflow/dags/flight-pipeline.py took 0.810 seconds
[2026-09-17T14:55:36.882+0000] {processor.py:161} INFO - Started process (PID=1726) to work on /opt/airflow/dags/flight-pipeline.py
[2026-09-17T14:55:36.884+0000] {processor.py:830} INFO - Processing file /opt/airflow/dags/flight-pipeline.py for tasks to queue
[2026-09-17T14:55:36.887+0000] {logging_mixin.py:188} INFO - [2026-09-17T14:55:36.886+0000] {dagbag.py:545} INFO - Filling up the DagBag from /opt/airflow/dags/flight-pipeline.py
[2026-09-17T14:55:37.524+0000] {processor.py:840} INFO - DAG(s) 'flights_ops_medallion_pipe' retrieved from /opt/airflow/dags/flight-pipeline.py
[2026-09-17T14:55:37.575+0000] {logging_mixin.py:188} INFO - [2026-09-17T14:55:37.574+0000] {dag.py:3089} INFO - Sync 1 DAGs
[2026-09-17T14:55:37.601+0000] {logging_mixin.py:188} INFO - [2026-09-17T14:55:37.601+0000] {dag.py:3947} INFO - Setting next_dagrun for flights_ops_medallion_pipe to 2026-09-17 14:30:00+00:00, run_after=2026-09-17 15:00:00+00:00
[2026-09-17T14:55:37.624+0000] {processor.py:183} INFO - Processing /opt/airflow/dags/flight-pipeline.py took 0.752 seconds
[2026-09-17T14:56:07.945+0000] {processor.py:161} INFO - Started process (PID=1728) to work on /opt/airflow/dags/flight-pipeline.py
[2026-09-17T14:56:07.947+0000] {processor.py:830} INFO - Processing file /opt/airflow/dags/flight-pipeline.py for tasks to queue
[2026-09-17T14:56:07.949+0000] {logging_mixin.py:188} INFO - [2026-09-17T14:56:07.949+0000] {dagbag.py:545} INFO - Filling up the DagBag from /opt/airflow/dags/flight-pipeline.py
[2026-09-17T14:56:08.620+0000] {processor.py:840} INFO - DAG(s) 'flights_ops_medallion_pipe' retrieved from /opt/airflow/dags/flight-pipeline.py
[2026-09-17T14:56:08.659+0000] {logging_mixin.py:188} INFO - [2026-09-17T14:56:08.659+0000] {dag.py:3089} INFO - Sync 1 DAGs
[2026-09-17T14:56:08.686+0000] {logging_mixin.py:188} INFO - [2026-09-17T14:56:08.686+0000] {dag.py:3947} INFO - Setting next_dagrun for flights_ops_medallion_pipe to 2026-09-17 14:30:00+00:00, run_after=2026-09-17 15:00:00+00:00
[2026-09-17T14:56:08.709+0000] {processor.py:183} INFO - Processing /opt/airflow/dags/flight-pipeline.py took 0.774 seconds
[2026-09-17T14:56:39.043+0000] {processor.py:161} INFO - Started process (PID=1730) to work on /opt/airflow/dags/flight-pipeline.py
[2026-09-17T14:56:39.045+0000] {processor.py:830} INFO - Processing file /opt/airflow/dags/flight-pipeline.py for tasks to queue
[2026-09-17T14:56:39.048+0000] {logging_mixin.py:188} INFO - [2026-09-17T14:56:39.047+0000] {dagbag.py:545} INFO - Filling up the DagBag from /opt/airflow/dags/flight-pipeline.py
[2026-09-17T14:56:39.698+0000] {processor.py:840} INFO - DAG(s) 'flights_ops_medallion_pipe' retrieved from /opt/airflow/dags/flight-pipeline.py
[2026-09-17T14:56:39.737+0000] {logging_mixin.py:188} INFO - [2026-09-17T14:56:39.736+0000] {dag.py:3089} INFO - Sync 1 DAGs
[2026-09-17T14:56:39.762+0000] {logging_mixin.py:188} INFO - [2026-09-17T14:56:39.762+0000] {dag.py:3947} INFO - Setting next_dagrun for flights_ops_medallion_pipe to 2026-09-17 14:30:00+00:00, run_after=2026-09-17 15:00:00+00:00
[2026-09-17T14:56:39.784+0000] {processor.py:183} INFO - Processing /opt/airflow/dags/flight-pipeline.py took 0.752 seconds
[2026-09-17T14:57:09.941+0000] {processor.py:161} INFO - Started process (PID=1732) to work on /opt/airflow/dags/flight-pipeline.py
[2026-09-17T14:57:09.944+0000] {processor.py:830} INFO - Processing file /opt/airflow/dags/flight-pipeline.py for tasks to queue
[2026-09-17T14:57:09.947+0000] {logging_mixin.py:188} INFO - [2026-09-17T14:57:09.946+0000] {dagbag.py:545} INFO - Filling up the DagBag from /opt/airflow/dags/flight-pipeline.py
[2026-09-17T14:57:10.564+0000] {processor.py:840} INFO - DAG(s) 'flights_ops_medallion_pipe' retrieved from /opt/airflow/dags/flight-pipeline.py
[2026-09-17T14:57:10.603+0000] {logging_mixin.py:188} INFO - [2026-09-17T14:57:10.603+0000] {dag.py:3089} INFO - Sync 1 DAGs
[2026-09-17T14:57:10.627+0000] {logging_mixin.py:188} INFO - [2026-09-17T14:57:10.627+0000] {dag.py:3947} INFO - Setting next_dagrun for flights_ops_medallion_pipe to 2026-09-17 14:30:00+00:00, run_after=2026-09-17 15:00:00+00:00
[2026-09-17T14:57:10.650+0000] {processor.py:183} INFO - Processing /opt/airflow/dags/flight-pipeline.py took 0.720 seconds
[2026-09-17T14:57:40.997+0000] {processor.py:161} INFO - Started process (PID=1734) to work on /opt/airflow/dags/flight-pipeline.py
[2026-09-17T14:57:40.999+0000] {processor.py:830} INFO - Processing file /opt/airflow/dags/flight-pipeline.py for tasks to queue
[2026-09-17T14:57:41.001+0000] {logging_mixin.py:188} INFO - [2026-09-17T14:57:41.000+0000] {dagbag.py:545} INFO - Filling up the DagBag from /opt/airflow/dags/flight-pipeline.py
[2026-09-17T14:57:41.613+0000] {processor.py:840} INFO - DAG(s) 'flights_ops_medallion_pipe' retrieved from /opt/airflow/dags/flight-pipeline.py
[2026-09-17T14:57:41.659+0000] {logging_mixin.py:188} INFO - [2026-09-17T14:57:41.659+0000] {dag.py:3089} INFO - Sync 1 DAGs
[2026-09-17T14:57:41.689+0000] {logging_mixin.py:188} INFO - [2026-09-17T14:57:41.688+0000] {dag.py:3947} INFO - Setting next_dagrun for flights_ops_medallion_pipe to 2026-09-17 14:30:00+00:00, run_after=2026-09-17 15:00:00+00:00
[2026-09-17T14:57:41.712+0000] {processor.py:183} INFO - Processing /opt/airflow/dags/flight-pipeline.py took 0.725 seconds
[2026-09-17T14:58:12.058+0000] {processor.py:161} INFO - Started process (PID=1736) to work on /opt/airflow/dags/flight-pipeline.py
[2026-09-17T14:58:12.060+0000] {processor.py:830} INFO - Processing file /opt/airflow/dags/flight-pipeline.py for tasks to queue
[2026-09-17T14:58:12.063+0000] {logging_mixin.py:188} INFO - [2026-09-17T14:58:12.062+0000] {dagbag.py:545} INFO - Filling up the DagBag from /opt/airflow/dags/flight-pipeline.py
[2026-09-17T14:58:12.683+0000] {processor.py:840} INFO - DAG(s) 'flights_ops_medallion_pipe' retrieved from /opt/airflow/dags/flight-pipeline.py
[2026-09-17T14:58:12.724+0000] {logging_mixin.py:188} INFO - [2026-09-17T14:58:12.724+0000] {dag.py:3089} INFO - Sync 1 DAGs
[2026-09-17T14:58:12.748+0000] {logging_mixin.py:188} INFO - [2026-09-17T14:58:12.748+0000] {dag.py:3947} INFO - Setting next_dagrun for flights_ops_medallion_pipe to 2026-09-17 14:30:00+00:00, run_after=2026-09-17 15:00:00+00:00
[2026-09-17T14:58:12.769+0000] {processor.py:183} INFO - Processing /opt/airflow/dags/flight-pipeline.py took 0.722 seconds
[2026-09-17T14:58:42.890+0000] {processor.py:161} INFO - Started process (PID=1738) to work on /opt/airflow/dags/flight-pipeline.py
[2026-09-17T14:58:42.893+0000] {processor.py:830} INFO - Processing file /opt/airflow/dags/flight-pipeline.py for tasks to queue
[2026-09-17T14:58:42.895+0000] {logging_mixin.py:188} INFO - [2026-09-17T14:58:42.895+0000] {dagbag.py:545} INFO - Filling up the DagBag from /opt/airflow/dags/flight-pipeline.py
[2026-09-17T14:58:43.523+0000] {processor.py:840} INFO - DAG(s) 'flights_ops_medallion_pipe' retrieved from /opt/airflow/dags/flight-pipeline.py
[2026-09-17T14:58:43.563+0000] {logging_mixin.py:188} INFO - [2026-09-17T14:58:43.562+0000] {dag.py:3089} INFO - Sync 1 DAGs
[2026-09-17T14:58:43.587+0000] {logging_mixin.py:188} INFO - [2026-09-17T14:58:43.586+0000] {dag.py:3947} INFO - Setting next_dagrun for flights_ops_medallion_pipe to 2026-09-17 14:30:00+00:00, run_after=2026-09-17 15:00:00+00:00
[2026-09-17T14:58:43.609+0000] {processor.py:183} INFO - Processing /opt/airflow/dags/flight-pipeline.py took 0.731 seconds
[2026-09-17T14:59:13.968+0000] {processor.py:161} INFO - Started process (PID=1740) to work on /opt/airflow/dags/flight-pipeline.py
[2026-09-17T14:59:13.970+0000] {processor.py:830} INFO - Processing file /opt/airflow/dags/flight-pipeline.py for tasks to queue
[2026-09-17T14:59:13.973+0000] {logging_mixin.py:188} INFO - [2026-09-17T14:59:13.972+0000] {dagbag.py:545} INFO - Filling up the DagBag from /opt/airflow/dags/flight-pipeline.py
[2026-09-17T14:59:14.640+0000] {processor.py:840} INFO - DAG(s) 'flights_ops_medallion_pipe' retrieved from /opt/airflow/dags/flight-pipeline.py
[2026-09-17T14:59:14.681+0000] {logging_mixin.py:188} INFO - [2026-09-17T14:59:14.680+0000] {dag.py:3089} INFO - Sync 1 DAGs
[2026-09-17T14:59:14.707+0000] {logging_mixin.py:188} INFO - [2026-09-17T14:59:14.707+0000] {dag.py:3947} INFO - Setting next_dagrun for flights_ops_medallion_pipe to 2026-09-17 14:30:00+00:00, run_after=2026-09-17 15:00:00+00:00
[2026-09-17T14:59:14.729+0000] {processor.py:183} INFO - Processing /opt/airflow/dags/flight-pipeline.py took 0.772 seconds
[2026-09-17T14:59:45.071+0000] {processor.py:161} INFO - Started process (PID=1742) to work on /opt/airflow/dags/flight-pipeline.py
[2026-09-17T14:59:45.074+0000] {processor.py:830} INFO - Processing file /opt/airflow/dags/flight-pipeline.py for tasks to queue
[2026-09-17T14:59:45.076+0000] {logging_mixin.py:188} INFO - [2026-09-17T14:59:45.076+0000] {dagbag.py:545} INFO - Filling up the DagBag from /opt/airflow/dags/flight-pipeline.py
[2026-09-17T14:59:45.717+0000] {processor.py:840} INFO - DAG(s) 'flights_ops_medallion_pipe' retrieved from /opt/airflow/dags/flight-pipeline.py
[2026-09-17T14:59:45.757+0000] {logging_mixin.py:188} INFO - [2026-09-17T14:59:45.757+0000] {dag.py:3089} INFO - Sync 1 DAGs
[2026-09-17T14:59:45.783+0000] {logging_mixin.py:188} INFO - [2026-09-17T14:59:45.782+0000] {dag.py:3947} INFO - Setting next_dagrun for flights_ops_medallion_pipe to 2026-09-17 14:30:00+00:00, run_after=2026-09-17 15:00:00+00:00
[2026-09-17T14:59:45.805+0000] {processor.py:183} INFO - Processing /opt/airflow/dags/flight-pipeline.py took 0.744 seconds
[2026-09-17T15:00:16.128+0000] {processor.py:161} INFO - Started process (PID=1860) to work on /opt/airflow/dags/flight-pipeline.py
[2026-09-17T15:00:16.130+0000] {processor.py:830} INFO - Processing file /opt/airflow/dags/flight-pipeline.py for tasks to queue
[2026-09-17T15:00:16.132+0000] {logging_mixin.py:188} INFO - [2026-09-17T15:00:16.131+0000] {dagbag.py:545} INFO - Filling up the DagBag from /opt/airflow/dags/flight-pipeline.py
[2026-09-17T15:00:16.873+0000] {processor.py:840} INFO - DAG(s) 'flights_ops_medallion_pipe' retrieved from /opt/airflow/dags/flight-pipeline.py
[2026-09-17T15:00:16.915+0000] {logging_mixin.py:188} INFO - [2026-09-17T15:00:16.915+0000] {dag.py:3089} INFO - Sync 1 DAGs
[2026-09-17T15:00:16.952+0000] {logging_mixin.py:188} INFO - [2026-09-17T15:00:16.952+0000] {dag.py:3947} INFO - Setting next_dagrun for flights_ops_medallion_pipe to 2026-09-17 15:00:00+00:00, run_after=2026-09-17 15:30:00+00:00
[2026-09-17T15:00:16.977+0000] {processor.py:183} INFO - Processing /opt/airflow/dags/flight-pipeline.py took 0.859 seconds
[2026-09-17T15:00:47.148+0000] {processor.py:161} INFO - Started process (PID=1862) to work on /opt/airflow/dags/flight-pipeline.py
[2026-09-17T15:00:47.150+0000] {processor.py:830} INFO - Processing file /opt/airflow/dags/flight-pipeline.py for tasks to queue
[2026-09-17T15:00:47.152+0000] {logging_mixin.py:188} INFO - [2026-09-17T15:00:47.151+0000] {dagbag.py:545} INFO - Filling up the DagBag from /opt/airflow/dags/flight-pipeline.py
[2026-09-17T15:00:48.082+0000] {processor.py:840} INFO - DAG(s) 'flights_ops_medallion_pipe' retrieved from /opt/airflow/dags/flight-pipeline.py
[2026-09-17T15:00:48.132+0000] {logging_mixin.py:188} INFO - [2026-09-17T15:00:48.132+0000] {dag.py:3089} INFO - Sync 1 DAGs
[2026-09-17T15:00:48.163+0000] {logging_mixin.py:188} INFO - [2026-09-17T15:00:48.163+0000] {dag.py:3947} INFO - Setting next_dagrun for flights_ops_medallion_pipe to 2026-09-17 15:00:00+00:00, run_after=2026-09-17 15:30:00+00:00
[2026-09-17T15:00:48.184+0000] {processor.py:183} INFO - Processing /opt/airflow/dags/flight-pipeline.py took 1.046 seconds
[2026-09-17T15:01:18.437+0000] {processor.py:161} INFO - Started process (PID=1864) to work on /opt/airflow/dags/flight-pipeline.py
[2026-09-17T15:01:18.439+0000] {processor.py:830} INFO - Processing file /opt/airflow/dags/flight-pipeline.py for tasks to queue
[2026-09-17T15:01:18.441+0000] {logging_mixin.py:188} INFO - [2026-09-17T15:01:18.441+0000] {dagbag.py:545} INFO - Filling up the DagBag from /opt/airflow/dags/flight-pipeline.py
[2026-09-17T15:01:19.073+0000] {processor.py:840} INFO - DAG(s) 'flights_ops_medallion_pipe' retrieved from /opt/airflow/dags/flight-pipeline.py
[2026-09-17T15:01:19.117+0000] {logging_mixin.py:188} INFO - [2026-09-17T15:01:19.117+0000] {dag.py:3089} INFO - Sync 1 DAGs
[2026-09-17T15:01:19.145+0000] {logging_mixin.py:188} INFO - [2026-09-17T15:01:19.145+0000] {dag.py:3947} INFO - Setting next_dagrun for flights_ops_medallion_pipe to 2026-09-17 15:00:00+00:00, run_after=2026-09-17 15:30:00+00:00
[2026-09-17T15:01:19.170+0000] {processor.py:183} INFO - Processing /opt/airflow/dags/flight-pipeline.py took 0.744 seconds
[2026-09-17T15:01:49.526+0000] {processor.py:161} INFO - Started process (PID=1866) to work on /opt/airflow/dags/flight-pipeline.py
[2026-09-17T15:01:49.529+0000] {processor.py:830} INFO - Processing file /opt/airflow/dags/flight-pipeline.py for tasks to queue
[2026-09-17T15:01:49.531+0000] {logging_mixin.py:188} INFO - [2026-09-17T15:01:49.531+0000] {dagbag.py:545} INFO - Filling up the DagBag from /opt/airflow/dags/flight-pipeline.py
[2026-09-17T15:01:50.176+0000] {processor.py:840} INFO - DAG(s) 'flights_ops_medallion_pipe' retrieved from /opt/airflow/dags/flight-pipeline.py
[2026-09-17T15:01:50.218+0000] {logging_mixin.py:188} INFO - [2026-09-17T15:01:50.218+0000] {dag.py:3089} INFO - Sync 1 DAGs
[2026-09-17T15:01:50.244+0000] {logging_mixin.py:188} INFO - [2026-09-17T15:01:50.243+0000] {dag.py:3947} INFO - Setting next_dagrun for flights_ops_medallion_pipe to 2026-09-17 15:00:00+00:00, run_after=2026-09-17 15:30:00+00:00
[2026-09-17T15:01:50.266+0000] {processor.py:183} INFO - Processing /opt/airflow/dags/flight-pipeline.py took 0.751 seconds
[2026-09-17T15:02:20.614+0000] {processor.py:161} INFO - Started process (PID=1868) to work on /opt/airflow/dags/flight-pipeline.py
[2026-09-17T15:02:20.616+0000] {processor.py:830} INFO - Processing file /opt/airflow/dags/flight-pipeline.py for tasks to queue
[2026-09-17T15:02:20.618+0000] {logging_mixin.py:188} INFO - [2026-09-17T15:02:20.618+0000] {dagbag.py:545} INFO - Filling up the DagBag from /opt/airflow/dags/flight-pipeline.py
[2026-09-17T15:02:21.283+0000] {processor.py:840} INFO - DAG(s) 'flights_ops_medallion_pipe' retrieved from /opt/airflow/dags/flight-pipeline.py
[2026-09-17T15:02:21.320+0000] {logging_mixin.py:188} INFO - [2026-09-17T15:02:21.320+0000] {dag.py:3089} INFO - Sync 1 DAGs
[2026-09-17T15:02:21.345+0000] {logging_mixin.py:188} INFO - [2026-09-17T15:02:21.345+0000] {dag.py:3947} INFO - Setting next_dagrun for flights_ops_medallion_pipe to 2026-09-17 15:00:00+00:00, run_after=2026-09-17 15:30:00+00:00
[2026-09-17T15:02:21.366+0000] {processor.py:183} INFO - Processing /opt/airflow/dags/flight-pipeline.py took 0.767 seconds
[2026-09-17T15:02:51.725+0000] {processor.py:161} INFO - Started process (PID=1870) to work on /opt/airflow/dags/flight-pipeline.py
[2026-09-17T15:02:51.728+0000] {processor.py:830} INFO - Processing file /opt/airflow/dags/flight-pipeline.py for tasks to queue
[2026-09-17T15:02:51.731+0000] {logging_mixin.py:188} INFO - [2026-09-17T15:02:51.730+0000] {dagbag.py:545} INFO - Filling up the DagBag from /opt/airflow/dags/flight-pipeline.py
[2026-09-17T15:02:52.439+0000] {processor.py:840} INFO - DAG(s) 'flights_ops_medallion_pipe' retrieved from /opt/airflow/dags/flight-pipeline.py
[2026-09-17T15:02:52.479+0000] {logging_mixin.py:188} INFO - [2026-09-17T15:02:52.479+0000] {dag.py:3089} INFO - Sync 1 DAGs
[2026-09-17T15:02:52.505+0000] {logging_mixin.py:188} INFO - [2026-09-17T15:02:52.505+0000] {dag.py:3947} INFO - Setting next_dagrun for flights_ops_medallion_pipe to 2026-09-17 15:00:00+00:00, run_after=2026-09-17 15:30:00+00:00
[2026-09-17T15:02:52.528+0000] {processor.py:183} INFO - Processing /opt/airflow/dags/flight-pipeline.py took 0.814 seconds
[2026-09-17T15:03:22.892+0000] {processor.py:161} INFO - Started process (PID=1872) to work on /opt/airflow/dags/flight-pipeline.py
[2026-09-17T15:03:22.895+0000] {processor.py:830} INFO - Processing file /opt/airflow/dags/flight-pipeline.py for tasks to queue
[2026-09-17T15:03:22.898+0000] {logging_mixin.py:188} INFO - [2026-09-17T15:03:22.897+0000] {dagbag.py:545} INFO - Filling up the DagBag from /opt/airflow/dags/flight-pipeline.py
[2026-09-17T15:03:23.532+0000] {processor.py:840} INFO - DAG(s) 'flights_ops_medallion_pipe' retrieved from /opt/airflow/dags/flight-pipeline.py
[2026-09-17T15:03:23.567+0000] {logging_mixin.py:188} INFO - [2026-09-17T15:03:23.567+0000] {dag.py:3089} INFO - Sync 1 DAGs
[2026-09-17T15:03:23.592+0000] {logging_mixin.py:188} INFO - [2026-09-17T15:03:23.592+0000] {dag.py:3947} INFO - Setting next_dagrun for flights_ops_medallion_pipe to 2026-09-17 15:00:00+00:00, run_after=2026-09-17 15:30:00+00:00
[2026-09-17T15:03:23.615+0000] {processor.py:183} INFO - Processing /opt/airflow/dags/flight-pipeline.py took 0.734 seconds
[2026-09-17T15:03:53.728+0000] {processor.py:161} INFO - Started process (PID=1874) to work on /opt/airflow/dags/flight-pipeline.py
[2026-09-17T15:03:53.731+0000] {processor.py:830} INFO - Processing file /opt/airflow/dags/flight-pipeline.py for tasks to queue
[2026-09-17T15:03:53.733+0000] {logging_mixin.py:188} INFO - [2026-09-17T15:03:53.733+0000] {dagbag.py:545} INFO - Filling up the DagBag from /opt/airflow/dags/flight-pipeline.py
[2026-09-17T15:03:54.350+0000] {processor.py:840} INFO - DAG(s) 'flights_ops_medallion_pipe' retrieved from /opt/airflow/dags/flight-pipeline.py
[2026-09-17T15:03:54.389+0000] {logging_mixin.py:188} INFO - [2026-09-17T15:03:54.389+0000] {dag.py:3089} INFO - Sync 1 DAGs
[2026-09-17T15:03:54.414+0000] {logging_mixin.py:188} INFO - [2026-09-17T15:03:54.414+0000] {dag.py:3947} INFO - Setting next_dagrun for flights_ops_medallion_pipe to 2026-09-17 15:00:00+00:00, run_after=2026-09-17 15:30:00+00:00
[2026-09-17T15:03:54.436+0000] {processor.py:183} INFO - Processing /opt/airflow/dags/flight-pipeline.py took 0.717 seconds
[2026-09-17T15:04:24.776+0000] {processor.py:161} INFO - Started process (PID=1876) to work on /opt/airflow/dags/flight-pipeline.py
[2026-09-17T15:04:24.778+0000] {processor.py:830} INFO - Processing file /opt/airflow/dags/flight-pipeline.py for tasks to queue
[2026-09-17T15:04:24.781+0000] {logging_mixin.py:188} INFO - [2026-09-17T15:04:24.780+0000] {dagbag.py:545} INFO - Filling up the DagBag from /opt/airflow/dags/flight-pipeline.py
[2026-09-17T15:04:25.504+0000] {processor.py:840} INFO - DAG(s) 'flights_ops_medallion_pipe' retrieved from /opt/airflow/dags/flight-pipeline.py
[2026-09-17T15:04:25.553+0000] {logging_mixin.py:188} INFO - [2026-09-17T15:04:25.552+0000] {dag.py:3089} INFO - Sync 1 DAGs
[2026-09-17T15:04:25.584+0000] {logging_mixin.py:188} INFO - [2026-09-17T15:04:25.583+0000] {dag.py:3947} INFO - Setting next_dagrun for flights_ops_medallion_pipe to 2026-09-17 15:00:00+00:00, run_after=2026-09-17 15:30:00+00:00
[2026-09-17T15:04:25.608+0000] {processor.py:183} INFO - Processing /opt/airflow/dags/flight-pipeline.py took 0.847 seconds
[2026-09-17T15:04:55.920+0000] {processor.py:161} INFO - Started process (PID=1878) to work on /opt/airflow/dags/flight-pipeline.py
[2026-09-17T15:04:55.922+0000] {processor.py:830} INFO - Processing file /opt/airflow/dags/flight-pipeline.py for tasks to queue
[2026-09-17T15:04:55.925+0000] {logging_mixin.py:188} INFO - [2026-09-17T15:04:55.924+0000] {dagbag.py:545} INFO - Filling up the DagBag from /opt/airflow/dags/flight-pipeline.py
[2026-09-17T15:04:56.604+0000] {processor.py:840} INFO - DAG(s) 'flights_ops_medallion_pipe' retrieved from /opt/airflow/dags/flight-pipeline.py
[2026-09-17T15:04:56.641+0000] {logging_mixin.py:188} INFO - [2026-09-17T15:04:56.640+0000] {dag.py:3089} INFO - Sync 1 DAGs
[2026-09-17T15:04:56.670+0000] {logging_mixin.py:188} INFO - [2026-09-17T15:04:56.670+0000] {dag.py:3947} INFO - Setting next_dagrun for flights_ops_medallion_pipe to 2026-09-17 15:00:00+00:00, run_after=2026-09-17 15:30:00+00:00
[2026-09-17T15:04:56.693+0000] {processor.py:183} INFO - Processing /opt/airflow/dags/flight-pipeline.py took 0.790 seconds
[2026-09-17T15:05:27.003+0000] {processor.py:161} INFO - Started process (PID=1880) to work on /opt/airflow/dags/flight-pipeline.py
[2026-09-17T15:05:27.005+0000] {processor.py:830} INFO - Processing file /opt/airflow/dags/flight-pipeline.py for tasks to queue
[2026-09-17T15:05:27.007+0000] {logging_mixin.py:188} INFO - [2026-09-17T15:05:27.007+0000] {dagbag.py:545} INFO - Filling up the DagBag from /opt/airflow/dags/flight-pipeline.py
[2026-09-17T15:05:27.644+0000] {processor.py:840} INFO - DAG(s) 'flights_ops_medallion_pipe' retrieved from /opt/airflow/dags/flight-pipeline.py
[2026-09-17T15:05:27.683+0000] {logging_mixin.py:188} INFO - [2026-09-17T15:05:27.683+0000] {dag.py:3089} INFO - Sync 1 DAGs
[2026-09-17T15:05:27.709+0000] {logging_mixin.py:188} INFO - [2026-09-17T15:05:27.709+0000] {dag.py:3947} INFO - Setting next_dagrun for flights_ops_medallion_pipe to 2026-09-17 15:00:00+00:00, run_after=2026-09-17 15:30:00+00:00
[2026-09-17T15:05:27.731+0000] {processor.py:183} INFO - Processing /opt/airflow/dags/flight-pipeline.py took 0.739 seconds
[2026-09-17T15:05:57.950+0000] {processor.py:161} INFO - Started process (PID=1882) to work on /opt/airflow/dags/flight-pipeline.py
[2026-09-17T15:05:57.953+0000] {processor.py:830} INFO - Processing file /opt/airflow/dags/flight-pipeline.py for tasks to queue
[2026-09-17T15:05:57.955+0000] {logging_mixin.py:188} INFO - [2026-09-17T15:05:57.955+0000] {dagbag.py:545} INFO - Filling up the DagBag from /opt/airflow/dags/flight-pipeline.py
[2026-09-17T15:05:58.642+0000] {processor.py:840} INFO - DAG(s) 'flights_ops_medallion_pipe' retrieved from /opt/airflow/dags/flight-pipeline.py
[2026-09-17T15:05:58.683+0000] {logging_mixin.py:188} INFO - [2026-09-17T15:05:58.682+0000] {dag.py:3089} INFO - Sync 1 DAGs
[2026-09-17T15:05:58.708+0000] {logging_mixin.py:188} INFO - [2026-09-17T15:05:58.708+0000] {dag.py:3947} INFO - Setting next_dagrun for flights_ops_medallion_pipe to 2026-09-17 15:00:00+00:00, run_after=2026-09-17 15:30:00+00:00
[2026-09-17T15:05:58.731+0000] {processor.py:183} INFO - Processing /opt/airflow/dags/flight-pipeline.py took 0.792 seconds
[2026-09-17T15:06:29.144+0000] {processor.py:161} INFO - Started process (PID=1884) to work on /opt/airflow/dags/flight-pipeline.py
[2026-09-17T15:06:29.147+0000] {processor.py:830} INFO - Processing file /opt/airflow/dags/flight-pipeline.py for tasks to queue
[2026-09-17T15:06:29.149+0000] {logging_mixin.py:188} INFO - [2026-09-17T15:06:29.149+0000] {dagbag.py:545} INFO - Filling up the DagBag from /opt/airflow/dags/flight-pipeline.py
[2026-09-17T15:06:29.769+0000] {processor.py:840} INFO - DAG(s) 'flights_ops_medallion_pipe' retrieved from /opt/airflow/dags/flight-pipeline.py
[2026-09-17T15:06:29.807+0000] {logging_mixin.py:188} INFO - [2026-09-17T15:06:29.806+0000] {dag.py:3089} INFO - Sync 1 DAGs
[2026-09-17T15:06:29.833+0000] {logging_mixin.py:188} INFO - [2026-09-17T15:06:29.833+0000] {dag.py:3947} INFO - Setting next_dagrun for flights_ops_medallion_pipe to 2026-09-17 15:00:00+00:00, run_after=2026-09-17 15:30:00+00:00
[2026-09-17T15:06:29.855+0000] {processor.py:183} INFO - Processing /opt/airflow/dags/flight-pipeline.py took 0.721 seconds
[2026-09-17T15:07:00.202+0000] {processor.py:161} INFO - Started process (PID=1886) to work on /opt/airflow/dags/flight-pipeline.py
[2026-09-17T15:07:00.204+0000] {processor.py:830} INFO - Processing file /opt/airflow/dags/flight-pipeline.py for tasks to queue
[2026-09-17T15:07:00.207+0000] {logging_mixin.py:188} INFO - [2026-09-17T15:07:00.206+0000] {dagbag.py:545} INFO - Filling up the DagBag from /opt/airflow/dags/flight-pipeline.py
[2026-09-17T15:07:00.859+0000] {processor.py:840} INFO - DAG(s) 'flights_ops_medallion_pipe' retrieved from /opt/airflow/dags/flight-pipeline.py
[2026-09-17T15:07:00.900+0000] {logging_mixin.py:188} INFO - [2026-09-17T15:07:00.900+0000] {dag.py:3089} INFO - Sync 1 DAGs
[2026-09-17T15:07:00.927+0000] {logging_mixin.py:188} INFO - [2026-09-17T15:07:00.927+0000] {dag.py:3947} INFO - Setting next_dagrun for flights_ops_medallion_pipe to 2026-09-17 15:00:00+00:00, run_after=2026-09-17 15:30:00+00:00
[2026-09-17T15:07:00.951+0000] {processor.py:183} INFO - Processing /opt/airflow/dags/flight-pipeline.py took 0.762 seconds
[2026-09-17T15:07:31.298+0000] {processor.py:161} INFO - Started process (PID=1888) to work on /opt/airflow/dags/flight-pipeline.py
[2026-09-17T15:07:31.300+0000] {processor.py:830} INFO - Processing file /opt/airflow/dags/flight-pipeline.py for tasks to queue
[2026-09-17T15:07:31.302+0000] {logging_mixin.py:188} INFO - [2026-09-17T15:07:31.302+0000] {dagbag.py:545} INFO - Filling up the DagBag from /opt/airflow/dags/flight-pipeline.py
[2026-09-17T15:07:31.916+0000] {processor.py:840} INFO - DAG(s) 'flights_ops_medallion_pipe' retrieved from /opt/airflow/dags/flight-pipeline.py
[2026-09-17T15:07:31.956+0000] {logging_mixin.py:188} INFO - [2026-09-17T15:07:31.956+0000] {dag.py:3089} INFO - Sync 1 DAGs
[2026-09-17T15:07:31.981+0000] {logging_mixin.py:188} INFO - [2026-09-17T15:07:31.980+0000] {dag.py:3947} INFO - Setting next_dagrun for flights_ops_medallion_pipe to 2026-09-17 15:00:00+00:00, run_after=2026-09-17 15:30:00+00:00
[2026-09-17T15:07:32.004+0000] {processor.py:183} INFO - Processing /opt/airflow/dags/flight-pipeline.py took 0.716 seconds
[2026-09-17T15:08:02.338+0000] {processor.py:161} INFO - Started process (PID=1890) to work on /opt/airflow/dags/flight-pipeline.py
[2026-09-17T15:08:02.341+0000] {processor.py:830} INFO - Processing file /opt/airflow/dags/flight-pipeline.py for tasks to queue
[2026-09-17T15:08:02.343+0000] {logging_mixin.py:188} INFO - [2026-09-17T15:08:02.343+0000] {dagbag.py:545} INFO - Filling up the DagBag from /opt/airflow/dags/flight-pipeline.py
[2026-09-17T15:08:02.974+0000] {processor.py:840} INFO - DAG(s) 'flights_ops_medallion_pipe' retrieved from /opt/airflow/dags/flight-pipeline.py
[2026-09-17T15:08:03.013+0000] {logging_mixin.py:188} INFO - [2026-09-17T15:08:03.013+0000] {dag.py:3089} INFO - Sync 1 DAGs
[2026-09-17T15:08:03.037+0000] {logging_mixin.py:188} INFO - [2026-09-17T15:08:03.037+0000] {dag.py:3947} INFO - Setting next_dagrun for flights_ops_medallion_pipe to 2026-09-17 15:00:00+00:00, run_after=2026-09-17 15:30:00+00:00
[2026-09-17T15:08:03.059+0000] {processor.py:183} INFO - Processing /opt/airflow/dags/flight-pipeline.py took 0.732 seconds
