[2026-09-16T07:27:53.735+0000] {manager.py:470} INFO - Processing files using up to 2 processes at a time 
[2026-09-16T07:27:53.738+0000] {manager.py:471} INFO - Process each file at most once every 30 seconds
[2026-09-16T07:27:53.741+0000] {manager.py:472} INFO - Checking for new files in /opt/airflow/dags every 300 seconds
[2026-09-16T07:27:53.744+0000] {manager.py:737} INFO - Searching for files in /opt/airflow/dags
[2026-09-16T07:27:53.754+0000] {manager.py:740} INFO - There are 0 files in /opt/airflow/dags
[2026-09-16T07:32:54.686+0000] {manager.py:737} INFO - Searching for files in /opt/airflow/dags
[2026-09-16T07:32:54.699+0000] {manager.py:740} INFO - There are 0 files in /opt/airflow/dags
[2026-09-16T07:37:55.618+0000] {manager.py:737} INFO - Searching for files in /opt/airflow/dags
[2026-09-16T07:37:55.627+0000] {manager.py:740} INFO - There are 0 files in /opt/airflow/dags
[2026-09-16T07:42:56.468+0000] {manager.py:737} INFO - Searching for files in /opt/airflow/dags
[2026-09-16T07:42:56.479+0000] {manager.py:740} INFO - There are 0 files in /opt/airflow/dags
[2026-09-16T07:47:57.398+0000] {manager.py:737} INFO - Searching for files in /opt/airflow/dags
[2026-09-16T07:47:57.411+0000] {manager.py:740} INFO - There are 0 files in /opt/airflow/dags
[2026-09-16T07:52:58.374+0000] {manager.py:737} INFO - Searching for files in /opt/airflow/dags
[2026-09-16T07:52:58.386+0000] {manager.py:740} INFO - There are 0 files in /opt/airflow/dags
[2026-09-16T07:57:58.483+0000] {manager.py:737} INFO - Searching for files in /opt/airflow/dags
[2026-09-16T07:57:58.494+0000] {manager.py:740} INFO - There are 0 files in /opt/airflow/dags
[2026-09-16T08:02:59.428+0000] {manager.py:737} INFO - Searching for files in /opt/airflow/dags
[2026-09-16T08:02:59.441+0000] {manager.py:740} INFO - There are 0 files in /opt/airflow/dags
[2026-09-16T08:07:59.429+0000] {manager.py:737} INFO - Searching for files in /opt/airflow/dags
[2026-09-16T08:07:59.440+0000] {manager.py:740} INFO - There are 0 files in /opt/airflow/dags
[2026-09-16T08:13:00.351+0000] {manager.py:737} INFO - Searching for files in /opt/airflow/dags
[2026-09-16T08:13:00.364+0000] {manager.py:740} INFO - There are 0 files in /opt/airflow/dags
[2026-09-16T08:18:01.272+0000] {manager.py:737} INFO - Searching for files in /opt/airflow/dags
[2026-09-16T08:18:01.285+0000] {manager.py:740} INFO - There are 0 files in /opt/airflow/dags
[2026-09-16T08:23:01.273+0000] {manager.py:737} INFO - Searching for files in /opt/airflow/dags
[2026-09-16T08:23:01.285+0000] {manager.py:740} INFO - There are 0 files in /opt/airflow/dags
[2026-09-16T08:28:02.183+0000] {manager.py:737} INFO - Searching for files in /opt/airflow/dags
[2026-09-16T08:28:02.193+0000] {manager.py:740} INFO - There are 0 files in /opt/airflow/dags
[2026-09-16T08:33:02.999+0000] {manager.py:737} INFO - Searching for files in /opt/airflow/dags
[2026-09-16T08:33:03.009+0000] {manager.py:740} INFO - There are 0 files in /opt/airflow/dags
[2026-09-16T08:38:03.822+0000] {manager.py:737} INFO - Searching for files in /opt/airflow/dags
[2026-09-16T08:38:03.833+0000] {manager.py:740} INFO - There are 0 files in /opt/airflow/dags
[2026-09-16T08:43:03.829+0000] {manager.py:737} INFO - Searching for files in /opt/airflow/dags
[2026-09-16T08:43:03.841+0000] {manager.py:740} INFO - There are 0 files in /opt/airflow/dags
[2026-09-16T08:48:03.872+0000] {manager.py:737} INFO - Searching for files in /opt/airflow/dags
[2026-09-16T08:48:03.884+0000] {manager.py:740} INFO - There are 0 files in /opt/airflow/dags
[2026-09-16T08:53:03.991+0000] {manager.py:737} INFO - Searching for files in /opt/airflow/dags
[2026-09-16T08:53:04.003+0000] {manager.py:740} INFO - There are 0 files in /opt/airflow/dags
[2026-09-16T08:58:04.097+0000] {manager.py:737} INFO - Searching for files in /opt/airflow/dags
[2026-09-16T08:58:04.110+0000] {manager.py:740} INFO - There are 0 files in /opt/airflow/dags
[2026-09-16T09:03:04.168+0000] {manager.py:737} INFO - Searching for files in /opt/airflow/dags
[2026-09-16T09:03:04.177+0000] {manager.py:740} INFO - There are 0 files in /opt/airflow/dags
[2026-09-16T09:08:04.213+0000] {manager.py:737} INFO - Searching for files in /opt/airflow/dags
[2026-09-16T09:08:04.223+0000] {manager.py:740} INFO - There are 0 files in /opt/airflow/dags
[2026-09-16T09:13:04.268+0000] {manager.py:737} INFO - Searching for files in /opt/airflow/dags
[2026-09-16T09:13:04.279+0000] {manager.py:740} INFO - There are 0 files in /opt/airflow/dags
[2026-09-16T09:18:04.325+0000] {manager.py:737} INFO - Searching for files in /opt/airflow/dags
[2026-09-16T09:18:04.337+0000] {manager.py:740} INFO - There are 0 files in /opt/airflow/dags
[2026-09-16T09:23:04.381+0000] {manager.py:737} INFO - Searching for files in /opt/airflow/dags
[2026-09-16T09:23:04.394+0000] {manager.py:740} INFO - There are 0 files in /opt/airflow/dags
[2026-09-16T09:28:04.507+0000] {manager.py:737} INFO - Searching for files in /opt/airflow/dags
[2026-09-16T09:28:04.517+0000] {manager.py:740} INFO - There are 0 files in /opt/airflow/dags
[2026-09-16T09:33:04.585+0000] {manager.py:737} INFO - Searching for files in /opt/airflow/dags
[2026-09-16T09:33:04.595+0000] {manager.py:740} INFO - There are 0 files in /opt/airflow/dags
[2026-09-16T09:38:04.588+0000] {manager.py:737} INFO - Searching for files in /opt/airflow/dags
[2026-09-16T09:38:04.599+0000] {manager.py:740} INFO - There are 0 files in /opt/airflow/dags
[2026-09-16T09:43:04.682+0000] {manager.py:737} INFO - Searching for files in /opt/airflow/dags
[2026-09-16T09:43:04.693+0000] {manager.py:740} INFO - There are 0 files in /opt/airflow/dags
[2026-09-16T09:48:04.752+0000] {manager.py:737} INFO - Searching for files in /opt/airflow/dags
[2026-09-16T09:48:04.762+0000] {manager.py:740} INFO - There are 0 files in /opt/airflow/dags
[2026-09-16T09:53:04.834+0000] {manager.py:737} INFO - Searching for files in /opt/airflow/dags
[2026-09-16T09:53:04.846+0000] {manager.py:740} INFO - There are 0 files in /opt/airflow/dags
[2026-09-16T09:58:04.935+0000] {manager.py:737} INFO - Searching for files in /opt/airflow/dags
[2026-09-16T09:58:04.946+0000] {manager.py:740} INFO - There are 0 files in /opt/airflow/dags
[2026-09-16T10:03:05.008+0000] {manager.py:737} INFO - Searching for files in /opt/airflow/dags
[2026-09-16T10:03:05.021+0000] {manager.py:740} INFO - There are 0 files in /opt/airflow/dags
[2026-09-16T10:08:05.096+0000] {manager.py:737} INFO - Searching for files in /opt/airflow/dags
[2026-09-16T10:08:05.108+0000] {manager.py:740} INFO - There are 0 files in /opt/airflow/dags
[2026-09-16T10:13:05.197+0000] {manager.py:737} INFO - Searching for files in /opt/airflow/dags
[2026-09-16T10:13:05.209+0000] {manager.py:740} INFO - There are 0 files in /opt/airflow/dags
[2026-09-16T10:18:05.320+0000] {manager.py:737} INFO - Searching for files in /opt/airflow/dags
[2026-09-16T10:18:05.331+0000] {manager.py:740} INFO - There are 0 files in /opt/airflow/dags
[2026-09-16T10:23:05.396+0000] {manager.py:737} INFO - Searching for files in /opt/airflow/dags
[2026-09-16T10:23:05.408+0000] {manager.py:740} INFO - There are 0 files in /opt/airflow/dags
[2026-09-16T10:28:05.478+0000] {manager.py:737} INFO - Searching for files in /opt/airflow/dags
[2026-09-16T10:28:05.490+0000] {manager.py:740} INFO - There are 0 files in /opt/airflow/dags
[2026-09-16T10:33:05.520+0000] {manager.py:737} INFO - Searching for files in /opt/airflow/dags
[2026-09-16T10:33:05.531+0000] {manager.py:740} INFO - There are 0 files in /opt/airflow/dags
[2026-09-16T10:38:05.601+0000] {manager.py:737} INFO - Searching for files in /opt/airflow/dags
[2026-09-16T10:38:05.611+0000] {manager.py:740} INFO - There are 0 files in /opt/airflow/dags
[2026-09-16T10:43:06.598+0000] {manager.py:737} INFO - Searching for files in /opt/airflow/dags
[2026-09-16T10:43:06.607+0000] {manager.py:740} INFO - There are 0 files in /opt/airflow/dags
[2026-09-16T10:48:07.582+0000] {manager.py:737} INFO - Searching for files in /opt/airflow/dags
[2026-09-16T10:48:07.592+0000] {manager.py:740} INFO - There are 0 files in /opt/airflow/dags
[2026-09-16T10:53:08.551+0000] {manager.py:737} INFO - Searching for files in /opt/airflow/dags
[2026-09-16T10:53:08.561+0000] {manager.py:740} INFO - There are 0 files in /opt/airflow/dags
[2026-09-16T10:58:08.586+0000] {manager.py:737} INFO - Searching for files in /opt/airflow/dags
[2026-09-16T10:58:08.597+0000] {manager.py:740} INFO - There are 0 files in /opt/airflow/dags
[2026-09-16T11:03:08.615+0000] {manager.py:737} INFO - Searching for files in /opt/airflow/dags
[2026-09-16T11:03:08.626+0000] {manager.py:740} INFO - There are 0 files in /opt/airflow/dags
[2026-09-16T11:08:08.623+0000] {manager.py:737} INFO - Searching for files in /opt/airflow/dags
[2026-09-16T11:08:08.634+0000] {manager.py:740} INFO - There are 0 files in /opt/airflow/dags
[2026-09-16T11:13:09.572+0000] {manager.py:737} INFO - Searching for files in /opt/airflow/dags
[2026-09-16T11:13:09.579+0000] {manager.py:740} INFO - There are 0 files in /opt/airflow/dags
[2026-09-16T11:18:10.557+0000] {manager.py:737} INFO - Searching for files in /opt/airflow/dags
[2026-09-16T11:18:10.567+0000] {manager.py:740} INFO - There are 0 files in /opt/airflow/dags
[2026-09-16T11:23:10.621+0000] {manager.py:737} INFO - Searching for files in /opt/airflow/dags
[2026-09-16T11:23:10.632+0000] {manager.py:740} INFO - There are 0 files in /opt/airflow/dags
[2026-09-16T11:28:10.705+0000] {manager.py:737} INFO - Searching for files in /opt/airflow/dags
[2026-09-16T11:28:10.716+0000] {manager.py:740} INFO - There are 0 files in /opt/airflow/dags
[2026-09-16T11:33:10.776+0000] {manager.py:737} INFO - Searching for files in /opt/airflow/dags
[2026-09-16T11:33:10.786+0000] {manager.py:740} INFO - There are 0 files in /opt/airflow/dags
[2026-09-16T11:38:10.856+0000] {manager.py:737} INFO - Searching for files in /opt/airflow/dags
[2026-09-16T11:38:10.866+0000] {manager.py:740} INFO - There are 0 files in /opt/airflow/dags
[2026-09-16T11:43:10.940+0000] {manager.py:737} INFO - Searching for files in /opt/airflow/dags
[2026-09-16T11:43:10.949+0000] {manager.py:740} INFO - There are 0 files in /opt/airflow/dags
[2026-09-16T11:48:10.958+0000] {manager.py:737} INFO - Searching for files in /opt/airflow/dags
[2026-09-16T11:48:10.968+0000] {manager.py:740} INFO - There are 0 files in /opt/airflow/dags
[2026-09-16T11:53:11.943+0000] {manager.py:737} INFO - Searching for files in /opt/airflow/dags
[2026-09-16T11:53:11.955+0000] {manager.py:740} INFO - There are 0 files in /opt/airflow/dags
[2026-09-16T11:58:12.003+0000] {manager.py:737} INFO - Searching for files in /opt/airflow/dags
[2026-09-16T11:58:12.016+0000] {manager.py:740} INFO - There are 0 files in /opt/airflow/dags
[2026-09-16T12:03:12.018+0000] {manager.py:737} INFO - Searching for files in /opt/airflow/dags
[2026-09-16T12:03:12.029+0000] {manager.py:740} INFO - There are 0 files in /opt/airflow/dags
[2026-09-16T12:08:13.019+0000] {manager.py:737} INFO - Searching for files in /opt/airflow/dags
[2026-09-16T12:08:13.031+0000] {manager.py:740} INFO - There are 0 files in /opt/airflow/dags
[2026-09-16T12:13:13.034+0000] {manager.py:737} INFO - Searching for files in /opt/airflow/dags
[2026-09-16T12:13:13.047+0000] {manager.py:740} INFO - There are 0 files in /opt/airflow/dags
[2026-09-16T12:18:13.123+0000] {manager.py:737} INFO - Searching for files in /opt/airflow/dags
[2026-09-16T12:18:13.135+0000] {manager.py:740} INFO - There are 0 files in /opt/airflow/dags
[2026-09-16T12:23:13.178+0000] {manager.py:737} INFO - Searching for files in /opt/airflow/dags
[2026-09-16T12:23:13.191+0000] {manager.py:740} INFO - There are 0 files in /opt/airflow/dags
[2026-09-16T12:28:13.289+0000] {manager.py:737} INFO - Searching for files in /opt/airflow/dags
[2026-09-16T12:28:13.303+0000] {manager.py:740} INFO - There are 0 files in /opt/airflow/dags
[2026-09-16T12:33:13.349+0000] {manager.py:737} INFO - Searching for files in /opt/airflow/dags
[2026-09-16T12:33:13.360+0000] {manager.py:740} INFO - There are 0 files in /opt/airflow/dags
[2026-09-16T12:38:13.409+0000] {manager.py:737} INFO - Searching for files in /opt/airflow/dags
[2026-09-16T12:38:13.422+0000] {manager.py:740} INFO - There are 0 files in /opt/airflow/dags
[2026-09-16T12:43:13.470+0000] {manager.py:737} INFO - Searching for files in /opt/airflow/dags
[2026-09-16T12:43:13.481+0000] {manager.py:740} INFO - There are 0 files in /opt/airflow/dags
[2026-09-16T12:48:13.567+0000] {manager.py:737} INFO - Searching for files in /opt/airflow/dags
[2026-09-16T12:48:13.579+0000] {manager.py:740} INFO - There are 0 files in /opt/airflow/dags
[2026-09-16T12:53:13.696+0000] {manager.py:737} INFO - Searching for files in /opt/airflow/dags
[2026-09-16T12:53:13.706+0000] {manager.py:740} INFO - There are 0 files in /opt/airflow/dags
[2026-09-16T12:58:13.733+0000] {manager.py:737} INFO - Searching for files in /opt/airflow/dags
[2026-09-16T12:58:13.744+0000] {manager.py:740} INFO - There are 0 files in /opt/airflow/dags
[2026-09-16T13:03:13.795+0000] {manager.py:737} INFO - Searching for files in /opt/airflow/dags
[2026-09-16T13:03:13.807+0000] {manager.py:740} INFO - There are 0 files in /opt/airflow/dags
[2026-09-16T13:08:13.805+0000] {manager.py:737} INFO - Searching for files in /opt/airflow/dags
[2026-09-16T13:08:13.816+0000] {manager.py:740} INFO - There are 0 files in /opt/airflow/dags
[2026-09-16T13:13:13.873+0000] {manager.py:737} INFO - Searching for files in /opt/airflow/dags
[2026-09-16T13:13:13.883+0000] {manager.py:740} INFO - There are 0 files in /opt/airflow/dags
[2026-09-16T13:18:13.936+0000] {manager.py:737} INFO - Searching for files in /opt/airflow/dags
[2026-09-16T13:18:13.948+0000] {manager.py:740} INFO - There are 0 files in /opt/airflow/dags
[2026-09-16T13:23:13.981+0000] {manager.py:737} INFO - Searching for files in /opt/airflow/dags
[2026-09-16T13:23:13.991+0000] {manager.py:740} INFO - There are 0 files in /opt/airflow/dags
[2026-09-16T13:28:14.919+0000] {manager.py:737} INFO - Searching for files in /opt/airflow/dags
[2026-09-16T13:28:14.930+0000] {manager.py:740} INFO - There are 0 files in /opt/airflow/dags
[2026-09-16T13:33:15.830+0000] {manager.py:737} INFO - Searching for files in /opt/airflow/dags
[2026-09-16T13:33:15.842+0000] {manager.py:740} INFO - There are 0 files in /opt/airflow/dags
[2026-09-16T13:38:16.728+0000] {manager.py:737} INFO - Searching for files in /opt/airflow/dags
[2026-09-16T13:38:16.739+0000] {manager.py:740} INFO - There are 0 files in /opt/airflow/dags
[2026-09-16T13:43:17.642+0000] {manager.py:737} INFO - Searching for files in /opt/airflow/dags
[2026-09-16T13:43:17.654+0000] {manager.py:740} INFO - There are 0 files in /opt/airflow/dags
[2026-09-16T13:48:18.557+0000] {manager.py:737} INFO - Searching for files in /opt/airflow/dags
[2026-09-16T13:48:18.569+0000] {manager.py:740} INFO - There are 0 files in /opt/airflow/dags
[2026-09-16T13:53:19.465+0000] {manager.py:737} INFO - Searching for files in /opt/airflow/dags
[2026-09-16T13:53:19.475+0000] {manager.py:740} INFO - There are 0 files in /opt/airflow/dags
[2026-09-16T13:58:20.391+0000] {manager.py:737} INFO - Searching for files in /opt/airflow/dags
[2026-09-16T13:58:20.403+0000] {manager.py:740} INFO - There are 0 files in /opt/airflow/dags
[2026-09-16T14:03:21.301+0000] {manager.py:737} INFO - Searching for files in /opt/airflow/dags
[2026-09-16T14:03:21.313+0000] {manager.py:740} INFO - There are 0 files in /opt/airflow/dags
[2026-09-16T14:08:22.215+0000] {manager.py:737} INFO - Searching for files in /opt/airflow/dags
[2026-09-16T14:08:22.227+0000] {manager.py:740} INFO - There are 0 files in /opt/airflow/dags
[2026-09-16T14:13:23.160+0000] {manager.py:737} INFO - Searching for files in /opt/airflow/dags
[2026-09-16T14:13:23.171+0000] {manager.py:740} INFO - There are 0 files in /opt/airflow/dags
[2026-09-16T14:18:24.096+0000] {manager.py:737} INFO - Searching for files in /opt/airflow/dags
[2026-09-16T14:18:24.108+0000] {manager.py:740} INFO - There are 0 files in /opt/airflow/dags
[2026-09-16T14:23:25.015+0000] {manager.py:737} INFO - Searching for files in /opt/airflow/dags
[2026-09-16T14:23:25.027+0000] {manager.py:740} INFO - There are 0 files in /opt/airflow/dags
[2026-09-16T14:28:25.949+0000] {manager.py:737} INFO - Searching for files in /opt/airflow/dags
[2026-09-16T14:28:25.958+0000] {manager.py:740} INFO - There are 0 files in /opt/airflow/dags
[2026-09-16T14:33:26.841+0000] {manager.py:737} INFO - Searching for files in /opt/airflow/dags
[2026-09-16T14:33:26.853+0000] {manager.py:740} INFO - There are 0 files in /opt/airflow/dags
[2026-09-16T14:38:27.789+0000] {manager.py:737} INFO - Searching for files in /opt/airflow/dags
[2026-09-16T14:38:27.801+0000] {manager.py:740} INFO - There are 0 files in /opt/airflow/dags
[2026-09-16T14:43:28.744+0000] {manager.py:737} INFO - Searching for files in /opt/airflow/dags
[2026-09-16T14:43:28.754+0000] {manager.py:740} INFO - There are 0 files in /opt/airflow/dags
[2026-09-16T14:48:29.679+0000] {manager.py:737} INFO - Searching for files in /opt/airflow/dags
[2026-09-16T14:48:29.690+0000] {manager.py:740} INFO - There are 0 files in /opt/airflow/dags
[2026-09-16T14:53:30.627+0000] {manager.py:737} INFO - Searching for files in /opt/airflow/dags
[2026-09-16T14:53:30.639+0000] {manager.py:740} INFO - There are 0 files in /opt/airflow/dags
[2026-09-16T14:58:31.621+0000] {manager.py:737} INFO - Searching for files in /opt/airflow/dags
[2026-09-16T14:58:31.633+0000] {manager.py:740} INFO - There are 0 files in /opt/airflow/dags
[2026-09-16T15:03:32.563+0000] {manager.py:737} INFO - Searching for files in /opt/airflow/dags
[2026-09-16T15:03:32.574+0000] {manager.py:740} INFO - There are 0 files in /opt/airflow/dags
[2026-09-16T15:08:33.502+0000] {manager.py:737} INFO - Searching for files in /opt/airflow/dags
[2026-09-16T15:08:33.514+0000] {manager.py:740} INFO - There are 0 files in /opt/airflow/dags
[2026-09-16T15:13:34.415+0000] {manager.py:737} INFO - Searching for files in /opt/airflow/dags
[2026-09-16T15:13:34.427+0000] {manager.py:740} INFO - There are 0 files in /opt/airflow/dags
[2026-09-16T15:18:35.328+0000] {manager.py:737} INFO - Searching for files in /opt/airflow/dags
[2026-09-16T15:18:35.340+0000] {manager.py:740} INFO - There are 0 files in /opt/airflow/dags
[2026-09-16T15:23:36.288+0000] {manager.py:737} INFO - Searching for files in /opt/airflow/dags
[2026-09-16T15:23:36.300+0000] {manager.py:740} INFO - There are 0 files in /opt/airflow/dags
[2026-09-16T15:28:37.200+0000] {manager.py:737} INFO - Searching for files in /opt/airflow/dags
[2026-09-16T15:28:37.210+0000] {manager.py:740} INFO - There are 0 files in /opt/airflow/dags
[2026-09-16T15:33:38.106+0000] {manager.py:737} INFO - Searching for files in /opt/airflow/dags
[2026-09-16T15:33:38.117+0000] {manager.py:740} INFO - There are 0 files in /opt/airflow/dags
[2026-09-16T15:38:39.013+0000] {manager.py:737} INFO - Searching for files in /opt/airflow/dags
[2026-09-16T15:38:39.024+0000] {manager.py:740} INFO - There are 0 files in /opt/airflow/dags
[2026-09-16T15:43:39.926+0000] {manager.py:737} INFO - Searching for files in /opt/airflow/dags
[2026-09-16T15:43:39.938+0000] {manager.py:740} INFO - There are 0 files in /opt/airflow/dags
[2026-09-16T15:48:40.837+0000] {manager.py:737} INFO - Searching for files in /opt/airflow/dags
[2026-09-16T15:48:40.848+0000] {manager.py:740} INFO - There are 0 files in /opt/airflow/dags
[2026-09-16T15:53:41.800+0000] {manager.py:737} INFO - Searching for files in /opt/airflow/dags
[2026-09-16T15:53:41.813+0000] {manager.py:740} INFO - There are 0 files in /opt/airflow/dags
[2026-09-16T15:58:42.795+0000] {manager.py:737} INFO - Searching for files in /opt/airflow/dags
[2026-09-16T15:58:42.806+0000] {manager.py:740} INFO - There are 0 files in /opt/airflow/dags
[2026-09-17T09:50:42.705+0000] {manager.py:470} INFO - Processing files using up to 2 processes at a time 
[2026-09-17T09:50:42.709+0000] {manager.py:471} INFO - Process each file at most once every 30 seconds
[2026-09-17T09:50:42.711+0000] {manager.py:472} INFO - Checking for new files in /opt/airflow/dags every 300 seconds
[2026-09-17T09:50:42.716+0000] {manager.py:737} INFO - Searching for files in /opt/airflow/dags
[2026-09-17T09:50:42.722+0000] {manager.py:740} INFO - There are 0 files in /opt/airflow/dags
[2026-09-17T09:55:43.654+0000] {manager.py:737} INFO - Searching for files in /opt/airflow/dags
[2026-09-17T09:55:43.663+0000] {manager.py:740} INFO - There are 0 files in /opt/airflow/dags
[2026-09-17T10:00:44.561+0000] {manager.py:737} INFO - Searching for files in /opt/airflow/dags
[2026-09-17T10:00:44.571+0000] {manager.py:740} INFO - There are 0 files in /opt/airflow/dags
[2026-09-17T10:05:45.512+0000] {manager.py:737} INFO - Searching for files in /opt/airflow/dags
[2026-09-17T10:05:45.521+0000] {manager.py:740} INFO - There are 0 files in /opt/airflow/dags
[2026-09-17T10:10:46.423+0000] {manager.py:737} INFO - Searching for files in /opt/airflow/dags
[2026-09-17T10:10:46.430+0000] {manager.py:740} INFO - There are 0 files in /opt/airflow/dags
[2026-09-17T10:15:47.203+0000] {manager.py:737} INFO - Searching for files in /opt/airflow/dags
[2026-09-17T10:15:47.213+0000] {manager.py:740} INFO - There are 0 files in /opt/airflow/dags
[2026-09-17T10:20:48.097+0000] {manager.py:737} INFO - Searching for files in /opt/airflow/dags
[2026-09-17T10:20:48.108+0000] {manager.py:740} INFO - There are 0 files in /opt/airflow/dags
[2026-09-17T10:25:49.065+0000] {manager.py:737} INFO - Searching for files in /opt/airflow/dags
[2026-09-17T10:25:49.076+0000] {manager.py:740} INFO - There are 0 files in /opt/airflow/dags
[2026-09-17T10:30:50.036+0000] {manager.py:737} INFO - Searching for files in /opt/airflow/dags
[2026-09-17T10:30:50.048+0000] {manager.py:740} INFO - There are 0 files in /opt/airflow/dags
[2026-09-17T10:35:50.036+0000] {manager.py:737} INFO - Searching for files in /opt/airflow/dags
[2026-09-17T10:35:50.048+0000] {manager.py:740} INFO - There are 0 files in /opt/airflow/dags
[2026-09-17T10:40:50.954+0000] {manager.py:737} INFO - Searching for files in /opt/airflow/dags
[2026-09-17T10:40:50.960+0000] {manager.py:740} INFO - There are 0 files in /opt/airflow/dags
[2026-09-17T10:45:51.853+0000] {manager.py:737} INFO - Searching for files in /opt/airflow/dags
[2026-09-17T10:45:51.865+0000] {manager.py:740} INFO - There are 0 files in /opt/airflow/dags
[2026-09-17T10:50:52.756+0000] {manager.py:737} INFO - Searching for files in /opt/airflow/dags
[2026-09-17T10:50:52.766+0000] {manager.py:740} INFO - There are 0 files in /opt/airflow/dags
[2026-09-17T10:55:53.633+0000] {manager.py:737} INFO - Searching for files in /opt/airflow/dags
[2026-09-17T10:55:53.638+0000] {manager.py:740} INFO - There are 0 files in /opt/airflow/dags
[2026-09-17T11:00:54.405+0000] {manager.py:737} INFO - Searching for files in /opt/airflow/dags
[2026-09-17T11:00:54.411+0000] {manager.py:740} INFO - There are 0 files in /opt/airflow/dags
[2026-09-17T11:05:55.200+0000] {manager.py:737} INFO - Searching for files in /opt/airflow/dags
[2026-09-17T11:05:55.209+0000] {manager.py:740} INFO - There are 0 files in /opt/airflow/dags
[2026-09-17T11:10:56.112+0000] {manager.py:737} INFO - Searching for files in /opt/airflow/dags
[2026-09-17T11:10:56.124+0000] {manager.py:740} INFO - There are 0 files in /opt/airflow/dags
[2026-09-17T11:15:56.881+0000] {manager.py:737} INFO - Searching for files in /opt/airflow/dags
[2026-09-17T11:15:56.890+0000] {manager.py:740} INFO - There are 0 files in /opt/airflow/dags
[2026-09-17T11:20:57.726+0000] {manager.py:737} INFO - Searching for files in /opt/airflow/dags
[2026-09-17T11:20:57.745+0000] {manager.py:740} INFO - There are 0 files in /opt/airflow/dags
[2026-09-17T11:25:58.553+0000] {manager.py:737} INFO - Searching for files in /opt/airflow/dags
[2026-09-17T11:25:58.572+0000] {manager.py:740} INFO - There are 0 files in /opt/airflow/dags
[2026-09-17T11:30:59.320+0000] {manager.py:737} INFO - Searching for files in /opt/airflow/dags
[2026-09-17T11:30:59.336+0000] {manager.py:740} INFO - There are 0 files in /opt/airflow/dags
[2026-09-17T11:36:00.069+0000] {manager.py:737} INFO - Searching for files in /opt/airflow/dags
[2026-09-17T11:36:00.084+0000] {manager.py:740} INFO - There are 0 files in /opt/airflow/dags
[2026-09-17T11:41:00.798+0000] {manager.py:737} INFO - Searching for files in /opt/airflow/dags
[2026-09-17T11:41:00.816+0000] {manager.py:740} INFO - There are 1 files in /opt/airflow/dags
[2026-09-17T11:41:24.077+0000] {manager.py:878} INFO - 
================================================================================
DAG File Processing Stats

File Path                             PID    Runtime      # DAGs    # Errors  Last Runtime    Last Run
------------------------------------  -----  ---------  --------  ----------  --------------  -------------------
/opt/airflow/dags/flight-pipeline.py                           0           1  0.17s           2026-09-17T11:41:01
================================================================================
[2026-09-17T11:41:54.420+0000] {manager.py:878} INFO - 
================================================================================
DAG File Processing Stats

File Path                             PID    Runtime      # DAGs    # Errors  Last Runtime    Last Run
------------------------------------  -----  ---------  --------  ----------  --------------  -------------------
/opt/airflow/dags/flight-pipeline.py                           0           1  0.14s           2026-09-17T11:41:31
================================================================================
[2026-09-17T11:42:24.703+0000] {manager.py:878} INFO - 
================================================================================
DAG File Processing Stats

File Path                             PID    Runtime      # DAGs    # Errors  Last Runtime    Last Run
------------------------------------  -----  ---------  --------  ----------  --------------  -------------------
/opt/airflow/dags/flight-pipeline.py                           0           1  0.13s           2026-09-17T11:42:01
================================================================================
[2026-09-17T11:42:55.009+0000] {manager.py:878} INFO - 
================================================================================
DAG File Processing Stats

File Path                             PID    Runtime      # DAGs    # Errors  Last Runtime    Last Run
------------------------------------  -----  ---------  --------  ----------  --------------  -------------------
/opt/airflow/dags/flight-pipeline.py                           0           1  0.13s           2026-09-17T11:42:31
================================================================================
[2026-09-17T11:43:25.382+0000] {manager.py:878} INFO - 
================================================================================
DAG File Processing Stats

File Path                             PID    Runtime      # DAGs    # Errors  Last Runtime    Last Run
------------------------------------  -----  ---------  --------  ----------  --------------  -------------------
/opt/airflow/dags/flight-pipeline.py                           1           0  0.70s           2026-09-17T11:43:03
================================================================================
[2026-09-17T11:43:55.511+0000] {manager.py:878} INFO - 
================================================================================
DAG File Processing Stats

File Path                             PID    Runtime      # DAGs    # Errors  Last Runtime    Last Run
------------------------------------  -----  ---------  --------  ----------  --------------  -------------------
/opt/airflow/dags/flight-pipeline.py                           1           0  0.27s           2026-09-17T11:43:34
================================================================================
[2026-09-17T11:44:25.771+0000] {manager.py:878} INFO - 
================================================================================
DAG File Processing Stats

File Path                             PID    Runtime      # DAGs    # Errors  Last Runtime    Last Run
------------------------------------  -----  ---------  --------  ----------  --------------  -------------------
/opt/airflow/dags/flight-pipeline.py                           1           0  0.23s           2026-09-17T11:44:04
================================================================================
[2026-09-17T11:44:56.215+0000] {manager.py:878} INFO - 
================================================================================
DAG File Processing Stats

File Path                             PID    Runtime      # DAGs    # Errors  Last Runtime    Last Run
------------------------------------  -----  ---------  --------  ----------  --------------  -------------------
/opt/airflow/dags/flight-pipeline.py                           1           0  0.25s           2026-09-17T11:44:35
================================================================================
[2026-09-17T11:45:26.493+0000] {manager.py:878} INFO - 
================================================================================
DAG File Processing Stats

File Path                             PID    Runtime      # DAGs    # Errors  Last Runtime    Last Run
------------------------------------  -----  ---------  --------  ----------  --------------  -------------------
/opt/airflow/dags/flight-pipeline.py                           1           0  0.22s           2026-09-17T11:45:05
================================================================================
[2026-09-17T11:45:56.914+0000] {manager.py:878} INFO - 
================================================================================
DAG File Processing Stats

File Path                             PID    Runtime      # DAGs    # Errors  Last Runtime    Last Run
------------------------------------  -----  ---------  --------  ----------  --------------  -------------------
/opt/airflow/dags/flight-pipeline.py                           1           0  0.21s           2026-09-17T11:45:35
================================================================================
[2026-09-17T11:46:00.949+0000] {manager.py:737} INFO - Searching for files in /opt/airflow/dags
[2026-09-17T11:46:00.986+0000] {manager.py:740} INFO - There are 1 files in /opt/airflow/dags
[2026-09-17T11:46:27.236+0000] {manager.py:878} INFO - 
================================================================================
DAG File Processing Stats

File Path                             PID    Runtime      # DAGs    # Errors  Last Runtime    Last Run
------------------------------------  -----  ---------  --------  ----------  --------------  -------------------
/opt/airflow/dags/flight-pipeline.py                           1           0  0.22s           2026-09-17T11:46:06
================================================================================
[2026-09-17T11:46:57.657+0000] {manager.py:878} INFO - 
================================================================================
DAG File Processing Stats

File Path                             PID    Runtime      # DAGs    # Errors  Last Runtime    Last Run
------------------------------------  -----  ---------  --------  ----------  --------------  -------------------
/opt/airflow/dags/flight-pipeline.py                           1           0  0.24s           2026-09-17T11:46:36
================================================================================
[2026-09-17T11:47:27.940+0000] {manager.py:878} INFO - 
================================================================================
DAG File Processing Stats

File Path                             PID    Runtime      # DAGs    # Errors  Last Runtime    Last Run
------------------------------------  -----  ---------  --------  ----------  --------------  -------------------
/opt/airflow/dags/flight-pipeline.py                           1           0  0.24s           2026-09-17T11:47:06
================================================================================
[2026-09-17T11:47:58.372+0000] {manager.py:878} INFO - 
================================================================================
DAG File Processing Stats

File Path                             PID    Runtime      # DAGs    # Errors  Last Runtime    Last Run
------------------------------------  -----  ---------  --------  ----------  --------------  -------------------
/opt/airflow/dags/flight-pipeline.py                           1           0  0.21s           2026-09-17T11:47:37
================================================================================
[2026-09-17T11:48:28.657+0000] {manager.py:878} INFO - 
================================================================================
DAG File Processing Stats

File Path                             PID    Runtime      # DAGs    # Errors  Last Runtime    Last Run
------------------------------------  -----  ---------  --------  ----------  --------------  -------------------
/opt/airflow/dags/flight-pipeline.py                           1           0  0.22s           2026-09-17T11:48:07
================================================================================
[2026-09-17T11:48:59.063+0000] {manager.py:878} INFO - 
================================================================================
DAG File Processing Stats

File Path                             PID    Runtime      # DAGs    # Errors  Last Runtime    Last Run
------------------------------------  -----  ---------  --------  ----------  --------------  -------------------
/opt/airflow/dags/flight-pipeline.py                           1           0  0.26s           2026-09-17T11:48:38
================================================================================
[2026-09-17T11:49:29.371+0000] {manager.py:878} INFO - 
================================================================================
DAG File Processing Stats

File Path                             PID    Runtime      # DAGs    # Errors  Last Runtime    Last Run
------------------------------------  -----  ---------  --------  ----------  --------------  -------------------
/opt/airflow/dags/flight-pipeline.py                           1           0  0.23s           2026-09-17T11:49:08
================================================================================
[2026-09-17T11:49:59.739+0000] {manager.py:878} INFO - 
================================================================================
DAG File Processing Stats

File Path                             PID    Runtime      # DAGs    # Errors  Last Runtime    Last Run
------------------------------------  -----  ---------  --------  ----------  --------------  -------------------
/opt/airflow/dags/flight-pipeline.py                           1           0  0.23s           2026-09-17T11:49:38
================================================================================
[2026-09-17T11:50:30.057+0000] {manager.py:878} INFO - 
================================================================================
DAG File Processing Stats

File Path                             PID    Runtime      # DAGs    # Errors  Last Runtime    Last Run
------------------------------------  -----  ---------  --------  ----------  --------------  -------------------
/opt/airflow/dags/flight-pipeline.py                           1           0  0.22s           2026-09-17T11:50:09
================================================================================
[2026-09-17T11:51:00.455+0000] {manager.py:878} INFO - 
================================================================================
DAG File Processing Stats

File Path                             PID    Runtime      # DAGs    # Errors  Last Runtime    Last Run
------------------------------------  -----  ---------  --------  ----------  --------------  -------------------
/opt/airflow/dags/flight-pipeline.py                           1           0  0.22s           2026-09-17T11:50:39
================================================================================
[2026-09-17T11:51:01.465+0000] {manager.py:737} INFO - Searching for files in /opt/airflow/dags
[2026-09-17T11:51:01.507+0000] {manager.py:740} INFO - There are 1 files in /opt/airflow/dags
[2026-09-17T11:51:30.795+0000] {manager.py:878} INFO - 
================================================================================
DAG File Processing Stats

File Path                             PID    Runtime      # DAGs    # Errors  Last Runtime    Last Run
------------------------------------  -----  ---------  --------  ----------  --------------  -------------------
/opt/airflow/dags/flight-pipeline.py                           1           0  0.23s           2026-09-17T11:51:09
================================================================================
[2026-09-17T11:52:01.210+0000] {manager.py:878} INFO - 
================================================================================
DAG File Processing Stats

File Path                             PID    Runtime      # DAGs    # Errors  Last Runtime    Last Run
------------------------------------  -----  ---------  --------  ----------  --------------  -------------------
/opt/airflow/dags/flight-pipeline.py                           1           0  0.24s           2026-09-17T11:51:40
================================================================================
[2026-09-17T11:52:31.493+0000] {manager.py:878} INFO - 
================================================================================
DAG File Processing Stats

File Path                             PID    Runtime      # DAGs    # Errors  Last Runtime    Last Run
------------------------------------  -----  ---------  --------  ----------  --------------  -------------------
/opt/airflow/dags/flight-pipeline.py                           1           0  0.22s           2026-09-17T11:52:10
================================================================================
[2026-09-17T11:53:01.902+0000] {manager.py:878} INFO - 
================================================================================
DAG File Processing Stats

File Path                             PID    Runtime      # DAGs    # Errors  Last Runtime    Last Run
------------------------------------  -----  ---------  --------  ----------  --------------  -------------------
/opt/airflow/dags/flight-pipeline.py                           1           0  0.22s           2026-09-17T11:52:40
================================================================================
[2026-09-17T11:53:32.168+0000] {manager.py:878} INFO - 
================================================================================
DAG File Processing Stats

File Path                             PID    Runtime      # DAGs    # Errors  Last Runtime    Last Run
------------------------------------  -----  ---------  --------  ----------  --------------  -------------------
/opt/airflow/dags/flight-pipeline.py                           1           0  0.23s           2026-09-17T11:53:11
================================================================================
[2026-09-17T11:54:02.583+0000] {manager.py:878} INFO - 
================================================================================
DAG File Processing Stats

File Path                             PID    Runtime      # DAGs    # Errors  Last Runtime    Last Run
------------------------------------  -----  ---------  --------  ----------  --------------  -------------------
/opt/airflow/dags/flight-pipeline.py                           1           0  0.24s           2026-09-17T11:53:41
================================================================================
[2026-09-17T11:54:32.846+0000] {manager.py:878} INFO - 
================================================================================
DAG File Processing Stats

File Path                             PID    Runtime      # DAGs    # Errors  Last Runtime    Last Run
------------------------------------  -----  ---------  --------  ----------  --------------  -------------------
/opt/airflow/dags/flight-pipeline.py                           1           0  0.23s           2026-09-17T11:54:11
================================================================================
[2026-09-17T11:55:03.240+0000] {manager.py:878} INFO - 
================================================================================
DAG File Processing Stats

File Path                             PID    Runtime      # DAGs    # Errors  Last Runtime    Last Run
------------------------------------  -----  ---------  --------  ----------  --------------  -------------------
/opt/airflow/dags/flight-pipeline.py                           1           0  0.23s           2026-09-17T11:54:42
================================================================================
[2026-09-17T11:55:33.507+0000] {manager.py:878} INFO - 
================================================================================
DAG File Processing Stats

File Path                             PID    Runtime      # DAGs    # Errors  Last Runtime    Last Run
------------------------------------  -----  ---------  --------  ----------  --------------  -------------------
/opt/airflow/dags/flight-pipeline.py                           1           0  0.23s           2026-09-17T11:55:12
================================================================================
[2026-09-17T11:56:01.858+0000] {manager.py:737} INFO - Searching for files in /opt/airflow/dags
[2026-09-17T11:56:01.897+0000] {manager.py:740} INFO - There are 1 files in /opt/airflow/dags
[2026-09-17T11:56:03.928+0000] {manager.py:878} INFO - 
================================================================================
DAG File Processing Stats

File Path                             PID    Runtime      # DAGs    # Errors  Last Runtime    Last Run
------------------------------------  -----  ---------  --------  ----------  --------------  -------------------
/opt/airflow/dags/flight-pipeline.py                           1           0  0.21s           2026-09-17T11:55:42
================================================================================
[2026-09-17T11:56:34.180+0000] {manager.py:878} INFO - 
================================================================================
DAG File Processing Stats

File Path                             PID    Runtime      # DAGs    # Errors  Last Runtime    Last Run
------------------------------------  -----  ---------  --------  ----------  --------------  -------------------
/opt/airflow/dags/flight-pipeline.py                           1           0  0.26s           2026-09-17T11:56:13
================================================================================
[2026-09-17T11:57:04.651+0000] {manager.py:878} INFO - 
================================================================================
DAG File Processing Stats

File Path                             PID    Runtime      # DAGs    # Errors  Last Runtime    Last Run
------------------------------------  -----  ---------  --------  ----------  --------------  -------------------
/opt/airflow/dags/flight-pipeline.py                           1           0  0.22s           2026-09-17T11:56:43
================================================================================
[2026-09-17T11:57:35.073+0000] {manager.py:878} INFO - 
================================================================================
DAG File Processing Stats

File Path                             PID    Runtime      # DAGs    # Errors  Last Runtime    Last Run
------------------------------------  -----  ---------  --------  ----------  --------------  -------------------
/opt/airflow/dags/flight-pipeline.py                           1           0  0.20s           2026-09-17T11:57:13
================================================================================
[2026-09-17T11:58:05.342+0000] {manager.py:878} INFO - 
================================================================================
DAG File Processing Stats

File Path                             PID    Runtime      # DAGs    # Errors  Last Runtime    Last Run
------------------------------------  -----  ---------  --------  ----------  --------------  -------------------
/opt/airflow/dags/flight-pipeline.py                           1           0  0.24s           2026-09-17T11:57:44
================================================================================
[2026-09-17T11:58:35.774+0000] {manager.py:878} INFO - 
================================================================================
DAG File Processing Stats

File Path                             PID    Runtime      # DAGs    # Errors  Last Runtime    Last Run
------------------------------------  -----  ---------  --------  ----------  --------------  -------------------
/opt/airflow/dags/flight-pipeline.py                           1           0  0.24s           2026-09-17T11:58:14
================================================================================
[2026-09-17T11:59:06.051+0000] {manager.py:878} INFO - 
================================================================================
DAG File Processing Stats

File Path                             PID    Runtime      # DAGs    # Errors  Last Runtime    Last Run
------------------------------------  -----  ---------  --------  ----------  --------------  -------------------
/opt/airflow/dags/flight-pipeline.py                           1           0  0.22s           2026-09-17T11:58:45
================================================================================
[2026-09-17T11:59:36.422+0000] {manager.py:878} INFO - 
================================================================================
DAG File Processing Stats

File Path                             PID    Runtime      # DAGs    # Errors  Last Runtime    Last Run
------------------------------------  -----  ---------  --------  ----------  --------------  -------------------
/opt/airflow/dags/flight-pipeline.py                           1           0  0.22s           2026-09-17T11:59:15
================================================================================
[2026-09-17T12:00:06.674+0000] {manager.py:878} INFO - 
================================================================================
DAG File Processing Stats

File Path                             PID    Runtime      # DAGs    # Errors  Last Runtime    Last Run
------------------------------------  -----  ---------  --------  ----------  --------------  -------------------
/opt/airflow/dags/flight-pipeline.py                           1           0  0.22s           2026-09-17T11:59:45
================================================================================
[2026-09-17T12:00:37.060+0000] {manager.py:878} INFO - 
================================================================================
DAG File Processing Stats

File Path                             PID    Runtime      # DAGs    # Errors  Last Runtime    Last Run
------------------------------------  -----  ---------  --------  ----------  --------------  -------------------
/opt/airflow/dags/flight-pipeline.py                           1           0  0.22s           2026-09-17T12:00:15
================================================================================
[2026-09-17T12:01:02.261+0000] {manager.py:737} INFO - Searching for files in /opt/airflow/dags
[2026-09-17T12:01:02.299+0000] {manager.py:740} INFO - There are 1 files in /opt/airflow/dags
[2026-09-17T12:01:07.357+0000] {manager.py:878} INFO - 
================================================================================
DAG File Processing Stats

File Path                             PID    Runtime      # DAGs    # Errors  Last Runtime    Last Run
------------------------------------  -----  ---------  --------  ----------  --------------  -------------------
/opt/airflow/dags/flight-pipeline.py                           1           0  0.24s           2026-09-17T12:00:46
================================================================================
[2026-09-17T12:01:37.715+0000] {manager.py:878} INFO - 
================================================================================
DAG File Processing Stats

File Path                             PID    Runtime      # DAGs    # Errors  Last Runtime    Last Run
------------------------------------  -----  ---------  --------  ----------  --------------  -------------------
/opt/airflow/dags/flight-pipeline.py                           1           0  0.21s           2026-09-17T12:01:16
================================================================================
[2026-09-17T12:02:07.973+0000] {manager.py:878} INFO - 
================================================================================
DAG File Processing Stats

File Path                             PID    Runtime      # DAGs    # Errors  Last Runtime    Last Run
------------------------------------  -----  ---------  --------  ----------  --------------  -------------------
/opt/airflow/dags/flight-pipeline.py                           1           0  0.20s           2026-09-17T12:01:46
================================================================================
[2026-09-17T12:02:38.332+0000] {manager.py:878} INFO - 
================================================================================
DAG File Processing Stats

File Path                             PID    Runtime      # DAGs    # Errors  Last Runtime    Last Run
------------------------------------  -----  ---------  --------  ----------  --------------  -------------------
/opt/airflow/dags/flight-pipeline.py                           1           0  0.25s           2026-09-17T12:02:17
================================================================================
[2026-09-17T12:03:08.639+0000] {manager.py:878} INFO - 
================================================================================
DAG File Processing Stats

File Path                             PID    Runtime      # DAGs    # Errors  Last Runtime    Last Run
------------------------------------  -----  ---------  --------  ----------  --------------  -------------------
/opt/airflow/dags/flight-pipeline.py                           1           0  0.22s           2026-09-17T12:02:47
================================================================================
[2026-09-17T12:03:38.986+0000] {manager.py:878} INFO - 
================================================================================
DAG File Processing Stats

File Path                             PID    Runtime      # DAGs    # Errors  Last Runtime    Last Run
------------------------------------  -----  ---------  --------  ----------  --------------  -------------------
/opt/airflow/dags/flight-pipeline.py                           1           0  0.25s           2026-09-17T12:03:17
================================================================================
[2026-09-17T12:04:09.318+0000] {manager.py:878} INFO - 
================================================================================
DAG File Processing Stats

File Path                             PID    Runtime      # DAGs    # Errors  Last Runtime    Last Run
------------------------------------  -----  ---------  --------  ----------  --------------  -------------------
/opt/airflow/dags/flight-pipeline.py                           1           0  0.20s           2026-09-17T12:03:48
================================================================================
[2026-09-17T12:04:39.633+0000] {manager.py:878} INFO - 
================================================================================
DAG File Processing Stats

File Path                             PID    Runtime      # DAGs    # Errors  Last Runtime    Last Run
------------------------------------  -----  ---------  --------  ----------  --------------  -------------------
/opt/airflow/dags/flight-pipeline.py                           1           0  0.23s           2026-09-17T12:04:18
================================================================================
[2026-09-17T12:05:10.021+0000] {manager.py:878} INFO - 
================================================================================
DAG File Processing Stats

File Path                             PID    Runtime      # DAGs    # Errors  Last Runtime    Last Run
------------------------------------  -----  ---------  --------  ----------  --------------  -------------------
/opt/airflow/dags/flight-pipeline.py                           1           0  0.24s           2026-09-17T12:04:48
================================================================================
[2026-09-17T12:05:40.330+0000] {manager.py:878} INFO - 
================================================================================
DAG File Processing Stats

File Path                             PID    Runtime      # DAGs    # Errors  Last Runtime    Last Run
------------------------------------  -----  ---------  --------  ----------  --------------  -------------------
/opt/airflow/dags/flight-pipeline.py                           1           0  0.21s           2026-09-17T12:05:19
================================================================================
[2026-09-17T12:06:02.615+0000] {manager.py:737} INFO - Searching for files in /opt/airflow/dags
[2026-09-17T12:06:02.653+0000] {manager.py:740} INFO - There are 1 files in /opt/airflow/dags
[2026-09-17T12:06:10.733+0000] {manager.py:878} INFO - 
================================================================================
DAG File Processing Stats

File Path                             PID    Runtime      # DAGs    # Errors  Last Runtime    Last Run
------------------------------------  -----  ---------  --------  ----------  --------------  -------------------
/opt/airflow/dags/flight-pipeline.py                           1           0  0.23s           2026-09-17T12:05:49
================================================================================
[2026-09-17T12:06:40.987+0000] {manager.py:878} INFO - 
================================================================================
DAG File Processing Stats

File Path                             PID    Runtime      # DAGs    # Errors  Last Runtime    Last Run
------------------------------------  -----  ---------  --------  ----------  --------------  -------------------
/opt/airflow/dags/flight-pipeline.py                           1           0  0.22s           2026-09-17T12:06:20
================================================================================
[2026-09-17T12:07:11.382+0000] {manager.py:878} INFO - 
================================================================================
DAG File Processing Stats

File Path                             PID    Runtime      # DAGs    # Errors  Last Runtime    Last Run
------------------------------------  -----  ---------  --------  ----------  --------------  -------------------
/opt/airflow/dags/flight-pipeline.py                           1           0  0.23s           2026-09-17T12:06:50
================================================================================
[2026-09-17T12:07:41.657+0000] {manager.py:878} INFO - 
================================================================================
DAG File Processing Stats

File Path                             PID    Runtime      # DAGs    # Errors  Last Runtime    Last Run
------------------------------------  -----  ---------  --------  ----------  --------------  -------------------
/opt/airflow/dags/flight-pipeline.py                           1           0  0.25s           2026-09-17T12:07:20
================================================================================
[2026-09-17T12:08:12.064+0000] {manager.py:878} INFO - 
================================================================================
DAG File Processing Stats

File Path                             PID    Runtime      # DAGs    # Errors  Last Runtime    Last Run
------------------------------------  -----  ---------  --------  ----------  --------------  -------------------
/opt/airflow/dags/flight-pipeline.py                           1           0  0.29s           2026-09-17T12:07:51
================================================================================
[2026-09-17T12:08:42.394+0000] {manager.py:878} INFO - 
================================================================================
DAG File Processing Stats

File Path                             PID    Runtime      # DAGs    # Errors  Last Runtime    Last Run
------------------------------------  -----  ---------  --------  ----------  --------------  -------------------
/opt/airflow/dags/flight-pipeline.py                           1           0  0.23s           2026-09-17T12:08:21
================================================================================
[2026-09-17T12:09:12.732+0000] {manager.py:878} INFO - 
================================================================================
DAG File Processing Stats

File Path                             PID    Runtime      # DAGs    # Errors  Last Runtime    Last Run
------------------------------------  -----  ---------  --------  ----------  --------------  -------------------
/opt/airflow/dags/flight-pipeline.py                           1           0  0.22s           2026-09-17T12:08:51
================================================================================
[2026-09-17T12:09:43.035+0000] {manager.py:878} INFO - 
================================================================================
DAG File Processing Stats

File Path                             PID    Runtime      # DAGs    # Errors  Last Runtime    Last Run
------------------------------------  -----  ---------  --------  ----------  --------------  -------------------
/opt/airflow/dags/flight-pipeline.py                           1           0  0.25s           2026-09-17T12:09:22
================================================================================
[2026-09-17T12:10:13.402+0000] {manager.py:878} INFO - 
================================================================================
DAG File Processing Stats

File Path                             PID    Runtime      # DAGs    # Errors  Last Runtime    Last Run
------------------------------------  -----  ---------  --------  ----------  --------------  -------------------
/opt/airflow/dags/flight-pipeline.py                           1           0  0.23s           2026-09-17T12:09:52
================================================================================
[2026-09-17T12:10:43.663+0000] {manager.py:878} INFO - 
================================================================================
DAG File Processing Stats

File Path                             PID    Runtime      # DAGs    # Errors  Last Runtime    Last Run
------------------------------------  -----  ---------  --------  ----------  --------------  -------------------
/opt/airflow/dags/flight-pipeline.py                           1           0  0.22s           2026-09-17T12:10:22
================================================================================
[2026-09-17T12:11:02.937+0000] {manager.py:737} INFO - Searching for files in /opt/airflow/dags
[2026-09-17T12:11:02.974+0000] {manager.py:740} INFO - There are 1 files in /opt/airflow/dags
[2026-09-17T12:11:14.063+0000] {manager.py:878} INFO - 
================================================================================
DAG File Processing Stats

File Path                             PID    Runtime      # DAGs    # Errors  Last Runtime    Last Run
------------------------------------  -----  ---------  --------  ----------  --------------  -------------------
/opt/airflow/dags/flight-pipeline.py                           1           0  0.24s           2026-09-17T12:10:52
================================================================================
[2026-09-17T12:11:44.306+0000] {manager.py:878} INFO - 
================================================================================
DAG File Processing Stats

File Path                             PID    Runtime      # DAGs    # Errors  Last Runtime    Last Run
------------------------------------  -----  ---------  --------  ----------  --------------  -------------------
/opt/airflow/dags/flight-pipeline.py                           1           0  0.22s           2026-09-17T12:11:23
================================================================================
[2026-09-17T12:12:14.689+0000] {manager.py:878} INFO - 
================================================================================
DAG File Processing Stats

File Path                             PID    Runtime      # DAGs    # Errors  Last Runtime    Last Run
------------------------------------  -----  ---------  --------  ----------  --------------  -------------------
/opt/airflow/dags/flight-pipeline.py                           1           0  0.24s           2026-09-17T12:11:53
================================================================================
[2026-09-17T12:12:44.935+0000] {manager.py:878} INFO - 
================================================================================
DAG File Processing Stats

File Path                             PID    Runtime      # DAGs    # Errors  Last Runtime    Last Run
------------------------------------  -----  ---------  --------  ----------  --------------  -------------------
/opt/airflow/dags/flight-pipeline.py                           1           0  0.22s           2026-09-17T12:12:23
================================================================================
[2026-09-17T12:13:15.313+0000] {manager.py:878} INFO - 
================================================================================
DAG File Processing Stats

File Path                             PID    Runtime      # DAGs    # Errors  Last Runtime    Last Run
------------------------------------  -----  ---------  --------  ----------  --------------  -------------------
/opt/airflow/dags/flight-pipeline.py                           1           0  0.24s           2026-09-17T12:12:54
================================================================================
[2026-09-17T12:13:45.590+0000] {manager.py:878} INFO - 
================================================================================
DAG File Processing Stats

File Path                             PID    Runtime      # DAGs    # Errors  Last Runtime    Last Run
------------------------------------  -----  ---------  --------  ----------  --------------  -------------------
/opt/airflow/dags/flight-pipeline.py                           1           0  0.26s           2026-09-17T12:13:24
================================================================================
[2026-09-17T12:14:16.028+0000] {manager.py:878} INFO - 
================================================================================
DAG File Processing Stats

File Path                             PID    Runtime      # DAGs    # Errors  Last Runtime    Last Run
------------------------------------  -----  ---------  --------  ----------  --------------  -------------------
/opt/airflow/dags/flight-pipeline.py                           1           0  0.23s           2026-09-17T12:13:55
================================================================================
[2026-09-17T12:14:46.429+0000] {manager.py:878} INFO - 
================================================================================
DAG File Processing Stats

File Path                             PID    Runtime      # DAGs    # Errors  Last Runtime    Last Run
------------------------------------  -----  ---------  --------  ----------  --------------  -------------------
/opt/airflow/dags/flight-pipeline.py                           1           0  0.21s           2026-09-17T12:14:25
================================================================================
[2026-09-17T12:15:16.704+0000] {manager.py:878} INFO - 
================================================================================
DAG File Processing Stats

File Path                             PID    Runtime      # DAGs    # Errors  Last Runtime    Last Run
------------------------------------  -----  ---------  --------  ----------  --------------  -------------------
/opt/airflow/dags/flight-pipeline.py                           1           0  0.25s           2026-09-17T12:14:55
================================================================================
[2026-09-17T12:15:47.127+0000] {manager.py:878} INFO - 
================================================================================
DAG File Processing Stats

File Path                             PID    Runtime      # DAGs    # Errors  Last Runtime    Last Run
------------------------------------  -----  ---------  --------  ----------  --------------  -------------------
/opt/airflow/dags/flight-pipeline.py                           1           0  0.22s           2026-09-17T12:15:26
================================================================================
[2026-09-17T12:16:03.277+0000] {manager.py:737} INFO - Searching for files in /opt/airflow/dags
[2026-09-17T12:16:03.320+0000] {manager.py:740} INFO - There are 1 files in /opt/airflow/dags
[2026-09-17T12:16:17.445+0000] {manager.py:878} INFO - 
================================================================================
DAG File Processing Stats

File Path                             PID    Runtime      # DAGs    # Errors  Last Runtime    Last Run
------------------------------------  -----  ---------  --------  ----------  --------------  -------------------
/opt/airflow/dags/flight-pipeline.py                           1           0  0.23s           2026-09-17T12:15:56
================================================================================
[2026-09-17T12:16:47.795+0000] {manager.py:878} INFO - 
================================================================================
DAG File Processing Stats

File Path                             PID    Runtime      # DAGs    # Errors  Last Runtime    Last Run
------------------------------------  -----  ---------  --------  ----------  --------------  -------------------
/opt/airflow/dags/flight-pipeline.py                           1           0  0.22s           2026-09-17T12:16:26
================================================================================
[2026-09-17T12:17:18.086+0000] {manager.py:878} INFO - 
================================================================================
DAG File Processing Stats

File Path                             PID    Runtime      # DAGs    # Errors  Last Runtime    Last Run
------------------------------------  -----  ---------  --------  ----------  --------------  -------------------
/opt/airflow/dags/flight-pipeline.py                           1           0  0.23s           2026-09-17T12:16:57
================================================================================
[2026-09-17T12:17:48.474+0000] {manager.py:878} INFO - 
================================================================================
DAG File Processing Stats

File Path                             PID    Runtime      # DAGs    # Errors  Last Runtime    Last Run
------------------------------------  -----  ---------  --------  ----------  --------------  -------------------
/opt/airflow/dags/flight-pipeline.py                           1           0  0.22s           2026-09-17T12:17:27
================================================================================
[2026-09-17T12:18:18.729+0000] {manager.py:878} INFO - 
================================================================================
DAG File Processing Stats

File Path                             PID    Runtime      # DAGs    # Errors  Last Runtime    Last Run
------------------------------------  -----  ---------  --------  ----------  --------------  -------------------
/opt/airflow/dags/flight-pipeline.py                           1           0  0.21s           2026-09-17T12:17:57
================================================================================
[2026-09-17T12:18:49.120+0000] {manager.py:878} INFO - 
================================================================================
DAG File Processing Stats

File Path                             PID    Runtime      # DAGs    # Errors  Last Runtime    Last Run
------------------------------------  -----  ---------  --------  ----------  --------------  -------------------
/opt/airflow/dags/flight-pipeline.py                           1           0  0.23s           2026-09-17T12:18:28
================================================================================
[2026-09-17T12:19:19.389+0000] {manager.py:878} INFO - 
================================================================================
DAG File Processing Stats

File Path                             PID    Runtime      # DAGs    # Errors  Last Runtime    Last Run
------------------------------------  -----  ---------  --------  ----------  --------------  -------------------
/opt/airflow/dags/flight-pipeline.py                           1           0  0.23s           2026-09-17T12:18:58
================================================================================
[2026-09-17T12:19:49.802+0000] {manager.py:878} INFO - 
================================================================================
DAG File Processing Stats

File Path                             PID    Runtime      # DAGs    # Errors  Last Runtime    Last Run
------------------------------------  -----  ---------  --------  ----------  --------------  -------------------
/opt/airflow/dags/flight-pipeline.py                           1           0  0.23s           2026-09-17T12:19:28
================================================================================
[2026-09-17T12:20:20.048+0000] {manager.py:878} INFO - 
================================================================================
DAG File Processing Stats

File Path                             PID    Runtime      # DAGs    # Errors  Last Runtime    Last Run
------------------------------------  -----  ---------  --------  ----------  --------------  -------------------
/opt/airflow/dags/flight-pipeline.py                           1           0  0.22s           2026-09-17T12:19:59
================================================================================
[2026-09-17T12:20:50.478+0000] {manager.py:878} INFO - 
================================================================================
DAG File Processing Stats

File Path                             PID    Runtime      # DAGs    # Errors  Last Runtime    Last Run
------------------------------------  -----  ---------  --------  ----------  --------------  -------------------
/opt/airflow/dags/flight-pipeline.py                           1           0  0.23s           2026-09-17T12:20:29
================================================================================
[2026-09-17T12:21:03.612+0000] {manager.py:737} INFO - Searching for files in /opt/airflow/dags
[2026-09-17T12:21:03.649+0000] {manager.py:740} INFO - There are 1 files in /opt/airflow/dags
[2026-09-17T12:21:20.799+0000] {manager.py:878} INFO - 
================================================================================
DAG File Processing Stats

File Path                             PID    Runtime      # DAGs    # Errors  Last Runtime    Last Run
------------------------------------  -----  ---------  --------  ----------  --------------  -------------------
/opt/airflow/dags/flight-pipeline.py                           1           0  0.22s           2026-09-17T12:20:59
================================================================================
[2026-09-17T12:21:51.114+0000] {manager.py:878} INFO - 
================================================================================
DAG File Processing Stats

File Path                             PID    Runtime      # DAGs    # Errors  Last Runtime    Last Run
------------------------------------  -----  ---------  --------  ----------  --------------  -------------------
/opt/airflow/dags/flight-pipeline.py                           1           0  0.23s           2026-09-17T12:21:30
================================================================================
[2026-09-17T12:22:21.459+0000] {manager.py:878} INFO - 
================================================================================
DAG File Processing Stats

File Path                             PID    Runtime      # DAGs    # Errors  Last Runtime    Last Run
------------------------------------  -----  ---------  --------  ----------  --------------  -------------------
/opt/airflow/dags/flight-pipeline.py                           1           0  0.23s           2026-09-17T12:22:00
================================================================================
[2026-09-17T12:22:51.753+0000] {manager.py:878} INFO - 
================================================================================
DAG File Processing Stats

File Path                             PID    Runtime      # DAGs    # Errors  Last Runtime    Last Run
------------------------------------  -----  ---------  --------  ----------  --------------  -------------------
/opt/airflow/dags/flight-pipeline.py                           1           0  0.23s           2026-09-17T12:22:30
================================================================================
[2026-09-17T12:23:22.127+0000] {manager.py:878} INFO - 
================================================================================
DAG File Processing Stats

File Path                             PID    Runtime      # DAGs    # Errors  Last Runtime    Last Run
------------------------------------  -----  ---------  --------  ----------  --------------  -------------------
/opt/airflow/dags/flight-pipeline.py                           1           0  0.23s           2026-09-17T12:23:01
================================================================================
[2026-09-17T12:23:52.421+0000] {manager.py:878} INFO - 
================================================================================
DAG File Processing Stats

File Path                             PID    Runtime      # DAGs    # Errors  Last Runtime    Last Run
------------------------------------  -----  ---------  --------  ----------  --------------  -------------------
/opt/airflow/dags/flight-pipeline.py                           1           0  0.26s           2026-09-17T12:23:31
================================================================================
[2026-09-17T12:24:22.846+0000] {manager.py:878} INFO - 
================================================================================
DAG File Processing Stats

File Path                             PID    Runtime      # DAGs    # Errors  Last Runtime    Last Run
------------------------------------  -----  ---------  --------  ----------  --------------  -------------------
/opt/airflow/dags/flight-pipeline.py                           1           0  0.26s           2026-09-17T12:24:01
================================================================================
[2026-09-17T12:24:53.127+0000] {manager.py:878} INFO - 
================================================================================
DAG File Processing Stats

File Path                             PID    Runtime      # DAGs    # Errors  Last Runtime    Last Run
------------------------------------  -----  ---------  --------  ----------  --------------  -------------------
/opt/airflow/dags/flight-pipeline.py                           1           0  0.23s           2026-09-17T12:24:32
================================================================================
[2026-09-17T12:25:23.552+0000] {manager.py:878} INFO - 
================================================================================
DAG File Processing Stats

File Path                             PID    Runtime      # DAGs    # Errors  Last Runtime    Last Run
------------------------------------  -----  ---------  --------  ----------  --------------  -------------------
/opt/airflow/dags/flight-pipeline.py                           1           0  0.21s           2026-09-17T12:25:02
================================================================================
[2026-09-17T12:25:53.828+0000] {manager.py:878} INFO - 
================================================================================
DAG File Processing Stats

File Path                             PID    Runtime      # DAGs    # Errors  Last Runtime    Last Run
------------------------------------  -----  ---------  --------  ----------  --------------  -------------------
/opt/airflow/dags/flight-pipeline.py                           1           0  0.24s           2026-09-17T12:25:32
================================================================================
[2026-09-17T12:26:04.098+0000] {manager.py:737} INFO - Searching for files in /opt/airflow/dags
[2026-09-17T12:26:04.136+0000] {manager.py:740} INFO - There are 1 files in /opt/airflow/dags
[2026-09-17T12:26:24.316+0000] {manager.py:878} INFO - 
================================================================================
DAG File Processing Stats

File Path                             PID    Runtime      # DAGs    # Errors  Last Runtime    Last Run
------------------------------------  -----  ---------  --------  ----------  --------------  -------------------
/opt/airflow/dags/flight-pipeline.py                           1           0  0.22s           2026-09-17T12:26:03
================================================================================
[2026-09-17T12:26:54.590+0000] {manager.py:878} INFO - 
================================================================================
DAG File Processing Stats

File Path                             PID    Runtime      # DAGs    # Errors  Last Runtime    Last Run
------------------------------------  -----  ---------  --------  ----------  --------------  -------------------
/opt/airflow/dags/flight-pipeline.py                           1           0  0.22s           2026-09-17T12:26:33
================================================================================
[2026-09-17T12:27:24.996+0000] {manager.py:878} INFO - 
================================================================================
DAG File Processing Stats

File Path                             PID    Runtime      # DAGs    # Errors  Last Runtime    Last Run
------------------------------------  -----  ---------  --------  ----------  --------------  -------------------
/opt/airflow/dags/flight-pipeline.py                           1           0  0.22s           2026-09-17T12:27:03
================================================================================
[2026-09-17T12:27:55.281+0000] {manager.py:878} INFO - 
================================================================================
DAG File Processing Stats

File Path                             PID    Runtime      # DAGs    # Errors  Last Runtime    Last Run
------------------------------------  -----  ---------  --------  ----------  --------------  -------------------
/opt/airflow/dags/flight-pipeline.py                           1           0  0.22s           2026-09-17T12:27:34
================================================================================
[2026-09-17T12:28:25.697+0000] {manager.py:878} INFO - 
================================================================================
DAG File Processing Stats

File Path                             PID    Runtime      # DAGs    # Errors  Last Runtime    Last Run
------------------------------------  -----  ---------  --------  ----------  --------------  -------------------
/opt/airflow/dags/flight-pipeline.py                           1           0  0.21s           2026-09-17T12:28:04
================================================================================
[2026-09-17T12:28:55.985+0000] {manager.py:878} INFO - 
================================================================================
DAG File Processing Stats

File Path                             PID    Runtime      # DAGs    # Errors  Last Runtime    Last Run
------------------------------------  -----  ---------  --------  ----------  --------------  -------------------
/opt/airflow/dags/flight-pipeline.py                           1           0  0.23s           2026-09-17T12:28:35
================================================================================
[2026-09-17T12:29:26.391+0000] {manager.py:878} INFO - 
================================================================================
DAG File Processing Stats

File Path                             PID    Runtime      # DAGs    # Errors  Last Runtime    Last Run
------------------------------------  -----  ---------  --------  ----------  --------------  -------------------
/opt/airflow/dags/flight-pipeline.py                           1           0  0.23s           2026-09-17T12:29:05
================================================================================
[2026-09-17T12:29:56.659+0000] {manager.py:878} INFO - 
================================================================================
DAG File Processing Stats

File Path                             PID    Runtime      # DAGs    # Errors  Last Runtime    Last Run
------------------------------------  -----  ---------  --------  ----------  --------------  -------------------
/opt/airflow/dags/flight-pipeline.py                           1           0  0.22s           2026-09-17T12:29:35
================================================================================
[2026-09-17T12:30:27.046+0000] {manager.py:878} INFO - 
================================================================================
DAG File Processing Stats

File Path                             PID    Runtime      # DAGs    # Errors  Last Runtime    Last Run
------------------------------------  -----  ---------  --------  ----------  --------------  -------------------
/opt/airflow/dags/flight-pipeline.py                           1           0  0.24s           2026-09-17T12:30:05
================================================================================
[2026-09-17T12:30:57.329+0000] {manager.py:878} INFO - 
================================================================================
DAG File Processing Stats

File Path                             PID    Runtime      # DAGs    # Errors  Last Runtime    Last Run
------------------------------------  -----  ---------  --------  ----------  --------------  -------------------
/opt/airflow/dags/flight-pipeline.py                           1           0  0.23s           2026-09-17T12:30:36
================================================================================
[2026-09-17T12:31:04.384+0000] {manager.py:737} INFO - Searching for files in /opt/airflow/dags
[2026-09-17T12:31:04.427+0000] {manager.py:740} INFO - There are 1 files in /opt/airflow/dags
[2026-09-17T12:31:27.699+0000] {manager.py:878} INFO - 
================================================================================
DAG File Processing Stats

File Path                             PID    Runtime      # DAGs    # Errors  Last Runtime    Last Run
------------------------------------  -----  ---------  --------  ----------  --------------  -------------------
/opt/airflow/dags/flight-pipeline.py                           1           0  0.25s           2026-09-17T12:31:06
================================================================================
[2026-09-17T12:31:58.054+0000] {manager.py:878} INFO - 
================================================================================
DAG File Processing Stats

File Path                             PID    Runtime      # DAGs    # Errors  Last Runtime    Last Run
------------------------------------  -----  ---------  --------  ----------  --------------  -------------------
/opt/airflow/dags/flight-pipeline.py                           1           0  0.23s           2026-09-17T12:31:37
================================================================================
[2026-09-17T12:32:28.352+0000] {manager.py:878} INFO - 
================================================================================
DAG File Processing Stats

File Path                             PID    Runtime      # DAGs    # Errors  Last Runtime    Last Run
------------------------------------  -----  ---------  --------  ----------  --------------  -------------------
/opt/airflow/dags/flight-pipeline.py                           1           0  0.23s           2026-09-17T12:32:07
================================================================================
[2026-09-17T12:32:58.731+0000] {manager.py:878} INFO - 
================================================================================
DAG File Processing Stats

File Path                             PID    Runtime      # DAGs    # Errors  Last Runtime    Last Run
------------------------------------  -----  ---------  --------  ----------  --------------  -------------------
/opt/airflow/dags/flight-pipeline.py                           1           0  0.23s           2026-09-17T12:32:37
================================================================================
[2026-09-17T12:33:29.021+0000] {manager.py:878} INFO - 
================================================================================
DAG File Processing Stats

File Path                             PID    Runtime      # DAGs    # Errors  Last Runtime    Last Run
------------------------------------  -----  ---------  --------  ----------  --------------  -------------------
/opt/airflow/dags/flight-pipeline.py                           1           0  0.22s           2026-09-17T12:33:08
================================================================================
[2026-09-17T12:33:59.414+0000] {manager.py:878} INFO - 
================================================================================
DAG File Processing Stats

File Path                             PID    Runtime      # DAGs    # Errors  Last Runtime    Last Run
------------------------------------  -----  ---------  --------  ----------  --------------  -------------------
/opt/airflow/dags/flight-pipeline.py                           1           0  0.23s           2026-09-17T12:33:38
================================================================================
[2026-09-17T12:34:29.702+0000] {manager.py:878} INFO - 
================================================================================
DAG File Processing Stats

File Path                             PID    Runtime      # DAGs    # Errors  Last Runtime    Last Run
------------------------------------  -----  ---------  --------  ----------  --------------  -------------------
/opt/airflow/dags/flight-pipeline.py                           1           0  0.23s           2026-09-17T12:34:08
================================================================================
[2026-09-17T12:35:00.123+0000] {manager.py:878} INFO - 
================================================================================
DAG File Processing Stats

File Path                             PID    Runtime      # DAGs    # Errors  Last Runtime    Last Run
------------------------------------  -----  ---------  --------  ----------  --------------  -------------------
/opt/airflow/dags/flight-pipeline.py                           1           0  0.23s           2026-09-17T12:34:39
================================================================================
[2026-09-17T12:35:30.405+0000] {manager.py:878} INFO - 
================================================================================
DAG File Processing Stats

File Path                             PID    Runtime      # DAGs    # Errors  Last Runtime    Last Run
------------------------------------  -----  ---------  --------  ----------  --------------  -------------------
/opt/airflow/dags/flight-pipeline.py                           1           0  0.23s           2026-09-17T12:35:09
================================================================================
[2026-09-17T12:36:00.838+0000] {manager.py:878} INFO - 
================================================================================
DAG File Processing Stats

File Path                             PID    Runtime      # DAGs    # Errors  Last Runtime    Last Run
------------------------------------  -----  ---------  --------  ----------  --------------  -------------------
/opt/airflow/dags/flight-pipeline.py                           1           0  0.25s           2026-09-17T12:35:39
================================================================================
[2026-09-17T12:36:04.873+0000] {manager.py:737} INFO - Searching for files in /opt/airflow/dags
[2026-09-17T12:36:04.912+0000] {manager.py:740} INFO - There are 1 files in /opt/airflow/dags
[2026-09-17T12:36:31.166+0000] {manager.py:878} INFO - 
================================================================================
DAG File Processing Stats

File Path                             PID    Runtime      # DAGs    # Errors  Last Runtime    Last Run
------------------------------------  -----  ---------  --------  ----------  --------------  -------------------
/opt/airflow/dags/flight-pipeline.py                           1           0  0.24s           2026-09-17T12:36:10
================================================================================
[2026-09-17T12:37:01.618+0000] {manager.py:878} INFO - 
================================================================================
DAG File Processing Stats

File Path                             PID    Runtime      # DAGs    # Errors  Last Runtime    Last Run
------------------------------------  -----  ---------  --------  ----------  --------------  -------------------
/opt/airflow/dags/flight-pipeline.py                           1           0  0.24s           2026-09-17T12:36:40
================================================================================
[2026-09-17T12:37:31.901+0000] {manager.py:878} INFO - 
================================================================================
DAG File Processing Stats

File Path                             PID    Runtime      # DAGs    # Errors  Last Runtime    Last Run
------------------------------------  -----  ---------  --------  ----------  --------------  -------------------
/opt/airflow/dags/flight-pipeline.py                           1           0  0.20s           2026-09-17T12:37:10
================================================================================
[2026-09-17T12:38:02.308+0000] {manager.py:878} INFO - 
================================================================================
DAG File Processing Stats

File Path                             PID    Runtime      # DAGs    # Errors  Last Runtime    Last Run
------------------------------------  -----  ---------  --------  ----------  --------------  -------------------
/opt/airflow/dags/flight-pipeline.py                           1           0  0.23s           2026-09-17T12:37:41
================================================================================
[2026-09-17T12:38:32.578+0000] {manager.py:878} INFO - 
================================================================================
DAG File Processing Stats

File Path                             PID    Runtime      # DAGs    # Errors  Last Runtime    Last Run
------------------------------------  -----  ---------  --------  ----------  --------------  -------------------
/opt/airflow/dags/flight-pipeline.py                           1           0  0.28s           2026-09-17T12:38:11
================================================================================
[2026-09-17T12:39:03.062+0000] {manager.py:878} INFO - 
================================================================================
DAG File Processing Stats

File Path                             PID    Runtime      # DAGs    # Errors  Last Runtime    Last Run
------------------------------------  -----  ---------  --------  ----------  --------------  -------------------
/opt/airflow/dags/flight-pipeline.py                           1           0  0.23s           2026-09-17T12:38:42
================================================================================
[2026-09-17T12:39:33.500+0000] {manager.py:878} INFO - 
================================================================================
DAG File Processing Stats

File Path                             PID    Runtime      # DAGs    # Errors  Last Runtime    Last Run
------------------------------------  -----  ---------  --------  ----------  --------------  -------------------
/opt/airflow/dags/flight-pipeline.py                           1           0  0.28s           2026-09-17T12:39:12
================================================================================
[2026-09-17T12:40:03.816+0000] {manager.py:878} INFO - 
================================================================================
DAG File Processing Stats

File Path                             PID    Runtime      # DAGs    # Errors  Last Runtime    Last Run
------------------------------------  -----  ---------  --------  ----------  --------------  -------------------
/opt/airflow/dags/flight-pipeline.py                           1           0  0.21s           2026-09-17T12:39:42
================================================================================
[2026-09-17T12:40:34.183+0000] {manager.py:878} INFO - 
================================================================================
DAG File Processing Stats

File Path                             PID    Runtime      # DAGs    # Errors  Last Runtime    Last Run
------------------------------------  -----  ---------  --------  ----------  --------------  -------------------
/opt/airflow/dags/flight-pipeline.py                           1           0  0.21s           2026-09-17T12:40:13
================================================================================
[2026-09-17T12:41:04.503+0000] {manager.py:878} INFO - 
================================================================================
DAG File Processing Stats

File Path                             PID    Runtime      # DAGs    # Errors  Last Runtime    Last Run
------------------------------------  -----  ---------  --------  ----------  --------------  -------------------
/opt/airflow/dags/flight-pipeline.py                           1           0  0.25s           2026-09-17T12:40:43
================================================================================
[2026-09-17T12:41:05.512+0000] {manager.py:737} INFO - Searching for files in /opt/airflow/dags
[2026-09-17T12:41:05.552+0000] {manager.py:740} INFO - There are 1 files in /opt/airflow/dags
[2026-09-17T12:41:34.896+0000] {manager.py:878} INFO - 
================================================================================
DAG File Processing Stats

File Path                             PID    Runtime      # DAGs    # Errors  Last Runtime    Last Run
------------------------------------  -----  ---------  --------  ----------  --------------  -------------------
/opt/airflow/dags/flight-pipeline.py                           1           0  0.20s           2026-09-17T12:41:13
================================================================================
[2026-09-17T12:42:05.219+0000] {manager.py:878} INFO - 
================================================================================
DAG File Processing Stats

File Path                             PID    Runtime      # DAGs    # Errors  Last Runtime    Last Run
------------------------------------  -----  ---------  --------  ----------  --------------  -------------------
/opt/airflow/dags/flight-pipeline.py                           1           0  0.22s           2026-09-17T12:41:44
================================================================================
[2026-09-17T12:42:35.591+0000] {manager.py:878} INFO - 
================================================================================
DAG File Processing Stats

File Path                             PID    Runtime      # DAGs    # Errors  Last Runtime    Last Run
------------------------------------  -----  ---------  --------  ----------  --------------  -------------------
/opt/airflow/dags/flight-pipeline.py                           1           0  0.25s           2026-09-17T12:42:14
================================================================================
[2026-09-17T12:43:05.935+0000] {manager.py:878} INFO - 
================================================================================
DAG File Processing Stats

File Path                             PID    Runtime      # DAGs    # Errors  Last Runtime    Last Run
------------------------------------  -----  ---------  --------  ----------  --------------  -------------------
/opt/airflow/dags/flight-pipeline.py                           1           0  0.22s           2026-09-17T12:42:44
================================================================================
[2026-09-17T12:43:36.287+0000] {manager.py:878} INFO - 
================================================================================
DAG File Processing Stats

File Path                             PID    Runtime      # DAGs    # Errors  Last Runtime    Last Run
------------------------------------  -----  ---------  --------  ----------  --------------  -------------------
/opt/airflow/dags/flight-pipeline.py                           1           0  0.22s           2026-09-17T12:43:15
================================================================================
[2026-09-17T12:44:06.610+0000] {manager.py:878} INFO - 
================================================================================
DAG File Processing Stats

File Path                             PID    Runtime      # DAGs    # Errors  Last Runtime    Last Run
------------------------------------  -----  ---------  --------  ----------  --------------  -------------------
/opt/airflow/dags/flight-pipeline.py                           1           0  0.25s           2026-09-17T12:43:45
================================================================================
[2026-09-17T12:44:37.002+0000] {manager.py:878} INFO - 
================================================================================
DAG File Processing Stats

File Path                             PID    Runtime      # DAGs    # Errors  Last Runtime    Last Run
------------------------------------  -----  ---------  --------  ----------  --------------  -------------------
/opt/airflow/dags/flight-pipeline.py                           1           0  0.23s           2026-09-17T12:44:15
================================================================================
[2026-09-17T12:45:07.283+0000] {manager.py:878} INFO - 
================================================================================
DAG File Processing Stats

File Path                             PID    Runtime      # DAGs    # Errors  Last Runtime    Last Run
------------------------------------  -----  ---------  --------  ----------  --------------  -------------------
/opt/airflow/dags/flight-pipeline.py                           1           0  0.23s           2026-09-17T12:44:46
================================================================================
[2026-09-17T12:45:37.653+0000] {manager.py:878} INFO - 
================================================================================
DAG File Processing Stats

File Path                             PID    Runtime      # DAGs    # Errors  Last Runtime    Last Run
------------------------------------  -----  ---------  --------  ----------  --------------  -------------------
/opt/airflow/dags/flight-pipeline.py                           1           0  0.23s           2026-09-17T12:45:16
================================================================================
[2026-09-17T12:46:05.906+0000] {manager.py:737} INFO - Searching for files in /opt/airflow/dags
[2026-09-17T12:46:05.946+0000] {manager.py:740} INFO - There are 1 files in /opt/airflow/dags
[2026-09-17T12:46:07.986+0000] {manager.py:878} INFO - 
================================================================================
DAG File Processing Stats

File Path                             PID    Runtime      # DAGs    # Errors  Last Runtime    Last Run
------------------------------------  -----  ---------  --------  ----------  --------------  -------------------
/opt/airflow/dags/flight-pipeline.py                           1           0  0.23s           2026-09-17T12:45:46
================================================================================
[2026-09-17T12:46:38.339+0000] {manager.py:878} INFO - 
================================================================================
DAG File Processing Stats

File Path                             PID    Runtime      # DAGs    # Errors  Last Runtime    Last Run
------------------------------------  -----  ---------  --------  ----------  --------------  -------------------
/opt/airflow/dags/flight-pipeline.py                           1           0  0.21s           2026-09-17T12:46:17
================================================================================
[2026-09-17T12:47:08.655+0000] {manager.py:878} INFO - 
================================================================================
DAG File Processing Stats

File Path                             PID    Runtime      # DAGs    # Errors  Last Runtime    Last Run
------------------------------------  -----  ---------  --------  ----------  --------------  -------------------
/opt/airflow/dags/flight-pipeline.py                           1           0  0.21s           2026-09-17T12:46:47
================================================================================
[2026-09-17T12:47:38.990+0000] {manager.py:878} INFO - 
================================================================================
DAG File Processing Stats

File Path                             PID    Runtime      # DAGs    # Errors  Last Runtime    Last Run
------------------------------------  -----  ---------  --------  ----------  --------------  -------------------
/opt/airflow/dags/flight-pipeline.py                           1           0  0.24s           2026-09-17T12:47:17
================================================================================
[2026-09-17T12:48:09.272+0000] {manager.py:878} INFO - 
================================================================================
DAG File Processing Stats

File Path                             PID    Runtime      # DAGs    # Errors  Last Runtime    Last Run
------------------------------------  -----  ---------  --------  ----------  --------------  -------------------
/opt/airflow/dags/flight-pipeline.py                           1           0  0.24s           2026-09-17T12:47:48
================================================================================
[2026-09-17T12:48:39.629+0000] {manager.py:878} INFO - 
================================================================================
DAG File Processing Stats

File Path                             PID    Runtime      # DAGs    # Errors  Last Runtime    Last Run
------------------------------------  -----  ---------  --------  ----------  --------------  -------------------
/opt/airflow/dags/flight-pipeline.py                           1           0  0.22s           2026-09-17T12:48:18
================================================================================
[2026-09-17T12:49:09.921+0000] {manager.py:878} INFO - 
================================================================================
DAG File Processing Stats

File Path                             PID    Runtime      # DAGs    # Errors  Last Runtime    Last Run
------------------------------------  -----  ---------  --------  ----------  --------------  -------------------
/opt/airflow/dags/flight-pipeline.py                           1           0  0.23s           2026-09-17T12:48:48
================================================================================
[2026-09-17T12:49:40.324+0000] {manager.py:878} INFO - 
================================================================================
DAG File Processing Stats

File Path                             PID    Runtime      # DAGs    # Errors  Last Runtime    Last Run
------------------------------------  -----  ---------  --------  ----------  --------------  -------------------
/opt/airflow/dags/flight-pipeline.py                           1           0  0.28s           2026-09-17T12:49:19
================================================================================
[2026-09-17T12:50:10.690+0000] {manager.py:878} INFO - 
================================================================================
DAG File Processing Stats

File Path                             PID    Runtime      # DAGs    # Errors  Last Runtime    Last Run
------------------------------------  -----  ---------  --------  ----------  --------------  -------------------
/opt/airflow/dags/flight-pipeline.py                           1           0  0.23s           2026-09-17T12:49:49
================================================================================
[2026-09-17T12:50:41.045+0000] {manager.py:878} INFO - 
================================================================================
DAG File Processing Stats

File Path                             PID    Runtime      # DAGs    # Errors  Last Runtime    Last Run
------------------------------------  -----  ---------  --------  ----------  --------------  -------------------
/opt/airflow/dags/flight-pipeline.py                           1           0  0.24s           2026-09-17T12:50:20
================================================================================
[2026-09-17T12:51:06.352+0000] {manager.py:737} INFO - Searching for files in /opt/airflow/dags
[2026-09-17T12:51:06.396+0000] {manager.py:740} INFO - There are 1 files in /opt/airflow/dags
[2026-09-17T12:51:11.457+0000] {manager.py:878} INFO - 
================================================================================
DAG File Processing Stats

File Path                             PID    Runtime      # DAGs    # Errors  Last Runtime    Last Run
------------------------------------  -----  ---------  --------  ----------  --------------  -------------------
/opt/airflow/dags/flight-pipeline.py                           1           0  0.21s           2026-09-17T12:50:50
================================================================================
[2026-09-17T12:51:41.749+0000] {manager.py:878} INFO - 
================================================================================
DAG File Processing Stats

File Path                             PID    Runtime      # DAGs    # Errors  Last Runtime    Last Run
------------------------------------  -----  ---------  --------  ----------  --------------  -------------------
/opt/airflow/dags/flight-pipeline.py                           1           0  0.24s           2026-09-17T12:51:20
================================================================================
[2026-09-17T12:52:12.177+0000] {manager.py:878} INFO - 
================================================================================
DAG File Processing Stats

File Path                             PID    Runtime      # DAGs    # Errors  Last Runtime    Last Run
------------------------------------  -----  ---------  --------  ----------  --------------  -------------------
/opt/airflow/dags/flight-pipeline.py                           1           0  0.22s           2026-09-17T12:51:51
================================================================================
[2026-09-17T12:52:42.467+0000] {manager.py:878} INFO - 
================================================================================
DAG File Processing Stats

File Path                             PID    Runtime      # DAGs    # Errors  Last Runtime    Last Run
------------------------------------  -----  ---------  --------  ----------  --------------  -------------------
/opt/airflow/dags/flight-pipeline.py                           1           0  0.25s           2026-09-17T12:52:21
================================================================================
[2026-09-17T12:53:12.906+0000] {manager.py:878} INFO - 
================================================================================
DAG File Processing Stats

File Path                             PID    Runtime      # DAGs    # Errors  Last Runtime    Last Run
------------------------------------  -----  ---------  --------  ----------  --------------  -------------------
/opt/airflow/dags/flight-pipeline.py                           1           0  0.22s           2026-09-17T12:52:51
================================================================================
[2026-09-17T12:53:43.198+0000] {manager.py:878} INFO - 
================================================================================
DAG File Processing Stats

File Path                             PID    Runtime      # DAGs    # Errors  Last Runtime    Last Run
------------------------------------  -----  ---------  --------  ----------  --------------  -------------------
/opt/airflow/dags/flight-pipeline.py                           1           0  0.26s           2026-09-17T12:53:22
================================================================================
[2026-09-17T12:54:13.672+0000] {manager.py:878} INFO - 
================================================================================
DAG File Processing Stats

File Path                             PID    Runtime      # DAGs    # Errors  Last Runtime    Last Run
------------------------------------  -----  ---------  --------  ----------  --------------  -------------------
/opt/airflow/dags/flight-pipeline.py                           1           0  0.21s           2026-09-17T12:53:52
================================================================================
[2026-09-17T12:54:43.962+0000] {manager.py:878} INFO - 
================================================================================
DAG File Processing Stats

File Path                             PID    Runtime      # DAGs    # Errors  Last Runtime    Last Run
------------------------------------  -----  ---------  --------  ----------  --------------  -------------------
/opt/airflow/dags/flight-pipeline.py                           1           0  0.25s           2026-09-17T12:54:23
================================================================================
[2026-09-17T12:55:14.419+0000] {manager.py:878} INFO - 
================================================================================
DAG File Processing Stats

File Path                             PID    Runtime      # DAGs    # Errors  Last Runtime    Last Run
------------------------------------  -----  ---------  --------  ----------  --------------  -------------------
/opt/airflow/dags/flight-pipeline.py                           1           0  0.23s           2026-09-17T12:54:53
================================================================================
[2026-09-17T12:55:44.709+0000] {manager.py:878} INFO - 
================================================================================
DAG File Processing Stats

File Path                             PID    Runtime      # DAGs    # Errors  Last Runtime    Last Run
------------------------------------  -----  ---------  --------  ----------  --------------  -------------------
/opt/airflow/dags/flight-pipeline.py                           1           0  0.23s           2026-09-17T12:55:23
================================================================================
[2026-09-17T12:56:07.066+0000] {manager.py:737} INFO - Searching for files in /opt/airflow/dags
[2026-09-17T12:56:07.124+0000] {manager.py:740} INFO - There are 1 files in /opt/airflow/dags
[2026-09-17T12:56:15.213+0000] {manager.py:878} INFO - 
================================================================================
DAG File Processing Stats

File Path                             PID    Runtime      # DAGs    # Errors  Last Runtime    Last Run
------------------------------------  -----  ---------  --------  ----------  --------------  -------------------
/opt/airflow/dags/flight-pipeline.py                           1           0  0.25s           2026-09-17T12:55:54
================================================================================
[2026-09-17T12:56:45.486+0000] {manager.py:878} INFO - 
================================================================================
DAG File Processing Stats

File Path                             PID    Runtime      # DAGs    # Errors  Last Runtime    Last Run
------------------------------------  -----  ---------  --------  ----------  --------------  -------------------
/opt/airflow/dags/flight-pipeline.py                           1           0  0.27s           2026-09-17T12:56:24
================================================================================
[2026-09-17T12:57:15.972+0000] {manager.py:878} INFO - 
================================================================================
DAG File Processing Stats

File Path                             PID    Runtime      # DAGs    # Errors  Last Runtime    Last Run
------------------------------------  -----  ---------  --------  ----------  --------------  -------------------
/opt/airflow/dags/flight-pipeline.py                           1           0  0.23s           2026-09-17T12:56:55
================================================================================
[2026-09-17T12:57:46.382+0000] {manager.py:878} INFO - 
================================================================================
DAG File Processing Stats

File Path                             PID    Runtime      # DAGs    # Errors  Last Runtime    Last Run
------------------------------------  -----  ---------  --------  ----------  --------------  -------------------
/opt/airflow/dags/flight-pipeline.py                           1           0  0.22s           2026-09-17T12:57:25
================================================================================
[2026-09-17T12:58:16.677+0000] {manager.py:878} INFO - 
================================================================================
DAG File Processing Stats

File Path                             PID    Runtime      # DAGs    # Errors  Last Runtime    Last Run
------------------------------------  -----  ---------  --------  ----------  --------------  -------------------
/opt/airflow/dags/flight-pipeline.py                           1           0  0.21s           2026-09-17T12:57:55
================================================================================
[2026-09-17T12:58:47.096+0000] {manager.py:878} INFO - 
================================================================================
DAG File Processing Stats

File Path                             PID    Runtime      # DAGs    # Errors  Last Runtime    Last Run
------------------------------------  -----  ---------  --------  ----------  --------------  -------------------
/opt/airflow/dags/flight-pipeline.py                           1           0  0.27s           2026-09-17T12:58:26
================================================================================
[2026-09-17T12:59:17.457+0000] {manager.py:878} INFO - 
================================================================================
DAG File Processing Stats

File Path                             PID    Runtime      # DAGs    # Errors  Last Runtime    Last Run
------------------------------------  -----  ---------  --------  ----------  --------------  -------------------
/opt/airflow/dags/flight-pipeline.py                           1           0  0.24s           2026-09-17T12:58:56
================================================================================
[2026-09-17T12:59:47.853+0000] {manager.py:878} INFO - 
================================================================================
DAG File Processing Stats

File Path                             PID    Runtime      # DAGs    # Errors  Last Runtime    Last Run
------------------------------------  -----  ---------  --------  ----------  --------------  -------------------
/opt/airflow/dags/flight-pipeline.py                           1           0  0.23s           2026-09-17T12:59:26
================================================================================
[2026-09-17T13:00:18.201+0000] {manager.py:878} INFO - 
================================================================================
DAG File Processing Stats

File Path                             PID    Runtime      # DAGs    # Errors  Last Runtime    Last Run
------------------------------------  -----  ---------  --------  ----------  --------------  -------------------
/opt/airflow/dags/flight-pipeline.py                           1           0  0.23s           2026-09-17T12:59:57
================================================================================
[2026-09-17T13:00:48.613+0000] {manager.py:878} INFO - 
================================================================================
DAG File Processing Stats

File Path                             PID    Runtime      # DAGs    # Errors  Last Runtime    Last Run
------------------------------------  -----  ---------  --------  ----------  --------------  -------------------
/opt/airflow/dags/flight-pipeline.py                           1           0  0.29s           2026-09-17T13:00:27
================================================================================
[2026-09-17T13:01:07.917+0000] {manager.py:737} INFO - Searching for files in /opt/airflow/dags
[2026-09-17T13:01:07.970+0000] {manager.py:740} INFO - There are 1 files in /opt/airflow/dags
[2026-09-17T13:01:19.093+0000] {manager.py:878} INFO - 
================================================================================
DAG File Processing Stats

File Path                             PID    Runtime      # DAGs    # Errors  Last Runtime    Last Run
------------------------------------  -----  ---------  --------  ----------  --------------  -------------------
/opt/airflow/dags/flight-pipeline.py                           1           0  0.25s           2026-09-17T13:00:57
================================================================================
[2026-09-17T13:01:49.407+0000] {manager.py:878} INFO - 
================================================================================
DAG File Processing Stats

File Path                             PID    Runtime      # DAGs    # Errors  Last Runtime    Last Run
------------------------------------  -----  ---------  --------  ----------  --------------  -------------------
/opt/airflow/dags/flight-pipeline.py                           1           0  0.29s           2026-09-17T13:01:28
================================================================================
[2026-09-17T13:02:19.909+0000] {manager.py:878} INFO - 
================================================================================
DAG File Processing Stats

File Path                             PID    Runtime      # DAGs    # Errors  Last Runtime    Last Run
------------------------------------  -----  ---------  --------  ----------  --------------  -------------------
/opt/airflow/dags/flight-pipeline.py                           1           0  0.25s           2026-09-17T13:01:58
================================================================================
[2026-09-17T13:02:50.212+0000] {manager.py:878} INFO - 
================================================================================
DAG File Processing Stats

File Path                             PID    Runtime      # DAGs    # Errors  Last Runtime    Last Run
------------------------------------  -----  ---------  --------  ----------  --------------  -------------------
/opt/airflow/dags/flight-pipeline.py                           1           0  0.22s           2026-09-17T13:02:29
================================================================================
[2026-09-17T13:03:20.655+0000] {manager.py:878} INFO - 
================================================================================
DAG File Processing Stats

File Path                             PID    Runtime      # DAGs    # Errors  Last Runtime    Last Run
------------------------------------  -----  ---------  --------  ----------  --------------  -------------------
/opt/airflow/dags/flight-pipeline.py                           1           0  0.28s           2026-09-17T13:02:59
================================================================================
[2026-09-17T13:03:50.995+0000] {manager.py:878} INFO - 
================================================================================
DAG File Processing Stats

File Path                             PID    Runtime      # DAGs    # Errors  Last Runtime    Last Run
------------------------------------  -----  ---------  --------  ----------  --------------  -------------------
/opt/airflow/dags/flight-pipeline.py                           1           0  0.25s           2026-09-17T13:03:30
================================================================================
[2026-09-17T13:04:21.429+0000] {manager.py:878} INFO - 
================================================================================
DAG File Processing Stats

File Path                             PID    Runtime      # DAGs    # Errors  Last Runtime    Last Run
------------------------------------  -----  ---------  --------  ----------  --------------  -------------------
/opt/airflow/dags/flight-pipeline.py                           1           0  0.27s           2026-09-17T13:04:00
================================================================================
[2026-09-17T13:04:51.781+0000] {manager.py:878} INFO - 
================================================================================
DAG File Processing Stats

File Path                             PID    Runtime      # DAGs    # Errors  Last Runtime    Last Run
------------------------------------  -----  ---------  --------  ----------  --------------  -------------------
/opt/airflow/dags/flight-pipeline.py                           1           0  0.28s           2026-09-17T13:04:30
================================================================================
[2026-09-17T13:05:22.223+0000] {manager.py:878} INFO - 
================================================================================
DAG File Processing Stats

File Path                             PID    Runtime      # DAGs    # Errors  Last Runtime    Last Run
------------------------------------  -----  ---------  --------  ----------  --------------  -------------------
/opt/airflow/dags/flight-pipeline.py                           1           0  0.26s           2026-09-17T13:05:01
================================================================================
[2026-09-17T13:05:52.529+0000] {manager.py:878} INFO - 
================================================================================
DAG File Processing Stats

File Path                             PID    Runtime      # DAGs    # Errors  Last Runtime    Last Run
------------------------------------  -----  ---------  --------  ----------  --------------  -------------------
/opt/airflow/dags/flight-pipeline.py                           1           0  0.25s           2026-09-17T13:05:31
================================================================================
[2026-09-17T13:06:08.875+0000] {manager.py:737} INFO - Searching for files in /opt/airflow/dags
[2026-09-17T13:06:08.918+0000] {manager.py:740} INFO - There are 1 files in /opt/airflow/dags
[2026-09-17T13:06:23.068+0000] {manager.py:878} INFO - 
================================================================================
DAG File Processing Stats

File Path                             PID    Runtime      # DAGs    # Errors  Last Runtime    Last Run
------------------------------------  -----  ---------  --------  ----------  --------------  -------------------
/opt/airflow/dags/flight-pipeline.py                           1           0  0.24s           2026-09-17T13:06:01
================================================================================
[2026-09-17T13:06:53.384+0000] {manager.py:878} INFO - 
================================================================================
DAG File Processing Stats

File Path                             PID    Runtime      # DAGs    # Errors  Last Runtime    Last Run
------------------------------------  -----  ---------  --------  ----------  --------------  -------------------
/opt/airflow/dags/flight-pipeline.py                           1           0  0.26s           2026-09-17T13:06:32
================================================================================
[2026-09-17T13:07:23.879+0000] {manager.py:878} INFO - 
================================================================================
DAG File Processing Stats

File Path                             PID    Runtime      # DAGs    # Errors  Last Runtime    Last Run
------------------------------------  -----  ---------  --------  ----------  --------------  -------------------
/opt/airflow/dags/flight-pipeline.py                           1           0  0.24s           2026-09-17T13:07:02
================================================================================
[2026-09-17T13:07:54.182+0000] {manager.py:878} INFO - 
================================================================================
DAG File Processing Stats

File Path                             PID    Runtime      # DAGs    # Errors  Last Runtime    Last Run
------------------------------------  -----  ---------  --------  ----------  --------------  -------------------
/opt/airflow/dags/flight-pipeline.py                           1           0  0.26s           2026-09-17T13:07:33
================================================================================
[2026-09-17T13:08:24.677+0000] {manager.py:878} INFO - 
================================================================================
DAG File Processing Stats

File Path                             PID    Runtime      # DAGs    # Errors  Last Runtime    Last Run
------------------------------------  -----  ---------  --------  ----------  --------------  -------------------
/opt/airflow/dags/flight-pipeline.py                           1           0  0.27s           2026-09-17T13:08:03
================================================================================
[2026-09-17T13:08:55.000+0000] {manager.py:878} INFO - 
================================================================================
DAG File Processing Stats

File Path                             PID    Runtime      # DAGs    # Errors  Last Runtime    Last Run
------------------------------------  -----  ---------  --------  ----------  --------------  -------------------
/opt/airflow/dags/flight-pipeline.py                           1           0  0.26s           2026-09-17T13:08:34
================================================================================
[2026-09-17T13:09:25.458+0000] {manager.py:878} INFO - 
================================================================================
DAG File Processing Stats

File Path                             PID    Runtime      # DAGs    # Errors  Last Runtime    Last Run
------------------------------------  -----  ---------  --------  ----------  --------------  -------------------
/opt/airflow/dags/flight-pipeline.py                           1           0  0.25s           2026-09-17T13:09:04
================================================================================
[2026-09-17T13:09:55.742+0000] {manager.py:878} INFO - 
================================================================================
DAG File Processing Stats

File Path                             PID    Runtime      # DAGs    # Errors  Last Runtime    Last Run
------------------------------------  -----  ---------  --------  ----------  --------------  -------------------
/opt/airflow/dags/flight-pipeline.py                           1           0  0.23s           2026-09-17T13:09:34
================================================================================
[2026-09-17T13:10:26.179+0000] {manager.py:878} INFO - 
================================================================================
DAG File Processing Stats

File Path                             PID    Runtime      # DAGs    # Errors  Last Runtime    Last Run
------------------------------------  -----  ---------  --------  ----------  --------------  -------------------
/opt/airflow/dags/flight-pipeline.py                           1           0  0.28s           2026-09-17T13:10:05
================================================================================
[2026-09-17T13:10:56.544+0000] {manager.py:878} INFO - 
================================================================================
DAG File Processing Stats

File Path                             PID    Runtime      # DAGs    # Errors  Last Runtime    Last Run
------------------------------------  -----  ---------  --------  ----------  --------------  -------------------
/opt/airflow/dags/flight-pipeline.py                           1           0  0.26s           2026-09-17T13:10:35
================================================================================
[2026-09-17T13:11:08.920+0000] {manager.py:737} INFO - Searching for files in /opt/airflow/dags
[2026-09-17T13:11:08.966+0000] {manager.py:740} INFO - There are 1 files in /opt/airflow/dags
[2026-09-17T13:11:26.950+0000] {manager.py:878} INFO - 
================================================================================
DAG File Processing Stats

File Path                             PID    Runtime      # DAGs    # Errors  Last Runtime    Last Run
------------------------------------  -----  ---------  --------  ----------  --------------  -------------------
/opt/airflow/dags/flight-pipeline.py                           1           0  0.25s           2026-09-17T13:11:05
================================================================================
[2026-09-17T13:11:57.390+0000] {manager.py:878} INFO - 
================================================================================
DAG File Processing Stats

File Path                             PID    Runtime      # DAGs    # Errors  Last Runtime    Last Run
------------------------------------  -----  ---------  --------  ----------  --------------  -------------------
/opt/airflow/dags/flight-pipeline.py                           1           0  0.26s           2026-09-17T13:11:36
================================================================================
[2026-09-17T13:12:27.733+0000] {manager.py:878} INFO - 
================================================================================
DAG File Processing Stats

File Path                             PID    Runtime      # DAGs    # Errors  Last Runtime    Last Run
------------------------------------  -----  ---------  --------  ----------  --------------  -------------------
/opt/airflow/dags/flight-pipeline.py                           1           0  0.26s           2026-09-17T13:12:06
================================================================================
[2026-09-17T13:12:58.163+0000] {manager.py:878} INFO - 
================================================================================
DAG File Processing Stats

File Path                             PID    Runtime      # DAGs    # Errors  Last Runtime    Last Run
------------------------------------  -----  ---------  --------  ----------  --------------  -------------------
/opt/airflow/dags/flight-pipeline.py                           1           0  0.25s           2026-09-17T13:12:37
================================================================================
[2026-09-17T13:13:28.483+0000] {manager.py:878} INFO - 
================================================================================
DAG File Processing Stats

File Path                             PID    Runtime      # DAGs    # Errors  Last Runtime    Last Run
------------------------------------  -----  ---------  --------  ----------  --------------  -------------------
/opt/airflow/dags/flight-pipeline.py                           1           0  0.25s           2026-09-17T13:13:07
================================================================================
[2026-09-17T13:13:58.908+0000] {manager.py:878} INFO - 
================================================================================
DAG File Processing Stats

File Path                             PID    Runtime      # DAGs    # Errors  Last Runtime    Last Run
------------------------------------  -----  ---------  --------  ----------  --------------  -------------------
/opt/airflow/dags/flight-pipeline.py                           1           0  0.23s           2026-09-17T13:13:37
================================================================================
[2026-09-17T13:14:29.206+0000] {manager.py:878} INFO - 
================================================================================
DAG File Processing Stats

File Path                             PID    Runtime      # DAGs    # Errors  Last Runtime    Last Run
------------------------------------  -----  ---------  --------  ----------  --------------  -------------------
/opt/airflow/dags/flight-pipeline.py                           1           0  0.23s           2026-09-17T13:14:08
================================================================================
[2026-09-17T13:14:59.606+0000] {manager.py:878} INFO - 
================================================================================
DAG File Processing Stats

File Path                             PID    Runtime      # DAGs    # Errors  Last Runtime    Last Run
------------------------------------  -----  ---------  --------  ----------  --------------  -------------------
/opt/airflow/dags/flight-pipeline.py                           1           0  0.25s           2026-09-17T13:14:38
================================================================================
[2026-09-17T13:15:29.910+0000] {manager.py:878} INFO - 
================================================================================
DAG File Processing Stats

File Path                             PID    Runtime      # DAGs    # Errors  Last Runtime    Last Run
------------------------------------  -----  ---------  --------  ----------  --------------  -------------------
/opt/airflow/dags/flight-pipeline.py                           1           0  0.25s           2026-09-17T13:15:08
================================================================================
[2026-09-17T13:16:00.312+0000] {manager.py:878} INFO - 
================================================================================
DAG File Processing Stats

File Path                             PID    Runtime      # DAGs    # Errors  Last Runtime    Last Run
------------------------------------  -----  ---------  --------  ----------  --------------  -------------------
/opt/airflow/dags/flight-pipeline.py                           1           0  0.23s           2026-09-17T13:15:39
================================================================================
[2026-09-17T13:16:09.386+0000] {manager.py:737} INFO - Searching for files in /opt/airflow/dags
[2026-09-17T13:16:09.425+0000] {manager.py:740} INFO - There are 1 files in /opt/airflow/dags
[2026-09-17T13:16:30.642+0000] {manager.py:878} INFO - 
================================================================================
DAG File Processing Stats

File Path                             PID    Runtime      # DAGs    # Errors  Last Runtime    Last Run
------------------------------------  -----  ---------  --------  ----------  --------------  -------------------
/opt/airflow/dags/flight-pipeline.py                           1           0  0.24s           2026-09-17T13:16:09
================================================================================
[2026-09-17T13:17:01.082+0000] {manager.py:878} INFO - 
================================================================================
DAG File Processing Stats

File Path                             PID    Runtime      # DAGs    # Errors  Last Runtime    Last Run
------------------------------------  -----  ---------  --------  ----------  --------------  -------------------
/opt/airflow/dags/flight-pipeline.py                           1           0  0.20s           2026-09-17T13:16:39
================================================================================
[2026-09-17T13:17:31.375+0000] {manager.py:878} INFO - 
================================================================================
DAG File Processing Stats

File Path                             PID    Runtime      # DAGs    # Errors  Last Runtime    Last Run
------------------------------------  -----  ---------  --------  ----------  --------------  -------------------
/opt/airflow/dags/flight-pipeline.py                           1           0  0.26s           2026-09-17T13:17:10
================================================================================
[2026-09-17T13:18:01.834+0000] {manager.py:878} INFO - 
================================================================================
DAG File Processing Stats

File Path                             PID    Runtime      # DAGs    # Errors  Last Runtime    Last Run
------------------------------------  -----  ---------  --------  ----------  --------------  -------------------
/opt/airflow/dags/flight-pipeline.py                           1           0  0.24s           2026-09-17T13:17:40
================================================================================
[2026-09-17T13:18:32.120+0000] {manager.py:878} INFO - 
================================================================================
DAG File Processing Stats

File Path                             PID    Runtime      # DAGs    # Errors  Last Runtime    Last Run
------------------------------------  -----  ---------  --------  ----------  --------------  -------------------
/opt/airflow/dags/flight-pipeline.py                           1           0  0.21s           2026-09-17T13:18:11
================================================================================
[2026-09-17T13:19:02.535+0000] {manager.py:878} INFO - 
================================================================================
DAG File Processing Stats

File Path                             PID    Runtime      # DAGs    # Errors  Last Runtime    Last Run
------------------------------------  -----  ---------  --------  ----------  --------------  -------------------
/opt/airflow/dags/flight-pipeline.py                           1           0  0.23s           2026-09-17T13:18:41
================================================================================
[2026-09-17T13:19:32.830+0000] {manager.py:878} INFO - 
================================================================================
DAG File Processing Stats

File Path                             PID    Runtime      # DAGs    # Errors  Last Runtime    Last Run
------------------------------------  -----  ---------  --------  ----------  --------------  -------------------
/opt/airflow/dags/flight-pipeline.py                           1           0  0.21s           2026-09-17T13:19:11
================================================================================
[2026-09-17T13:20:03.226+0000] {manager.py:878} INFO - 
================================================================================
DAG File Processing Stats

File Path                             PID    Runtime      # DAGs    # Errors  Last Runtime    Last Run
------------------------------------  -----  ---------  --------  ----------  --------------  -------------------
/opt/airflow/dags/flight-pipeline.py                           1           0  0.26s           2026-09-17T13:19:42
================================================================================
[2026-09-17T13:20:33.567+0000] {manager.py:878} INFO - 
================================================================================
DAG File Processing Stats

File Path                             PID    Runtime      # DAGs    # Errors  Last Runtime    Last Run
------------------------------------  -----  ---------  --------  ----------  --------------  -------------------
/opt/airflow/dags/flight-pipeline.py                           1           0  0.23s           2026-09-17T13:20:12
================================================================================
[2026-09-17T13:21:03.964+0000] {manager.py:878} INFO - 
================================================================================
DAG File Processing Stats

File Path                             PID    Runtime      # DAGs    # Errors  Last Runtime    Last Run
------------------------------------  -----  ---------  --------  ----------  --------------  -------------------
/opt/airflow/dags/flight-pipeline.py                           1           0  0.24s           2026-09-17T13:20:42
================================================================================
[2026-09-17T13:21:10.016+0000] {manager.py:737} INFO - Searching for files in /opt/airflow/dags
[2026-09-17T13:21:10.052+0000] {manager.py:740} INFO - There are 1 files in /opt/airflow/dags
[2026-09-17T13:21:34.312+0000] {manager.py:878} INFO - 
================================================================================
DAG File Processing Stats

File Path                             PID    Runtime      # DAGs    # Errors  Last Runtime    Last Run
------------------------------------  -----  ---------  --------  ----------  --------------  -------------------
/opt/airflow/dags/flight-pipeline.py                           1           0  0.25s           2026-09-17T13:21:13
================================================================================
[2026-09-17T13:22:04.747+0000] {manager.py:878} INFO - 
================================================================================
DAG File Processing Stats

File Path                             PID    Runtime      # DAGs    # Errors  Last Runtime    Last Run
------------------------------------  -----  ---------  --------  ----------  --------------  -------------------
/opt/airflow/dags/flight-pipeline.py                           1           0  0.24s           2026-09-17T13:21:43
================================================================================
[2026-09-17T13:22:35.036+0000] {manager.py:878} INFO - 
================================================================================
DAG File Processing Stats

File Path                             PID    Runtime      # DAGs    # Errors  Last Runtime    Last Run
------------------------------------  -----  ---------  --------  ----------  --------------  -------------------
/opt/airflow/dags/flight-pipeline.py                           1           0  0.22s           2026-09-17T13:22:14
================================================================================
[2026-09-17T13:23:05.456+0000] {manager.py:878} INFO - 
================================================================================
DAG File Processing Stats

File Path                             PID    Runtime      # DAGs    # Errors  Last Runtime    Last Run
------------------------------------  -----  ---------  --------  ----------  --------------  -------------------
/opt/airflow/dags/flight-pipeline.py                           1           0  0.23s           2026-09-17T13:22:44
================================================================================
[2026-09-17T13:23:35.755+0000] {manager.py:878} INFO - 
================================================================================
DAG File Processing Stats

File Path                             PID    Runtime      # DAGs    # Errors  Last Runtime    Last Run
------------------------------------  -----  ---------  --------  ----------  --------------  -------------------
/opt/airflow/dags/flight-pipeline.py                           1           0  0.22s           2026-09-17T13:23:14
================================================================================
[2026-09-17T13:24:06.158+0000] {manager.py:878} INFO - 
================================================================================
DAG File Processing Stats

File Path                             PID    Runtime      # DAGs    # Errors  Last Runtime    Last Run
------------------------------------  -----  ---------  --------  ----------  --------------  -------------------
/opt/airflow/dags/flight-pipeline.py                           1           0  0.23s           2026-09-17T13:23:45
================================================================================
[2026-09-17T13:24:36.419+0000] {manager.py:878} INFO - 
================================================================================
DAG File Processing Stats

File Path                             PID    Runtime      # DAGs    # Errors  Last Runtime    Last Run
------------------------------------  -----  ---------  --------  ----------  --------------  -------------------
/opt/airflow/dags/flight-pipeline.py                           1           0  0.23s           2026-09-17T13:24:15
================================================================================
[2026-09-17T13:25:06.856+0000] {manager.py:878} INFO - 
================================================================================
DAG File Processing Stats

File Path                             PID    Runtime      # DAGs    # Errors  Last Runtime    Last Run
------------------------------------  -----  ---------  --------  ----------  --------------  -------------------
/opt/airflow/dags/flight-pipeline.py                           1           0  0.24s           2026-09-17T13:24:45
================================================================================
[2026-09-17T13:25:37.144+0000] {manager.py:878} INFO - 
================================================================================
DAG File Processing Stats

File Path                             PID    Runtime      # DAGs    # Errors  Last Runtime    Last Run
------------------------------------  -----  ---------  --------  ----------  --------------  -------------------
/opt/airflow/dags/flight-pipeline.py                           1           0  0.23s           2026-09-17T13:25:16
================================================================================
[2026-09-17T13:26:07.567+0000] {manager.py:878} INFO - 
================================================================================
DAG File Processing Stats

File Path                             PID    Runtime      # DAGs    # Errors  Last Runtime    Last Run
------------------------------------  -----  ---------  --------  ----------  --------------  -------------------
/opt/airflow/dags/flight-pipeline.py                           1           0  0.26s           2026-09-17T13:25:46
================================================================================
[2026-09-17T13:26:10.590+0000] {manager.py:737} INFO - Searching for files in /opt/airflow/dags
[2026-09-17T13:26:10.629+0000] {manager.py:740} INFO - There are 1 files in /opt/airflow/dags
[2026-09-17T13:26:37.901+0000] {manager.py:878} INFO - 
================================================================================
DAG File Processing Stats

File Path                             PID    Runtime      # DAGs    # Errors  Last Runtime    Last Run
------------------------------------  -----  ---------  --------  ----------  --------------  -------------------
/opt/airflow/dags/flight-pipeline.py                           1           0  0.23s           2026-09-17T13:26:16
================================================================================
[2026-09-17T13:27:08.336+0000] {manager.py:878} INFO - 
================================================================================
DAG File Processing Stats

File Path                             PID    Runtime      # DAGs    # Errors  Last Runtime    Last Run
------------------------------------  -----  ---------  --------  ----------  --------------  -------------------
/opt/airflow/dags/flight-pipeline.py                           1           0  0.22s           2026-09-17T13:26:47
================================================================================
[2026-09-17T13:27:38.621+0000] {manager.py:878} INFO - 
================================================================================
DAG File Processing Stats

File Path                             PID    Runtime      # DAGs    # Errors  Last Runtime    Last Run
------------------------------------  -----  ---------  --------  ----------  --------------  -------------------
/opt/airflow/dags/flight-pipeline.py                           1           0  0.23s           2026-09-17T13:27:17
================================================================================
[2026-09-17T13:28:09.049+0000] {manager.py:878} INFO - 
================================================================================
DAG File Processing Stats

File Path                             PID    Runtime      # DAGs    # Errors  Last Runtime    Last Run
------------------------------------  -----  ---------  --------  ----------  --------------  -------------------
/opt/airflow/dags/flight-pipeline.py                           1           0  0.22s           2026-09-17T13:27:47
================================================================================
[2026-09-17T13:28:39.345+0000] {manager.py:878} INFO - 
================================================================================
DAG File Processing Stats

File Path                             PID    Runtime      # DAGs    # Errors  Last Runtime    Last Run
------------------------------------  -----  ---------  --------  ----------  --------------  -------------------
/opt/airflow/dags/flight-pipeline.py                           1           0  0.26s           2026-09-17T13:28:18
================================================================================
[2026-09-17T13:29:09.804+0000] {manager.py:878} INFO - 
================================================================================
DAG File Processing Stats

File Path                             PID    Runtime      # DAGs    # Errors  Last Runtime    Last Run
------------------------------------  -----  ---------  --------  ----------  --------------  -------------------
/opt/airflow/dags/flight-pipeline.py                           1           0  0.25s           2026-09-17T13:28:48
================================================================================
[2026-09-17T13:29:40.109+0000] {manager.py:878} INFO - 
================================================================================
DAG File Processing Stats

File Path                             PID    Runtime      # DAGs    # Errors  Last Runtime    Last Run
------------------------------------  -----  ---------  --------  ----------  --------------  -------------------
/opt/airflow/dags/flight-pipeline.py                           1           0  0.23s           2026-09-17T13:29:19
================================================================================
[2026-09-17T13:30:10.501+0000] {manager.py:878} INFO - 
================================================================================
DAG File Processing Stats

File Path                             PID    Runtime      # DAGs    # Errors  Last Runtime    Last Run
------------------------------------  -----  ---------  --------  ----------  --------------  -------------------
/opt/airflow/dags/flight-pipeline.py                           1           0  0.23s           2026-09-17T13:29:49
================================================================================
[2026-09-17T13:30:40.794+0000] {manager.py:878} INFO - 
================================================================================
DAG File Processing Stats

File Path                             PID    Runtime      # DAGs    # Errors  Last Runtime    Last Run
------------------------------------  -----  ---------  --------  ----------  --------------  -------------------
/opt/airflow/dags/flight-pipeline.py                           1           0  0.23s           2026-09-17T13:30:19
================================================================================
[2026-09-17T13:31:11.168+0000] {manager.py:737} INFO - Searching for files in /opt/airflow/dags
[2026-09-17T13:31:11.209+0000] {manager.py:740} INFO - There are 1 files in /opt/airflow/dags
[2026-09-17T13:31:11.229+0000] {manager.py:878} INFO - 
================================================================================
DAG File Processing Stats

File Path                             PID    Runtime      # DAGs    # Errors  Last Runtime    Last Run
------------------------------------  -----  ---------  --------  ----------  --------------  -------------------
/opt/airflow/dags/flight-pipeline.py                           1           0  0.26s           2026-09-17T13:30:50
================================================================================
[2026-09-17T13:31:41.520+0000] {manager.py:878} INFO - 
================================================================================
DAG File Processing Stats

File Path                             PID    Runtime      # DAGs    # Errors  Last Runtime    Last Run
------------------------------------  -----  ---------  --------  ----------  --------------  -------------------
/opt/airflow/dags/flight-pipeline.py                           1           0  0.24s           2026-09-17T13:31:20
================================================================================
[2026-09-17T13:32:11.943+0000] {manager.py:878} INFO - 
================================================================================
DAG File Processing Stats

File Path                             PID    Runtime      # DAGs    # Errors  Last Runtime    Last Run
------------------------------------  -----  ---------  --------  ----------  --------------  -------------------
/opt/airflow/dags/flight-pipeline.py                           1           0  0.23s           2026-09-17T13:31:50
================================================================================
[2026-09-17T13:32:42.229+0000] {manager.py:878} INFO - 
================================================================================
DAG File Processing Stats

File Path                             PID    Runtime      # DAGs    # Errors  Last Runtime    Last Run
------------------------------------  -----  ---------  --------  ----------  --------------  -------------------
/opt/airflow/dags/flight-pipeline.py                           1           0  0.23s           2026-09-17T13:32:21
================================================================================
[2026-09-17T13:33:12.664+0000] {manager.py:878} INFO - 
================================================================================
DAG File Processing Stats

File Path                             PID    Runtime      # DAGs    # Errors  Last Runtime    Last Run
------------------------------------  -----  ---------  --------  ----------  --------------  -------------------
/opt/airflow/dags/flight-pipeline.py                           1           0  0.27s           2026-09-17T13:32:51
================================================================================
[2026-09-17T13:33:43.009+0000] {manager.py:878} INFO - 
================================================================================
DAG File Processing Stats

File Path                             PID    Runtime      # DAGs    # Errors  Last Runtime    Last Run
------------------------------------  -----  ---------  --------  ----------  --------------  -------------------
/opt/airflow/dags/flight-pipeline.py                           1           0  0.27s           2026-09-17T13:33:22
================================================================================
[2026-09-17T13:34:13.432+0000] {manager.py:878} INFO - 
================================================================================
DAG File Processing Stats

File Path                             PID    Runtime      # DAGs    # Errors  Last Runtime    Last Run
------------------------------------  -----  ---------  --------  ----------  --------------  -------------------
/opt/airflow/dags/flight-pipeline.py                           1           0  0.26s           2026-09-17T13:33:52
================================================================================
[2026-09-17T13:34:43.776+0000] {manager.py:878} INFO - 
================================================================================
DAG File Processing Stats

File Path                             PID    Runtime      # DAGs    # Errors  Last Runtime    Last Run
------------------------------------  -----  ---------  --------  ----------  --------------  -------------------
/opt/airflow/dags/flight-pipeline.py                           1           0  0.28s           2026-09-17T13:34:22
================================================================================
[2026-09-17T13:35:14.223+0000] {manager.py:878} INFO - 
================================================================================
DAG File Processing Stats

File Path                             PID    Runtime      # DAGs    # Errors  Last Runtime    Last Run
------------------------------------  -----  ---------  --------  ----------  --------------  -------------------
/opt/airflow/dags/flight-pipeline.py                           1           0  0.24s           2026-09-17T13:34:53
================================================================================
[2026-09-17T13:35:44.501+0000] {manager.py:878} INFO - 
================================================================================
DAG File Processing Stats

File Path                             PID    Runtime      # DAGs    # Errors  Last Runtime    Last Run
------------------------------------  -----  ---------  --------  ----------  --------------  -------------------
/opt/airflow/dags/flight-pipeline.py                           1           0  0.26s           2026-09-17T13:35:23
================================================================================
[2026-09-17T13:36:11.932+0000] {manager.py:737} INFO - Searching for files in /opt/airflow/dags
[2026-09-17T13:36:11.976+0000] {manager.py:740} INFO - There are 1 files in /opt/airflow/dags
[2026-09-17T13:36:15.023+0000] {manager.py:878} INFO - 
================================================================================
DAG File Processing Stats

File Path                             PID    Runtime      # DAGs    # Errors  Last Runtime    Last Run
------------------------------------  -----  ---------  --------  ----------  --------------  -------------------
/opt/airflow/dags/flight-pipeline.py                           1           0  0.24s           2026-09-17T13:35:53
================================================================================
[2026-09-17T13:36:45.312+0000] {manager.py:878} INFO - 
================================================================================
DAG File Processing Stats

File Path                             PID    Runtime      # DAGs    # Errors  Last Runtime    Last Run
------------------------------------  -----  ---------  --------  ----------  --------------  -------------------
/opt/airflow/dags/flight-pipeline.py                           1           0  0.20s           2026-09-17T13:36:24
================================================================================
[2026-09-17T13:37:15.716+0000] {manager.py:878} INFO - 
================================================================================
DAG File Processing Stats

File Path                             PID    Runtime      # DAGs    # Errors  Last Runtime    Last Run
------------------------------------  -----  ---------  --------  ----------  --------------  -------------------
/opt/airflow/dags/flight-pipeline.py                           1           0  0.21s           2026-09-17T13:36:54
================================================================================
[2026-09-17T13:37:45.989+0000] {manager.py:878} INFO - 
================================================================================
DAG File Processing Stats

File Path                             PID    Runtime      # DAGs    # Errors  Last Runtime    Last Run
------------------------------------  -----  ---------  --------  ----------  --------------  -------------------
/opt/airflow/dags/flight-pipeline.py                           1           0  0.23s           2026-09-17T13:37:25
================================================================================
[2026-09-17T13:38:16.411+0000] {manager.py:878} INFO - 
================================================================================
DAG File Processing Stats

File Path                             PID    Runtime      # DAGs    # Errors  Last Runtime    Last Run
------------------------------------  -----  ---------  --------  ----------  --------------  -------------------
/opt/airflow/dags/flight-pipeline.py                           1           0  0.25s           2026-09-17T13:37:55
================================================================================
[2026-09-17T13:38:46.706+0000] {manager.py:878} INFO - 
================================================================================
DAG File Processing Stats

File Path                             PID    Runtime      # DAGs    # Errors  Last Runtime    Last Run
------------------------------------  -----  ---------  --------  ----------  --------------  -------------------
/opt/airflow/dags/flight-pipeline.py                           1           0  0.24s           2026-09-17T13:38:25
================================================================================
[2026-09-17T13:39:17.119+0000] {manager.py:878} INFO - 
================================================================================
DAG File Processing Stats

File Path                             PID    Runtime      # DAGs    # Errors  Last Runtime    Last Run
------------------------------------  -----  ---------  --------  ----------  --------------  -------------------
/opt/airflow/dags/flight-pipeline.py                           1           0  0.26s           2026-09-17T13:38:56
================================================================================
[2026-09-17T13:39:47.451+0000] {manager.py:878} INFO - 
================================================================================
DAG File Processing Stats

File Path                             PID    Runtime      # DAGs    # Errors  Last Runtime    Last Run
------------------------------------  -----  ---------  --------  ----------  --------------  -------------------
/opt/airflow/dags/flight-pipeline.py                           1           0  0.24s           2026-09-17T13:39:26
================================================================================
[2026-09-17T13:40:17.851+0000] {manager.py:878} INFO - 
================================================================================
DAG File Processing Stats

File Path                             PID    Runtime      # DAGs    # Errors  Last Runtime    Last Run
------------------------------------  -----  ---------  --------  ----------  --------------  -------------------
/opt/airflow/dags/flight-pipeline.py                           1           0  0.22s           2026-09-17T13:39:56
================================================================================
[2026-09-17T13:40:48.150+0000] {manager.py:878} INFO - 
================================================================================
DAG File Processing Stats

File Path                             PID    Runtime      # DAGs    # Errors  Last Runtime    Last Run
------------------------------------  -----  ---------  --------  ----------  --------------  -------------------
/opt/airflow/dags/flight-pipeline.py                           1           0  0.22s           2026-09-17T13:40:27
================================================================================
[2026-09-17T13:41:12.508+0000] {manager.py:737} INFO - Searching for files in /opt/airflow/dags
[2026-09-17T13:41:12.551+0000] {manager.py:740} INFO - There are 1 files in /opt/airflow/dags
[2026-09-17T13:41:18.624+0000] {manager.py:878} INFO - 
================================================================================
DAG File Processing Stats

File Path                             PID    Runtime      # DAGs    # Errors  Last Runtime    Last Run
------------------------------------  -----  ---------  --------  ----------  --------------  -------------------
/opt/airflow/dags/flight-pipeline.py                           1           0  0.22s           2026-09-17T13:40:57
================================================================================
[2026-09-17T13:41:48.918+0000] {manager.py:878} INFO - 
================================================================================
DAG File Processing Stats

File Path                             PID    Runtime      # DAGs    # Errors  Last Runtime    Last Run
------------------------------------  -----  ---------  --------  ----------  --------------  -------------------
/opt/airflow/dags/flight-pipeline.py                           1           0  0.22s           2026-09-17T13:41:27
================================================================================
[2026-09-17T13:42:19.350+0000] {manager.py:878} INFO - 
================================================================================
DAG File Processing Stats

File Path                             PID    Runtime      # DAGs    # Errors  Last Runtime    Last Run
------------------------------------  -----  ---------  --------  ----------  --------------  -------------------
/opt/airflow/dags/flight-pipeline.py                           1           0  0.26s           2026-09-17T13:41:58
================================================================================
[2026-09-17T13:42:49.678+0000] {manager.py:878} INFO - 
================================================================================
DAG File Processing Stats

File Path                             PID    Runtime      # DAGs    # Errors  Last Runtime    Last Run
------------------------------------  -----  ---------  --------  ----------  --------------  -------------------
/opt/airflow/dags/flight-pipeline.py                           0           1  2.18s           2026-09-17T13:42:32
================================================================================
[2026-09-17T13:43:19.745+0000] {manager.py:878} INFO - 
================================================================================
DAG File Processing Stats

File Path                             PID    Runtime      # DAGs    # Errors  Last Runtime    Last Run
------------------------------------  -----  ---------  --------  ----------  --------------  -------------------
/opt/airflow/dags/flight-pipeline.py                           0           1  0.81s           2026-09-17T13:43:03
================================================================================
[2026-09-17T13:43:49.770+0000] {manager.py:878} INFO - 
================================================================================
DAG File Processing Stats

File Path                             PID    Runtime      # DAGs    # Errors  Last Runtime    Last Run
------------------------------------  -----  ---------  --------  ----------  --------------  -------------------
/opt/airflow/dags/flight-pipeline.py                           0           1  0.77s           2026-09-17T13:43:34
================================================================================
[2026-09-17T13:44:19.816+0000] {manager.py:878} INFO - 
================================================================================
DAG File Processing Stats

File Path                             PID    Runtime      # DAGs    # Errors  Last Runtime    Last Run
------------------------------------  -----  ---------  --------  ----------  --------------  -------------------
/opt/airflow/dags/flight-pipeline.py                           0           1  0.81s           2026-09-17T13:44:01
================================================================================
[2026-09-17T13:44:49.917+0000] {manager.py:878} INFO - 
================================================================================
DAG File Processing Stats

File Path                             PID    Runtime      # DAGs    # Errors  Last Runtime    Last Run
------------------------------------  -----  ---------  --------  ----------  --------------  -------------------
/opt/airflow/dags/flight-pipeline.py                           0           1  0.85s           2026-09-17T13:44:32
================================================================================
[2026-09-17T13:45:20.150+0000] {manager.py:878} INFO - 
================================================================================
DAG File Processing Stats

File Path                             PID    Runtime      # DAGs    # Errors  Last Runtime    Last Run
------------------------------------  -----  ---------  --------  ----------  --------------  -------------------
/opt/airflow/dags/flight-pipeline.py                           0           1  0.78s           2026-09-17T13:45:03
================================================================================
[2026-09-17T13:45:50.399+0000] {manager.py:878} INFO - 
================================================================================
DAG File Processing Stats

File Path                             PID    Runtime      # DAGs    # Errors  Last Runtime    Last Run
------------------------------------  -----  ---------  --------  ----------  --------------  -------------------
/opt/airflow/dags/flight-pipeline.py                           0           1  0.81s           2026-09-17T13:45:34
================================================================================
[2026-09-17T13:46:12.588+0000] {manager.py:737} INFO - Searching for files in /opt/airflow/dags
[2026-09-17T13:46:12.644+0000] {manager.py:740} INFO - There are 1 files in /opt/airflow/dags
[2026-09-17T13:46:20.744+0000] {manager.py:878} INFO - 
================================================================================
DAG File Processing Stats

File Path                             PID    Runtime      # DAGs    # Errors  Last Runtime    Last Run
------------------------------------  -----  ---------  --------  ----------  --------------  -------------------
/opt/airflow/dags/flight-pipeline.py                           0           1  0.87s           2026-09-17T13:46:05
================================================================================
[2026-09-17T13:46:51.019+0000] {manager.py:878} INFO - 
================================================================================
DAG File Processing Stats

File Path                             PID    Runtime      # DAGs    # Errors  Last Runtime    Last Run
------------------------------------  -----  ---------  --------  ----------  --------------  -------------------
/opt/airflow/dags/flight-pipeline.py                           0           1  0.80s           2026-09-17T13:46:36
================================================================================
[2026-09-17T13:47:21.090+0000] {manager.py:878} INFO - 
================================================================================
DAG File Processing Stats

File Path                             PID    Runtime      # DAGs    # Errors  Last Runtime    Last Run
------------------------------------  -----  ---------  --------  ----------  --------------  -------------------
/opt/airflow/dags/flight-pipeline.py                           0           1  0.79s           2026-09-17T13:47:07
================================================================================
[2026-09-17T13:47:51.122+0000] {manager.py:878} INFO - 
================================================================================
DAG File Processing Stats

File Path                             PID    Runtime      # DAGs    # Errors  Last Runtime    Last Run
------------------------------------  -----  ---------  --------  ----------  --------------  -------------------
/opt/airflow/dags/flight-pipeline.py                           0           1  0.74s           2026-09-17T13:47:39
================================================================================
[2026-09-17T13:48:21.178+0000] {manager.py:878} INFO - 
================================================================================
DAG File Processing Stats

File Path                             PID    Runtime      # DAGs    # Errors  Last Runtime    Last Run
------------------------------------  -----  ---------  --------  ----------  --------------  -------------------
/opt/airflow/dags/flight-pipeline.py                           0           1  0.79s           2026-09-17T13:48:10
================================================================================
[2026-09-17T13:48:51.315+0000] {manager.py:878} INFO - 
================================================================================
DAG File Processing Stats

File Path                             PID    Runtime      # DAGs    # Errors  Last Runtime    Last Run
------------------------------------  -----  ---------  --------  ----------  --------------  -------------------
/opt/airflow/dags/flight-pipeline.py                           0           1  0.88s           2026-09-17T13:48:41
================================================================================
[2026-09-17T13:49:22.317+0000] {manager.py:878} INFO - 
================================================================================
DAG File Processing Stats

File Path                             PID    Runtime      # DAGs    # Errors  Last Runtime    Last Run
------------------------------------  -----  ---------  --------  ----------  --------------  -------------------
/opt/airflow/dags/flight-pipeline.py                           0           1  0.76s           2026-09-17T13:49:12
================================================================================
[2026-09-17T13:49:52.506+0000] {manager.py:878} INFO - 
================================================================================
DAG File Processing Stats

File Path                             PID    Runtime      # DAGs    # Errors  Last Runtime    Last Run
------------------------------------  -----  ---------  --------  ----------  --------------  -------------------
/opt/airflow/dags/flight-pipeline.py                           0           1  0.88s           2026-09-17T13:49:43
================================================================================
[2026-09-17T13:50:22.610+0000] {manager.py:878} INFO - 
================================================================================
DAG File Processing Stats

File Path                             PID    Runtime      # DAGs    # Errors  Last Runtime    Last Run
------------------------------------  -----  ---------  --------  ----------  --------------  -------------------
/opt/airflow/dags/flight-pipeline.py                           0           1  0.81s           2026-09-17T13:50:14
================================================================================
[2026-09-17T13:50:52.704+0000] {manager.py:878} INFO - 
================================================================================
DAG File Processing Stats

File Path                             PID    Runtime      # DAGs    # Errors  Last Runtime    Last Run
------------------------------------  -----  ---------  --------  ----------  --------------  -------------------
/opt/airflow/dags/flight-pipeline.py                           0           1  0.81s           2026-09-17T13:50:45
================================================================================
[2026-09-17T13:51:12.872+0000] {manager.py:737} INFO - Searching for files in /opt/airflow/dags
[2026-09-17T13:51:12.920+0000] {manager.py:740} INFO - There are 1 files in /opt/airflow/dags
[2026-09-17T13:51:22.859+0000] {manager.py:878} INFO - 
================================================================================
DAG File Processing Stats

File Path                             PID    Runtime      # DAGs    # Errors  Last Runtime    Last Run
------------------------------------  -----  ---------  --------  ----------  --------------  -------------------
/opt/airflow/dags/flight-pipeline.py                           0           1  0.82s           2026-09-17T13:51:16
================================================================================
[2026-09-17T13:51:52.917+0000] {manager.py:878} INFO - 
================================================================================
DAG File Processing Stats

File Path                             PID    Runtime      # DAGs    # Errors  Last Runtime    Last Run
------------------------------------  -----  ---------  --------  ----------  --------------  -------------------
/opt/airflow/dags/flight-pipeline.py                           0           1  0.79s           2026-09-17T13:51:47
================================================================================
[2026-09-17T13:52:23.017+0000] {manager.py:878} INFO - 
================================================================================
DAG File Processing Stats

File Path                             PID    Runtime      # DAGs    # Errors  Last Runtime    Last Run
------------------------------------  -----  ---------  --------  ----------  --------------  -------------------
/opt/airflow/dags/flight-pipeline.py                           0           1  0.85s           2026-09-17T13:52:18
================================================================================
[2026-09-17T13:52:53.246+0000] {manager.py:878} INFO - 
================================================================================
DAG File Processing Stats

File Path                             PID    Runtime      # DAGs    # Errors  Last Runtime    Last Run
------------------------------------  -----  ---------  --------  ----------  --------------  -------------------
/opt/airflow/dags/flight-pipeline.py                           0           1  0.73s           2026-09-17T13:52:49
================================================================================
[2026-09-17T13:53:23.502+0000] {manager.py:878} INFO - 
================================================================================
DAG File Processing Stats

File Path                             PID    Runtime      # DAGs    # Errors  Last Runtime    Last Run
------------------------------------  -----  ---------  --------  ----------  --------------  -------------------
/opt/airflow/dags/flight-pipeline.py                           0           1  0.76s           2026-09-17T13:53:20
================================================================================
[2026-09-17T13:53:53.775+0000] {manager.py:878} INFO - 
================================================================================
DAG File Processing Stats

File Path                             PID    Runtime      # DAGs    # Errors  Last Runtime    Last Run
------------------------------------  -----  ---------  --------  ----------  --------------  -------------------
/opt/airflow/dags/flight-pipeline.py                           0           1  0.84s           2026-09-17T13:53:51
================================================================================
[2026-09-17T13:54:23.885+0000] {manager.py:878} INFO - 
================================================================================
DAG File Processing Stats

File Path                             PID    Runtime      # DAGs    # Errors  Last Runtime    Last Run
------------------------------------  -----  ---------  --------  ----------  --------------  -------------------
/opt/airflow/dags/flight-pipeline.py                           0           1  0.84s           2026-09-17T13:54:22
================================================================================
[2026-09-17T13:54:53.903+0000] {manager.py:878} INFO - 
================================================================================
DAG File Processing Stats

File Path                             PID    Runtime      # DAGs    # Errors  Last Runtime    Last Run
------------------------------------  -----  ---------  --------  ----------  --------------  -------------------
/opt/airflow/dags/flight-pipeline.py                           0           1  0.77s           2026-09-17T13:54:41
================================================================================
[2026-09-17T13:55:23.936+0000] {manager.py:878} INFO - 
================================================================================
DAG File Processing Stats

File Path                             PID    Runtime      # DAGs    # Errors  Last Runtime    Last Run
------------------------------------  -----  ---------  --------  ----------  --------------  -------------------
/opt/airflow/dags/flight-pipeline.py                           0           1  0.78s           2026-09-17T13:55:12
================================================================================
[2026-09-17T13:55:54.156+0000] {manager.py:878} INFO - 
================================================================================
DAG File Processing Stats

File Path                             PID    Runtime      # DAGs    # Errors  Last Runtime    Last Run
------------------------------------  -----  ---------  --------  ----------  --------------  -------------------
/opt/airflow/dags/flight-pipeline.py                           0           1  0.74s           2026-09-17T13:55:43
================================================================================
[2026-09-17T13:56:13.319+0000] {manager.py:737} INFO - Searching for files in /opt/airflow/dags
[2026-09-17T13:56:13.357+0000] {manager.py:740} INFO - There are 1 files in /opt/airflow/dags
[2026-09-17T13:56:24.468+0000] {manager.py:878} INFO - 
================================================================================
DAG File Processing Stats

File Path                             PID    Runtime      # DAGs    # Errors  Last Runtime    Last Run
------------------------------------  -----  ---------  --------  ----------  --------------  -------------------
/opt/airflow/dags/flight-pipeline.py                           0           1  0.82s           2026-09-17T13:56:08
================================================================================
[2026-09-17T13:56:55.038+0000] {manager.py:878} INFO - 
================================================================================
DAG File Processing Stats

File Path                             PID    Runtime      # DAGs    # Errors  Last Runtime    Last Run
------------------------------------  -----  ---------  --------  ----------  --------------  -------------------
/opt/airflow/dags/flight-pipeline.py                           0           1  0.81s           2026-09-17T13:56:36
================================================================================
[2026-09-17T13:57:25.288+0000] {manager.py:878} INFO - 
================================================================================
DAG File Processing Stats

File Path                             PID    Runtime      # DAGs    # Errors  Last Runtime    Last Run
------------------------------------  -----  ---------  --------  ----------  --------------  -------------------
/opt/airflow/dags/flight-pipeline.py                           1           0  1.03s           2026-09-17T13:56:59
================================================================================
[2026-09-17T13:57:55.478+0000] {manager.py:878} INFO - 
================================================================================
DAG File Processing Stats

File Path                             PID    Runtime      # DAGs    # Errors  Last Runtime    Last Run
------------------------------------  -----  ---------  --------  ----------  --------------  -------------------
/opt/airflow/dags/flight-pipeline.py                           1           0  0.94s           2026-09-17T13:57:30
================================================================================
[2026-09-17T13:58:25.661+0000] {manager.py:878} INFO - 
================================================================================
DAG File Processing Stats

File Path                             PID    Runtime      # DAGs    # Errors  Last Runtime    Last Run
------------------------------------  -----  ---------  --------  ----------  --------------  -------------------
/opt/airflow/dags/flight-pipeline.py                           1           0  0.92s           2026-09-17T13:58:01
================================================================================
[2026-09-17T13:58:55.762+0000] {manager.py:878} INFO - 
================================================================================
DAG File Processing Stats

File Path                             PID    Runtime      # DAGs    # Errors  Last Runtime    Last Run
------------------------------------  -----  ---------  --------  ----------  --------------  -------------------
/opt/airflow/dags/flight-pipeline.py                           1           0  0.83s           2026-09-17T13:58:32
================================================================================
[2026-09-17T13:59:25.944+0000] {manager.py:878} INFO - 
================================================================================
DAG File Processing Stats

File Path                             PID    Runtime      # DAGs    # Errors  Last Runtime    Last Run
------------------------------------  -----  ---------  --------  ----------  --------------  -------------------
/opt/airflow/dags/flight-pipeline.py                           1           0  0.92s           2026-09-17T13:59:03
================================================================================
[2026-09-17T13:59:55.998+0000] {manager.py:878} INFO - 
================================================================================
DAG File Processing Stats

File Path                             PID    Runtime      # DAGs    # Errors  Last Runtime    Last Run
------------------------------------  -----  ---------  --------  ----------  --------------  -------------------
/opt/airflow/dags/flight-pipeline.py                           1           0  0.81s           2026-09-17T13:59:34
================================================================================
[2026-09-17T14:00:26.218+0000] {manager.py:878} INFO - 
================================================================================
DAG File Processing Stats

File Path                             PID    Runtime      # DAGs    # Errors  Last Runtime    Last Run
------------------------------------  -----  ---------  --------  ----------  --------------  -------------------
/opt/airflow/dags/flight-pipeline.py                           1           0  0.98s           2026-09-17T14:00:06
================================================================================
[2026-09-17T14:00:56.351+0000] {manager.py:878} INFO - 
================================================================================
DAG File Processing Stats

File Path                             PID    Runtime      # DAGs    # Errors  Last Runtime    Last Run
------------------------------------  -----  ---------  --------  ----------  --------------  -------------------
/opt/airflow/dags/flight-pipeline.py                           1           0  0.88s           2026-09-17T14:00:37
================================================================================
[2026-09-17T14:01:13.380+0000] {manager.py:737} INFO - Searching for files in /opt/airflow/dags
[2026-09-17T14:01:13.426+0000] {manager.py:740} INFO - There are 1 files in /opt/airflow/dags
[2026-09-17T14:01:26.540+0000] {manager.py:878} INFO - 
================================================================================
DAG File Processing Stats

File Path                             PID    Runtime      # DAGs    # Errors  Last Runtime    Last Run
------------------------------------  -----  ---------  --------  ----------  --------------  -------------------
/opt/airflow/dags/flight-pipeline.py                           1           0  0.89s           2026-09-17T14:01:08
================================================================================
[2026-09-17T14:01:56.805+0000] {manager.py:878} INFO - 
================================================================================
DAG File Processing Stats

File Path                             PID    Runtime      # DAGs    # Errors  Last Runtime    Last Run
------------------------------------  -----  ---------  --------  ----------  --------------  -------------------
/opt/airflow/dags/flight-pipeline.py                           1           0  1.19s           2026-09-17T14:01:39
================================================================================
[2026-09-17T14:02:27.018+0000] {manager.py:878} INFO - 
================================================================================
DAG File Processing Stats

File Path                             PID    Runtime      # DAGs    # Errors  Last Runtime    Last Run
------------------------------------  -----  ---------  --------  ----------  --------------  -------------------
/opt/airflow/dags/flight-pipeline.py                           1           0  0.91s           2026-09-17T14:02:10
================================================================================
[2026-09-17T14:02:57.275+0000] {manager.py:878} INFO - 
================================================================================
DAG File Processing Stats

File Path                             PID    Runtime      # DAGs    # Errors  Last Runtime    Last Run
------------------------------------  -----  ---------  --------  ----------  --------------  -------------------
/opt/airflow/dags/flight-pipeline.py                           1           0  0.95s           2026-09-17T14:02:42
================================================================================
[2026-09-17T14:03:27.552+0000] {manager.py:878} INFO - 
================================================================================
DAG File Processing Stats

File Path                             PID    Runtime      # DAGs    # Errors  Last Runtime    Last Run
------------------------------------  -----  ---------  --------  ----------  --------------  -------------------
/opt/airflow/dags/flight-pipeline.py                           1           0  0.99s           2026-09-17T14:03:13
================================================================================
[2026-09-17T14:03:57.713+0000] {manager.py:878} INFO - 
================================================================================
DAG File Processing Stats

File Path                             PID    Runtime      # DAGs    # Errors  Last Runtime    Last Run
------------------------------------  -----  ---------  --------  ----------  --------------  -------------------
/opt/airflow/dags/flight-pipeline.py                           1           0  0.86s           2026-09-17T14:03:44
================================================================================
[2026-09-17T14:04:27.874+0000] {manager.py:878} INFO - 
================================================================================
DAG File Processing Stats

File Path                             PID    Runtime      # DAGs    # Errors  Last Runtime    Last Run
------------------------------------  -----  ---------  --------  ----------  --------------  -------------------
/opt/airflow/dags/flight-pipeline.py                           1           0  0.88s           2026-09-17T14:04:15
================================================================================
[2026-09-17T14:04:58.052+0000] {manager.py:878} INFO - 
================================================================================
DAG File Processing Stats

File Path                             PID    Runtime      # DAGs    # Errors  Last Runtime    Last Run
------------------------------------  -----  ---------  --------  ----------  --------------  -------------------
/opt/airflow/dags/flight-pipeline.py                           1           0  0.89s           2026-09-17T14:04:46
================================================================================
[2026-09-17T14:05:28.193+0000] {manager.py:878} INFO - 
================================================================================
DAG File Processing Stats

File Path                             PID    Runtime      # DAGs    # Errors  Last Runtime    Last Run
------------------------------------  -----  ---------  --------  ----------  --------------  -------------------
/opt/airflow/dags/flight-pipeline.py                           1           0  0.85s           2026-09-17T14:05:18
================================================================================
[2026-09-17T14:05:58.384+0000] {manager.py:878} INFO - 
================================================================================
DAG File Processing Stats

File Path                             PID    Runtime      # DAGs    # Errors  Last Runtime    Last Run
------------------------------------  -----  ---------  --------  ----------  --------------  -------------------
/opt/airflow/dags/flight-pipeline.py                           1           0  0.90s           2026-09-17T14:05:49
================================================================================
[2026-09-17T14:06:13.513+0000] {manager.py:737} INFO - Searching for files in /opt/airflow/dags
[2026-09-17T14:06:13.574+0000] {manager.py:740} INFO - There are 1 files in /opt/airflow/dags
[2026-09-17T14:06:28.703+0000] {manager.py:878} INFO - 
================================================================================
DAG File Processing Stats

File Path                             PID    Runtime      # DAGs    # Errors  Last Runtime    Last Run
------------------------------------  -----  ---------  --------  ----------  --------------  -------------------
/opt/airflow/dags/flight-pipeline.py                           1           0  0.94s           2026-09-17T14:06:20
================================================================================
[2026-09-17T14:06:58.938+0000] {manager.py:878} INFO - 
================================================================================
DAG File Processing Stats

File Path                             PID    Runtime      # DAGs    # Errors  Last Runtime    Last Run
------------------------------------  -----  ---------  --------  ----------  --------------  -------------------
/opt/airflow/dags/flight-pipeline.py                           1           0  0.95s           2026-09-17T14:06:51
================================================================================
[2026-09-17T14:07:29.051+0000] {manager.py:878} INFO - 
================================================================================
DAG File Processing Stats

File Path                             PID    Runtime      # DAGs    # Errors  Last Runtime    Last Run
------------------------------------  -----  ---------  --------  ----------  --------------  -------------------
/opt/airflow/dags/flight-pipeline.py                           1           0  0.84s           2026-09-17T14:07:22
================================================================================
[2026-09-17T14:07:59.215+0000] {manager.py:878} INFO - 
================================================================================
DAG File Processing Stats

File Path                             PID    Runtime      # DAGs    # Errors  Last Runtime    Last Run
------------------------------------  -----  ---------  --------  ----------  --------------  -------------------
/opt/airflow/dags/flight-pipeline.py                           1           0  0.90s           2026-09-17T14:07:54
================================================================================
[2026-09-17T14:08:29.293+0000] {manager.py:878} INFO - 
================================================================================
DAG File Processing Stats

File Path                             PID    Runtime      # DAGs    # Errors  Last Runtime    Last Run
------------------------------------  -----  ---------  --------  ----------  --------------  -------------------
/opt/airflow/dags/flight-pipeline.py                           1           0  0.82s           2026-09-17T14:08:25
================================================================================
[2026-09-17T14:08:59.326+0000] {manager.py:878} INFO - 
================================================================================
DAG File Processing Stats

File Path                             PID    Runtime      # DAGs    # Errors  Last Runtime    Last Run
------------------------------------  -----  ---------  --------  ----------  --------------  -------------------
/opt/airflow/dags/flight-pipeline.py                           1           0  0.82s           2026-09-17T14:08:56
================================================================================
[2026-09-17T14:09:29.500+0000] {manager.py:878} INFO - 
================================================================================
DAG File Processing Stats

File Path                             PID    Runtime      # DAGs    # Errors  Last Runtime    Last Run
------------------------------------  -----  ---------  --------  ----------  --------------  -------------------
/opt/airflow/dags/flight-pipeline.py                           1           0  0.88s           2026-09-17T14:09:27
================================================================================
[2026-09-17T14:09:59.793+0000] {manager.py:878} INFO - 
================================================================================
DAG File Processing Stats

File Path                             PID    Runtime      # DAGs    # Errors  Last Runtime    Last Run
------------------------------------  -----  ---------  --------  ----------  --------------  -------------------
/opt/airflow/dags/flight-pipeline.py                           1           0  0.98s           2026-09-17T14:09:58
================================================================================
[2026-09-17T14:10:29.998+0000] {manager.py:878} INFO - 
================================================================================
DAG File Processing Stats

File Path                             PID    Runtime      # DAGs    # Errors  Last Runtime    Last Run
------------------------------------  -----  ---------  --------  ----------  --------------  -------------------
/opt/airflow/dags/flight-pipeline.py                           1           0  0.91s           2026-09-17T14:10:29
================================================================================
[2026-09-17T14:11:00.314+0000] {manager.py:878} INFO - 
================================================================================
DAG File Processing Stats

File Path                               PID  Runtime      # DAGs    # Errors  Last Runtime    Last Run
------------------------------------  -----  ---------  --------  ----------  --------------  -------------------
/opt/airflow/dags/flight-pipeline.py    974  0.01s             1           0  0.91s           2026-09-17T14:10:29
================================================================================
[2026-09-17T14:11:13.545+0000] {manager.py:737} INFO - Searching for files in /opt/airflow/dags
[2026-09-17T14:11:13.598+0000] {manager.py:740} INFO - There are 1 files in /opt/airflow/dags
[2026-09-17T14:11:30.579+0000] {manager.py:878} INFO - 
================================================================================
DAG File Processing Stats

File Path                             PID    Runtime      # DAGs    # Errors  Last Runtime    Last Run
------------------------------------  -----  ---------  --------  ----------  --------------  -------------------
/opt/airflow/dags/flight-pipeline.py                           1           0  1.00s           2026-09-17T14:11:01
================================================================================
[2026-09-17T14:12:00.696+0000] {manager.py:878} INFO - 
================================================================================
DAG File Processing Stats

File Path                             PID    Runtime      # DAGs    # Errors  Last Runtime    Last Run
------------------------------------  -----  ---------  --------  ----------  --------------  -------------------
/opt/airflow/dags/flight-pipeline.py                           1           0  0.83s           2026-09-17T14:11:32
================================================================================
[2026-09-17T14:12:30.889+0000] {manager.py:878} INFO - 
================================================================================
DAG File Processing Stats

File Path                             PID    Runtime      # DAGs    # Errors  Last Runtime    Last Run
------------------------------------  -----  ---------  --------  ----------  --------------  -------------------
/opt/airflow/dags/flight-pipeline.py                           1           0  0.91s           2026-09-17T14:12:03
================================================================================
[2026-09-17T14:13:01.117+0000] {manager.py:878} INFO - 
================================================================================
DAG File Processing Stats

File Path                             PID    Runtime      # DAGs    # Errors  Last Runtime    Last Run
------------------------------------  -----  ---------  --------  ----------  --------------  -------------------
/opt/airflow/dags/flight-pipeline.py                           1           0  0.94s           2026-09-17T14:12:34
================================================================================
[2026-09-17T14:13:31.259+0000] {manager.py:878} INFO - 
================================================================================
DAG File Processing Stats

File Path                             PID    Runtime      # DAGs    # Errors  Last Runtime    Last Run
------------------------------------  -----  ---------  --------  ----------  --------------  -------------------
/opt/airflow/dags/flight-pipeline.py                           1           0  0.87s           2026-09-17T14:13:06
================================================================================
[2026-09-17T14:14:01.428+0000] {manager.py:878} INFO - 
================================================================================
DAG File Processing Stats

File Path                             PID    Runtime      # DAGs    # Errors  Last Runtime    Last Run
------------------------------------  -----  ---------  --------  ----------  --------------  -------------------
/opt/airflow/dags/flight-pipeline.py                           1           0  0.89s           2026-09-17T14:13:37
================================================================================
[2026-09-17T14:14:31.556+0000] {manager.py:878} INFO - 
================================================================================
DAG File Processing Stats

File Path                             PID    Runtime      # DAGs    # Errors  Last Runtime    Last Run
------------------------------------  -----  ---------  --------  ----------  --------------  -------------------
/opt/airflow/dags/flight-pipeline.py                           1           0  0.87s           2026-09-17T14:14:08
================================================================================
[2026-09-17T14:15:01.569+0000] {manager.py:878} INFO - 
================================================================================
DAG File Processing Stats

File Path                             PID    Runtime      # DAGs    # Errors  Last Runtime    Last Run
------------------------------------  -----  ---------  --------  ----------  --------------  -------------------
/opt/airflow/dags/flight-pipeline.py                           1           0  0.93s           2026-09-17T14:14:39
================================================================================
[2026-09-17T14:15:31.630+0000] {manager.py:878} INFO - 
================================================================================
DAG File Processing Stats

File Path                             PID    Runtime      # DAGs    # Errors  Last Runtime    Last Run
------------------------------------  -----  ---------  --------  ----------  --------------  -------------------
/opt/airflow/dags/flight-pipeline.py                           1           0  0.79s           2026-09-17T14:15:10
================================================================================
[2026-09-17T14:16:01.769+0000] {manager.py:878} INFO - 
================================================================================
DAG File Processing Stats

File Path                             PID    Runtime      # DAGs    # Errors  Last Runtime    Last Run
------------------------------------  -----  ---------  --------  ----------  --------------  -------------------
/opt/airflow/dags/flight-pipeline.py                           1           0  0.86s           2026-09-17T14:15:41
================================================================================
[2026-09-17T14:16:13.855+0000] {manager.py:737} INFO - Searching for files in /opt/airflow/dags
[2026-09-17T14:16:13.903+0000] {manager.py:740} INFO - There are 1 files in /opt/airflow/dags
[2026-09-17T14:16:32.069+0000] {manager.py:878} INFO - 
================================================================================
DAG File Processing Stats

File Path                             PID    Runtime      # DAGs    # Errors  Last Runtime    Last Run
------------------------------------  -----  ---------  --------  ----------  --------------  -------------------
/opt/airflow/dags/flight-pipeline.py                           1           0  0.96s           2026-09-17T14:16:12
================================================================================
[2026-09-17T14:17:02.291+0000] {manager.py:878} INFO - 
================================================================================
DAG File Processing Stats

File Path                             PID    Runtime      # DAGs    # Errors  Last Runtime    Last Run
------------------------------------  -----  ---------  --------  ----------  --------------  -------------------
/opt/airflow/dags/flight-pipeline.py                           1           0  0.94s           2026-09-17T14:16:44
================================================================================
[2026-09-17T14:17:32.387+0000] {manager.py:878} INFO - 
================================================================================
DAG File Processing Stats

File Path                             PID    Runtime      # DAGs    # Errors  Last Runtime    Last Run
------------------------------------  -----  ---------  --------  ----------  --------------  -------------------
/opt/airflow/dags/flight-pipeline.py                           1           0  0.83s           2026-09-17T14:17:15
================================================================================
[2026-09-17T14:18:02.479+0000] {manager.py:878} INFO - 
================================================================================
DAG File Processing Stats

File Path                             PID    Runtime      # DAGs    # Errors  Last Runtime    Last Run
------------------------------------  -----  ---------  --------  ----------  --------------  -------------------
/opt/airflow/dags/flight-pipeline.py                           1           0  0.84s           2026-09-17T14:17:46
================================================================================
[2026-09-17T14:18:32.483+0000] {manager.py:878} INFO - 
================================================================================
DAG File Processing Stats

File Path                             PID    Runtime      # DAGs    # Errors  Last Runtime    Last Run
------------------------------------  -----  ---------  --------  ----------  --------------  -------------------
/opt/airflow/dags/flight-pipeline.py                           1           0  0.85s           2026-09-17T14:18:17
================================================================================
[2026-09-17T14:19:02.596+0000] {manager.py:878} INFO - 
================================================================================
DAG File Processing Stats

File Path                             PID    Runtime      # DAGs    # Errors  Last Runtime    Last Run
------------------------------------  -----  ---------  --------  ----------  --------------  -------------------
/opt/airflow/dags/flight-pipeline.py                           1           0  0.81s           2026-09-17T14:18:48
================================================================================
[2026-09-17T14:19:32.865+0000] {manager.py:878} INFO - 
================================================================================
DAG File Processing Stats

File Path                             PID    Runtime      # DAGs    # Errors  Last Runtime    Last Run
------------------------------------  -----  ---------  --------  ----------  --------------  -------------------
/opt/airflow/dags/flight-pipeline.py                           1           0  0.98s           2026-09-17T14:19:19
================================================================================
[2026-09-17T14:20:02.972+0000] {manager.py:878} INFO - 
================================================================================
DAG File Processing Stats

File Path                             PID    Runtime      # DAGs    # Errors  Last Runtime    Last Run
------------------------------------  -----  ---------  --------  ----------  --------------  -------------------
/opt/airflow/dags/flight-pipeline.py                           1           0  0.82s           2026-09-17T14:19:50
================================================================================
[2026-09-17T14:20:33.057+0000] {manager.py:878} INFO - 
================================================================================
DAG File Processing Stats

File Path                             PID    Runtime      # DAGs    # Errors  Last Runtime    Last Run
------------------------------------  -----  ---------  --------  ----------  --------------  -------------------
/opt/airflow/dags/flight-pipeline.py                           1           0  0.84s           2026-09-17T14:20:21
================================================================================
[2026-09-17T14:21:03.261+0000] {manager.py:878} INFO - 
================================================================================
DAG File Processing Stats

File Path                             PID    Runtime      # DAGs    # Errors  Last Runtime    Last Run
------------------------------------  -----  ---------  --------  ----------  --------------  -------------------
/opt/airflow/dags/flight-pipeline.py                           1           0  0.90s           2026-09-17T14:20:53
================================================================================
[2026-09-17T14:21:14.359+0000] {manager.py:737} INFO - Searching for files in /opt/airflow/dags
[2026-09-17T14:21:14.401+0000] {manager.py:740} INFO - There are 1 files in /opt/airflow/dags
[2026-09-17T14:21:33.436+0000] {manager.py:878} INFO - 
================================================================================
DAG File Processing Stats

File Path                             PID    Runtime      # DAGs    # Errors  Last Runtime    Last Run
------------------------------------  -----  ---------  --------  ----------  --------------  -------------------
/opt/airflow/dags/flight-pipeline.py                           1           0  0.84s           2026-09-17T14:21:24
================================================================================
[2026-09-17T14:22:03.492+0000] {manager.py:878} INFO - 
================================================================================
DAG File Processing Stats

File Path                             PID    Runtime      # DAGs    # Errors  Last Runtime    Last Run
------------------------------------  -----  ---------  --------  ----------  --------------  -------------------
/opt/airflow/dags/flight-pipeline.py                           1           0  0.78s           2026-09-17T14:21:55
================================================================================
[2026-09-17T14:22:33.738+0000] {manager.py:878} INFO - 
================================================================================
DAG File Processing Stats

File Path                             PID    Runtime      # DAGs    # Errors  Last Runtime    Last Run
------------------------------------  -----  ---------  --------  ----------  --------------  -------------------
/opt/airflow/dags/flight-pipeline.py                           1           0  0.83s           2026-09-17T14:22:26
================================================================================
[2026-09-17T14:23:03.997+0000] {manager.py:878} INFO - 
================================================================================
DAG File Processing Stats

File Path                             PID    Runtime      # DAGs    # Errors  Last Runtime    Last Run
------------------------------------  -----  ---------  --------  ----------  --------------  -------------------
/opt/airflow/dags/flight-pipeline.py                           1           0  0.86s           2026-09-17T14:22:57
================================================================================
[2026-09-17T14:23:34.254+0000] {manager.py:878} INFO - 
================================================================================
DAG File Processing Stats

File Path                             PID    Runtime      # DAGs    # Errors  Last Runtime    Last Run
------------------------------------  -----  ---------  --------  ----------  --------------  -------------------
/opt/airflow/dags/flight-pipeline.py                           1           0  0.95s           2026-09-17T14:23:28
================================================================================
[2026-09-17T14:24:04.500+0000] {manager.py:878} INFO - 
================================================================================
DAG File Processing Stats

File Path                             PID    Runtime      # DAGs    # Errors  Last Runtime    Last Run
------------------------------------  -----  ---------  --------  ----------  --------------  -------------------
/opt/airflow/dags/flight-pipeline.py                           1           0  0.86s           2026-09-17T14:23:59
================================================================================
[2026-09-17T14:24:34.555+0000] {manager.py:878} INFO - 
================================================================================
DAG File Processing Stats

File Path                             PID    Runtime      # DAGs    # Errors  Last Runtime    Last Run
------------------------------------  -----  ---------  --------  ----------  --------------  -------------------
/opt/airflow/dags/flight-pipeline.py                           1           0  0.79s           2026-09-17T14:24:30
================================================================================
[2026-09-17T14:25:04.712+0000] {manager.py:878} INFO - 
================================================================================
DAG File Processing Stats

File Path                             PID    Runtime      # DAGs    # Errors  Last Runtime    Last Run
------------------------------------  -----  ---------  --------  ----------  --------------  -------------------
/opt/airflow/dags/flight-pipeline.py                           1           0  0.87s           2026-09-17T14:25:01
================================================================================
[2026-09-17T14:25:34.792+0000] {manager.py:878} INFO - 
================================================================================
DAG File Processing Stats

File Path                             PID    Runtime      # DAGs    # Errors  Last Runtime    Last Run
------------------------------------  -----  ---------  --------  ----------  --------------  -------------------
/opt/airflow/dags/flight-pipeline.py                           1           0  0.82s           2026-09-17T14:25:32
================================================================================
[2026-09-17T14:26:04.859+0000] {manager.py:878} INFO - 
================================================================================
DAG File Processing Stats

File Path                             PID    Runtime      # DAGs    # Errors  Last Runtime    Last Run
------------------------------------  -----  ---------  --------  ----------  --------------  -------------------
/opt/airflow/dags/flight-pipeline.py                           1           0  0.82s           2026-09-17T14:26:03
================================================================================
[2026-09-17T14:26:14.783+0000] {manager.py:737} INFO - Searching for files in /opt/airflow/dags
[2026-09-17T14:26:14.825+0000] {manager.py:740} INFO - There are 1 files in /opt/airflow/dags
[2026-09-17T14:26:34.878+0000] {manager.py:878} INFO - 
================================================================================
DAG File Processing Stats

File Path                             PID    Runtime      # DAGs    # Errors  Last Runtime    Last Run
------------------------------------  -----  ---------  --------  ----------  --------------  -------------------
/opt/airflow/dags/flight-pipeline.py                           1           0  0.86s           2026-09-17T14:26:34
================================================================================
[2026-09-17T14:27:05.153+0000] {manager.py:878} INFO - 
================================================================================
DAG File Processing Stats

File Path                               PID  Runtime      # DAGs    # Errors  Last Runtime    Last Run
------------------------------------  -----  ---------  --------  ----------  --------------  -------------------
/opt/airflow/dags/flight-pipeline.py   1152  0.01s             1           0  0.86s           2026-09-17T14:26:34
================================================================================
[2026-09-17T14:27:35.403+0000] {manager.py:878} INFO - 
================================================================================
DAG File Processing Stats

File Path                             PID    Runtime      # DAGs    # Errors  Last Runtime    Last Run
------------------------------------  -----  ---------  --------  ----------  --------------  -------------------
/opt/airflow/dags/flight-pipeline.py                           1           0  1.06s           2026-09-17T14:27:06
================================================================================
[2026-09-17T14:28:05.562+0000] {manager.py:878} INFO - 
================================================================================
DAG File Processing Stats

File Path                             PID    Runtime      # DAGs    # Errors  Last Runtime    Last Run
------------------------------------  -----  ---------  --------  ----------  --------------  -------------------
/opt/airflow/dags/flight-pipeline.py                           1           0  0.89s           2026-09-17T14:27:37
================================================================================
[2026-09-17T14:28:35.720+0000] {manager.py:878} INFO - 
================================================================================
DAG File Processing Stats

File Path                             PID    Runtime      # DAGs    # Errors  Last Runtime    Last Run
------------------------------------  -----  ---------  --------  ----------  --------------  -------------------
/opt/airflow/dags/flight-pipeline.py                           1           0  0.89s           2026-09-17T14:28:08
================================================================================
[2026-09-17T14:29:06.015+0000] {manager.py:878} INFO - 
================================================================================
DAG File Processing Stats

File Path                             PID    Runtime      # DAGs    # Errors  Last Runtime    Last Run
------------------------------------  -----  ---------  --------  ----------  --------------  -------------------
/opt/airflow/dags/flight-pipeline.py                           1           0  1.13s           2026-09-17T14:28:39
================================================================================
[2026-09-17T14:29:36.176+0000] {manager.py:878} INFO - 
================================================================================
DAG File Processing Stats

File Path                             PID    Runtime      # DAGs    # Errors  Last Runtime    Last Run
------------------------------------  -----  ---------  --------  ----------  --------------  -------------------
/opt/airflow/dags/flight-pipeline.py                           1           0  0.88s           2026-09-17T14:29:10
================================================================================
[2026-09-17T14:30:06.384+0000] {manager.py:878} INFO - 
================================================================================
DAG File Processing Stats

File Path                             PID    Runtime      # DAGs    # Errors  Last Runtime    Last Run
------------------------------------  -----  ---------  --------  ----------  --------------  -------------------
/opt/airflow/dags/flight-pipeline.py                           1           0  0.93s           2026-09-17T14:29:42
================================================================================
[2026-09-17T14:30:36.514+0000] {manager.py:878} INFO - 
================================================================================
DAG File Processing Stats

File Path                             PID    Runtime      # DAGs    # Errors  Last Runtime    Last Run
------------------------------------  -----  ---------  --------  ----------  --------------  -------------------
/opt/airflow/dags/flight-pipeline.py                           1           0  0.88s           2026-09-17T14:30:13
================================================================================
[2026-09-17T14:31:07.024+0000] {manager.py:878} INFO - 
================================================================================
DAG File Processing Stats

File Path                             PID    Runtime      # DAGs    # Errors  Last Runtime    Last Run
------------------------------------  -----  ---------  --------  ----------  --------------  -------------------
/opt/airflow/dags/flight-pipeline.py                           1           0  1.25s           2026-09-17T14:30:44
================================================================================
[2026-09-17T14:31:15.093+0000] {manager.py:737} INFO - Searching for files in /opt/airflow/dags
[2026-09-17T14:31:15.135+0000] {manager.py:740} INFO - There are 1 files in /opt/airflow/dags
[2026-09-17T14:31:37.206+0000] {manager.py:878} INFO - 
================================================================================
DAG File Processing Stats

File Path                             PID    Runtime      # DAGs    # Errors  Last Runtime    Last Run
------------------------------------  -----  ---------  --------  ----------  --------------  -------------------
/opt/airflow/dags/flight-pipeline.py                           1           0  0.86s           2026-09-17T14:31:16
================================================================================
[2026-09-17T14:32:07.348+0000] {manager.py:878} INFO - 
================================================================================
DAG File Processing Stats

File Path                             PID    Runtime      # DAGs    # Errors  Last Runtime    Last Run
------------------------------------  -----  ---------  --------  ----------  --------------  -------------------
/opt/airflow/dags/flight-pipeline.py                           1           0  0.86s           2026-09-17T14:31:47
================================================================================
[2026-09-17T14:32:37.440+0000] {manager.py:878} INFO - 
================================================================================
DAG File Processing Stats

File Path                             PID    Runtime      # DAGs    # Errors  Last Runtime    Last Run
------------------------------------  -----  ---------  --------  ----------  --------------  -------------------
/opt/airflow/dags/flight-pipeline.py                           1           0  0.81s           2026-09-17T14:32:18
================================================================================
[2026-09-17T14:33:07.569+0000] {manager.py:878} INFO - 
================================================================================
DAG File Processing Stats

File Path                             PID    Runtime      # DAGs    # Errors  Last Runtime    Last Run
------------------------------------  -----  ---------  --------  ----------  --------------  -------------------
/opt/airflow/dags/flight-pipeline.py                           1           0  0.87s           2026-09-17T14:32:49
================================================================================
[2026-09-17T14:33:37.817+0000] {manager.py:878} INFO - 
================================================================================
DAG File Processing Stats

File Path                             PID    Runtime      # DAGs    # Errors  Last Runtime    Last Run
------------------------------------  -----  ---------  --------  ----------  --------------  -------------------
/opt/airflow/dags/flight-pipeline.py                           1           0  0.98s           2026-09-17T14:33:20
================================================================================
[2026-09-17T14:34:07.992+0000] {manager.py:878} INFO - 
================================================================================
DAG File Processing Stats

File Path                             PID    Runtime      # DAGs    # Errors  Last Runtime    Last Run
------------------------------------  -----  ---------  --------  ----------  --------------  -------------------
/opt/airflow/dags/flight-pipeline.py                           1           0  0.91s           2026-09-17T14:33:51
================================================================================
[2026-09-17T14:34:38.051+0000] {manager.py:878} INFO - 
================================================================================
DAG File Processing Stats

File Path                             PID    Runtime      # DAGs    # Errors  Last Runtime    Last Run
------------------------------------  -----  ---------  --------  ----------  --------------  -------------------
/opt/airflow/dags/flight-pipeline.py                           1           0  0.81s           2026-09-17T14:34:22
================================================================================
[2026-09-17T14:35:08.291+0000] {manager.py:878} INFO - 
================================================================================
DAG File Processing Stats

File Path                             PID    Runtime      # DAGs    # Errors  Last Runtime    Last Run
------------------------------------  -----  ---------  --------  ----------  --------------  -------------------
/opt/airflow/dags/flight-pipeline.py                           1           0  1.00s           2026-09-17T14:34:54
================================================================================
[2026-09-17T14:35:38.331+0000] {manager.py:878} INFO - 
================================================================================
DAG File Processing Stats

File Path                             PID    Runtime      # DAGs    # Errors  Last Runtime    Last Run
------------------------------------  -----  ---------  --------  ----------  --------------  -------------------
/opt/airflow/dags/flight-pipeline.py                           1           0  0.81s           2026-09-17T14:35:25
================================================================================
[2026-09-17T14:36:08.430+0000] {manager.py:878} INFO - 
================================================================================
DAG File Processing Stats

File Path                             PID    Runtime      # DAGs    # Errors  Last Runtime    Last Run
------------------------------------  -----  ---------  --------  ----------  --------------  -------------------
/opt/airflow/dags/flight-pipeline.py                           1           0  0.87s           2026-09-17T14:35:56
================================================================================
[2026-09-17T14:36:15.494+0000] {manager.py:737} INFO - Searching for files in /opt/airflow/dags
[2026-09-17T14:36:15.538+0000] {manager.py:740} INFO - There are 1 files in /opt/airflow/dags
[2026-09-17T14:36:38.807+0000] {manager.py:878} INFO - 
================================================================================
DAG File Processing Stats

File Path                             PID    Runtime      # DAGs    # Errors  Last Runtime    Last Run
------------------------------------  -----  ---------  --------  ----------  --------------  -------------------
/opt/airflow/dags/flight-pipeline.py                           1           0  1.06s           2026-09-17T14:36:27
================================================================================
[2026-09-17T14:37:08.936+0000] {manager.py:878} INFO - 
================================================================================
DAG File Processing Stats

File Path                             PID    Runtime      # DAGs    # Errors  Last Runtime    Last Run
------------------------------------  -----  ---------  --------  ----------  --------------  -------------------
/opt/airflow/dags/flight-pipeline.py                           1           0  0.83s           2026-09-17T14:36:58
================================================================================
[2026-09-17T14:37:39.031+0000] {manager.py:878} INFO - 
================================================================================
DAG File Processing Stats

File Path                             PID    Runtime      # DAGs    # Errors  Last Runtime    Last Run
------------------------------------  -----  ---------  --------  ----------  --------------  -------------------
/opt/airflow/dags/flight-pipeline.py                           1           0  0.82s           2026-09-17T14:37:29
================================================================================
[2026-09-17T14:38:09.100+0000] {manager.py:878} INFO - 
================================================================================
DAG File Processing Stats

File Path                             PID    Runtime      # DAGs    # Errors  Last Runtime    Last Run
------------------------------------  -----  ---------  --------  ----------  --------------  -------------------
/opt/airflow/dags/flight-pipeline.py                           1           0  0.79s           2026-09-17T14:38:01
================================================================================
[2026-09-17T14:38:39.203+0000] {manager.py:878} INFO - 
================================================================================
DAG File Processing Stats

File Path                             PID    Runtime      # DAGs    # Errors  Last Runtime    Last Run
------------------------------------  -----  ---------  --------  ----------  --------------  -------------------
/opt/airflow/dags/flight-pipeline.py                           1           0  0.85s           2026-09-17T14:38:32
================================================================================
[2026-09-17T14:39:09.361+0000] {manager.py:878} INFO - 
================================================================================
DAG File Processing Stats

File Path                             PID    Runtime      # DAGs    # Errors  Last Runtime    Last Run
------------------------------------  -----  ---------  --------  ----------  --------------  -------------------
/opt/airflow/dags/flight-pipeline.py                           1           0  0.90s           2026-09-17T14:39:03
================================================================================
[2026-09-17T14:39:39.612+0000] {manager.py:878} INFO - 
================================================================================
DAG File Processing Stats

File Path                             PID    Runtime      # DAGs    # Errors  Last Runtime    Last Run
------------------------------------  -----  ---------  --------  ----------  --------------  -------------------
/opt/airflow/dags/flight-pipeline.py                           1           0  0.82s           2026-09-17T14:39:34
================================================================================
[2026-09-17T14:40:09.859+0000] {manager.py:878} INFO - 
================================================================================
DAG File Processing Stats

File Path                             PID    Runtime      # DAGs    # Errors  Last Runtime    Last Run
------------------------------------  -----  ---------  --------  ----------  --------------  -------------------
/opt/airflow/dags/flight-pipeline.py                           1           0  0.91s           2026-09-17T14:40:05
================================================================================
[2026-09-17T14:40:40.128+0000] {manager.py:878} INFO - 
================================================================================
DAG File Processing Stats

File Path                             PID    Runtime      # DAGs    # Errors  Last Runtime    Last Run
------------------------------------  -----  ---------  --------  ----------  --------------  -------------------
/opt/airflow/dags/flight-pipeline.py                           1           0  0.84s           2026-09-17T14:40:36
================================================================================
[2026-09-17T14:41:10.391+0000] {manager.py:878} INFO - 
================================================================================
DAG File Processing Stats

File Path                             PID    Runtime      # DAGs    # Errors  Last Runtime    Last Run
------------------------------------  -----  ---------  --------  ----------  --------------  -------------------
/opt/airflow/dags/flight-pipeline.py                           1           0  0.83s           2026-09-17T14:41:07
================================================================================
[2026-09-17T14:41:15.625+0000] {manager.py:737} INFO - Searching for files in /opt/airflow/dags
[2026-09-17T14:41:15.669+0000] {manager.py:740} INFO - There are 1 files in /opt/airflow/dags
[2026-09-17T14:41:40.508+0000] {manager.py:878} INFO - 
================================================================================
DAG File Processing Stats

File Path                             PID    Runtime      # DAGs    # Errors  Last Runtime    Last Run
------------------------------------  -----  ---------  --------  ----------  --------------  -------------------
/opt/airflow/dags/flight-pipeline.py                           1           0  0.84s           2026-09-17T14:41:38
================================================================================
[2026-09-17T14:42:10.603+0000] {manager.py:878} INFO - 
================================================================================
DAG File Processing Stats

File Path                             PID    Runtime      # DAGs    # Errors  Last Runtime    Last Run
------------------------------------  -----  ---------  --------  ----------  --------------  -------------------
/opt/airflow/dags/flight-pipeline.py                           1           0  0.82s           2026-09-17T14:42:09
================================================================================
[2026-09-17T14:42:40.692+0000] {manager.py:878} INFO - 
================================================================================
DAG File Processing Stats

File Path                             PID    Runtime      # DAGs    # Errors  Last Runtime    Last Run
------------------------------------  -----  ---------  --------  ----------  --------------  -------------------
/opt/airflow/dags/flight-pipeline.py                           1           0  0.85s           2026-09-17T14:42:40
================================================================================
[2026-09-17T14:43:10.933+0000] {manager.py:878} INFO - 
================================================================================
DAG File Processing Stats

File Path                               PID  Runtime      # DAGs    # Errors  Last Runtime    Last Run
------------------------------------  -----  ---------  --------  ----------  --------------  -------------------
/opt/airflow/dags/flight-pipeline.py   1562  0.01s             1           0  0.85s           2026-09-17T14:42:40
================================================================================
[2026-09-17T14:43:40.950+0000] {manager.py:878} INFO - 
================================================================================
DAG File Processing Stats

File Path                             PID    Runtime      # DAGs    # Errors  Last Runtime    Last Run
------------------------------------  -----  ---------  --------  ----------  --------------  -------------------
/opt/airflow/dags/flight-pipeline.py                           1           0  0.83s           2026-09-17T14:43:11
================================================================================
[2026-09-17T14:44:11.148+0000] {manager.py:878} INFO - 
================================================================================
DAG File Processing Stats

File Path                             PID    Runtime      # DAGs    # Errors  Last Runtime    Last Run
------------------------------------  -----  ---------  --------  ----------  --------------  -------------------
/opt/airflow/dags/flight-pipeline.py                           1           0  0.84s           2026-09-17T14:43:42
================================================================================
[2026-09-17T14:44:41.364+0000] {manager.py:878} INFO - 
================================================================================
DAG File Processing Stats

File Path                             PID    Runtime      # DAGs    # Errors  Last Runtime    Last Run
------------------------------------  -----  ---------  --------  ----------  --------------  -------------------
/opt/airflow/dags/flight-pipeline.py                           1           0  0.83s           2026-09-17T14:44:13
================================================================================
[2026-09-17T14:45:11.583+0000] {manager.py:878} INFO - 
================================================================================
DAG File Processing Stats

File Path                             PID    Runtime      # DAGs    # Errors  Last Runtime    Last Run
------------------------------------  -----  ---------  --------  ----------  --------------  -------------------
/opt/airflow/dags/flight-pipeline.py                           1           0  0.82s           2026-09-17T14:44:44
================================================================================
[2026-09-17T14:45:41.804+0000] {manager.py:878} INFO - 
================================================================================
DAG File Processing Stats

File Path                             PID    Runtime      # DAGs    # Errors  Last Runtime    Last Run
------------------------------------  -----  ---------  --------  ----------  --------------  -------------------
/opt/airflow/dags/flight-pipeline.py                           1           0  0.92s           2026-09-17T14:45:15
================================================================================
[2026-09-17T14:46:12.031+0000] {manager.py:878} INFO - 
================================================================================
DAG File Processing Stats

File Path                             PID    Runtime      # DAGs    # Errors  Last Runtime    Last Run
------------------------------------  -----  ---------  --------  ----------  --------------  -------------------
/opt/airflow/dags/flight-pipeline.py                           1           0  0.83s           2026-09-17T14:45:46
================================================================================
[2026-09-17T14:46:16.060+0000] {manager.py:737} INFO - Searching for files in /opt/airflow/dags
[2026-09-17T14:46:16.090+0000] {manager.py:740} INFO - There are 1 files in /opt/airflow/dags
[2026-09-17T14:46:42.177+0000] {manager.py:878} INFO - 
================================================================================
DAG File Processing Stats

File Path                             PID    Runtime      # DAGs    # Errors  Last Runtime    Last Run
------------------------------------  -----  ---------  --------  ----------  --------------  -------------------
/opt/airflow/dags/flight-pipeline.py                           1           0  0.85s           2026-09-17T14:46:17
================================================================================
[2026-09-17T14:47:12.217+0000] {manager.py:878} INFO - 
================================================================================
DAG File Processing Stats

File Path                             PID    Runtime      # DAGs    # Errors  Last Runtime    Last Run
------------------------------------  -----  ---------  --------  ----------  --------------  -------------------
/opt/airflow/dags/flight-pipeline.py                           1           0  0.81s           2026-09-17T14:46:49
================================================================================
[2026-09-17T14:47:42.312+0000] {manager.py:878} INFO - 
================================================================================
DAG File Processing Stats

File Path                             PID    Runtime      # DAGs    # Errors  Last Runtime    Last Run
------------------------------------  -----  ---------  --------  ----------  --------------  -------------------
/opt/airflow/dags/flight-pipeline.py                           1           0  0.89s           2026-09-17T14:47:20
================================================================================
[2026-09-17T14:48:12.360+0000] {manager.py:878} INFO - 
================================================================================
DAG File Processing Stats

File Path                             PID    Runtime      # DAGs    # Errors  Last Runtime    Last Run
------------------------------------  -----  ---------  --------  ----------  --------------  -------------------
/opt/airflow/dags/flight-pipeline.py                           1           0  0.82s           2026-09-17T14:47:51
================================================================================
[2026-09-17T14:48:42.418+0000] {manager.py:878} INFO - 
================================================================================
DAG File Processing Stats

File Path                             PID    Runtime      # DAGs    # Errors  Last Runtime    Last Run
------------------------------------  -----  ---------  --------  ----------  --------------  -------------------
/opt/airflow/dags/flight-pipeline.py                           1           0  0.82s           2026-09-17T14:48:22
================================================================================
[2026-09-17T14:49:12.452+0000] {manager.py:878} INFO - 
================================================================================
DAG File Processing Stats

File Path                             PID    Runtime      # DAGs    # Errors  Last Runtime    Last Run
------------------------------------  -----  ---------  --------  ----------  --------------  -------------------
/opt/airflow/dags/flight-pipeline.py                           1           0  0.83s           2026-09-17T14:48:53
================================================================================
[2026-09-17T14:49:42.483+0000] {manager.py:878} INFO - 
================================================================================
DAG File Processing Stats

File Path                             PID    Runtime      # DAGs    # Errors  Last Runtime    Last Run
------------------------------------  -----  ---------  --------  ----------  --------------  -------------------
/opt/airflow/dags/flight-pipeline.py                           1           0  0.85s           2026-09-17T14:49:24
================================================================================
[2026-09-17T14:50:12.583+0000] {manager.py:878} INFO - 
================================================================================
DAG File Processing Stats

File Path                             PID    Runtime      # DAGs    # Errors  Last Runtime    Last Run
------------------------------------  -----  ---------  --------  ----------  --------------  -------------------
/opt/airflow/dags/flight-pipeline.py                           1           0  0.84s           2026-09-17T14:49:55
================================================================================
[2026-09-17T14:50:42.652+0000] {manager.py:878} INFO - 
================================================================================
DAG File Processing Stats

File Path                             PID    Runtime      # DAGs    # Errors  Last Runtime    Last Run
------------------------------------  -----  ---------  --------  ----------  --------------  -------------------
/opt/airflow/dags/flight-pipeline.py                           1           0  0.83s           2026-09-17T14:50:26
================================================================================
[2026-09-17T14:51:12.860+0000] {manager.py:878} INFO - 
================================================================================
DAG File Processing Stats

File Path                             PID    Runtime      # DAGs    # Errors  Last Runtime    Last Run
------------------------------------  -----  ---------  --------  ----------  --------------  -------------------
/opt/airflow/dags/flight-pipeline.py                           1           0  0.97s           2026-09-17T14:50:57
================================================================================
[2026-09-17T14:51:16.349+0000] {manager.py:737} INFO - Searching for files in /opt/airflow/dags
[2026-09-17T14:51:16.376+0000] {manager.py:740} INFO - There are 1 files in /opt/airflow/dags
[2026-09-17T14:51:43.014+0000] {manager.py:878} INFO - 
================================================================================
DAG File Processing Stats

File Path                             PID    Runtime      # DAGs    # Errors  Last Runtime    Last Run
------------------------------------  -----  ---------  --------  ----------  --------------  -------------------
/opt/airflow/dags/flight-pipeline.py                           1           0  0.95s           2026-09-17T14:51:28
================================================================================
[2026-09-17T14:52:13.262+0000] {manager.py:878} INFO - 
================================================================================
DAG File Processing Stats

File Path                             PID    Runtime      # DAGs    # Errors  Last Runtime    Last Run
------------------------------------  -----  ---------  --------  ----------  --------------  -------------------
/opt/airflow/dags/flight-pipeline.py                           1           0  1.13s           2026-09-17T14:52:00
================================================================================
[2026-09-17T14:52:43.300+0000] {manager.py:878} INFO - 
================================================================================
DAG File Processing Stats

File Path                             PID    Runtime      # DAGs    # Errors  Last Runtime    Last Run
------------------------------------  -----  ---------  --------  ----------  --------------  -------------------
/opt/airflow/dags/flight-pipeline.py                           1           0  0.78s           2026-09-17T14:52:31
================================================================================
[2026-09-17T14:53:13.379+0000] {manager.py:878} INFO - 
================================================================================
DAG File Processing Stats

File Path                             PID    Runtime      # DAGs    # Errors  Last Runtime    Last Run
------------------------------------  -----  ---------  --------  ----------  --------------  -------------------
/opt/airflow/dags/flight-pipeline.py                           1           0  0.85s           2026-09-17T14:53:02
================================================================================
[2026-09-17T14:53:43.509+0000] {manager.py:878} INFO - 
================================================================================
DAG File Processing Stats

File Path                             PID    Runtime      # DAGs    # Errors  Last Runtime    Last Run
------------------------------------  -----  ---------  --------  ----------  --------------  -------------------
/opt/airflow/dags/flight-pipeline.py                           1           0  0.89s           2026-09-17T14:53:33
================================================================================
[2026-09-17T14:54:13.682+0000] {manager.py:878} INFO - 
================================================================================
DAG File Processing Stats

File Path                             PID    Runtime      # DAGs    # Errors  Last Runtime    Last Run
------------------------------------  -----  ---------  --------  ----------  --------------  -------------------
/opt/airflow/dags/flight-pipeline.py                           1           0  0.92s           2026-09-17T14:54:04
================================================================================
[2026-09-17T14:54:43.771+0000] {manager.py:878} INFO - 
================================================================================
DAG File Processing Stats

File Path                             PID    Runtime      # DAGs    # Errors  Last Runtime    Last Run
------------------------------------  -----  ---------  --------  ----------  --------------  -------------------
/opt/airflow/dags/flight-pipeline.py                           1           0  0.86s           2026-09-17T14:54:35
================================================================================
[2026-09-17T14:55:13.878+0000] {manager.py:878} INFO - 
================================================================================
DAG File Processing Stats

File Path                             PID    Runtime      # DAGs    # Errors  Last Runtime    Last Run
------------------------------------  -----  ---------  --------  ----------  --------------  -------------------
/opt/airflow/dags/flight-pipeline.py                           1           0  0.87s           2026-09-17T14:55:06
================================================================================
[2026-09-17T14:55:44.091+0000] {manager.py:878} INFO - 
================================================================================
DAG File Processing Stats

File Path                             PID    Runtime      # DAGs    # Errors  Last Runtime    Last Run
------------------------------------  -----  ---------  --------  ----------  --------------  -------------------
/opt/airflow/dags/flight-pipeline.py                           1           0  0.82s           2026-09-17T14:55:37
================================================================================
[2026-09-17T14:56:14.338+0000] {manager.py:878} INFO - 
================================================================================
DAG File Processing Stats

File Path                             PID    Runtime      # DAGs    # Errors  Last Runtime    Last Run
------------------------------------  -----  ---------  --------  ----------  --------------  -------------------
/opt/airflow/dags/flight-pipeline.py                           1           0  0.83s           2026-09-17T14:56:08
================================================================================
[2026-09-17T14:56:16.355+0000] {manager.py:737} INFO - Searching for files in /opt/airflow/dags
[2026-09-17T14:56:16.396+0000] {manager.py:740} INFO - There are 1 files in /opt/airflow/dags
[2026-09-17T14:56:44.654+0000] {manager.py:878} INFO - 
================================================================================
DAG File Processing Stats

File Path                             PID    Runtime      # DAGs    # Errors  Last Runtime    Last Run
------------------------------------  -----  ---------  --------  ----------  --------------  -------------------
/opt/airflow/dags/flight-pipeline.py                           1           0  0.82s           2026-09-17T14:56:39
================================================================================
[2026-09-17T14:57:14.726+0000] {manager.py:878} INFO - 
================================================================================
DAG File Processing Stats

File Path                             PID    Runtime      # DAGs    # Errors  Last Runtime    Last Run
------------------------------------  -----  ---------  --------  ----------  --------------  -------------------
/opt/airflow/dags/flight-pipeline.py                           1           0  0.78s           2026-09-17T14:57:10
================================================================================
[2026-09-17T14:57:44.766+0000] {manager.py:878} INFO - 
================================================================================
DAG File Processing Stats

File Path                             PID    Runtime      # DAGs    # Errors  Last Runtime    Last Run
------------------------------------  -----  ---------  --------  ----------  --------------  -------------------
/opt/airflow/dags/flight-pipeline.py                           1           0  0.78s           2026-09-17T14:57:41
================================================================================
[2026-09-17T14:58:14.816+0000] {manager.py:878} INFO - 
================================================================================
DAG File Processing Stats

File Path                             PID    Runtime      # DAGs    # Errors  Last Runtime    Last Run
------------------------------------  -----  ---------  --------  ----------  --------------  -------------------
/opt/airflow/dags/flight-pipeline.py                           1           0  0.78s           2026-09-17T14:58:12
================================================================================
[2026-09-17T14:58:45.057+0000] {manager.py:878} INFO - 
================================================================================
DAG File Processing Stats

File Path                             PID    Runtime      # DAGs    # Errors  Last Runtime    Last Run
------------------------------------  -----  ---------  --------  ----------  --------------  -------------------
/opt/airflow/dags/flight-pipeline.py                           1           0  0.79s           2026-09-17T14:58:43
================================================================================
[2026-09-17T14:59:15.314+0000] {manager.py:878} INFO - 
================================================================================
DAG File Processing Stats

File Path                             PID    Runtime      # DAGs    # Errors  Last Runtime    Last Run
------------------------------------  -----  ---------  --------  ----------  --------------  -------------------
/opt/airflow/dags/flight-pipeline.py                           1           0  0.84s           2026-09-17T14:59:14
================================================================================
[2026-09-17T14:59:45.574+0000] {manager.py:878} INFO - 
================================================================================
DAG File Processing Stats

File Path                               PID  Runtime      # DAGs    # Errors  Last Runtime    Last Run
------------------------------------  -----  ---------  --------  ----------  --------------  -------------------
/opt/airflow/dags/flight-pipeline.py   1742  0.55s             1           0  0.84s           2026-09-17T14:59:14
================================================================================
[2026-09-17T15:00:15.834+0000] {manager.py:878} INFO - 
================================================================================
DAG File Processing Stats

File Path                             PID    Runtime      # DAGs    # Errors  Last Runtime    Last Run
------------------------------------  -----  ---------  --------  ----------  --------------  -------------------
/opt/airflow/dags/flight-pipeline.py                           1           0  0.81s           2026-09-17T14:59:45
================================================================================
[2026-09-17T15:00:46.088+0000] {manager.py:878} INFO - 
================================================================================
DAG File Processing Stats

File Path                             PID    Runtime      # DAGs    # Errors  Last Runtime    Last Run
------------------------------------  -----  ---------  --------  ----------  --------------  -------------------
/opt/airflow/dags/flight-pipeline.py                           1           0  0.91s           2026-09-17T15:00:16
================================================================================
[2026-09-17T15:01:16.352+0000] {manager.py:878} INFO - 
================================================================================
DAG File Processing Stats

File Path                             PID    Runtime      # DAGs    # Errors  Last Runtime    Last Run
------------------------------------  -----  ---------  --------  ----------  --------------  -------------------
/opt/airflow/dags/flight-pipeline.py                           1           0  1.10s           2026-09-17T15:00:48
================================================================================
[2026-09-17T15:01:16.386+0000] {manager.py:737} INFO - Searching for files in /opt/airflow/dags
[2026-09-17T15:01:16.422+0000] {manager.py:740} INFO - There are 1 files in /opt/airflow/dags
[2026-09-17T15:01:46.424+0000] {manager.py:878} INFO - 
================================================================================
DAG File Processing Stats

File Path                             PID    Runtime      # DAGs    # Errors  Last Runtime    Last Run
------------------------------------  -----  ---------  --------  ----------  --------------  -------------------
/opt/airflow/dags/flight-pipeline.py                           1           0  0.82s           2026-09-17T15:01:19
================================================================================
[2026-09-17T15:02:16.511+0000] {manager.py:878} INFO - 
================================================================================
DAG File Processing Stats

File Path                             PID    Runtime      # DAGs    # Errors  Last Runtime    Last Run
------------------------------------  -----  ---------  --------  ----------  --------------  -------------------
/opt/airflow/dags/flight-pipeline.py                           1           0  0.81s           2026-09-17T15:01:50
================================================================================
[2026-09-17T15:02:46.609+0000] {manager.py:878} INFO - 
================================================================================
DAG File Processing Stats

File Path                             PID    Runtime      # DAGs    # Errors  Last Runtime    Last Run
------------------------------------  -----  ---------  --------  ----------  --------------  -------------------
/opt/airflow/dags/flight-pipeline.py                           1           0  0.83s           2026-09-17T15:02:21
================================================================================
[2026-09-17T15:03:16.765+0000] {manager.py:878} INFO - 
================================================================================
DAG File Processing Stats

File Path                             PID    Runtime      # DAGs    # Errors  Last Runtime    Last Run
------------------------------------  -----  ---------  --------  ----------  --------------  -------------------
/opt/airflow/dags/flight-pipeline.py                           1           0  0.88s           2026-09-17T15:02:52
================================================================================
[2026-09-17T15:03:46.812+0000] {manager.py:878} INFO - 
================================================================================
DAG File Processing Stats

File Path                             PID    Runtime      # DAGs    # Errors  Last Runtime    Last Run
------------------------------------  -----  ---------  --------  ----------  --------------  -------------------
/opt/airflow/dags/flight-pipeline.py                           1           0  0.81s           2026-09-17T15:03:23
================================================================================
[2026-09-17T15:04:17.057+0000] {manager.py:878} INFO - 
================================================================================
DAG File Processing Stats

File Path                             PID    Runtime      # DAGs    # Errors  Last Runtime    Last Run
------------------------------------  -----  ---------  --------  ----------  --------------  -------------------
/opt/airflow/dags/flight-pipeline.py                           1           0  0.77s           2026-09-17T15:03:54
================================================================================
[2026-09-17T15:04:47.282+0000] {manager.py:878} INFO - 
================================================================================
DAG File Processing Stats

File Path                             PID    Runtime      # DAGs    # Errors  Last Runtime    Last Run
------------------------------------  -----  ---------  --------  ----------  --------------  -------------------
/opt/airflow/dags/flight-pipeline.py                           1           0  0.90s           2026-09-17T15:04:25
================================================================================
[2026-09-17T15:05:17.531+0000] {manager.py:878} INFO - 
================================================================================
DAG File Processing Stats

File Path                             PID    Runtime      # DAGs    # Errors  Last Runtime    Last Run
------------------------------------  -----  ---------  --------  ----------  --------------  -------------------
/opt/airflow/dags/flight-pipeline.py                           1           0  0.85s           2026-09-17T15:04:56
================================================================================
[2026-09-17T15:05:47.793+0000] {manager.py:878} INFO - 
================================================================================
DAG File Processing Stats

File Path                             PID    Runtime      # DAGs    # Errors  Last Runtime    Last Run
------------------------------------  -----  ---------  --------  ----------  --------------  -------------------
/opt/airflow/dags/flight-pipeline.py                           1           0  0.79s           2026-09-17T15:05:27
================================================================================
[2026-09-17T15:06:16.914+0000] {manager.py:737} INFO - Searching for files in /opt/airflow/dags
[2026-09-17T15:06:16.961+0000] {manager.py:740} INFO - There are 1 files in /opt/airflow/dags
[2026-09-17T15:06:17.988+0000] {manager.py:878} INFO - 
================================================================================
DAG File Processing Stats

File Path                             PID    Runtime      # DAGs    # Errors  Last Runtime    Last Run
------------------------------------  -----  ---------  --------  ----------  --------------  -------------------
/opt/airflow/dags/flight-pipeline.py                           1           0  0.86s           2026-09-17T15:05:58
================================================================================
[2026-09-17T15:06:48.031+0000] {manager.py:878} INFO - 
================================================================================
DAG File Processing Stats

File Path                             PID    Runtime      # DAGs    # Errors  Last Runtime    Last Run
------------------------------------  -----  ---------  --------  ----------  --------------  -------------------
/opt/airflow/dags/flight-pipeline.py                           1           0  0.78s           2026-09-17T15:06:29
================================================================================
[2026-09-17T15:07:18.124+0000] {manager.py:878} INFO - 
================================================================================
DAG File Processing Stats

File Path                             PID    Runtime      # DAGs    # Errors  Last Runtime    Last Run
------------------------------------  -----  ---------  --------  ----------  --------------  -------------------
/opt/airflow/dags/flight-pipeline.py                           1           0  0.82s           2026-09-17T15:07:00
================================================================================
[2026-09-17T15:07:48.164+0000] {manager.py:878} INFO - 
================================================================================
DAG File Processing Stats

File Path                             PID    Runtime      # DAGs    # Errors  Last Runtime    Last Run
------------------------------------  -----  ---------  --------  ----------  --------------  -------------------
/opt/airflow/dags/flight-pipeline.py                           1           0  0.78s           2026-09-17T15:07:32
================================================================================
[2026-09-17T15:08:18.201+0000] {manager.py:878} INFO - 
================================================================================
DAG File Processing Stats

File Path                             PID    Runtime      # DAGs    # Errors  Last Runtime    Last Run
------------------------------------  -----  ---------  --------  ----------  --------------  -------------------
/opt/airflow/dags/flight-pipeline.py                           1           0  0.79s           2026-09-17T15:08:03
================================================================================
[2026-09-19T09:26:04.658+0000] {manager.py:470} INFO - Processing files using up to 2 processes at a time 
[2026-09-19T09:26:04.660+0000] {manager.py:471} INFO - Process each file at most once every 30 seconds
[2026-09-19T09:26:04.662+0000] {manager.py:472} INFO - Checking for new files in /opt/airflow/dags every 300 seconds
[2026-09-19T09:26:04.664+0000] {manager.py:737} INFO - Searching for files in /opt/airflow/dags
[2026-09-19T09:26:04.708+0000] {manager.py:740} INFO - There are 1 files in /opt/airflow/dags
[2026-09-19T09:26:04.854+0000] {manager.py:878} INFO - 
================================================================================
DAG File Processing Stats

File Path                               PID  Runtime      # DAGs    # Errors  Last Runtime    Last Run
------------------------------------  -----  ---------  --------  ----------  --------------  ----------
/opt/airflow/dags/flight-pipeline.py     73  0.06s             0           0
================================================================================
[2026-09-19T09:26:35.054+0000] {manager.py:878} INFO - 
================================================================================
DAG File Processing Stats

File Path                             PID    Runtime      # DAGs    # Errors  Last Runtime    Last Run
------------------------------------  -----  ---------  --------  ----------  --------------  -------------------
/opt/airflow/dags/flight-pipeline.py                           1           0  1.34s           2026-09-19T09:26:06
================================================================================
[2026-09-19T09:27:05.239+0000] {manager.py:878} INFO - 
================================================================================
DAG File Processing Stats

File Path                             PID    Runtime      # DAGs    # Errors  Last Runtime    Last Run
------------------------------------  -----  ---------  --------  ----------  --------------  -------------------
/opt/airflow/dags/flight-pipeline.py                           1           0  0.71s           2026-09-19T09:26:37
================================================================================
[2026-09-19T09:27:35.756+0000] {manager.py:878} INFO - 
================================================================================
DAG File Processing Stats

File Path                             PID    Runtime      # DAGs    # Errors  Last Runtime    Last Run
------------------------------------  -----  ---------  --------  ----------  --------------  -------------------
/opt/airflow/dags/flight-pipeline.py                           1           0  0.69s           2026-09-19T09:27:07
================================================================================
[2026-09-19T09:28:06.002+0000] {manager.py:878} INFO - 
================================================================================
DAG File Processing Stats

File Path                             PID    Runtime      # DAGs    # Errors  Last Runtime    Last Run
------------------------------------  -----  ---------  --------  ----------  --------------  -------------------
/opt/airflow/dags/flight-pipeline.py                           1           0  0.72s           2026-09-19T09:27:38
================================================================================
[2026-09-19T09:28:36.295+0000] {manager.py:878} INFO - 
================================================================================
DAG File Processing Stats

File Path                             PID    Runtime      # DAGs    # Errors  Last Runtime    Last Run
------------------------------------  -----  ---------  --------  ----------  --------------  -------------------
/opt/airflow/dags/flight-pipeline.py                           1           0  0.64s           2026-09-19T09:28:09
================================================================================
[2026-09-19T09:29:07.112+0000] {manager.py:878} INFO - 
================================================================================
DAG File Processing Stats

File Path                             PID    Runtime      # DAGs    # Errors  Last Runtime    Last Run
------------------------------------  -----  ---------  --------  ----------  --------------  -------------------
/opt/airflow/dags/flight-pipeline.py                           1           0  1.05s           2026-09-19T09:28:40
================================================================================
[2026-09-19T09:29:37.364+0000] {manager.py:878} INFO - 
================================================================================
DAG File Processing Stats

File Path                             PID    Runtime      # DAGs    # Errors  Last Runtime    Last Run
------------------------------------  -----  ---------  --------  ----------  --------------  -------------------
/opt/airflow/dags/flight-pipeline.py                           1           0  0.68s           2026-09-19T09:29:11
================================================================================
[2026-09-19T09:30:07.584+0000] {manager.py:878} INFO - 
================================================================================
DAG File Processing Stats

File Path                             PID    Runtime      # DAGs    # Errors  Last Runtime    Last Run
------------------------------------  -----  ---------  --------  ----------  --------------  -------------------
/opt/airflow/dags/flight-pipeline.py                           1           0  0.70s           2026-09-19T09:29:42
================================================================================
[2026-09-19T09:30:37.798+0000] {manager.py:878} INFO - 
================================================================================
DAG File Processing Stats

File Path                             PID    Runtime      # DAGs    # Errors  Last Runtime    Last Run
------------------------------------  -----  ---------  --------  ----------  --------------  -------------------
/opt/airflow/dags/flight-pipeline.py                           1           0  0.75s           2026-09-19T09:30:13
================================================================================
[2026-09-19T09:31:05.071+0000] {manager.py:737} INFO - Searching for files in /opt/airflow/dags
[2026-09-19T09:31:05.112+0000] {manager.py:740} INFO - There are 1 files in /opt/airflow/dags
[2026-09-19T09:31:08.155+0000] {manager.py:878} INFO - 
================================================================================
DAG File Processing Stats

File Path                             PID    Runtime      # DAGs    # Errors  Last Runtime    Last Run
------------------------------------  -----  ---------  --------  ----------  --------------  -------------------
/opt/airflow/dags/flight-pipeline.py                           1           0  0.60s           2026-09-19T09:30:44
================================================================================
[2026-09-19T09:31:38.402+0000] {manager.py:878} INFO - 
================================================================================
DAG File Processing Stats

File Path                             PID    Runtime      # DAGs    # Errors  Last Runtime    Last Run
------------------------------------  -----  ---------  --------  ----------  --------------  -------------------
/opt/airflow/dags/flight-pipeline.py                           1           0  0.71s           2026-09-19T09:31:15
================================================================================
[2026-09-19T09:32:08.559+0000] {manager.py:878} INFO - 
================================================================================
DAG File Processing Stats

File Path                             PID    Runtime      # DAGs    # Errors  Last Runtime    Last Run
------------------------------------  -----  ---------  --------  ----------  --------------  -------------------
/opt/airflow/dags/flight-pipeline.py                           1           0  0.91s           2026-09-19T09:31:46
================================================================================
[2026-09-19T09:32:38.988+0000] {manager.py:878} INFO - 
================================================================================
DAG File Processing Stats

File Path                             PID    Runtime      # DAGs    # Errors  Last Runtime    Last Run
------------------------------------  -----  ---------  --------  ----------  --------------  -------------------
/opt/airflow/dags/flight-pipeline.py                           1           0  0.64s           2026-09-19T09:32:17
================================================================================
[2026-09-19T09:33:09.206+0000] {manager.py:878} INFO - 
================================================================================
DAG File Processing Stats

File Path                             PID    Runtime      # DAGs    # Errors  Last Runtime    Last Run
------------------------------------  -----  ---------  --------  ----------  --------------  -------------------
/opt/airflow/dags/flight-pipeline.py                           1           0  0.74s           2026-09-19T09:32:48
================================================================================
[2026-09-19T09:33:39.574+0000] {manager.py:878} INFO - 
================================================================================
DAG File Processing Stats

File Path                             PID    Runtime      # DAGs    # Errors  Last Runtime    Last Run
------------------------------------  -----  ---------  --------  ----------  --------------  -------------------
/opt/airflow/dags/flight-pipeline.py                           1           0  0.69s           2026-09-19T09:33:18
================================================================================
[2026-09-19T09:34:09.799+0000] {manager.py:878} INFO - 
================================================================================
DAG File Processing Stats

File Path                             PID    Runtime      # DAGs    # Errors  Last Runtime    Last Run
------------------------------------  -----  ---------  --------  ----------  --------------  -------------------
/opt/airflow/dags/flight-pipeline.py                           1           0  0.66s           2026-09-19T09:33:49
================================================================================
[2026-09-19T09:34:40.186+0000] {manager.py:878} INFO - 
================================================================================
DAG File Processing Stats

File Path                             PID    Runtime      # DAGs    # Errors  Last Runtime    Last Run
------------------------------------  -----  ---------  --------  ----------  --------------  -------------------
/opt/airflow/dags/flight-pipeline.py                           1           0  0.64s           2026-09-19T09:34:20
================================================================================
[2026-09-19T09:35:10.407+0000] {manager.py:878} INFO - 
================================================================================
DAG File Processing Stats

File Path                             PID    Runtime      # DAGs    # Errors  Last Runtime    Last Run
------------------------------------  -----  ---------  --------  ----------  --------------  -------------------
/opt/airflow/dags/flight-pipeline.py                           1           0  0.90s           2026-09-19T09:34:51
================================================================================
[2026-09-19T09:35:40.629+0000] {manager.py:878} INFO - 
================================================================================
DAG File Processing Stats

File Path                             PID    Runtime      # DAGs    # Errors  Last Runtime    Last Run
------------------------------------  -----  ---------  --------  ----------  --------------  -------------------
/opt/airflow/dags/flight-pipeline.py                           1           0  0.71s           2026-09-19T09:35:22
================================================================================
[2026-09-19T09:36:05.491+0000] {manager.py:737} INFO - Searching for files in /opt/airflow/dags
[2026-09-19T09:36:05.524+0000] {manager.py:740} INFO - There are 1 files in /opt/airflow/dags
[2026-09-19T09:36:10.936+0000] {manager.py:878} INFO - 
================================================================================
DAG File Processing Stats

File Path                             PID    Runtime      # DAGs    # Errors  Last Runtime    Last Run
------------------------------------  -----  ---------  --------  ----------  --------------  -------------------
/opt/airflow/dags/flight-pipeline.py                           1           0  0.68s           2026-09-19T09:35:53
================================================================================
[2026-09-19T09:36:41.166+0000] {manager.py:878} INFO - 
================================================================================
DAG File Processing Stats

File Path                             PID    Runtime      # DAGs    # Errors  Last Runtime    Last Run
------------------------------------  -----  ---------  --------  ----------  --------------  -------------------
/opt/airflow/dags/flight-pipeline.py                           1           0  0.66s           2026-09-19T09:36:24
================================================================================
[2026-09-19T09:37:11.380+0000] {manager.py:878} INFO - 
================================================================================
DAG File Processing Stats

File Path                             PID    Runtime      # DAGs    # Errors  Last Runtime    Last Run
------------------------------------  -----  ---------  --------  ----------  --------------  -------------------
/opt/airflow/dags/flight-pipeline.py                           1           0  0.68s           2026-09-19T09:36:55
================================================================================
[2026-09-19T09:37:41.930+0000] {manager.py:878} INFO - 
================================================================================
DAG File Processing Stats

File Path                             PID    Runtime      # DAGs    # Errors  Last Runtime    Last Run
------------------------------------  -----  ---------  --------  ----------  --------------  -------------------
/opt/airflow/dags/flight-pipeline.py                           1           0  0.69s           2026-09-19T09:37:26
================================================================================
[2026-09-19T09:38:12.162+0000] {manager.py:878} INFO - 
================================================================================
DAG File Processing Stats

File Path                             PID    Runtime      # DAGs    # Errors  Last Runtime    Last Run
------------------------------------  -----  ---------  --------  ----------  --------------  -------------------
/opt/airflow/dags/flight-pipeline.py                           1           0  0.86s           2026-09-19T09:37:57
================================================================================
[2026-09-19T09:38:42.262+0000] {manager.py:878} INFO - 
================================================================================
DAG File Processing Stats

File Path                             PID    Runtime      # DAGs    # Errors  Last Runtime    Last Run
------------------------------------  -----  ---------  --------  ----------  --------------  -------------------
/opt/airflow/dags/flight-pipeline.py                           1           0  0.67s           2026-09-19T09:38:28
================================================================================
[2026-09-19T09:39:12.301+0000] {manager.py:878} INFO - 
================================================================================
DAG File Processing Stats

File Path                             PID    Runtime      # DAGs    # Errors  Last Runtime    Last Run
------------------------------------  -----  ---------  --------  ----------  --------------  -------------------
/opt/airflow/dags/flight-pipeline.py                           1           0  0.79s           2026-09-19T09:38:59
================================================================================
[2026-09-19T09:39:43.033+0000] {manager.py:878} INFO - 
================================================================================
DAG File Processing Stats

File Path                             PID    Runtime      # DAGs    # Errors  Last Runtime    Last Run
------------------------------------  -----  ---------  --------  ----------  --------------  -------------------
/opt/airflow/dags/flight-pipeline.py                           1           0  0.72s           2026-09-19T09:39:30
================================================================================
[2026-09-19T09:40:13.144+0000] {manager.py:878} INFO - 
================================================================================
DAG File Processing Stats

File Path                             PID    Runtime      # DAGs    # Errors  Last Runtime    Last Run
------------------------------------  -----  ---------  --------  ----------  --------------  -------------------
/opt/airflow/dags/flight-pipeline.py                           1           0  0.66s           2026-09-19T09:40:01
================================================================================
[2026-09-19T09:40:43.724+0000] {manager.py:878} INFO - 
================================================================================
DAG File Processing Stats

File Path                             PID    Runtime      # DAGs    # Errors  Last Runtime    Last Run
------------------------------------  -----  ---------  --------  ----------  --------------  -------------------
/opt/airflow/dags/flight-pipeline.py                           1           0  0.66s           2026-09-19T09:40:31
================================================================================
[2026-09-19T09:41:05.891+0000] {manager.py:737} INFO - Searching for files in /opt/airflow/dags
[2026-09-19T09:41:05.935+0000] {manager.py:740} INFO - There are 1 files in /opt/airflow/dags
[2026-09-19T09:41:14.019+0000] {manager.py:878} INFO - 
================================================================================
DAG File Processing Stats

File Path                             PID    Runtime      # DAGs    # Errors  Last Runtime    Last Run
------------------------------------  -----  ---------  --------  ----------  --------------  -------------------
/opt/airflow/dags/flight-pipeline.py                           1           0  0.96s           2026-09-19T09:41:03
================================================================================
[2026-09-19T09:41:44.206+0000] {manager.py:878} INFO - 
================================================================================
DAG File Processing Stats

File Path                             PID    Runtime      # DAGs    # Errors  Last Runtime    Last Run
------------------------------------  -----  ---------  --------  ----------  --------------  -------------------
/opt/airflow/dags/flight-pipeline.py                           1           0  0.94s           2026-09-19T09:41:34
================================================================================
[2026-09-19T09:42:14.693+0000] {manager.py:878} INFO - 
================================================================================
DAG File Processing Stats

File Path                             PID    Runtime      # DAGs    # Errors  Last Runtime    Last Run
------------------------------------  -----  ---------  --------  ----------  --------------  -------------------
/opt/airflow/dags/flight-pipeline.py                           1           0  0.74s           2026-09-19T09:42:05
================================================================================
[2026-09-19T09:42:44.935+0000] {manager.py:878} INFO - 
================================================================================
DAG File Processing Stats

File Path                             PID    Runtime      # DAGs    # Errors  Last Runtime    Last Run
------------------------------------  -----  ---------  --------  ----------  --------------  -------------------
/opt/airflow/dags/flight-pipeline.py                           1           0  0.67s           2026-09-19T09:42:36
================================================================================
[2026-09-19T09:43:15.326+0000] {manager.py:878} INFO - 
================================================================================
DAG File Processing Stats

File Path                             PID    Runtime      # DAGs    # Errors  Last Runtime    Last Run
------------------------------------  -----  ---------  --------  ----------  --------------  -------------------
/opt/airflow/dags/flight-pipeline.py                           1           0  0.66s           2026-09-19T09:43:06
================================================================================
[2026-09-19T09:43:45.565+0000] {manager.py:878} INFO - 
================================================================================
DAG File Processing Stats

File Path                             PID    Runtime      # DAGs    # Errors  Last Runtime    Last Run
------------------------------------  -----  ---------  --------  ----------  --------------  -------------------
/opt/airflow/dags/flight-pipeline.py                           1           0  0.80s           2026-09-19T09:43:37
================================================================================
[2026-09-19T09:44:15.802+0000] {manager.py:878} INFO - 
================================================================================
DAG File Processing Stats

File Path                             PID    Runtime      # DAGs    # Errors  Last Runtime    Last Run
------------------------------------  -----  ---------  --------  ----------  --------------  -------------------
/opt/airflow/dags/flight-pipeline.py                           1           0  0.87s           2026-09-19T09:44:08
================================================================================
[2026-09-19T09:44:46.230+0000] {manager.py:878} INFO - 
================================================================================
DAG File Processing Stats

File Path                             PID    Runtime      # DAGs    # Errors  Last Runtime    Last Run
------------------------------------  -----  ---------  --------  ----------  --------------  -------------------
/opt/airflow/dags/flight-pipeline.py                           1           0  0.72s           2026-09-19T09:44:39
================================================================================
[2026-09-19T09:45:16.472+0000] {manager.py:878} INFO - 
================================================================================
DAG File Processing Stats

File Path                             PID    Runtime      # DAGs    # Errors  Last Runtime    Last Run
------------------------------------  -----  ---------  --------  ----------  --------------  -------------------
/opt/airflow/dags/flight-pipeline.py                           1           0  0.71s           2026-09-19T09:45:10
================================================================================
[2026-09-19T09:45:46.699+0000] {manager.py:878} INFO - 
================================================================================
DAG File Processing Stats

File Path                             PID    Runtime      # DAGs    # Errors  Last Runtime    Last Run
------------------------------------  -----  ---------  --------  ----------  --------------  -------------------
/opt/airflow/dags/flight-pipeline.py                           1           0  0.74s           2026-09-19T09:45:41
================================================================================
[2026-09-19T09:46:06.109+0000] {manager.py:737} INFO - Searching for files in /opt/airflow/dags
[2026-09-19T09:46:06.158+0000] {manager.py:740} INFO - There are 1 files in /opt/airflow/dags
[2026-09-19T09:46:17.272+0000] {manager.py:878} INFO - 
================================================================================
DAG File Processing Stats

File Path                             PID    Runtime      # DAGs    # Errors  Last Runtime    Last Run
------------------------------------  -----  ---------  --------  ----------  --------------  -------------------
/opt/airflow/dags/flight-pipeline.py                           1           0  0.67s           2026-09-19T09:46:12
================================================================================
[2026-09-19T09:46:47.452+0000] {manager.py:878} INFO - 
================================================================================
DAG File Processing Stats

File Path                             PID    Runtime      # DAGs    # Errors  Last Runtime    Last Run
------------------------------------  -----  ---------  --------  ----------  --------------  -------------------
/opt/airflow/dags/flight-pipeline.py                           1           0  0.58s           2026-09-19T09:46:43
================================================================================
[2026-09-19T09:47:17.621+0000] {manager.py:878} INFO - 
================================================================================
DAG File Processing Stats

File Path                             PID    Runtime      # DAGs    # Errors  Last Runtime    Last Run
------------------------------------  -----  ---------  --------  ----------  --------------  -------------------
/opt/airflow/dags/flight-pipeline.py                           1           0  0.92s           2026-09-19T09:47:14
================================================================================
[2026-09-19T09:47:48.348+0000] {manager.py:878} INFO - 
================================================================================
DAG File Processing Stats

File Path                             PID    Runtime      # DAGs    # Errors  Last Runtime    Last Run
------------------------------------  -----  ---------  --------  ----------  --------------  -------------------
/opt/airflow/dags/flight-pipeline.py                           1           0  0.71s           2026-09-19T09:47:45
================================================================================
[2026-09-19T09:48:18.832+0000] {manager.py:878} INFO - 
================================================================================
DAG File Processing Stats

File Path                             PID    Runtime      # DAGs    # Errors  Last Runtime    Last Run
------------------------------------  -----  ---------  --------  ----------  --------------  -------------------
/opt/airflow/dags/flight-pipeline.py                           1           0  0.65s           2026-09-19T09:48:16
================================================================================
[2026-09-19T09:48:49.061+0000] {manager.py:878} INFO - 
================================================================================
DAG File Processing Stats

File Path                             PID    Runtime      # DAGs    # Errors  Last Runtime    Last Run
------------------------------------  -----  ---------  --------  ----------  --------------  -------------------
/opt/airflow/dags/flight-pipeline.py                           1           0  0.70s           2026-09-19T09:48:47
================================================================================
[2026-09-19T09:49:19.398+0000] {manager.py:878} INFO - 
================================================================================
DAG File Processing Stats

File Path                             PID    Runtime      # DAGs    # Errors  Last Runtime    Last Run
------------------------------------  -----  ---------  --------  ----------  --------------  -------------------
/opt/airflow/dags/flight-pipeline.py                           1           0  0.66s           2026-09-19T09:49:17
================================================================================
[2026-09-19T09:49:49.622+0000] {manager.py:878} INFO - 
================================================================================
DAG File Processing Stats

File Path                             PID    Runtime      # DAGs    # Errors  Last Runtime    Last Run
------------------------------------  -----  ---------  --------  ----------  --------------  -------------------
/opt/airflow/dags/flight-pipeline.py                           1           0  0.69s           2026-09-19T09:49:48
================================================================================
[2026-09-19T09:50:19.871+0000] {manager.py:878} INFO - 
================================================================================
DAG File Processing Stats

File Path                               PID  Runtime      # DAGs    # Errors  Last Runtime    Last Run
------------------------------------  -----  ---------  --------  ----------  --------------  -------------------
/opt/airflow/dags/flight-pipeline.py    515  0.73s             1           0  0.69s           2026-09-19T09:49:48
================================================================================
[2026-09-19T09:50:50.410+0000] {manager.py:878} INFO - 
================================================================================
DAG File Processing Stats

File Path                               PID  Runtime      # DAGs    # Errors  Last Runtime    Last Run
------------------------------------  -----  ---------  --------  ----------  --------------  -------------------
/opt/airflow/dags/flight-pipeline.py    517  0.01s             1           0  1.03s           2026-09-19T09:50:20
================================================================================
[2026-09-19T09:51:06.357+0000] {manager.py:737} INFO - Searching for files in /opt/airflow/dags
[2026-09-19T09:51:06.402+0000] {manager.py:740} INFO - There are 1 files in /opt/airflow/dags
[2026-09-19T09:51:20.532+0000] {manager.py:878} INFO - 
================================================================================
DAG File Processing Stats

File Path                             PID    Runtime      # DAGs    # Errors  Last Runtime    Last Run
------------------------------------  -----  ---------  --------  ----------  --------------  -------------------
/opt/airflow/dags/flight-pipeline.py                           1           0  0.83s           2026-09-19T09:50:51
================================================================================
[2026-09-19T09:51:50.845+0000] {manager.py:878} INFO - 
================================================================================
DAG File Processing Stats

File Path                             PID    Runtime      # DAGs    # Errors  Last Runtime    Last Run
------------------------------------  -----  ---------  --------  ----------  --------------  -------------------
/opt/airflow/dags/flight-pipeline.py                           1           0  0.64s           2026-09-19T09:51:22
================================================================================
[2026-09-19T09:52:21.076+0000] {manager.py:878} INFO - 
================================================================================
DAG File Processing Stats

File Path                             PID    Runtime      # DAGs    # Errors  Last Runtime    Last Run
------------------------------------  -----  ---------  --------  ----------  --------------  -------------------
/opt/airflow/dags/flight-pipeline.py                           1           0  0.69s           2026-09-19T09:51:53
================================================================================
[2026-09-19T09:52:51.257+0000] {manager.py:878} INFO - 
================================================================================
DAG File Processing Stats

File Path                             PID    Runtime      # DAGs    # Errors  Last Runtime    Last Run
------------------------------------  -----  ---------  --------  ----------  --------------  -------------------
/opt/airflow/dags/flight-pipeline.py                           1           0  0.69s           2026-09-19T09:52:24
================================================================================
[2026-09-19T09:53:21.438+0000] {manager.py:878} INFO - 
================================================================================
DAG File Processing Stats

File Path                             PID    Runtime      # DAGs    # Errors  Last Runtime    Last Run
------------------------------------  -----  ---------  --------  ----------  --------------  -------------------
/opt/airflow/dags/flight-pipeline.py                           1           0  0.96s           2026-09-19T09:52:55
================================================================================
[2026-09-19T09:53:51.576+0000] {manager.py:878} INFO - 
================================================================================
DAG File Processing Stats

File Path                             PID    Runtime      # DAGs    # Errors  Last Runtime    Last Run
------------------------------------  -----  ---------  --------  ----------  --------------  -------------------
/opt/airflow/dags/flight-pipeline.py                           1           0  0.90s           2026-09-19T09:53:26
================================================================================
[2026-09-19T09:54:22.167+0000] {manager.py:878} INFO - 
================================================================================
DAG File Processing Stats

File Path                             PID    Runtime      # DAGs    # Errors  Last Runtime    Last Run
------------------------------------  -----  ---------  --------  ----------  --------------  -------------------
/opt/airflow/dags/flight-pipeline.py                           1           0  0.72s           2026-09-19T09:53:57
================================================================================
[2026-09-19T09:54:52.385+0000] {manager.py:878} INFO - 
================================================================================
DAG File Processing Stats

File Path                             PID    Runtime      # DAGs    # Errors  Last Runtime    Last Run
------------------------------------  -----  ---------  --------  ----------  --------------  -------------------
/opt/airflow/dags/flight-pipeline.py                           1           0  0.74s           2026-09-19T09:54:28
================================================================================
[2026-09-19T09:55:22.427+0000] {manager.py:878} INFO - 
================================================================================
DAG File Processing Stats

File Path                             PID    Runtime      # DAGs    # Errors  Last Runtime    Last Run
------------------------------------  -----  ---------  --------  ----------  --------------  -------------------
/opt/airflow/dags/flight-pipeline.py                           1           0  0.69s           2026-09-19T09:55:19
================================================================================
[2026-09-19T09:55:53.015+0000] {manager.py:878} INFO - 
================================================================================
DAG File Processing Stats

File Path                             PID    Runtime      # DAGs    # Errors  Last Runtime    Last Run
------------------------------------  -----  ---------  --------  ----------  --------------  -------------------
/opt/airflow/dags/flight-pipeline.py                           1           0  0.69s           2026-09-19T09:55:50
================================================================================
[2026-09-19T09:56:06.451+0000] {manager.py:737} INFO - Searching for files in /opt/airflow/dags
[2026-09-19T09:56:06.489+0000] {manager.py:740} INFO - There are 1 files in /opt/airflow/dags
[2026-09-19T09:56:23.284+0000] {manager.py:878} INFO - 
================================================================================
DAG File Processing Stats

File Path                             PID    Runtime      # DAGs    # Errors  Last Runtime    Last Run
------------------------------------  -----  ---------  --------  ----------  --------------  -------------------
/opt/airflow/dags/flight-pipeline.py                           1           0  0.88s           2026-09-19T09:56:21
================================================================================
[2026-09-19T09:56:53.447+0000] {manager.py:878} INFO - 
================================================================================
DAG File Processing Stats

File Path                             PID    Runtime      # DAGs    # Errors  Last Runtime    Last Run
------------------------------------  -----  ---------  --------  ----------  --------------  -------------------
/opt/airflow/dags/flight-pipeline.py                           1           0  0.69s           2026-09-19T09:56:52
================================================================================
[2026-09-19T09:57:23.971+0000] {manager.py:878} INFO - 
================================================================================
DAG File Processing Stats

File Path                             PID    Runtime      # DAGs    # Errors  Last Runtime    Last Run
------------------------------------  -----  ---------  --------  ----------  --------------  -------------------
/opt/airflow/dags/flight-pipeline.py                           1           0  0.73s           2026-09-19T09:57:23
================================================================================
[2026-09-19T09:57:54.198+0000] {manager.py:878} INFO - 
================================================================================
DAG File Processing Stats

File Path                               PID  Runtime      # DAGs    # Errors  Last Runtime    Last Run
------------------------------------  -----  ---------  --------  ----------  --------------  -------------------
/opt/airflow/dags/flight-pipeline.py    721  0.55s             1           0  0.73s           2026-09-19T09:57:23
================================================================================
[2026-09-19T09:58:24.454+0000] {manager.py:878} INFO - 
================================================================================
DAG File Processing Stats

File Path                               PID  Runtime      # DAGs    # Errors  Last Runtime    Last Run
------------------------------------  -----  ---------  --------  ----------  --------------  -------------------
/opt/airflow/dags/flight-pipeline.py    723  0.01s             1           0  0.68s           2026-09-19T09:57:54
================================================================================
[2026-09-19T09:58:54.750+0000] {manager.py:878} INFO - 
================================================================================
DAG File Processing Stats

File Path                             PID    Runtime      # DAGs    # Errors  Last Runtime    Last Run
------------------------------------  -----  ---------  --------  ----------  --------------  -------------------
/opt/airflow/dags/flight-pipeline.py                           1           0  0.74s           2026-09-19T09:58:25
================================================================================
[2026-09-19T09:59:24.970+0000] {manager.py:878} INFO - 
================================================================================
DAG File Processing Stats

File Path                             PID    Runtime      # DAGs    # Errors  Last Runtime    Last Run
------------------------------------  -----  ---------  --------  ----------  --------------  -------------------
/opt/airflow/dags/flight-pipeline.py                           1           0  0.93s           2026-09-19T09:58:56
================================================================================
[2026-09-19T09:59:55.202+0000] {manager.py:878} INFO - 
================================================================================
DAG File Processing Stats

File Path                             PID    Runtime      # DAGs    # Errors  Last Runtime    Last Run
------------------------------------  -----  ---------  --------  ----------  --------------  -------------------
/opt/airflow/dags/flight-pipeline.py                           1           0  0.95s           2026-09-19T09:59:27
================================================================================
[2026-09-19T10:00:25.432+0000] {manager.py:878} INFO - 
================================================================================
DAG File Processing Stats

File Path                             PID    Runtime      # DAGs    # Errors  Last Runtime    Last Run
------------------------------------  -----  ---------  --------  ----------  --------------  -------------------
/opt/airflow/dags/flight-pipeline.py                           1           0  0.76s           2026-09-19T09:59:58
================================================================================
[2026-09-19T10:00:55.674+0000] {manager.py:878} INFO - 
================================================================================
DAG File Processing Stats

File Path                             PID    Runtime      # DAGs    # Errors  Last Runtime    Last Run
------------------------------------  -----  ---------  --------  ----------  --------------  -------------------
/opt/airflow/dags/flight-pipeline.py                           1           0  0.74s           2026-09-19T10:00:29
================================================================================
[2026-09-19T10:01:06.528+0000] {manager.py:737} INFO - Searching for files in /opt/airflow/dags
[2026-09-19T10:01:06.575+0000] {manager.py:740} INFO - There are 1 files in /opt/airflow/dags
[2026-09-19T10:01:25.748+0000] {manager.py:878} INFO - 
================================================================================
DAG File Processing Stats

File Path                             PID    Runtime      # DAGs    # Errors  Last Runtime    Last Run
------------------------------------  -----  ---------  --------  ----------  --------------  -------------------
/opt/airflow/dags/flight-pipeline.py                           1           0  0.76s           2026-09-19T10:01:00
================================================================================
[2026-09-19T10:01:56.132+0000] {manager.py:878} INFO - 
================================================================================
DAG File Processing Stats

File Path                             PID    Runtime      # DAGs    # Errors  Last Runtime    Last Run
------------------------------------  -----  ---------  --------  ----------  --------------  -------------------
/opt/airflow/dags/flight-pipeline.py                           1           0  0.72s           2026-09-19T10:01:31
================================================================================
[2026-09-19T10:02:26.365+0000] {manager.py:878} INFO - 
================================================================================
DAG File Processing Stats

File Path                             PID    Runtime      # DAGs    # Errors  Last Runtime    Last Run
------------------------------------  -----  ---------  --------  ----------  --------------  -------------------
/opt/airflow/dags/flight-pipeline.py                           1           0  0.94s           2026-09-19T10:02:02
================================================================================
[2026-09-19T10:02:56.578+0000] {manager.py:878} INFO - 
================================================================================
DAG File Processing Stats

File Path                             PID    Runtime      # DAGs    # Errors  Last Runtime    Last Run
------------------------------------  -----  ---------  --------  ----------  --------------  -------------------
/opt/airflow/dags/flight-pipeline.py                           1           0  0.92s           2026-09-19T10:02:33
================================================================================
[2026-09-19T10:03:26.789+0000] {manager.py:878} INFO - 
================================================================================
DAG File Processing Stats

File Path                             PID    Runtime      # DAGs    # Errors  Last Runtime    Last Run
------------------------------------  -----  ---------  --------  ----------  --------------  -------------------
/opt/airflow/dags/flight-pipeline.py                           1           0  0.96s           2026-09-19T10:03:05
================================================================================
[2026-09-19T10:03:57.009+0000] {manager.py:878} INFO - 
================================================================================
DAG File Processing Stats

File Path                             PID    Runtime      # DAGs    # Errors  Last Runtime    Last Run
------------------------------------  -----  ---------  --------  ----------  --------------  -------------------
/opt/airflow/dags/flight-pipeline.py                           1           0  0.75s           2026-09-19T10:03:35
================================================================================
[2026-09-19T10:04:27.303+0000] {manager.py:878} INFO - 
================================================================================
DAG File Processing Stats

File Path                             PID    Runtime      # DAGs    # Errors  Last Runtime    Last Run
------------------------------------  -----  ---------  --------  ----------  --------------  -------------------
/opt/airflow/dags/flight-pipeline.py                           1           0  0.63s           2026-09-19T10:04:06
================================================================================
[2026-09-19T10:04:57.511+0000] {manager.py:878} INFO - 
================================================================================
DAG File Processing Stats

File Path                             PID    Runtime      # DAGs    # Errors  Last Runtime    Last Run
------------------------------------  -----  ---------  --------  ----------  --------------  -------------------
/opt/airflow/dags/flight-pipeline.py                           1           0  0.71s           2026-09-19T10:04:37
================================================================================
[2026-09-19T10:05:27.740+0000] {manager.py:878} INFO - 
================================================================================
DAG File Processing Stats

File Path                             PID    Runtime      # DAGs    # Errors  Last Runtime    Last Run
------------------------------------  -----  ---------  --------  ----------  --------------  -------------------
/opt/airflow/dags/flight-pipeline.py                           1           0  1.02s           2026-09-19T10:05:08
================================================================================
[2026-09-19T10:05:57.966+0000] {manager.py:878} INFO - 
================================================================================
DAG File Processing Stats

File Path                             PID    Runtime      # DAGs    # Errors  Last Runtime    Last Run
------------------------------------  -----  ---------  --------  ----------  --------------  -------------------
/opt/airflow/dags/flight-pipeline.py                           1           0  0.92s           2026-09-19T10:05:40
================================================================================
[2026-09-19T10:06:07.040+0000] {manager.py:737} INFO - Searching for files in /opt/airflow/dags
[2026-09-19T10:06:07.081+0000] {manager.py:740} INFO - There are 1 files in /opt/airflow/dags
[2026-09-19T10:06:28.066+0000] {manager.py:878} INFO - 
================================================================================
DAG File Processing Stats

File Path                             PID    Runtime      # DAGs    # Errors  Last Runtime    Last Run
------------------------------------  -----  ---------  --------  ----------  --------------  -------------------
/opt/airflow/dags/flight-pipeline.py                           1           0  0.81s           2026-09-19T10:06:10
================================================================================
[2026-09-19T10:06:58.648+0000] {manager.py:878} INFO - 
================================================================================
DAG File Processing Stats

File Path                             PID    Runtime      # DAGs    # Errors  Last Runtime    Last Run
------------------------------------  -----  ---------  --------  ----------  --------------  -------------------
/opt/airflow/dags/flight-pipeline.py                           1           0  0.70s           2026-09-19T10:06:41
================================================================================
[2026-09-19T10:07:28.879+0000] {manager.py:878} INFO - 
================================================================================
DAG File Processing Stats

File Path                             PID    Runtime      # DAGs    # Errors  Last Runtime    Last Run
------------------------------------  -----  ---------  --------  ----------  --------------  -------------------
/opt/airflow/dags/flight-pipeline.py                           1           0  0.79s           2026-09-19T10:07:12
================================================================================
[2026-09-19T10:07:59.211+0000] {manager.py:878} INFO - 
================================================================================
DAG File Processing Stats

File Path                             PID    Runtime      # DAGs    # Errors  Last Runtime    Last Run
------------------------------------  -----  ---------  --------  ----------  --------------  -------------------
/opt/airflow/dags/flight-pipeline.py                           1           0  0.74s           2026-09-19T10:07:43
================================================================================
[2026-09-19T10:08:29.434+0000] {manager.py:878} INFO - 
================================================================================
DAG File Processing Stats

File Path                             PID    Runtime      # DAGs    # Errors  Last Runtime    Last Run
------------------------------------  -----  ---------  --------  ----------  --------------  -------------------
/opt/airflow/dags/flight-pipeline.py                           1           0  0.91s           2026-09-19T10:08:14
================================================================================
[2026-09-19T10:08:59.669+0000] {manager.py:878} INFO - 
================================================================================
DAG File Processing Stats

File Path                             PID    Runtime      # DAGs    # Errors  Last Runtime    Last Run
------------------------------------  -----  ---------  --------  ----------  --------------  -------------------
/opt/airflow/dags/flight-pipeline.py                           1           0  0.94s           2026-09-19T10:08:46
================================================================================
[2026-09-19T10:09:29.901+0000] {manager.py:878} INFO - 
================================================================================
DAG File Processing Stats

File Path                             PID    Runtime      # DAGs    # Errors  Last Runtime    Last Run
------------------------------------  -----  ---------  --------  ----------  --------------  -------------------
/opt/airflow/dags/flight-pipeline.py                           1           0  0.68s           2026-09-19T10:09:16
================================================================================
[2026-09-19T10:10:00.309+0000] {manager.py:878} INFO - 
================================================================================
DAG File Processing Stats

File Path                             PID    Runtime      # DAGs    # Errors  Last Runtime    Last Run
------------------------------------  -----  ---------  --------  ----------  --------------  -------------------
/opt/airflow/dags/flight-pipeline.py                           1           0  0.72s           2026-09-19T10:09:47
================================================================================
[2026-09-19T10:10:30.537+0000] {manager.py:878} INFO - 
================================================================================
DAG File Processing Stats

File Path                             PID    Runtime      # DAGs    # Errors  Last Runtime    Last Run
------------------------------------  -----  ---------  --------  ----------  --------------  -------------------
/opt/airflow/dags/flight-pipeline.py                           1           0  0.78s           2026-09-19T10:10:18
================================================================================
[2026-09-19T10:11:00.722+0000] {manager.py:878} INFO - 
================================================================================
DAG File Processing Stats

File Path                             PID    Runtime      # DAGs    # Errors  Last Runtime    Last Run
------------------------------------  -----  ---------  --------  ----------  --------------  -------------------
/opt/airflow/dags/flight-pipeline.py                           1           0  0.65s           2026-09-19T10:10:49
================================================================================
[2026-09-19T10:11:07.118+0000] {manager.py:737} INFO - Searching for files in /opt/airflow/dags
[2026-09-19T10:11:07.153+0000] {manager.py:740} INFO - There are 1 files in /opt/airflow/dags
[2026-09-19T10:11:30.981+0000] {manager.py:878} INFO - 
================================================================================
DAG File Processing Stats

File Path                             PID    Runtime      # DAGs    # Errors  Last Runtime    Last Run
------------------------------------  -----  ---------  --------  ----------  --------------  -------------------
/opt/airflow/dags/flight-pipeline.py                           1           0  1.08s           2026-09-19T10:11:20
================================================================================
[2026-09-19T10:12:01.159+0000] {manager.py:878} INFO - 
================================================================================
DAG File Processing Stats

File Path                             PID    Runtime      # DAGs    # Errors  Last Runtime    Last Run
------------------------------------  -----  ---------  --------  ----------  --------------  -------------------
/opt/airflow/dags/flight-pipeline.py                           1           0  0.93s           2026-09-19T10:11:52
================================================================================
[2026-09-19T10:12:31.447+0000] {manager.py:878} INFO - 
================================================================================
DAG File Processing Stats

File Path                             PID    Runtime      # DAGs    # Errors  Last Runtime    Last Run
------------------------------------  -----  ---------  --------  ----------  --------------  -------------------
/opt/airflow/dags/flight-pipeline.py                           1           0  0.65s           2026-09-19T10:12:22
================================================================================
[2026-09-19T10:13:01.672+0000] {manager.py:878} INFO - 
================================================================================
DAG File Processing Stats

File Path                             PID    Runtime      # DAGs    # Errors  Last Runtime    Last Run
------------------------------------  -----  ---------  --------  ----------  --------------  -------------------
/opt/airflow/dags/flight-pipeline.py                           1           0  0.67s           2026-09-19T10:12:53
================================================================================
[2026-09-19T10:13:31.869+0000] {manager.py:878} INFO - 
================================================================================
DAG File Processing Stats

File Path                             PID    Runtime      # DAGs    # Errors  Last Runtime    Last Run
------------------------------------  -----  ---------  --------  ----------  --------------  -------------------
/opt/airflow/dags/flight-pipeline.py                           1           0  0.69s           2026-09-19T10:13:24
================================================================================
[2026-09-19T10:14:02.110+0000] {manager.py:878} INFO - 
================================================================================
DAG File Processing Stats

File Path                             PID    Runtime      # DAGs    # Errors  Last Runtime    Last Run
------------------------------------  -----  ---------  --------  ----------  --------------  -------------------
/opt/airflow/dags/flight-pipeline.py                           1           0  1.01s           2026-09-19T10:13:56
================================================================================
[2026-09-19T10:14:32.297+0000] {manager.py:878} INFO - 
================================================================================
DAG File Processing Stats

File Path                             PID    Runtime      # DAGs    # Errors  Last Runtime    Last Run
------------------------------------  -----  ---------  --------  ----------  --------------  -------------------
/opt/airflow/dags/flight-pipeline.py                           1           0  0.94s           2026-09-19T10:14:27
================================================================================
[2026-09-19T10:15:02.326+0000] {manager.py:878} INFO - 
================================================================================
DAG File Processing Stats

File Path                             PID    Runtime      # DAGs    # Errors  Last Runtime    Last Run
------------------------------------  -----  ---------  --------  ----------  --------------  -------------------
/opt/airflow/dags/flight-pipeline.py                           1           0  0.81s           2026-09-19T10:14:58
================================================================================
[2026-09-19T10:15:32.346+0000] {manager.py:878} INFO - 
================================================================================
DAG File Processing Stats

File Path                             PID    Runtime      # DAGs    # Errors  Last Runtime    Last Run
------------------------------------  -----  ---------  --------  ----------  --------------  -------------------
/opt/airflow/dags/flight-pipeline.py                           1           0  0.79s           2026-09-19T10:15:29
================================================================================
[2026-09-19T10:16:03.274+0000] {manager.py:878} INFO - 
================================================================================
DAG File Processing Stats

File Path                             PID    Runtime      # DAGs    # Errors  Last Runtime    Last Run
------------------------------------  -----  ---------  --------  ----------  --------------  -------------------
/opt/airflow/dags/flight-pipeline.py                           1           0  1.04s           2026-09-19T10:15:59
================================================================================
[2026-09-19T10:16:07.305+0000] {manager.py:737} INFO - Searching for files in /opt/airflow/dags
[2026-09-19T10:16:07.349+0000] {manager.py:740} INFO - There are 1 files in /opt/airflow/dags
[2026-09-19T10:16:33.588+0000] {manager.py:878} INFO - 
================================================================================
DAG File Processing Stats

File Path                             PID    Runtime      # DAGs    # Errors  Last Runtime    Last Run
------------------------------------  -----  ---------  --------  ----------  --------------  -------------------
/opt/airflow/dags/flight-pipeline.py                           1           0  0.70s           2026-09-19T10:16:30
================================================================================
[2026-09-19T10:17:03.797+0000] {manager.py:878} INFO - 
================================================================================
DAG File Processing Stats

File Path                             PID    Runtime      # DAGs    # Errors  Last Runtime    Last Run
------------------------------------  -----  ---------  --------  ----------  --------------  -------------------
/opt/airflow/dags/flight-pipeline.py                           1           0  0.95s           2026-09-19T10:17:01
================================================================================
[2026-09-19T10:17:34.004+0000] {manager.py:878} INFO - 
================================================================================
DAG File Processing Stats

File Path                             PID    Runtime      # DAGs    # Errors  Last Runtime    Last Run
------------------------------------  -----  ---------  --------  ----------  --------------  -------------------
/opt/airflow/dags/flight-pipeline.py                           1           0  0.94s           2026-09-19T10:17:32
================================================================================
[2026-09-19T10:18:04.854+0000] {manager.py:878} INFO - 
================================================================================
DAG File Processing Stats

File Path                             PID    Runtime      # DAGs    # Errors  Last Runtime    Last Run
------------------------------------  -----  ---------  --------  ----------  --------------  -------------------
/opt/airflow/dags/flight-pipeline.py                           1           0  1.04s           2026-09-19T10:18:03
================================================================================
[2026-09-19T10:18:35.101+0000] {manager.py:878} INFO - 
================================================================================
DAG File Processing Stats

File Path                             PID    Runtime      # DAGs    # Errors  Last Runtime    Last Run
------------------------------------  -----  ---------  --------  ----------  --------------  -------------------
/opt/airflow/dags/flight-pipeline.py                           1           0  0.77s           2026-09-19T10:18:34
================================================================================
[2026-09-19T10:19:05.293+0000] {manager.py:878} INFO - 
================================================================================
DAG File Processing Stats

File Path                               PID  Runtime      # DAGs    # Errors  Last Runtime    Last Run
------------------------------------  -----  ---------  --------  ----------  --------------  -------------------
/opt/airflow/dags/flight-pipeline.py   1151  0.24s             1           0  0.77s           2026-09-19T10:18:34
================================================================================
[2026-09-19T10:19:35.503+0000] {manager.py:878} INFO - 
================================================================================
DAG File Processing Stats

File Path                             PID    Runtime      # DAGs    # Errors  Last Runtime    Last Run
------------------------------------  -----  ---------  --------  ----------  --------------  -------------------
/opt/airflow/dags/flight-pipeline.py                           1           0  0.63s           2026-09-19T10:19:05
================================================================================
[2026-09-19T10:20:05.721+0000] {manager.py:878} INFO - 
================================================================================
DAG File Processing Stats

File Path                             PID    Runtime      # DAGs    # Errors  Last Runtime    Last Run
------------------------------------  -----  ---------  --------  ----------  --------------  -------------------
/opt/airflow/dags/flight-pipeline.py                           1           0  0.69s           2026-09-19T10:19:36
================================================================================
[2026-09-19T10:20:35.857+0000] {manager.py:878} INFO - 
================================================================================
DAG File Processing Stats

File Path                             PID    Runtime      # DAGs    # Errors  Last Runtime    Last Run
------------------------------------  -----  ---------  --------  ----------  --------------  -------------------
/opt/airflow/dags/flight-pipeline.py                           1           0  0.90s           2026-09-19T10:20:07
================================================================================
[2026-09-19T10:21:06.013+0000] {manager.py:878} INFO - 
================================================================================
DAG File Processing Stats

File Path                             PID    Runtime      # DAGs    # Errors  Last Runtime    Last Run
------------------------------------  -----  ---------  --------  ----------  --------------  -------------------
/opt/airflow/dags/flight-pipeline.py                           1           0  0.92s           2026-09-19T10:20:38
================================================================================
[2026-09-19T10:21:08.030+0000] {manager.py:737} INFO - Searching for files in /opt/airflow/dags
[2026-09-19T10:21:08.073+0000] {manager.py:740} INFO - There are 1 files in /opt/airflow/dags
[2026-09-19T10:21:36.302+0000] {manager.py:878} INFO - 
================================================================================
DAG File Processing Stats

File Path                             PID    Runtime      # DAGs    # Errors  Last Runtime    Last Run
------------------------------------  -----  ---------  --------  ----------  --------------  -------------------
/opt/airflow/dags/flight-pipeline.py                           1           0  0.98s           2026-09-19T10:21:10
================================================================================
[2026-09-19T10:22:06.539+0000] {manager.py:878} INFO - 
================================================================================
DAG File Processing Stats

File Path                             PID    Runtime      # DAGs    # Errors  Last Runtime    Last Run
------------------------------------  -----  ---------  --------  ----------  --------------  -------------------
/opt/airflow/dags/flight-pipeline.py                           1           0  0.74s           2026-09-19T10:21:41
================================================================================
[2026-09-19T10:22:36.758+0000] {manager.py:878} INFO - 
================================================================================
DAG File Processing Stats

File Path                             PID    Runtime      # DAGs    # Errors  Last Runtime    Last Run
------------------------------------  -----  ---------  --------  ----------  --------------  -------------------
/opt/airflow/dags/flight-pipeline.py                           1           0  0.67s           2026-09-19T10:22:11
================================================================================
[2026-09-19T10:23:06.985+0000] {manager.py:878} INFO - 
================================================================================
DAG File Processing Stats

File Path                             PID    Runtime      # DAGs    # Errors  Last Runtime    Last Run
------------------------------------  -----  ---------  --------  ----------  --------------  -------------------
/opt/airflow/dags/flight-pipeline.py                           1           0  0.72s           2026-09-19T10:22:42
================================================================================
[2026-09-19T10:23:37.109+0000] {manager.py:878} INFO - 
================================================================================
DAG File Processing Stats

File Path                             PID    Runtime      # DAGs    # Errors  Last Runtime    Last Run
------------------------------------  -----  ---------  --------  ----------  --------------  -------------------
/opt/airflow/dags/flight-pipeline.py                           1           0  0.88s           2026-09-19T10:23:13
================================================================================
[2026-09-19T10:24:07.329+0000] {manager.py:878} INFO - 
================================================================================
DAG File Processing Stats

File Path                             PID    Runtime      # DAGs    # Errors  Last Runtime    Last Run
------------------------------------  -----  ---------  --------  ----------  --------------  -------------------
/opt/airflow/dags/flight-pipeline.py                           1           0  1.01s           2026-09-19T10:23:45
================================================================================
[2026-09-19T10:24:37.471+0000] {manager.py:878} INFO - 
================================================================================
DAG File Processing Stats

File Path                             PID    Runtime      # DAGs    # Errors  Last Runtime    Last Run
------------------------------------  -----  ---------  --------  ----------  --------------  -------------------
/opt/airflow/dags/flight-pipeline.py                           1           0  0.91s           2026-09-19T10:24:16
================================================================================
[2026-09-19T10:25:07.893+0000] {manager.py:878} INFO - 
================================================================================
DAG File Processing Stats

File Path                             PID    Runtime      # DAGs    # Errors  Last Runtime    Last Run
------------------------------------  -----  ---------  --------  ----------  --------------  -------------------
/opt/airflow/dags/flight-pipeline.py                           1           0  0.73s           2026-09-19T10:24:47
================================================================================
[2026-09-19T10:25:38.123+0000] {manager.py:878} INFO - 
================================================================================
DAG File Processing Stats

File Path                             PID    Runtime      # DAGs    # Errors  Last Runtime    Last Run
------------------------------------  -----  ---------  --------  ----------  --------------  -------------------
/opt/airflow/dags/flight-pipeline.py                           1           0  0.68s           2026-09-19T10:25:18
================================================================================
[2026-09-19T10:26:08.226+0000] {manager.py:737} INFO - Searching for files in /opt/airflow/dags
[2026-09-19T10:26:08.266+0000] {manager.py:740} INFO - There are 1 files in /opt/airflow/dags
[2026-09-19T10:26:08.290+0000] {manager.py:878} INFO - 
================================================================================
DAG File Processing Stats

File Path                             PID    Runtime      # DAGs    # Errors  Last Runtime    Last Run
------------------------------------  -----  ---------  --------  ----------  --------------  -------------------
/opt/airflow/dags/flight-pipeline.py                           1           0  0.66s           2026-09-19T10:25:49
================================================================================
[2026-09-19T10:26:38.451+0000] {manager.py:878} INFO - 
================================================================================
DAG File Processing Stats

File Path                             PID    Runtime      # DAGs    # Errors  Last Runtime    Last Run
------------------------------------  -----  ---------  --------  ----------  --------------  -------------------
/opt/airflow/dags/flight-pipeline.py                           1           0  0.94s           2026-09-19T10:26:20
================================================================================
[2026-09-19T10:27:08.710+0000] {manager.py:878} INFO - 
================================================================================
DAG File Processing Stats

File Path                             PID    Runtime      # DAGs    # Errors  Last Runtime    Last Run
------------------------------------  -----  ---------  --------  ----------  --------------  -------------------
/opt/airflow/dags/flight-pipeline.py                           1           0  1.02s           2026-09-19T10:26:51
================================================================================
[2026-09-19T10:27:38.904+0000] {manager.py:878} INFO - 
================================================================================
DAG File Processing Stats

File Path                             PID    Runtime      # DAGs    # Errors  Last Runtime    Last Run
------------------------------------  -----  ---------  --------  ----------  --------------  -------------------
/opt/airflow/dags/flight-pipeline.py                           1           0  0.95s           2026-09-19T10:27:22
================================================================================
[2026-09-19T10:28:08.934+0000] {manager.py:878} INFO - 
================================================================================
DAG File Processing Stats

File Path                             PID    Runtime      # DAGs    # Errors  Last Runtime    Last Run
------------------------------------  -----  ---------  --------  ----------  --------------  -------------------
/opt/airflow/dags/flight-pipeline.py                           1           0  0.80s           2026-09-19T10:27:53
================================================================================
[2026-09-19T10:28:39.375+0000] {manager.py:878} INFO - 
================================================================================
DAG File Processing Stats

File Path                             PID    Runtime      # DAGs    # Errors  Last Runtime    Last Run
------------------------------------  -----  ---------  --------  ----------  --------------  -------------------
/opt/airflow/dags/flight-pipeline.py                           1           0  0.71s           2026-09-19T10:28:24
================================================================================
[2026-09-19T10:29:09.594+0000] {manager.py:878} INFO - 
================================================================================
DAG File Processing Stats

File Path                             PID    Runtime      # DAGs    # Errors  Last Runtime    Last Run
------------------------------------  -----  ---------  --------  ----------  --------------  -------------------
/opt/airflow/dags/flight-pipeline.py                           1           0  0.62s           2026-09-19T10:28:55
================================================================================
[2026-09-19T10:29:39.678+0000] {manager.py:878} INFO - 
================================================================================
DAG File Processing Stats

File Path                             PID    Runtime      # DAGs    # Errors  Last Runtime    Last Run
------------------------------------  -----  ---------  --------  ----------  --------------  -------------------
/opt/airflow/dags/flight-pipeline.py                           1           0  0.84s           2026-09-19T10:29:26
================================================================================
[2026-09-19T10:30:09.790+0000] {manager.py:878} INFO - 
================================================================================
DAG File Processing Stats

File Path                             PID    Runtime      # DAGs    # Errors  Last Runtime    Last Run
------------------------------------  -----  ---------  --------  ----------  --------------  -------------------
/opt/airflow/dags/flight-pipeline.py                           1           0  0.87s           2026-09-19T10:29:57
================================================================================
[2026-09-19T10:30:39.912+0000] {manager.py:878} INFO - 
================================================================================
DAG File Processing Stats

File Path                             PID    Runtime      # DAGs    # Errors  Last Runtime    Last Run
------------------------------------  -----  ---------  --------  ----------  --------------  -------------------
/opt/airflow/dags/flight-pipeline.py                           1           0  0.89s           2026-09-19T10:30:28
================================================================================
[2026-09-19T10:31:08.508+0000] {manager.py:737} INFO - Searching for files in /opt/airflow/dags
[2026-09-19T10:31:08.549+0000] {manager.py:740} INFO - There are 1 files in /opt/airflow/dags
[2026-09-19T10:31:10.582+0000] {manager.py:878} INFO - 
================================================================================
DAG File Processing Stats

File Path                             PID    Runtime      # DAGs    # Errors  Last Runtime    Last Run
------------------------------------  -----  ---------  --------  ----------  --------------  -------------------
/opt/airflow/dags/flight-pipeline.py                           1           0  0.66s           2026-09-19T10:30:59
================================================================================
[2026-09-19T10:31:41.004+0000] {manager.py:878} INFO - 
================================================================================
DAG File Processing Stats

File Path                             PID    Runtime      # DAGs    # Errors  Last Runtime    Last Run
------------------------------------  -----  ---------  --------  ----------  --------------  -------------------
/opt/airflow/dags/flight-pipeline.py                           1           0  0.74s           2026-09-19T10:31:30
================================================================================
[2026-09-19T10:32:11.210+0000] {manager.py:878} INFO - 
================================================================================
DAG File Processing Stats

File Path                             PID    Runtime      # DAGs    # Errors  Last Runtime    Last Run
------------------------------------  -----  ---------  --------  ----------  --------------  -------------------
/opt/airflow/dags/flight-pipeline.py                           1           0  0.96s           2026-09-19T10:32:01
================================================================================
[2026-09-19T10:32:41.987+0000] {manager.py:878} INFO - 
================================================================================
DAG File Processing Stats

File Path                             PID    Runtime      # DAGs    # Errors  Last Runtime    Last Run
------------------------------------  -----  ---------  --------  ----------  --------------  -------------------
/opt/airflow/dags/flight-pipeline.py                           1           0  1.03s           2026-09-19T10:32:32
================================================================================
[2026-09-19T10:33:12.206+0000] {manager.py:878} INFO - 
================================================================================
DAG File Processing Stats

File Path                             PID    Runtime      # DAGs    # Errors  Last Runtime    Last Run
------------------------------------  -----  ---------  --------  ----------  --------------  -------------------
/opt/airflow/dags/flight-pipeline.py                           1           0  0.99s           2026-09-19T10:33:04
================================================================================
[2026-09-19T10:33:42.366+0000] {manager.py:878} INFO - 
================================================================================
DAG File Processing Stats

File Path                             PID    Runtime      # DAGs    # Errors  Last Runtime    Last Run
------------------------------------  -----  ---------  --------  ----------  --------------  -------------------
/opt/airflow/dags/flight-pipeline.py                           1           0  0.92s           2026-09-19T10:33:35
================================================================================
[2026-09-19T10:34:12.681+0000] {manager.py:878} INFO - 
================================================================================
DAG File Processing Stats

File Path                             PID    Runtime      # DAGs    # Errors  Last Runtime    Last Run
------------------------------------  -----  ---------  --------  ----------  --------------  -------------------
/opt/airflow/dags/flight-pipeline.py                           1           0  0.70s           2026-09-19T10:34:06
================================================================================
[2026-09-19T10:34:42.914+0000] {manager.py:878} INFO - 
================================================================================
DAG File Processing Stats

File Path                             PID    Runtime      # DAGs    # Errors  Last Runtime    Last Run
------------------------------------  -----  ---------  --------  ----------  --------------  -------------------
/opt/airflow/dags/flight-pipeline.py                           1           0  0.65s           2026-09-19T10:34:37
================================================================================
[2026-09-19T10:35:13.144+0000] {manager.py:878} INFO - 
================================================================================
DAG File Processing Stats

File Path                             PID    Runtime      # DAGs    # Errors  Last Runtime    Last Run
------------------------------------  -----  ---------  --------  ----------  --------------  -------------------
/opt/airflow/dags/flight-pipeline.py                           1           0  0.96s           2026-09-19T10:35:08
================================================================================
[2026-09-19T10:35:43.355+0000] {manager.py:878} INFO - 
================================================================================
DAG File Processing Stats

File Path                             PID    Runtime      # DAGs    # Errors  Last Runtime    Last Run
------------------------------------  -----  ---------  --------  ----------  --------------  -------------------
/opt/airflow/dags/flight-pipeline.py                           1           0  0.95s           2026-09-19T10:35:39
================================================================================
[2026-09-19T10:36:08.533+0000] {manager.py:737} INFO - Searching for files in /opt/airflow/dags
[2026-09-19T10:36:08.561+0000] {manager.py:740} INFO - There are 1 files in /opt/airflow/dags
[2026-09-19T10:36:13.461+0000] {manager.py:878} INFO - 
================================================================================
DAG File Processing Stats

File Path                             PID    Runtime      # DAGs    # Errors  Last Runtime    Last Run
------------------------------------  -----  ---------  --------  ----------  --------------  -------------------
/opt/airflow/dags/flight-pipeline.py                           1           0  0.84s           2026-09-19T10:36:10
================================================================================
[2026-09-19T10:36:43.612+0000] {manager.py:878} INFO - 
================================================================================
DAG File Processing Stats

File Path                             PID    Runtime      # DAGs    # Errors  Last Runtime    Last Run
------------------------------------  -----  ---------  --------  ----------  --------------  -------------------
/opt/airflow/dags/flight-pipeline.py                           1           0  0.92s           2026-09-19T10:36:41
================================================================================
[2026-09-19T10:37:14.114+0000] {manager.py:878} INFO - 
================================================================================
DAG File Processing Stats

File Path                             PID    Runtime      # DAGs    # Errors  Last Runtime    Last Run
------------------------------------  -----  ---------  --------  ----------  --------------  -------------------
/opt/airflow/dags/flight-pipeline.py                           1           0  0.71s           2026-09-19T10:37:12
================================================================================
[2026-09-19T10:37:44.345+0000] {manager.py:878} INFO - 
================================================================================
DAG File Processing Stats

File Path                             PID    Runtime      # DAGs    # Errors  Last Runtime    Last Run
------------------------------------  -----  ---------  --------  ----------  --------------  -------------------
/opt/airflow/dags/flight-pipeline.py                           1           0  0.68s           2026-09-19T10:37:43
================================================================================
[2026-09-19T10:38:14.524+0000] {manager.py:878} INFO - 
================================================================================
DAG File Processing Stats

File Path                             PID    Runtime      # DAGs    # Errors  Last Runtime    Last Run
------------------------------------  -----  ---------  --------  ----------  --------------  -------------------
/opt/airflow/dags/flight-pipeline.py                           1           0  0.94s           2026-09-19T10:38:14
================================================================================
[2026-09-19T10:38:44.782+0000] {manager.py:878} INFO - 
================================================================================
DAG File Processing Stats

File Path                               PID  Runtime      # DAGs    # Errors  Last Runtime    Last Run
------------------------------------  -----  ---------  --------  ----------  --------------  -------------------
/opt/airflow/dags/flight-pipeline.py   1401  0.01s             1           0  0.94s           2026-09-19T10:38:14
================================================================================
[2026-09-19T10:39:14.945+0000] {manager.py:878} INFO - 
================================================================================
DAG File Processing Stats

File Path                             PID    Runtime      # DAGs    # Errors  Last Runtime    Last Run
------------------------------------  -----  ---------  --------  ----------  --------------  -------------------
/opt/airflow/dags/flight-pipeline.py                           1           0  0.95s           2026-09-19T10:38:45
================================================================================
[2026-09-19T10:39:45.125+0000] {manager.py:878} INFO - 
================================================================================
DAG File Processing Stats

File Path                             PID    Runtime      # DAGs    # Errors  Last Runtime    Last Run
------------------------------------  -----  ---------  --------  ----------  --------------  -------------------
/opt/airflow/dags/flight-pipeline.py                           1           0  0.94s           2026-09-19T10:39:16
================================================================================
[2026-09-19T10:40:15.271+0000] {manager.py:878} INFO - 
================================================================================
DAG File Processing Stats

File Path                             PID    Runtime      # DAGs    # Errors  Last Runtime    Last Run
------------------------------------  -----  ---------  --------  ----------  --------------  -------------------
/opt/airflow/dags/flight-pipeline.py                           1           0  0.93s           2026-09-19T10:39:48
================================================================================
[2026-09-19T10:40:45.689+0000] {manager.py:878} INFO - 
================================================================================
DAG File Processing Stats

File Path                             PID    Runtime      # DAGs    # Errors  Last Runtime    Last Run
------------------------------------  -----  ---------  --------  ----------  --------------  -------------------
/opt/airflow/dags/flight-pipeline.py                           1           0  0.63s           2026-09-19T10:40:18
================================================================================
[2026-09-19T10:41:08.857+0000] {manager.py:737} INFO - Searching for files in /opt/airflow/dags
[2026-09-19T10:41:08.895+0000] {manager.py:740} INFO - There are 1 files in /opt/airflow/dags
[2026-09-19T10:41:15.963+0000] {manager.py:878} INFO - 
================================================================================
DAG File Processing Stats

File Path                             PID    Runtime      # DAGs    # Errors  Last Runtime    Last Run
------------------------------------  -----  ---------  --------  ----------  --------------  -------------------
/opt/airflow/dags/flight-pipeline.py                           1           0  0.70s           2026-09-19T10:40:49
================================================================================
[2026-09-19T10:41:46.093+0000] {manager.py:878} INFO - 
================================================================================
DAG File Processing Stats

File Path                             PID    Runtime      # DAGs    # Errors  Last Runtime    Last Run
------------------------------------  -----  ---------  --------  ----------  --------------  -------------------
/opt/airflow/dags/flight-pipeline.py                           1           0  0.88s           2026-09-19T10:41:20
================================================================================
[2026-09-19T10:42:16.207+0000] {manager.py:878} INFO - 
================================================================================
DAG File Processing Stats

File Path                             PID    Runtime      # DAGs    # Errors  Last Runtime    Last Run
------------------------------------  -----  ---------  --------  ----------  --------------  -------------------
/opt/airflow/dags/flight-pipeline.py                           1           0  0.88s           2026-09-19T10:41:52
================================================================================
[2026-09-19T10:42:46.399+0000] {manager.py:878} INFO - 
================================================================================
DAG File Processing Stats

File Path                             PID    Runtime      # DAGs    # Errors  Last Runtime    Last Run
------------------------------------  -----  ---------  --------  ----------  --------------  -------------------
/opt/airflow/dags/flight-pipeline.py                           1           0  0.95s           2026-09-19T10:42:23
================================================================================
[2026-09-19T10:43:16.448+0000] {manager.py:878} INFO - 
================================================================================
DAG File Processing Stats

File Path                             PID    Runtime      # DAGs    # Errors  Last Runtime    Last Run
------------------------------------  -----  ---------  --------  ----------  --------------  -------------------
/opt/airflow/dags/flight-pipeline.py                           1           0  0.83s           2026-09-19T10:42:54
================================================================================
[2026-09-19T10:43:46.532+0000] {manager.py:878} INFO - 
================================================================================
DAG File Processing Stats

File Path                             PID    Runtime      # DAGs    # Errors  Last Runtime    Last Run
------------------------------------  -----  ---------  --------  ----------  --------------  -------------------
/opt/airflow/dags/flight-pipeline.py                           1           0  0.86s           2026-09-19T10:43:25
================================================================================
[2026-09-19T10:44:17.327+0000] {manager.py:878} INFO - 
================================================================================
DAG File Processing Stats

File Path                             PID    Runtime      # DAGs    # Errors  Last Runtime    Last Run
------------------------------------  -----  ---------  --------  ----------  --------------  -------------------
/opt/airflow/dags/flight-pipeline.py                           1           0  0.65s           2026-09-19T10:43:56
================================================================================
[2026-09-19T10:44:47.555+0000] {manager.py:878} INFO - 
================================================================================
DAG File Processing Stats

File Path                             PID    Runtime      # DAGs    # Errors  Last Runtime    Last Run
------------------------------------  -----  ---------  --------  ----------  --------------  -------------------
/opt/airflow/dags/flight-pipeline.py                           1           0  0.98s           2026-09-19T10:44:27
================================================================================
[2026-09-19T10:45:17.670+0000] {manager.py:878} INFO - 
================================================================================
DAG File Processing Stats

File Path                             PID    Runtime      # DAGs    # Errors  Last Runtime    Last Run
------------------------------------  -----  ---------  --------  ----------  --------------  -------------------
/opt/airflow/dags/flight-pipeline.py                           1           0  0.88s           2026-09-19T10:44:58
================================================================================
[2026-09-19T10:45:47.806+0000] {manager.py:878} INFO - 
================================================================================
DAG File Processing Stats

File Path                             PID    Runtime      # DAGs    # Errors  Last Runtime    Last Run
------------------------------------  -----  ---------  --------  ----------  --------------  -------------------
/opt/airflow/dags/flight-pipeline.py                           1           0  0.91s           2026-09-19T10:45:29
================================================================================
[2026-09-19T10:46:09.138+0000] {manager.py:737} INFO - Searching for files in /opt/airflow/dags
[2026-09-19T10:46:09.183+0000] {manager.py:740} INFO - There are 1 files in /opt/airflow/dags
[2026-09-19T10:46:18.258+0000] {manager.py:878} INFO - 
================================================================================
DAG File Processing Stats

File Path                             PID    Runtime      # DAGs    # Errors  Last Runtime    Last Run
------------------------------------  -----  ---------  --------  ----------  --------------  -------------------
/opt/airflow/dags/flight-pipeline.py                           1           0  0.74s           2026-09-19T10:46:00
================================================================================
[2026-09-19T10:46:48.465+0000] {manager.py:878} INFO - 
================================================================================
DAG File Processing Stats

File Path                             PID    Runtime      # DAGs    # Errors  Last Runtime    Last Run
------------------------------------  -----  ---------  --------  ----------  --------------  -------------------
/opt/airflow/dags/flight-pipeline.py                           1           0  0.77s           2026-09-19T10:46:31
================================================================================
[2026-09-19T10:47:18.675+0000] {manager.py:878} INFO - 
================================================================================
DAG File Processing Stats

File Path                             PID    Runtime      # DAGs    # Errors  Last Runtime    Last Run
------------------------------------  -----  ---------  --------  ----------  --------------  -------------------
/opt/airflow/dags/flight-pipeline.py                           1           0  0.91s           2026-09-19T10:47:02
================================================================================
[2026-09-19T10:47:48.795+0000] {manager.py:878} INFO - 
================================================================================
DAG File Processing Stats

File Path                             PID    Runtime      # DAGs    # Errors  Last Runtime    Last Run
------------------------------------  -----  ---------  --------  ----------  --------------  -------------------
/opt/airflow/dags/flight-pipeline.py                           1           0  0.88s           2026-09-19T10:47:33
================================================================================
[2026-09-19T10:48:18.958+0000] {manager.py:878} INFO - 
================================================================================
DAG File Processing Stats

File Path                             PID    Runtime      # DAGs    # Errors  Last Runtime    Last Run
------------------------------------  -----  ---------  --------  ----------  --------------  -------------------
/opt/airflow/dags/flight-pipeline.py                           1           0  0.93s           2026-09-19T10:48:04
================================================================================
[2026-09-19T10:48:49.081+0000] {manager.py:878} INFO - 
================================================================================
DAG File Processing Stats

File Path                             PID    Runtime      # DAGs    # Errors  Last Runtime    Last Run
------------------------------------  -----  ---------  --------  ----------  --------------  -------------------
/opt/airflow/dags/flight-pipeline.py                           1           0  0.90s           2026-09-19T10:48:35
================================================================================
[2026-09-19T10:49:19.272+0000] {manager.py:878} INFO - 
================================================================================
DAG File Processing Stats

File Path                             PID    Runtime      # DAGs    # Errors  Last Runtime    Last Run
------------------------------------  -----  ---------  --------  ----------  --------------  -------------------
/opt/airflow/dags/flight-pipeline.py                           1           0  0.97s           2026-09-19T10:49:07
================================================================================
[2026-09-19T10:49:49.949+0000] {manager.py:878} INFO - 
================================================================================
DAG File Processing Stats

File Path                             PID    Runtime      # DAGs    # Errors  Last Runtime    Last Run
------------------------------------  -----  ---------  --------  ----------  --------------  -------------------
/opt/airflow/dags/flight-pipeline.py                           1           0  0.60s           2026-09-19T10:49:38
================================================================================
[2026-09-19T10:50:20.194+0000] {manager.py:878} INFO - 
================================================================================
DAG File Processing Stats

File Path                             PID    Runtime      # DAGs    # Errors  Last Runtime    Last Run
------------------------------------  -----  ---------  --------  ----------  --------------  -------------------
/opt/airflow/dags/flight-pipeline.py                           1           0  1.01s           2026-09-19T10:50:09
================================================================================
[2026-09-19T10:50:50.406+0000] {manager.py:878} INFO - 
================================================================================
DAG File Processing Stats

File Path                             PID    Runtime      # DAGs    # Errors  Last Runtime    Last Run
------------------------------------  -----  ---------  --------  ----------  --------------  -------------------
/opt/airflow/dags/flight-pipeline.py                           1           0  0.97s           2026-09-19T10:50:40
================================================================================
[2026-09-19T10:51:09.558+0000] {manager.py:737} INFO - Searching for files in /opt/airflow/dags
[2026-09-19T10:51:09.598+0000] {manager.py:740} INFO - There are 1 files in /opt/airflow/dags
[2026-09-19T10:51:20.659+0000] {manager.py:878} INFO - 
================================================================================
DAG File Processing Stats

File Path                             PID    Runtime      # DAGs    # Errors  Last Runtime    Last Run
------------------------------------  -----  ---------  --------  ----------  --------------  -------------------
/opt/airflow/dags/flight-pipeline.py                           1           0  0.95s           2026-09-19T10:51:11
================================================================================
[2026-09-19T10:51:50.686+0000] {manager.py:878} INFO - 
================================================================================
DAG File Processing Stats

File Path                             PID    Runtime      # DAGs    # Errors  Last Runtime    Last Run
------------------------------------  -----  ---------  --------  ----------  --------------  -------------------
/opt/airflow/dags/flight-pipeline.py                           1           0  0.79s           2026-09-19T10:51:42
================================================================================
[2026-09-19T10:52:20.857+0000] {manager.py:878} INFO - 
================================================================================
DAG File Processing Stats

File Path                             PID    Runtime      # DAGs    # Errors  Last Runtime    Last Run
------------------------------------  -----  ---------  --------  ----------  --------------  -------------------
/opt/airflow/dags/flight-pipeline.py                           1           0  0.96s           2026-09-19T10:52:13
================================================================================
[2026-09-19T10:52:51.313+0000] {manager.py:878} INFO - 
================================================================================
DAG File Processing Stats

File Path                             PID    Runtime      # DAGs    # Errors  Last Runtime    Last Run
------------------------------------  -----  ---------  --------  ----------  --------------  -------------------
/opt/airflow/dags/flight-pipeline.py                           1           0  0.74s           2026-09-19T10:52:44
================================================================================
[2026-09-19T10:53:22.073+0000] {manager.py:878} INFO - 
================================================================================
DAG File Processing Stats

File Path                             PID    Runtime      # DAGs    # Errors  Last Runtime    Last Run
------------------------------------  -----  ---------  --------  ----------  --------------  -------------------
/opt/airflow/dags/flight-pipeline.py                           1           0  1.02s           2026-09-19T10:53:16
================================================================================
[2026-09-19T10:53:52.255+0000] {manager.py:878} INFO - 
================================================================================
DAG File Processing Stats

File Path                             PID    Runtime      # DAGs    # Errors  Last Runtime    Last Run
------------------------------------  -----  ---------  --------  ----------  --------------  -------------------
/opt/airflow/dags/flight-pipeline.py                           1           0  0.95s           2026-09-19T10:53:47
================================================================================
[2026-09-19T10:54:22.382+0000] {manager.py:878} INFO - 
================================================================================
DAG File Processing Stats

File Path                             PID    Runtime      # DAGs    # Errors  Last Runtime    Last Run
------------------------------------  -----  ---------  --------  ----------  --------------  -------------------
/opt/airflow/dags/flight-pipeline.py                           1           0  0.90s           2026-09-19T10:54:18
================================================================================
[2026-09-19T10:54:52.582+0000] {manager.py:878} INFO - 
================================================================================
DAG File Processing Stats

File Path                             PID    Runtime      # DAGs    # Errors  Last Runtime    Last Run
------------------------------------  -----  ---------  --------  ----------  --------------  -------------------
/opt/airflow/dags/flight-pipeline.py                           1           0  0.98s           2026-09-19T10:54:49
================================================================================
[2026-09-19T10:55:22.886+0000] {manager.py:878} INFO - 
================================================================================
DAG File Processing Stats

File Path                             PID    Runtime      # DAGs    # Errors  Last Runtime    Last Run
------------------------------------  -----  ---------  --------  ----------  --------------  -------------------
/opt/airflow/dags/flight-pipeline.py                           1           0  0.61s           2026-09-19T10:55:20
================================================================================
[2026-09-19T10:55:53.125+0000] {manager.py:878} INFO - 
================================================================================
DAG File Processing Stats

File Path                             PID    Runtime      # DAGs    # Errors  Last Runtime    Last Run
------------------------------------  -----  ---------  --------  ----------  --------------  -------------------
/opt/airflow/dags/flight-pipeline.py                           1           0  0.70s           2026-09-19T10:55:51
================================================================================
[2026-09-19T10:56:10.271+0000] {manager.py:737} INFO - Searching for files in /opt/airflow/dags
[2026-09-19T10:56:10.316+0000] {manager.py:740} INFO - There are 1 files in /opt/airflow/dags
[2026-09-19T10:56:23.329+0000] {manager.py:878} INFO - 
================================================================================
DAG File Processing Stats

File Path                             PID    Runtime      # DAGs    # Errors  Last Runtime    Last Run
------------------------------------  -----  ---------  --------  ----------  --------------  -------------------
/opt/airflow/dags/flight-pipeline.py                           1           0  0.88s           2026-09-19T10:56:22
================================================================================
[2026-09-19T10:56:53.572+0000] {manager.py:878} INFO - 
================================================================================
DAG File Processing Stats

File Path                             PID    Runtime      # DAGs    # Errors  Last Runtime    Last Run
------------------------------------  -----  ---------  --------  ----------  --------------  -------------------
/opt/airflow/dags/flight-pipeline.py                           1           0  1.02s           2026-09-19T10:56:53
================================================================================
[2026-09-19T10:57:23.819+0000] {manager.py:878} INFO - 
================================================================================
DAG File Processing Stats

File Path                               PID  Runtime      # DAGs    # Errors  Last Runtime    Last Run
------------------------------------  -----  ---------  --------  ----------  --------------  -------------------
/opt/airflow/dags/flight-pipeline.py   1473  0.01s             1           0  1.02s           2026-09-19T10:56:53
================================================================================
[2026-09-19T10:57:54.034+0000] {manager.py:878} INFO - 
================================================================================
DAG File Processing Stats

File Path                             PID    Runtime      # DAGs    # Errors  Last Runtime    Last Run
------------------------------------  -----  ---------  --------  ----------  --------------  -------------------
/opt/airflow/dags/flight-pipeline.py                           1           0  1.01s           2026-09-19T10:57:24
================================================================================
[2026-09-19T10:58:24.184+0000] {manager.py:878} INFO - 
================================================================================
DAG File Processing Stats

File Path                             PID    Runtime      # DAGs    # Errors  Last Runtime    Last Run
------------------------------------  -----  ---------  --------  ----------  --------------  -------------------
/opt/airflow/dags/flight-pipeline.py                           1           0  0.92s           2026-09-19T10:57:55
================================================================================
[2026-09-19T10:58:54.561+0000] {manager.py:878} INFO - 
================================================================================
DAG File Processing Stats

File Path                             PID    Runtime      # DAGs    # Errors  Last Runtime    Last Run
------------------------------------  -----  ---------  --------  ----------  --------------  -------------------
/opt/airflow/dags/flight-pipeline.py                           1           0  0.70s           2026-09-19T10:58:26
================================================================================
[2026-09-19T10:59:24.781+0000] {manager.py:878} INFO - 
================================================================================
DAG File Processing Stats

File Path                             PID    Runtime      # DAGs    # Errors  Last Runtime    Last Run
------------------------------------  -----  ---------  --------  ----------  --------------  -------------------
/opt/airflow/dags/flight-pipeline.py                           1           0  0.70s           2026-09-19T10:58:57
================================================================================
[2026-09-19T10:59:55.006+0000] {manager.py:878} INFO - 
================================================================================
DAG File Processing Stats

File Path                             PID    Runtime      # DAGs    # Errors  Last Runtime    Last Run
------------------------------------  -----  ---------  --------  ----------  --------------  -------------------
/opt/airflow/dags/flight-pipeline.py                           1           0  0.95s           2026-09-19T10:59:29
================================================================================
[2026-09-19T11:00:25.215+0000] {manager.py:878} INFO - 
================================================================================
DAG File Processing Stats

File Path                             PID    Runtime      # DAGs    # Errors  Last Runtime    Last Run
------------------------------------  -----  ---------  --------  ----------  --------------  -------------------
/opt/airflow/dags/flight-pipeline.py                           1           0  0.97s           2026-09-19T11:00:00
================================================================================
[2026-09-19T11:00:55.369+0000] {manager.py:878} INFO - 
================================================================================
DAG File Processing Stats

File Path                             PID    Runtime      # DAGs    # Errors  Last Runtime    Last Run
------------------------------------  -----  ---------  --------  ----------  --------------  -------------------
/opt/airflow/dags/flight-pipeline.py                           1           0  0.91s           2026-09-19T11:00:31
================================================================================
[2026-09-19T11:01:10.415+0000] {manager.py:737} INFO - Searching for files in /opt/airflow/dags
[2026-09-19T11:01:10.446+0000] {manager.py:740} INFO - There are 1 files in /opt/airflow/dags
[2026-09-19T11:01:25.572+0000] {manager.py:878} INFO - 
================================================================================
DAG File Processing Stats

File Path                             PID    Runtime      # DAGs    # Errors  Last Runtime    Last Run
------------------------------------  -----  ---------  --------  ----------  --------------  -------------------
/opt/airflow/dags/flight-pipeline.py                           1           0  0.91s           2026-09-19T11:01:02
================================================================================
[2026-09-19T11:01:56.023+0000] {manager.py:878} INFO - 
================================================================================
DAG File Processing Stats

File Path                             PID    Runtime      # DAGs    # Errors  Last Runtime    Last Run
------------------------------------  -----  ---------  --------  ----------  --------------  -------------------
/opt/airflow/dags/flight-pipeline.py                           1           0  0.64s           2026-09-19T11:01:33
================================================================================
[2026-09-19T11:02:26.246+0000] {manager.py:878} INFO - 
================================================================================
DAG File Processing Stats

File Path                             PID    Runtime      # DAGs    # Errors  Last Runtime    Last Run
------------------------------------  -----  ---------  --------  ----------  --------------  -------------------
/opt/airflow/dags/flight-pipeline.py                           1           0  0.88s           2026-09-19T11:02:04
================================================================================
[2026-09-19T11:02:56.490+0000] {manager.py:878} INFO - 
================================================================================
DAG File Processing Stats

File Path                             PID    Runtime      # DAGs    # Errors  Last Runtime    Last Run
------------------------------------  -----  ---------  --------  ----------  --------------  -------------------
/opt/airflow/dags/flight-pipeline.py                           1           0  0.85s           2026-09-19T11:02:35
================================================================================
[2026-09-19T11:03:26.645+0000] {manager.py:878} INFO - 
================================================================================
DAG File Processing Stats

File Path                             PID    Runtime      # DAGs    # Errors  Last Runtime    Last Run
------------------------------------  -----  ---------  --------  ----------  --------------  -------------------
/opt/airflow/dags/flight-pipeline.py                           1           0  0.92s           2026-09-19T11:03:06
================================================================================
[2026-09-19T11:03:56.778+0000] {manager.py:878} INFO - 
================================================================================
DAG File Processing Stats

File Path                             PID    Runtime      # DAGs    # Errors  Last Runtime    Last Run
------------------------------------  -----  ---------  --------  ----------  --------------  -------------------
/opt/airflow/dags/flight-pipeline.py                           1           0  0.89s           2026-09-19T11:03:37
================================================================================
[2026-09-19T11:04:26.935+0000] {manager.py:878} INFO - 
================================================================================
DAG File Processing Stats

File Path                             PID    Runtime      # DAGs    # Errors  Last Runtime    Last Run
------------------------------------  -----  ---------  --------  ----------  --------------  -------------------
/opt/airflow/dags/flight-pipeline.py                           1           0  0.92s           2026-09-19T11:04:08
================================================================================
[2026-09-19T11:04:57.484+0000] {manager.py:878} INFO - 
================================================================================
DAG File Processing Stats

File Path                             PID    Runtime      # DAGs    # Errors  Last Runtime    Last Run
------------------------------------  -----  ---------  --------  ----------  --------------  -------------------
/opt/airflow/dags/flight-pipeline.py                           1           0  0.70s           2026-09-19T11:04:39
================================================================================
[2026-09-19T11:05:27.724+0000] {manager.py:878} INFO - 
================================================================================
DAG File Processing Stats

File Path                             PID    Runtime      # DAGs    # Errors  Last Runtime    Last Run
------------------------------------  -----  ---------  --------  ----------  --------------  -------------------
/opt/airflow/dags/flight-pipeline.py                           1           0  0.95s           2026-09-19T11:05:10
================================================================================
[2026-09-19T11:05:57.960+0000] {manager.py:878} INFO - 
================================================================================
DAG File Processing Stats

File Path                             PID    Runtime      # DAGs    # Errors  Last Runtime    Last Run
------------------------------------  -----  ---------  --------  ----------  --------------  -------------------
/opt/airflow/dags/flight-pipeline.py                           1           0  0.93s           2026-09-19T11:05:42
================================================================================
[2026-09-19T11:06:11.057+0000] {manager.py:737} INFO - Searching for files in /opt/airflow/dags
[2026-09-19T11:06:11.101+0000] {manager.py:740} INFO - There are 1 files in /opt/airflow/dags
[2026-09-19T11:06:28.167+0000] {manager.py:878} INFO - 
================================================================================
DAG File Processing Stats

File Path                             PID    Runtime      # DAGs    # Errors  Last Runtime    Last Run
------------------------------------  -----  ---------  --------  ----------  --------------  -------------------
/opt/airflow/dags/flight-pipeline.py                           1           0  0.90s           2026-09-19T11:06:13
================================================================================
[2026-09-19T11:06:58.358+0000] {manager.py:878} INFO - 
================================================================================
DAG File Processing Stats

File Path                             PID    Runtime      # DAGs    # Errors  Last Runtime    Last Run
------------------------------------  -----  ---------  --------  ----------  --------------  -------------------
/opt/airflow/dags/flight-pipeline.py                           1           0  0.94s           2026-09-19T11:06:44
================================================================================
[2026-09-19T11:07:28.471+0000] {manager.py:878} INFO - 
================================================================================
DAG File Processing Stats

File Path                             PID    Runtime      # DAGs    # Errors  Last Runtime    Last Run
------------------------------------  -----  ---------  --------  ----------  --------------  -------------------
/opt/airflow/dags/flight-pipeline.py                           1           0  0.87s           2026-09-19T11:07:15
================================================================================
[2026-09-19T11:07:59.110+0000] {manager.py:878} INFO - 
================================================================================
DAG File Processing Stats

File Path                             PID    Runtime      # DAGs    # Errors  Last Runtime    Last Run
------------------------------------  -----  ---------  --------  ----------  --------------  -------------------
/opt/airflow/dags/flight-pipeline.py                           1           0  0.69s           2026-09-19T11:07:46
================================================================================
[2026-09-19T11:08:29.339+0000] {manager.py:878} INFO - 
================================================================================
DAG File Processing Stats

File Path                             PID    Runtime      # DAGs    # Errors  Last Runtime    Last Run
------------------------------------  -----  ---------  --------  ----------  --------------  -------------------
/opt/airflow/dags/flight-pipeline.py                           1           0  0.85s           2026-09-19T11:08:17
================================================================================
[2026-09-19T11:08:59.600+0000] {manager.py:878} INFO - 
================================================================================
DAG File Processing Stats

File Path                             PID    Runtime      # DAGs    # Errors  Last Runtime    Last Run
------------------------------------  -----  ---------  --------  ----------  --------------  -------------------
/opt/airflow/dags/flight-pipeline.py                           1           0  1.00s           2026-09-19T11:08:48
================================================================================
[2026-09-19T11:09:29.870+0000] {manager.py:878} INFO - 
================================================================================
DAG File Processing Stats

File Path                             PID    Runtime      # DAGs    # Errors  Last Runtime    Last Run
------------------------------------  -----  ---------  --------  ----------  --------------  -------------------
/opt/airflow/dags/flight-pipeline.py                           1           0  1.06s           2026-09-19T11:09:19
================================================================================
[2026-09-19T11:10:00.079+0000] {manager.py:878} INFO - 
================================================================================
DAG File Processing Stats

File Path                             PID    Runtime      # DAGs    # Errors  Last Runtime    Last Run
------------------------------------  -----  ---------  --------  ----------  --------------  -------------------
/opt/airflow/dags/flight-pipeline.py                           1           0  0.94s           2026-09-19T11:09:51
================================================================================
[2026-09-19T11:10:30.325+0000] {manager.py:878} INFO - 
================================================================================
DAG File Processing Stats

File Path                             PID    Runtime      # DAGs    # Errors  Last Runtime    Last Run
------------------------------------  -----  ---------  --------  ----------  --------------  -------------------
/opt/airflow/dags/flight-pipeline.py                           1           0  1.01s           2026-09-19T11:10:22
================================================================================
[2026-09-19T11:11:00.582+0000] {manager.py:878} INFO - 
================================================================================
DAG File Processing Stats

File Path                             PID    Runtime      # DAGs    # Errors  Last Runtime    Last Run
------------------------------------  -----  ---------  --------  ----------  --------------  -------------------
/opt/airflow/dags/flight-pipeline.py                           1           0  0.66s           2026-09-19T11:10:53
================================================================================
[2026-09-19T11:11:11.307+0000] {manager.py:737} INFO - Searching for files in /opt/airflow/dags
[2026-09-19T11:11:11.336+0000] {manager.py:740} INFO - There are 1 files in /opt/airflow/dags
[2026-09-19T11:11:30.792+0000] {manager.py:878} INFO - 
================================================================================
DAG File Processing Stats

File Path                             PID    Runtime      # DAGs    # Errors  Last Runtime    Last Run
------------------------------------  -----  ---------  --------  ----------  --------------  -------------------
/opt/airflow/dags/flight-pipeline.py                           1           0  0.90s           2026-09-19T11:11:24
================================================================================
[2026-09-19T11:12:01.635+0000] {manager.py:878} INFO - 
================================================================================
DAG File Processing Stats

File Path                             PID    Runtime      # DAGs    # Errors  Last Runtime    Last Run
------------------------------------  -----  ---------  --------  ----------  --------------  -------------------
/opt/airflow/dags/flight-pipeline.py                           1           0  1.06s           2026-09-19T11:11:55
================================================================================
[2026-09-19T11:12:31.866+0000] {manager.py:878} INFO - 
================================================================================
DAG File Processing Stats

File Path                             PID    Runtime      # DAGs    # Errors  Last Runtime    Last Run
------------------------------------  -----  ---------  --------  ----------  --------------  -------------------
/opt/airflow/dags/flight-pipeline.py                           1           0  0.99s           2026-09-19T11:12:26
================================================================================
[2026-09-19T11:13:01.962+0000] {manager.py:878} INFO - 
================================================================================
DAG File Processing Stats

File Path                             PID    Runtime      # DAGs    # Errors  Last Runtime    Last Run
------------------------------------  -----  ---------  --------  ----------  --------------  -------------------
/opt/airflow/dags/flight-pipeline.py                           1           0  0.86s           2026-09-19T11:12:57
================================================================================
[2026-09-19T11:13:32.197+0000] {manager.py:878} INFO - 
================================================================================
DAG File Processing Stats

File Path                             PID    Runtime      # DAGs    # Errors  Last Runtime    Last Run
------------------------------------  -----  ---------  --------  ----------  --------------  -------------------
/opt/airflow/dags/flight-pipeline.py                           1           0  0.99s           2026-09-19T11:13:29
================================================================================
[2026-09-19T11:14:02.544+0000] {manager.py:878} INFO - 
================================================================================
DAG File Processing Stats

File Path                             PID    Runtime      # DAGs    # Errors  Last Runtime    Last Run
------------------------------------  -----  ---------  --------  ----------  --------------  -------------------
/opt/airflow/dags/flight-pipeline.py                           1           0  0.69s           2026-09-19T11:14:00
================================================================================
[2026-09-19T11:14:32.760+0000] {manager.py:878} INFO - 
================================================================================
DAG File Processing Stats

File Path                             PID    Runtime      # DAGs    # Errors  Last Runtime    Last Run
------------------------------------  -----  ---------  --------  ----------  --------------  -------------------
/opt/airflow/dags/flight-pipeline.py                           1           0  0.96s           2026-09-19T11:14:31
================================================================================
[2026-09-19T11:15:02.967+0000] {manager.py:878} INFO - 
================================================================================
DAG File Processing Stats

File Path                             PID    Runtime      # DAGs    # Errors  Last Runtime    Last Run
------------------------------------  -----  ---------  --------  ----------  --------------  -------------------
/opt/airflow/dags/flight-pipeline.py                           1           0  0.96s           2026-09-19T11:15:02
================================================================================
[2026-09-19T11:15:33.200+0000] {manager.py:878} INFO - 
================================================================================
DAG File Processing Stats

File Path                             PID    Runtime      # DAGs    # Errors  Last Runtime    Last Run
------------------------------------  -----  ---------  --------  ----------  --------------  -------------------
/opt/airflow/dags/flight-pipeline.py                           1           0  2.02s           2026-09-19T11:15:11
================================================================================
[2026-09-19T11:16:03.724+0000] {manager.py:878} INFO - 
================================================================================
DAG File Processing Stats

File Path                             PID    Runtime      # DAGs    # Errors  Last Runtime    Last Run
------------------------------------  -----  ---------  --------  ----------  --------------  -------------------
/opt/airflow/dags/flight-pipeline.py                           1           0  1.31s           2026-09-19T11:15:44
================================================================================
[2026-09-19T11:16:11.786+0000] {manager.py:737} INFO - Searching for files in /opt/airflow/dags
[2026-09-19T11:16:11.833+0000] {manager.py:740} INFO - There are 1 files in /opt/airflow/dags
[2026-09-19T11:16:34.258+0000] {manager.py:878} INFO - 
================================================================================
DAG File Processing Stats

File Path                             PID    Runtime      # DAGs    # Errors  Last Runtime    Last Run
------------------------------------  -----  ---------  --------  ----------  --------------  -------------------
/opt/airflow/dags/flight-pipeline.py                           1           0  1.27s           2026-09-19T11:16:16
================================================================================
[2026-09-19T11:17:04.732+0000] {manager.py:878} INFO - 
================================================================================
DAG File Processing Stats

File Path                             PID    Runtime      # DAGs    # Errors  Last Runtime    Last Run
------------------------------------  -----  ---------  --------  ----------  --------------  -------------------
/opt/airflow/dags/flight-pipeline.py                           1           0  1.34s           2026-09-19T11:16:47
================================================================================
[2026-09-19T11:17:35.272+0000] {manager.py:878} INFO - 
================================================================================
DAG File Processing Stats

File Path                             PID    Runtime      # DAGs    # Errors  Last Runtime    Last Run
------------------------------------  -----  ---------  --------  ----------  --------------  -------------------
/opt/airflow/dags/flight-pipeline.py                           1           0  1.26s           2026-09-19T11:17:19
================================================================================
[2026-09-19T11:18:05.751+0000] {manager.py:878} INFO - 
================================================================================
DAG File Processing Stats

File Path                             PID    Runtime      # DAGs    # Errors  Last Runtime    Last Run
------------------------------------  -----  ---------  --------  ----------  --------------  -------------------
/opt/airflow/dags/flight-pipeline.py                           1           0  1.15s           2026-09-19T11:17:50
================================================================================
[2026-09-19T11:18:36.088+0000] {manager.py:878} INFO - 
================================================================================
DAG File Processing Stats

File Path                             PID    Runtime      # DAGs    # Errors  Last Runtime    Last Run
------------------------------------  -----  ---------  --------  ----------  --------------  -------------------
/opt/airflow/dags/flight-pipeline.py                           1           0  1.37s           2026-09-19T11:18:22
================================================================================
[2026-09-19T11:19:06.572+0000] {manager.py:878} INFO - 
================================================================================
DAG File Processing Stats

File Path                             PID    Runtime      # DAGs    # Errors  Last Runtime    Last Run
------------------------------------  -----  ---------  --------  ----------  --------------  -------------------
/opt/airflow/dags/flight-pipeline.py                           1           0  1.25s           2026-09-19T11:18:53
================================================================================
[2026-09-19T11:19:37.019+0000] {manager.py:878} INFO - 
================================================================================
DAG File Processing Stats

File Path                             PID    Runtime      # DAGs    # Errors  Last Runtime    Last Run
------------------------------------  -----  ---------  --------  ----------  --------------  -------------------
/opt/airflow/dags/flight-pipeline.py                           1           0  1.27s           2026-09-19T11:19:25
================================================================================
[2026-09-19T11:20:07.526+0000] {manager.py:878} INFO - 
================================================================================
DAG File Processing Stats

File Path                             PID    Runtime      # DAGs    # Errors  Last Runtime    Last Run
------------------------------------  -----  ---------  --------  ----------  --------------  -------------------
/opt/airflow/dags/flight-pipeline.py                           1           0  1.35s           2026-09-19T11:19:56
================================================================================
[2026-09-19T11:20:38.112+0000] {manager.py:878} INFO - 
================================================================================
DAG File Processing Stats

File Path                             PID    Runtime      # DAGs    # Errors  Last Runtime    Last Run
------------------------------------  -----  ---------  --------  ----------  --------------  -------------------
/opt/airflow/dags/flight-pipeline.py                           1           0  1.23s           2026-09-19T11:20:28
================================================================================
[2026-09-19T11:21:08.533+0000] {manager.py:878} INFO - 
================================================================================
DAG File Processing Stats

File Path                             PID    Runtime      # DAGs    # Errors  Last Runtime    Last Run
------------------------------------  -----  ---------  --------  ----------  --------------  -------------------
/opt/airflow/dags/flight-pipeline.py                           1           0  1.32s           2026-09-19T11:20:59
================================================================================
[2026-09-19T11:21:12.564+0000] {manager.py:737} INFO - Searching for files in /opt/airflow/dags
[2026-09-19T11:21:12.607+0000] {manager.py:740} INFO - There are 1 files in /opt/airflow/dags
[2026-09-19T11:21:38.863+0000] {manager.py:878} INFO - 
================================================================================
DAG File Processing Stats

File Path                             PID    Runtime      # DAGs    # Errors  Last Runtime    Last Run
------------------------------------  -----  ---------  --------  ----------  --------------  -------------------
/opt/airflow/dags/flight-pipeline.py                           1           0  1.38s           2026-09-19T11:21:31
================================================================================
[2026-09-19T11:22:09.448+0000] {manager.py:878} INFO - 
================================================================================
DAG File Processing Stats

File Path                             PID    Runtime      # DAGs    # Errors  Last Runtime    Last Run
------------------------------------  -----  ---------  --------  ----------  --------------  -------------------
/opt/airflow/dags/flight-pipeline.py                           1           0  1.11s           2026-09-19T11:22:02
================================================================================
[2026-09-19T11:22:39.749+0000] {manager.py:878} INFO - 
================================================================================
DAG File Processing Stats

File Path                             PID    Runtime      # DAGs    # Errors  Last Runtime    Last Run
------------------------------------  -----  ---------  --------  ----------  --------------  -------------------
/opt/airflow/dags/flight-pipeline.py                           1           0  1.18s           2026-09-19T11:22:33
================================================================================
[2026-09-19T11:23:10.088+0000] {manager.py:878} INFO - 
================================================================================
DAG File Processing Stats

File Path                             PID    Runtime      # DAGs    # Errors  Last Runtime    Last Run
------------------------------------  -----  ---------  --------  ----------  --------------  -------------------
/opt/airflow/dags/flight-pipeline.py                           1           0  1.32s           2026-09-19T11:23:05
================================================================================
[2026-09-19T11:23:40.540+0000] {manager.py:878} INFO - 
================================================================================
DAG File Processing Stats

File Path                             PID    Runtime      # DAGs    # Errors  Last Runtime    Last Run
------------------------------------  -----  ---------  --------  ----------  --------------  -------------------
/opt/airflow/dags/flight-pipeline.py                           1           0  1.23s           2026-09-19T11:23:36
================================================================================
[2026-09-19T11:24:10.821+0000] {manager.py:878} INFO - 
================================================================================
DAG File Processing Stats

File Path                             PID    Runtime      # DAGs    # Errors  Last Runtime    Last Run
------------------------------------  -----  ---------  --------  ----------  --------------  -------------------
/opt/airflow/dags/flight-pipeline.py                           1           0  1.37s           2026-09-19T11:24:08
================================================================================
[2026-09-19T11:24:41.413+0000] {manager.py:878} INFO - 
================================================================================
DAG File Processing Stats

File Path                             PID    Runtime      # DAGs    # Errors  Last Runtime    Last Run
------------------------------------  -----  ---------  --------  ----------  --------------  -------------------
/opt/airflow/dags/flight-pipeline.py                           1           0  1.20s           2026-09-19T11:24:39
================================================================================
[2026-09-19T11:25:11.826+0000] {manager.py:878} INFO - 
================================================================================
DAG File Processing Stats

File Path                             PID    Runtime      # DAGs    # Errors  Last Runtime    Last Run
------------------------------------  -----  ---------  --------  ----------  --------------  -------------------
/opt/airflow/dags/flight-pipeline.py                           1           0  1.23s           2026-09-19T11:25:10
================================================================================
[2026-09-19T11:25:42.103+0000] {manager.py:878} INFO - 
================================================================================
DAG File Processing Stats

File Path                               PID  Runtime      # DAGs    # Errors  Last Runtime    Last Run
------------------------------------  -----  ---------  --------  ----------  --------------  -------------------
/opt/airflow/dags/flight-pipeline.py   2016  1.02s             1           0  1.23s           2026-09-19T11:25:10
================================================================================
[2026-09-19T11:26:12.408+0000] {manager.py:878} INFO - 
================================================================================
DAG File Processing Stats

File Path                               PID  Runtime      # DAGs    # Errors  Last Runtime    Last Run
------------------------------------  -----  ---------  --------  ----------  --------------  -------------------
/opt/airflow/dags/flight-pipeline.py   2019  0.01s             1           0  1.19s           2026-09-19T11:25:42
================================================================================
[2026-09-19T11:26:13.418+0000] {manager.py:737} INFO - Searching for files in /opt/airflow/dags
[2026-09-19T11:26:13.462+0000] {manager.py:740} INFO - There are 1 files in /opt/airflow/dags
[2026-09-19T11:26:42.731+0000] {manager.py:878} INFO - 
================================================================================
DAG File Processing Stats

File Path                             PID    Runtime      # DAGs    # Errors  Last Runtime    Last Run
------------------------------------  -----  ---------  --------  ----------  --------------  -------------------
/opt/airflow/dags/flight-pipeline.py                           1           0  1.16s           2026-09-19T11:26:13
================================================================================
[2026-09-19T11:27:13.009+0000] {manager.py:878} INFO - 
================================================================================
DAG File Processing Stats

File Path                             PID    Runtime      # DAGs    # Errors  Last Runtime    Last Run
------------------------------------  -----  ---------  --------  ----------  --------------  -------------------
/opt/airflow/dags/flight-pipeline.py                           1           0  1.33s           2026-09-19T11:26:45
================================================================================
[2026-09-19T11:27:43.553+0000] {manager.py:878} INFO - 
================================================================================
DAG File Processing Stats

File Path                             PID    Runtime      # DAGs    # Errors  Last Runtime    Last Run
------------------------------------  -----  ---------  --------  ----------  --------------  -------------------
/opt/airflow/dags/flight-pipeline.py                           1           0  1.28s           2026-09-19T11:27:16
================================================================================
[2026-09-19T11:28:14.064+0000] {manager.py:878} INFO - 
================================================================================
DAG File Processing Stats

File Path                             PID    Runtime      # DAGs    # Errors  Last Runtime    Last Run
------------------------------------  -----  ---------  --------  ----------  --------------  -------------------
/opt/airflow/dags/flight-pipeline.py                           1           0  1.16s           2026-09-19T11:27:48
================================================================================
[2026-09-19T11:28:44.339+0000] {manager.py:878} INFO - 
================================================================================
DAG File Processing Stats

File Path                             PID    Runtime      # DAGs    # Errors  Last Runtime    Last Run
------------------------------------  -----  ---------  --------  ----------  --------------  -------------------
/opt/airflow/dags/flight-pipeline.py                           1           0  1.11s           2026-09-19T11:28:19
================================================================================
[2026-09-19T11:29:14.598+0000] {manager.py:878} INFO - 
================================================================================
DAG File Processing Stats

File Path                             PID    Runtime      # DAGs    # Errors  Last Runtime    Last Run
------------------------------------  -----  ---------  --------  ----------  --------------  -------------------
/opt/airflow/dags/flight-pipeline.py                           1           0  1.28s           2026-09-19T11:28:50
================================================================================
[2026-09-19T11:29:45.063+0000] {manager.py:878} INFO - 
================================================================================
DAG File Processing Stats

File Path                             PID    Runtime      # DAGs    # Errors  Last Runtime    Last Run
------------------------------------  -----  ---------  --------  ----------  --------------  -------------------
/opt/airflow/dags/flight-pipeline.py                           1           0  1.22s           2026-09-19T11:29:22
================================================================================
[2026-09-19T11:30:15.486+0000] {manager.py:878} INFO - 
================================================================================
DAG File Processing Stats

File Path                             PID    Runtime      # DAGs    # Errors  Last Runtime    Last Run
------------------------------------  -----  ---------  --------  ----------  --------------  -------------------
/opt/airflow/dags/flight-pipeline.py                           1           0  1.30s           2026-09-19T11:29:53
================================================================================
[2026-09-19T11:30:45.792+0000] {manager.py:878} INFO - 
================================================================================
DAG File Processing Stats

File Path                             PID    Runtime      # DAGs    # Errors  Last Runtime    Last Run
------------------------------------  -----  ---------  --------  ----------  --------------  -------------------
/opt/airflow/dags/flight-pipeline.py                           1           0  1.30s           2026-09-19T11:30:24
================================================================================
[2026-09-19T11:31:14.224+0000] {manager.py:737} INFO - Searching for files in /opt/airflow/dags
[2026-09-19T11:31:14.262+0000] {manager.py:740} INFO - There are 1 files in /opt/airflow/dags
[2026-09-19T11:31:16.301+0000] {manager.py:878} INFO - 
================================================================================
DAG File Processing Stats

File Path                             PID    Runtime      # DAGs    # Errors  Last Runtime    Last Run
------------------------------------  -----  ---------  --------  ----------  --------------  -------------------
/opt/airflow/dags/flight-pipeline.py                           1           0  1.16s           2026-09-19T11:30:56
================================================================================
[2026-09-19T11:31:46.598+0000] {manager.py:878} INFO - 
================================================================================
DAG File Processing Stats

File Path                             PID    Runtime      # DAGs    # Errors  Last Runtime    Last Run
------------------------------------  -----  ---------  --------  ----------  --------------  -------------------
/opt/airflow/dags/flight-pipeline.py                           1           0  1.28s           2026-09-19T11:31:27
================================================================================
[2026-09-19T11:32:16.853+0000] {manager.py:878} INFO - 
================================================================================
DAG File Processing Stats

File Path                             PID    Runtime      # DAGs    # Errors  Last Runtime    Last Run
------------------------------------  -----  ---------  --------  ----------  --------------  -------------------
/opt/airflow/dags/flight-pipeline.py                           1           0  1.18s           2026-09-19T11:31:58
================================================================================
[2026-09-19T11:32:47.253+0000] {manager.py:878} INFO - 
================================================================================
DAG File Processing Stats

File Path                             PID    Runtime      # DAGs    # Errors  Last Runtime    Last Run
------------------------------------  -----  ---------  --------  ----------  --------------  -------------------
/opt/airflow/dags/flight-pipeline.py                           1           0  1.18s           2026-09-19T11:32:30
================================================================================
[2026-09-19T11:33:17.514+0000] {manager.py:878} INFO - 
================================================================================
DAG File Processing Stats

File Path                             PID    Runtime      # DAGs    # Errors  Last Runtime    Last Run
------------------------------------  -----  ---------  --------  ----------  --------------  -------------------
/opt/airflow/dags/flight-pipeline.py                           1           0  1.10s           2026-09-19T11:33:01
================================================================================
[2026-09-19T11:33:47.799+0000] {manager.py:878} INFO - 
================================================================================
DAG File Processing Stats

File Path                             PID    Runtime      # DAGs    # Errors  Last Runtime    Last Run
------------------------------------  -----  ---------  --------  ----------  --------------  -------------------
/opt/airflow/dags/flight-pipeline.py                           1           0  1.17s           2026-09-19T11:33:32
================================================================================
[2026-09-19T11:34:18.158+0000] {manager.py:878} INFO - 
================================================================================
DAG File Processing Stats

File Path                             PID    Runtime      # DAGs    # Errors  Last Runtime    Last Run
------------------------------------  -----  ---------  --------  ----------  --------------  -------------------
/opt/airflow/dags/flight-pipeline.py                           1           0  1.35s           2026-09-19T11:34:04
================================================================================
[2026-09-19T11:34:48.637+0000] {manager.py:878} INFO - 
================================================================================
DAG File Processing Stats

File Path                             PID    Runtime      # DAGs    # Errors  Last Runtime    Last Run
------------------------------------  -----  ---------  --------  ----------  --------------  -------------------
/opt/airflow/dags/flight-pipeline.py                           1           0  1.32s           2026-09-19T11:34:35
================================================================================
[2026-09-19T11:35:18.955+0000] {manager.py:878} INFO - 
================================================================================
DAG File Processing Stats

File Path                             PID    Runtime      # DAGs    # Errors  Last Runtime    Last Run
------------------------------------  -----  ---------  --------  ----------  --------------  -------------------
/opt/airflow/dags/flight-pipeline.py                           1           0  1.22s           2026-09-19T11:35:07
================================================================================
[2026-09-19T11:35:49.339+0000] {manager.py:878} INFO - 
================================================================================
DAG File Processing Stats

File Path                             PID    Runtime      # DAGs    # Errors  Last Runtime    Last Run
------------------------------------  -----  ---------  --------  ----------  --------------  -------------------
/opt/airflow/dags/flight-pipeline.py                           1           0  1.23s           2026-09-19T11:35:38
================================================================================
[2026-09-19T11:36:14.611+0000] {manager.py:737} INFO - Searching for files in /opt/airflow/dags
[2026-09-19T11:36:14.650+0000] {manager.py:740} INFO - There are 1 files in /opt/airflow/dags
[2026-09-19T11:36:19.710+0000] {manager.py:878} INFO - 
================================================================================
DAG File Processing Stats

File Path                             PID    Runtime      # DAGs    # Errors  Last Runtime    Last Run
------------------------------------  -----  ---------  --------  ----------  --------------  -------------------
/opt/airflow/dags/flight-pipeline.py                           1           0  1.15s           2026-09-19T11:36:09
================================================================================
[2026-09-19T11:36:49.973+0000] {manager.py:878} INFO - 
================================================================================
DAG File Processing Stats

File Path                             PID    Runtime      # DAGs    # Errors  Last Runtime    Last Run
------------------------------------  -----  ---------  --------  ----------  --------------  -------------------
/opt/airflow/dags/flight-pipeline.py                           1           0  1.20s           2026-09-19T11:36:41
================================================================================
[2026-09-19T11:37:20.350+0000] {manager.py:878} INFO - 
================================================================================
DAG File Processing Stats

File Path                             PID    Runtime      # DAGs    # Errors  Last Runtime    Last Run
------------------------------------  -----  ---------  --------  ----------  --------------  -------------------
/opt/airflow/dags/flight-pipeline.py                           1           0  1.22s           2026-09-19T11:37:12
================================================================================
[2026-09-19T11:37:50.628+0000] {manager.py:878} INFO - 
================================================================================
DAG File Processing Stats

File Path                             PID    Runtime      # DAGs    # Errors  Last Runtime    Last Run
------------------------------------  -----  ---------  --------  ----------  --------------  -------------------
/opt/airflow/dags/flight-pipeline.py                           1           0  1.27s           2026-09-19T11:37:43
================================================================================
[2026-09-19T11:38:21.123+0000] {manager.py:878} INFO - 
================================================================================
DAG File Processing Stats

File Path                             PID    Runtime      # DAGs    # Errors  Last Runtime    Last Run
------------------------------------  -----  ---------  --------  ----------  --------------  -------------------
/opt/airflow/dags/flight-pipeline.py                           1           0  1.23s           2026-09-19T11:38:15
================================================================================
[2026-09-19T11:38:51.552+0000] {manager.py:878} INFO - 
================================================================================
DAG File Processing Stats

File Path                             PID    Runtime      # DAGs    # Errors  Last Runtime    Last Run
------------------------------------  -----  ---------  --------  ----------  --------------  -------------------
/opt/airflow/dags/flight-pipeline.py                           1           0  1.27s           2026-09-19T11:38:46
================================================================================
[2026-09-19T11:39:21.859+0000] {manager.py:878} INFO - 
================================================================================
DAG File Processing Stats

File Path                             PID    Runtime      # DAGs    # Errors  Last Runtime    Last Run
------------------------------------  -----  ---------  --------  ----------  --------------  -------------------
/opt/airflow/dags/flight-pipeline.py                           1           0  1.30s           2026-09-19T11:39:18
================================================================================
[2026-09-19T11:39:52.309+0000] {manager.py:878} INFO - 
================================================================================
DAG File Processing Stats

File Path                             PID    Runtime      # DAGs    # Errors  Last Runtime    Last Run
------------------------------------  -----  ---------  --------  ----------  --------------  -------------------
/opt/airflow/dags/flight-pipeline.py                           1           0  1.35s           2026-09-19T11:39:49
================================================================================
[2026-09-19T11:40:22.530+0000] {manager.py:878} INFO - 
================================================================================
DAG File Processing Stats

File Path                             PID    Runtime      # DAGs    # Errors  Last Runtime    Last Run
------------------------------------  -----  ---------  --------  ----------  --------------  -------------------
/opt/airflow/dags/flight-pipeline.py                           1           0  1.12s           2026-09-19T11:40:20
================================================================================
[2026-09-19T11:40:52.827+0000] {manager.py:878} INFO - 
================================================================================
DAG File Processing Stats

File Path                             PID    Runtime      # DAGs    # Errors  Last Runtime    Last Run
------------------------------------  -----  ---------  --------  ----------  --------------  -------------------
/opt/airflow/dags/flight-pipeline.py                           1           0  1.33s           2026-09-19T11:40:52
================================================================================
[2026-09-19T11:41:14.977+0000] {manager.py:737} INFO - Searching for files in /opt/airflow/dags
[2026-09-19T11:41:15.008+0000] {manager.py:740} INFO - There are 1 files in /opt/airflow/dags
[2026-09-19T11:41:23.128+0000] {manager.py:878} INFO - 
================================================================================
DAG File Processing Stats

File Path                               PID  Runtime      # DAGs    # Errors  Last Runtime    Last Run
------------------------------------  -----  ---------  --------  ----------  --------------  -------------------
/opt/airflow/dags/flight-pipeline.py   2814  1.02s             1           0  1.33s           2026-09-19T11:40:52
================================================================================
[2026-09-19T11:41:53.511+0000] {manager.py:878} INFO - 
================================================================================
DAG File Processing Stats

File Path                               PID  Runtime      # DAGs    # Errors  Last Runtime    Last Run
------------------------------------  -----  ---------  --------  ----------  --------------  -------------------
/opt/airflow/dags/flight-pipeline.py   2817  0.01s             1           0  1.29s           2026-09-19T11:41:23
================================================================================
[2026-09-19T11:42:23.793+0000] {manager.py:878} INFO - 
================================================================================
DAG File Processing Stats

File Path                             PID    Runtime      # DAGs    # Errors  Last Runtime    Last Run
------------------------------------  -----  ---------  --------  ----------  --------------  -------------------
/opt/airflow/dags/flight-pipeline.py                           1           0  1.28s           2026-09-19T11:41:54
================================================================================
[2026-09-19T11:42:54.210+0000] {manager.py:878} INFO - 
================================================================================
DAG File Processing Stats

File Path                             PID    Runtime      # DAGs    # Errors  Last Runtime    Last Run
------------------------------------  -----  ---------  --------  ----------  --------------  -------------------
/opt/airflow/dags/flight-pipeline.py                           1           0  1.27s           2026-09-19T11:42:26
================================================================================
[2026-09-19T11:43:24.469+0000] {manager.py:878} INFO - 
================================================================================
DAG File Processing Stats

File Path                             PID    Runtime      # DAGs    # Errors  Last Runtime    Last Run
------------------------------------  -----  ---------  --------  ----------  --------------  -------------------
/opt/airflow/dags/flight-pipeline.py                           1           0  1.24s           2026-09-19T11:42:57
================================================================================
[2026-09-19T11:43:54.869+0000] {manager.py:878} INFO - 
================================================================================
DAG File Processing Stats

File Path                             PID    Runtime      # DAGs    # Errors  Last Runtime    Last Run
------------------------------------  -----  ---------  --------  ----------  --------------  -------------------
/opt/airflow/dags/flight-pipeline.py                           1           0  1.24s           2026-09-19T11:43:28
================================================================================
[2026-09-19T11:44:25.121+0000] {manager.py:878} INFO - 
================================================================================
DAG File Processing Stats

File Path                             PID    Runtime      # DAGs    # Errors  Last Runtime    Last Run
------------------------------------  -----  ---------  --------  ----------  --------------  -------------------
/opt/airflow/dags/flight-pipeline.py                           1           0  1.34s           2026-09-19T11:44:00
================================================================================
[2026-09-19T11:44:55.647+0000] {manager.py:878} INFO - 
================================================================================
DAG File Processing Stats

File Path                             PID    Runtime      # DAGs    # Errors  Last Runtime    Last Run
------------------------------------  -----  ---------  --------  ----------  --------------  -------------------
/opt/airflow/dags/flight-pipeline.py                           1           0  1.15s           2026-09-19T11:44:31
================================================================================
[2026-09-19T11:45:26.006+0000] {manager.py:878} INFO - 
================================================================================
DAG File Processing Stats

File Path                             PID    Runtime      # DAGs    # Errors  Last Runtime    Last Run
------------------------------------  -----  ---------  --------  ----------  --------------  -------------------
/opt/airflow/dags/flight-pipeline.py                           1           0  1.17s           2026-09-19T11:45:02
================================================================================
[2026-09-19T11:45:56.274+0000] {manager.py:878} INFO - 
================================================================================
DAG File Processing Stats

File Path                             PID    Runtime      # DAGs    # Errors  Last Runtime    Last Run
------------------------------------  -----  ---------  --------  ----------  --------------  -------------------
/opt/airflow/dags/flight-pipeline.py                           1           0  1.23s           2026-09-19T11:45:34
================================================================================
[2026-09-19T11:46:15.578+0000] {manager.py:737} INFO - Searching for files in /opt/airflow/dags
[2026-09-19T11:46:15.604+0000] {manager.py:740} INFO - There are 1 files in /opt/airflow/dags
[2026-09-19T11:46:26.693+0000] {manager.py:878} INFO - 
================================================================================
DAG File Processing Stats

File Path                             PID    Runtime      # DAGs    # Errors  Last Runtime    Last Run
------------------------------------  -----  ---------  --------  ----------  --------------  -------------------
/opt/airflow/dags/flight-pipeline.py                           1           0  1.21s           2026-09-19T11:46:05
================================================================================
[2026-09-19T11:46:56.955+0000] {manager.py:878} INFO - 
================================================================================
DAG File Processing Stats

File Path                             PID    Runtime      # DAGs    # Errors  Last Runtime    Last Run
------------------------------------  -----  ---------  --------  ----------  --------------  -------------------
/opt/airflow/dags/flight-pipeline.py                           1           0  1.21s           2026-09-19T11:46:36
================================================================================
[2026-09-19T11:47:27.347+0000] {manager.py:878} INFO - 
================================================================================
DAG File Processing Stats

File Path                             PID    Runtime      # DAGs    # Errors  Last Runtime    Last Run
------------------------------------  -----  ---------  --------  ----------  --------------  -------------------
/opt/airflow/dags/flight-pipeline.py                           1           0  1.24s           2026-09-19T11:47:08
================================================================================
[2026-09-19T11:47:57.622+0000] {manager.py:878} INFO - 
================================================================================
DAG File Processing Stats

File Path                             PID    Runtime      # DAGs    # Errors  Last Runtime    Last Run
------------------------------------  -----  ---------  --------  ----------  --------------  -------------------
/opt/airflow/dags/flight-pipeline.py                           1           0  1.18s           2026-09-19T11:47:39
================================================================================
[2026-09-19T11:48:27.949+0000] {manager.py:878} INFO - 
================================================================================
DAG File Processing Stats

File Path                             PID    Runtime      # DAGs    # Errors  Last Runtime    Last Run
------------------------------------  -----  ---------  --------  ----------  --------------  -------------------
/opt/airflow/dags/flight-pipeline.py                           1           0  1.36s           2026-09-19T11:48:11
================================================================================
[2026-09-19T11:48:58.431+0000] {manager.py:878} INFO - 
================================================================================
DAG File Processing Stats

File Path                             PID    Runtime      # DAGs    # Errors  Last Runtime    Last Run
------------------------------------  -----  ---------  --------  ----------  --------------  -------------------
/opt/airflow/dags/flight-pipeline.py                           1           0  1.29s           2026-09-19T11:48:42
================================================================================
[2026-09-19T11:49:28.923+0000] {manager.py:878} INFO - 
================================================================================
DAG File Processing Stats

File Path                             PID    Runtime      # DAGs    # Errors  Last Runtime    Last Run
------------------------------------  -----  ---------  --------  ----------  --------------  -------------------
/opt/airflow/dags/flight-pipeline.py                           1           0  1.25s           2026-09-19T11:49:14
================================================================================
[2026-09-19T11:49:59.378+0000] {manager.py:878} INFO - 
================================================================================
DAG File Processing Stats

File Path                             PID    Runtime      # DAGs    # Errors  Last Runtime    Last Run
------------------------------------  -----  ---------  --------  ----------  --------------  -------------------
/opt/airflow/dags/flight-pipeline.py                           1           0  1.25s           2026-09-19T11:49:45
================================================================================
[2026-09-19T11:50:29.831+0000] {manager.py:878} INFO - 
================================================================================
DAG File Processing Stats

File Path                             PID    Runtime      # DAGs    # Errors  Last Runtime    Last Run
------------------------------------  -----  ---------  --------  ----------  --------------  -------------------
/opt/airflow/dags/flight-pipeline.py                           1           0  1.20s           2026-09-19T11:50:16
================================================================================
[2026-09-19T11:51:00.247+0000] {manager.py:878} INFO - 
================================================================================
DAG File Processing Stats

File Path                             PID    Runtime      # DAGs    # Errors  Last Runtime    Last Run
------------------------------------  -----  ---------  --------  ----------  --------------  -------------------
/opt/airflow/dags/flight-pipeline.py                           1           0  1.26s           2026-09-19T11:50:48
================================================================================
[2026-09-19T11:51:16.365+0000] {manager.py:737} INFO - Searching for files in /opt/airflow/dags
[2026-09-19T11:51:16.406+0000] {manager.py:740} INFO - There are 1 files in /opt/airflow/dags
[2026-09-19T11:51:30.578+0000] {manager.py:878} INFO - 
================================================================================
DAG File Processing Stats

File Path                             PID    Runtime      # DAGs    # Errors  Last Runtime    Last Run
------------------------------------  -----  ---------  --------  ----------  --------------  -------------------
/opt/airflow/dags/flight-pipeline.py                           1           0  1.23s           2026-09-19T11:51:19
================================================================================
[2026-09-19T11:52:00.982+0000] {manager.py:878} INFO - 
================================================================================
DAG File Processing Stats

File Path                             PID    Runtime      # DAGs    # Errors  Last Runtime    Last Run
------------------------------------  -----  ---------  --------  ----------  --------------  -------------------
/opt/airflow/dags/flight-pipeline.py                           1           0  1.23s           2026-09-19T11:51:50
================================================================================
[2026-09-19T11:52:31.253+0000] {manager.py:878} INFO - 
================================================================================
DAG File Processing Stats

File Path                             PID    Runtime      # DAGs    # Errors  Last Runtime    Last Run
------------------------------------  -----  ---------  --------  ----------  --------------  -------------------
/opt/airflow/dags/flight-pipeline.py                           1           0  1.19s           2026-09-19T11:52:22
================================================================================
[2026-09-19T11:53:01.620+0000] {manager.py:878} INFO - 
================================================================================
DAG File Processing Stats

File Path                             PID    Runtime      # DAGs    # Errors  Last Runtime    Last Run
------------------------------------  -----  ---------  --------  ----------  --------------  -------------------
/opt/airflow/dags/flight-pipeline.py                           1           0  1.18s           2026-09-19T11:52:53
================================================================================
[2026-09-19T11:53:31.883+0000] {manager.py:878} INFO - 
================================================================================
DAG File Processing Stats

File Path                             PID    Runtime      # DAGs    # Errors  Last Runtime    Last Run
------------------------------------  -----  ---------  --------  ----------  --------------  -------------------
/opt/airflow/dags/flight-pipeline.py                           1           0  1.28s           2026-09-19T11:53:25
================================================================================
[2026-09-19T11:54:02.364+0000] {manager.py:878} INFO - 
================================================================================
DAG File Processing Stats

File Path                             PID    Runtime      # DAGs    # Errors  Last Runtime    Last Run
------------------------------------  -----  ---------  --------  ----------  --------------  -------------------
/opt/airflow/dags/flight-pipeline.py                           1           0  1.18s           2026-09-19T11:53:56
================================================================================
[2026-09-19T11:54:32.721+0000] {manager.py:878} INFO - 
================================================================================
DAG File Processing Stats

File Path                             PID    Runtime      # DAGs    # Errors  Last Runtime    Last Run
------------------------------------  -----  ---------  --------  ----------  --------------  -------------------
/opt/airflow/dags/flight-pipeline.py                           1           0  1.22s           2026-09-19T11:54:27
================================================================================
[2026-09-19T11:55:03.004+0000] {manager.py:878} INFO - 
================================================================================
DAG File Processing Stats

File Path                             PID    Runtime      # DAGs    # Errors  Last Runtime    Last Run
------------------------------------  -----  ---------  --------  ----------  --------------  -------------------
/opt/airflow/dags/flight-pipeline.py                           1           0  1.23s           2026-09-19T11:54:59
================================================================================
[2026-09-19T11:55:33.405+0000] {manager.py:878} INFO - 
================================================================================
DAG File Processing Stats

File Path                             PID    Runtime      # DAGs    # Errors  Last Runtime    Last Run
------------------------------------  -----  ---------  --------  ----------  --------------  -------------------
/opt/airflow/dags/flight-pipeline.py                           1           0  1.25s           2026-09-19T11:55:30
================================================================================
[2026-09-19T11:56:03.701+0000] {manager.py:878} INFO - 
================================================================================
DAG File Processing Stats

File Path                             PID    Runtime      # DAGs    # Errors  Last Runtime    Last Run
------------------------------------  -----  ---------  --------  ----------  --------------  -------------------
/opt/airflow/dags/flight-pipeline.py                           1           0  1.26s           2026-09-19T11:56:01
================================================================================
[2026-09-19T11:56:16.804+0000] {manager.py:737} INFO - Searching for files in /opt/airflow/dags
[2026-09-19T11:56:16.845+0000] {manager.py:740} INFO - There are 1 files in /opt/airflow/dags
[2026-09-19T11:56:34.112+0000] {manager.py:878} INFO - 
================================================================================
DAG File Processing Stats

File Path                             PID    Runtime      # DAGs    # Errors  Last Runtime    Last Run
------------------------------------  -----  ---------  --------  ----------  --------------  -------------------
/opt/airflow/dags/flight-pipeline.py                           1           0  1.22s           2026-09-19T11:56:33
================================================================================
[2026-09-19T11:57:04.371+0000] {manager.py:878} INFO - 
================================================================================
DAG File Processing Stats

File Path                               PID  Runtime      # DAGs    # Errors  Last Runtime    Last Run
------------------------------------  -----  ---------  --------  ----------  --------------  -------------------
/opt/airflow/dags/flight-pipeline.py   2904  1.01s             1           0  1.22s           2026-09-19T11:56:33
================================================================================
[2026-09-19T11:57:34.636+0000] {manager.py:878} INFO - 
================================================================================
DAG File Processing Stats

File Path                               PID  Runtime      # DAGs    # Errors  Last Runtime    Last Run
------------------------------------  -----  ---------  --------  ----------  --------------  -------------------
/opt/airflow/dags/flight-pipeline.py   2907  0.01s             1           0  1.21s           2026-09-19T11:57:04
================================================================================
[2026-09-19T11:58:04.956+0000] {manager.py:878} INFO - 
================================================================================
DAG File Processing Stats

File Path                             PID    Runtime      # DAGs    # Errors  Last Runtime    Last Run
------------------------------------  -----  ---------  --------  ----------  --------------  -------------------
/opt/airflow/dags/flight-pipeline.py                           1           0  1.15s           2026-09-19T11:57:35
================================================================================
[2026-09-19T11:58:35.199+0000] {manager.py:878} INFO - 
================================================================================
DAG File Processing Stats

File Path                             PID    Runtime      # DAGs    # Errors  Last Runtime    Last Run
------------------------------------  -----  ---------  --------  ----------  --------------  -------------------
/opt/airflow/dags/flight-pipeline.py                           1           0  1.28s           2026-09-19T11:58:07
================================================================================
[2026-09-19T11:59:05.643+0000] {manager.py:878} INFO - 
================================================================================
DAG File Processing Stats

File Path                             PID    Runtime      # DAGs    # Errors  Last Runtime    Last Run
------------------------------------  -----  ---------  --------  ----------  --------------  -------------------
/opt/airflow/dags/flight-pipeline.py                           1           0  1.23s           2026-09-19T11:58:38
================================================================================
[2026-09-19T11:59:36.060+0000] {manager.py:878} INFO - 
================================================================================
DAG File Processing Stats

File Path                             PID    Runtime      # DAGs    # Errors  Last Runtime    Last Run
------------------------------------  -----  ---------  --------  ----------  --------------  -------------------
/opt/airflow/dags/flight-pipeline.py                           1           0  1.15s           2026-09-19T11:59:10
================================================================================
[2026-09-19T12:00:06.390+0000] {manager.py:878} INFO - 
================================================================================
DAG File Processing Stats

File Path                             PID    Runtime      # DAGs    # Errors  Last Runtime    Last Run
------------------------------------  -----  ---------  --------  ----------  --------------  -------------------
/opt/airflow/dags/flight-pipeline.py                           1           0  1.20s           2026-09-19T11:59:41
================================================================================
[2026-09-19T12:00:36.640+0000] {manager.py:878} INFO - 
================================================================================
DAG File Processing Stats

File Path                             PID    Runtime      # DAGs    # Errors  Last Runtime    Last Run
------------------------------------  -----  ---------  --------  ----------  --------------  -------------------
/opt/airflow/dags/flight-pipeline.py                           1           0  1.27s           2026-09-19T12:00:12
================================================================================
[2026-09-19T12:01:07.085+0000] {manager.py:878} INFO - 
================================================================================
DAG File Processing Stats

File Path                             PID    Runtime      # DAGs    # Errors  Last Runtime    Last Run
------------------------------------  -----  ---------  --------  ----------  --------------  -------------------
/opt/airflow/dags/flight-pipeline.py                           1           0  1.37s           2026-09-19T12:00:44
================================================================================
[2026-09-19T12:01:17.541+0000] {manager.py:737} INFO - Searching for files in /opt/airflow/dags
[2026-09-19T12:01:17.573+0000] {manager.py:740} INFO - There are 1 files in /opt/airflow/dags
[2026-09-19T12:01:37.722+0000] {manager.py:878} INFO - 
================================================================================
DAG File Processing Stats

File Path                             PID    Runtime      # DAGs    # Errors  Last Runtime    Last Run
------------------------------------  -----  ---------  --------  ----------  --------------  -------------------
/opt/airflow/dags/flight-pipeline.py                           1           0  1.28s           2026-09-19T12:01:15
================================================================================
[2026-09-19T12:02:08.175+0000] {manager.py:878} INFO - 
================================================================================
DAG File Processing Stats

File Path                             PID    Runtime      # DAGs    # Errors  Last Runtime    Last Run
------------------------------------  -----  ---------  --------  ----------  --------------  -------------------
/opt/airflow/dags/flight-pipeline.py                           1           0  1.22s           2026-09-19T12:01:47
================================================================================
[2026-09-19T12:02:38.547+0000] {manager.py:878} INFO - 
================================================================================
DAG File Processing Stats

File Path                             PID    Runtime      # DAGs    # Errors  Last Runtime    Last Run
------------------------------------  -----  ---------  --------  ----------  --------------  -------------------
/opt/airflow/dags/flight-pipeline.py                           1           0  1.36s           2026-09-19T12:02:18
================================================================================
[2026-09-19T12:03:08.943+0000] {manager.py:878} INFO - 
================================================================================
DAG File Processing Stats

File Path                             PID    Runtime      # DAGs    # Errors  Last Runtime    Last Run
------------------------------------  -----  ---------  --------  ----------  --------------  -------------------
/opt/airflow/dags/flight-pipeline.py                           1           0  1.26s           2026-09-19T12:02:49
================================================================================
[2026-09-19T12:03:39.219+0000] {manager.py:878} INFO - 
================================================================================
DAG File Processing Stats

File Path                             PID    Runtime      # DAGs    # Errors  Last Runtime    Last Run
------------------------------------  -----  ---------  --------  ----------  --------------  -------------------
/opt/airflow/dags/flight-pipeline.py                           1           0  1.24s           2026-09-19T12:03:21
================================================================================
[2026-09-19T12:04:09.614+0000] {manager.py:878} INFO - 
================================================================================
DAG File Processing Stats

File Path                             PID    Runtime      # DAGs    # Errors  Last Runtime    Last Run
------------------------------------  -----  ---------  --------  ----------  --------------  -------------------
/opt/airflow/dags/flight-pipeline.py                           1           0  1.21s           2026-09-19T12:03:52
================================================================================
[2026-09-19T12:04:39.870+0000] {manager.py:878} INFO - 
================================================================================
DAG File Processing Stats

File Path                             PID    Runtime      # DAGs    # Errors  Last Runtime    Last Run
------------------------------------  -----  ---------  --------  ----------  --------------  -------------------
/opt/airflow/dags/flight-pipeline.py                           1           0  1.20s           2026-09-19T12:04:23
================================================================================
[2026-09-19T12:05:10.235+0000] {manager.py:878} INFO - 
================================================================================
DAG File Processing Stats

File Path                             PID    Runtime      # DAGs    # Errors  Last Runtime    Last Run
------------------------------------  -----  ---------  --------  ----------  --------------  -------------------
/opt/airflow/dags/flight-pipeline.py                           1           0  1.16s           2026-09-19T12:04:55
================================================================================
[2026-09-19T12:05:40.486+0000] {manager.py:878} INFO - 
================================================================================
DAG File Processing Stats

File Path                             PID    Runtime      # DAGs    # Errors  Last Runtime    Last Run
------------------------------------  -----  ---------  --------  ----------  --------------  -------------------
/opt/airflow/dags/flight-pipeline.py                           1           0  1.22s           2026-09-19T12:05:26
================================================================================
[2026-09-19T12:06:10.857+0000] {manager.py:878} INFO - 
================================================================================
DAG File Processing Stats

File Path                             PID    Runtime      # DAGs    # Errors  Last Runtime    Last Run
------------------------------------  -----  ---------  --------  ----------  --------------  -------------------
/opt/airflow/dags/flight-pipeline.py                           1           0  1.25s           2026-09-19T12:05:57
================================================================================
[2026-09-19T12:06:17.904+0000] {manager.py:737} INFO - Searching for files in /opt/airflow/dags
[2026-09-19T12:06:17.931+0000] {manager.py:740} INFO - There are 1 files in /opt/airflow/dags
[2026-09-19T12:06:41.148+0000] {manager.py:878} INFO - 
================================================================================
DAG File Processing Stats

File Path                             PID    Runtime      # DAGs    # Errors  Last Runtime    Last Run
------------------------------------  -----  ---------  --------  ----------  --------------  -------------------
/opt/airflow/dags/flight-pipeline.py                           1           0  1.32s           2026-09-19T12:06:29
================================================================================
[2026-09-19T12:07:11.683+0000] {manager.py:878} INFO - 
================================================================================
DAG File Processing Stats

File Path                             PID    Runtime      # DAGs    # Errors  Last Runtime    Last Run
------------------------------------  -----  ---------  --------  ----------  --------------  -------------------
/opt/airflow/dags/flight-pipeline.py                           1           0  1.15s           2026-09-19T12:07:00
================================================================================
[2026-09-19T12:07:42.000+0000] {manager.py:878} INFO - 
================================================================================
DAG File Processing Stats

File Path                             PID    Runtime      # DAGs    # Errors  Last Runtime    Last Run
------------------------------------  -----  ---------  --------  ----------  --------------  -------------------
/opt/airflow/dags/flight-pipeline.py                           1           0  1.29s           2026-09-19T12:07:32
================================================================================
[2026-09-19T12:08:12.380+0000] {manager.py:878} INFO - 
================================================================================
DAG File Processing Stats

File Path                             PID    Runtime      # DAGs    # Errors  Last Runtime    Last Run
------------------------------------  -----  ---------  --------  ----------  --------------  -------------------
/opt/airflow/dags/flight-pipeline.py                           1           0  1.31s           2026-09-19T12:08:03
================================================================================
[2026-09-19T12:08:42.705+0000] {manager.py:878} INFO - 
================================================================================
DAG File Processing Stats

File Path                             PID    Runtime      # DAGs    # Errors  Last Runtime    Last Run
------------------------------------  -----  ---------  --------  ----------  --------------  -------------------
/opt/airflow/dags/flight-pipeline.py                           1           0  1.19s           2026-09-19T12:08:34
================================================================================
[2026-09-19T12:09:12.982+0000] {manager.py:878} INFO - 
================================================================================
DAG File Processing Stats

File Path                             PID    Runtime      # DAGs    # Errors  Last Runtime    Last Run
------------------------------------  -----  ---------  --------  ----------  --------------  -------------------
/opt/airflow/dags/flight-pipeline.py                           1           0  1.13s           2026-09-19T12:09:05
================================================================================
[2026-09-19T12:09:43.236+0000] {manager.py:878} INFO - 
================================================================================
DAG File Processing Stats

File Path                             PID    Runtime      # DAGs    # Errors  Last Runtime    Last Run
------------------------------------  -----  ---------  --------  ----------  --------------  -------------------
/opt/airflow/dags/flight-pipeline.py                           1           0  1.15s           2026-09-19T12:09:37
================================================================================
[2026-09-19T12:10:13.540+0000] {manager.py:878} INFO - 
================================================================================
DAG File Processing Stats

File Path                             PID    Runtime      # DAGs    # Errors  Last Runtime    Last Run
------------------------------------  -----  ---------  --------  ----------  --------------  -------------------
/opt/airflow/dags/flight-pipeline.py                           1           0  1.25s           2026-09-19T12:10:08
================================================================================
[2026-09-19T12:10:43.898+0000] {manager.py:878} INFO - 
================================================================================
DAG File Processing Stats

File Path                             PID    Runtime      # DAGs    # Errors  Last Runtime    Last Run
------------------------------------  -----  ---------  --------  ----------  --------------  -------------------
/opt/airflow/dags/flight-pipeline.py                           1           0  1.26s           2026-09-19T12:10:39
================================================================================
[2026-09-19T12:11:14.191+0000] {manager.py:878} INFO - 
================================================================================
DAG File Processing Stats

File Path                             PID    Runtime      # DAGs    # Errors  Last Runtime    Last Run
------------------------------------  -----  ---------  --------  ----------  --------------  -------------------
/opt/airflow/dags/flight-pipeline.py                           1           0  1.22s           2026-09-19T12:11:11
================================================================================
[2026-09-19T12:11:18.222+0000] {manager.py:737} INFO - Searching for files in /opt/airflow/dags
[2026-09-19T12:11:18.257+0000] {manager.py:740} INFO - There are 1 files in /opt/airflow/dags
[2026-09-19T12:11:44.562+0000] {manager.py:878} INFO - 
================================================================================
DAG File Processing Stats

File Path                             PID    Runtime      # DAGs    # Errors  Last Runtime    Last Run
------------------------------------  -----  ---------  --------  ----------  --------------  -------------------
/opt/airflow/dags/flight-pipeline.py                           1           0  1.23s           2026-09-19T12:11:42
================================================================================
[2026-09-19T12:12:14.918+0000] {manager.py:878} INFO - 
================================================================================
DAG File Processing Stats

File Path                             PID    Runtime      # DAGs    # Errors  Last Runtime    Last Run
------------------------------------  -----  ---------  --------  ----------  --------------  -------------------
/opt/airflow/dags/flight-pipeline.py                           1           0  1.27s           2026-09-19T12:12:14
================================================================================
[2026-09-19T12:12:45.153+0000] {manager.py:878} INFO - 
================================================================================
DAG File Processing Stats

File Path                               PID  Runtime      # DAGs    # Errors  Last Runtime    Last Run
------------------------------------  -----  ---------  --------  ----------  --------------  -------------------
/opt/airflow/dags/flight-pipeline.py   3230  1.02s             1           0  1.27s           2026-09-19T12:12:14
================================================================================
[2026-09-19T12:13:15.480+0000] {manager.py:878} INFO - 
================================================================================
DAG File Processing Stats

File Path                             PID    Runtime      # DAGs    # Errors  Last Runtime    Last Run
------------------------------------  -----  ---------  --------  ----------  --------------  -------------------
/opt/airflow/dags/flight-pipeline.py                           1           0  1.41s           2026-09-19T12:12:45
================================================================================
[2026-09-19T12:13:45.986+0000] {manager.py:878} INFO - 
================================================================================
DAG File Processing Stats

File Path                             PID    Runtime      # DAGs    # Errors  Last Runtime    Last Run
------------------------------------  -----  ---------  --------  ----------  --------------  -------------------
/opt/airflow/dags/flight-pipeline.py                           1           0  1.43s           2026-09-19T12:13:17
================================================================================
[2026-09-19T12:14:16.616+0000] {manager.py:878} INFO - 
================================================================================
DAG File Processing Stats

File Path                             PID    Runtime      # DAGs    # Errors  Last Runtime    Last Run
------------------------------------  -----  ---------  --------  ----------  --------------  -------------------
/opt/airflow/dags/flight-pipeline.py                           1           0  1.24s           2026-09-19T12:13:48
================================================================================
[2026-09-19T12:14:47.066+0000] {manager.py:878} INFO - 
================================================================================
DAG File Processing Stats

File Path                             PID    Runtime      # DAGs    # Errors  Last Runtime    Last Run
------------------------------------  -----  ---------  --------  ----------  --------------  -------------------
/opt/airflow/dags/flight-pipeline.py                           1           0  1.21s           2026-09-19T12:14:20
================================================================================
[2026-09-19T12:15:17.467+0000] {manager.py:878} INFO - 
================================================================================
DAG File Processing Stats

File Path                             PID    Runtime      # DAGs    # Errors  Last Runtime    Last Run
------------------------------------  -----  ---------  --------  ----------  --------------  -------------------
/opt/airflow/dags/flight-pipeline.py                           1           0  1.34s           2026-09-19T12:14:51
================================================================================
[2026-09-19T12:15:47.830+0000] {manager.py:878} INFO - 
================================================================================
DAG File Processing Stats

File Path                             PID    Runtime      # DAGs    # Errors  Last Runtime    Last Run
------------------------------------  -----  ---------  --------  ----------  --------------  -------------------
/opt/airflow/dags/flight-pipeline.py                           1           0  1.36s           2026-09-19T12:15:22
================================================================================
[2026-09-19T12:16:18.252+0000] {manager.py:737} INFO - Searching for files in /opt/airflow/dags
[2026-09-19T12:16:18.296+0000] {manager.py:740} INFO - There are 1 files in /opt/airflow/dags
[2026-09-19T12:16:18.317+0000] {manager.py:878} INFO - 
================================================================================
DAG File Processing Stats

File Path                             PID    Runtime      # DAGs    # Errors  Last Runtime    Last Run
------------------------------------  -----  ---------  --------  ----------  --------------  -------------------
/opt/airflow/dags/flight-pipeline.py                           1           0  1.35s           2026-09-19T12:15:54
================================================================================
[2026-09-19T12:16:48.827+0000] {manager.py:878} INFO - 
================================================================================
DAG File Processing Stats

File Path                             PID    Runtime      # DAGs    # Errors  Last Runtime    Last Run
------------------------------------  -----  ---------  --------  ----------  --------------  -------------------
/opt/airflow/dags/flight-pipeline.py                           1           0  1.26s           2026-09-19T12:16:25
================================================================================
[2026-09-19T12:17:19.261+0000] {manager.py:878} INFO - 
================================================================================
DAG File Processing Stats

File Path                             PID    Runtime      # DAGs    # Errors  Last Runtime    Last Run
------------------------------------  -----  ---------  --------  ----------  --------------  -------------------
/opt/airflow/dags/flight-pipeline.py                           1           0  1.34s           2026-09-19T12:16:57
================================================================================
[2026-09-19T12:17:49.807+0000] {manager.py:878} INFO - 
================================================================================
DAG File Processing Stats

File Path                             PID    Runtime      # DAGs    # Errors  Last Runtime    Last Run
------------------------------------  -----  ---------  --------  ----------  --------------  -------------------
/opt/airflow/dags/flight-pipeline.py                           1           0  1.17s           2026-09-19T12:17:28
================================================================================
[2026-09-19T12:18:20.159+0000] {manager.py:878} INFO - 
================================================================================
DAG File Processing Stats

File Path                             PID    Runtime      # DAGs    # Errors  Last Runtime    Last Run
------------------------------------  -----  ---------  --------  ----------  --------------  -------------------
/opt/airflow/dags/flight-pipeline.py                           1           0  1.25s           2026-09-19T12:18:00
================================================================================
[2026-09-19T12:18:50.497+0000] {manager.py:878} INFO - 
================================================================================
DAG File Processing Stats

File Path                             PID    Runtime      # DAGs    # Errors  Last Runtime    Last Run
------------------------------------  -----  ---------  --------  ----------  --------------  -------------------
/opt/airflow/dags/flight-pipeline.py                           1           0  1.27s           2026-09-19T12:18:31
================================================================================
[2026-09-19T12:19:20.868+0000] {manager.py:878} INFO - 
================================================================================
DAG File Processing Stats

File Path                             PID    Runtime      # DAGs    # Errors  Last Runtime    Last Run
------------------------------------  -----  ---------  --------  ----------  --------------  -------------------
/opt/airflow/dags/flight-pipeline.py                           1           0  1.25s           2026-09-19T12:19:02
================================================================================
[2026-09-19T12:19:51.160+0000] {manager.py:878} INFO - 
================================================================================
DAG File Processing Stats

File Path                             PID    Runtime      # DAGs    # Errors  Last Runtime    Last Run
------------------------------------  -----  ---------  --------  ----------  --------------  -------------------
/opt/airflow/dags/flight-pipeline.py                           1           0  1.19s           2026-09-19T12:19:34
================================================================================
[2026-09-19T12:20:21.496+0000] {manager.py:878} INFO - 
================================================================================
DAG File Processing Stats

File Path                             PID    Runtime      # DAGs    # Errors  Last Runtime    Last Run
------------------------------------  -----  ---------  --------  ----------  --------------  -------------------
/opt/airflow/dags/flight-pipeline.py                           1           0  1.18s           2026-09-19T12:20:05
================================================================================
[2026-09-19T12:20:51.750+0000] {manager.py:878} INFO - 
================================================================================
DAG File Processing Stats

File Path                             PID    Runtime      # DAGs    # Errors  Last Runtime    Last Run
------------------------------------  -----  ---------  --------  ----------  --------------  -------------------
/opt/airflow/dags/flight-pipeline.py                           1           0  1.23s           2026-09-19T12:20:36
================================================================================
[2026-09-19T12:21:19.143+0000] {manager.py:737} INFO - Searching for files in /opt/airflow/dags
[2026-09-19T12:21:19.179+0000] {manager.py:740} INFO - There are 1 files in /opt/airflow/dags
[2026-09-19T12:21:22.222+0000] {manager.py:878} INFO - 
================================================================================
DAG File Processing Stats

File Path                             PID    Runtime      # DAGs    # Errors  Last Runtime    Last Run
------------------------------------  -----  ---------  --------  ----------  --------------  -------------------
/opt/airflow/dags/flight-pipeline.py                           1           0  1.25s           2026-09-19T12:21:08
================================================================================
[2026-09-19T12:21:52.498+0000] {manager.py:878} INFO - 
================================================================================
DAG File Processing Stats

File Path                             PID    Runtime      # DAGs    # Errors  Last Runtime    Last Run
------------------------------------  -----  ---------  --------  ----------  --------------  -------------------
/opt/airflow/dags/flight-pipeline.py                           1           0  1.23s           2026-09-19T12:21:39
================================================================================
[2026-09-19T12:22:22.886+0000] {manager.py:878} INFO - 
================================================================================
DAG File Processing Stats

File Path                             PID    Runtime      # DAGs    # Errors  Last Runtime    Last Run
------------------------------------  -----  ---------  --------  ----------  --------------  -------------------
/opt/airflow/dags/flight-pipeline.py                           1           0  1.25s           2026-09-19T12:22:10
================================================================================
[2026-09-19T12:22:53.161+0000] {manager.py:878} INFO - 
================================================================================
DAG File Processing Stats

File Path                             PID    Runtime      # DAGs    # Errors  Last Runtime    Last Run
------------------------------------  -----  ---------  --------  ----------  --------------  -------------------
/opt/airflow/dags/flight-pipeline.py                           1           0  1.24s           2026-09-19T12:22:42
================================================================================
[2026-09-19T12:23:23.587+0000] {manager.py:878} INFO - 
================================================================================
DAG File Processing Stats

File Path                             PID    Runtime      # DAGs    # Errors  Last Runtime    Last Run
------------------------------------  -----  ---------  --------  ----------  --------------  -------------------
/opt/airflow/dags/flight-pipeline.py                           1           0  1.32s           2026-09-19T12:23:13
================================================================================
[2026-09-19T12:23:53.930+0000] {manager.py:878} INFO - 
================================================================================
DAG File Processing Stats

File Path                             PID    Runtime      # DAGs    # Errors  Last Runtime    Last Run
------------------------------------  -----  ---------  --------  ----------  --------------  -------------------
/opt/airflow/dags/flight-pipeline.py                           1           0  1.23s           2026-09-19T12:23:44
================================================================================
[2026-09-19T12:24:24.265+0000] {manager.py:878} INFO - 
================================================================================
DAG File Processing Stats

File Path                             PID    Runtime      # DAGs    # Errors  Last Runtime    Last Run
------------------------------------  -----  ---------  --------  ----------  --------------  -------------------
/opt/airflow/dags/flight-pipeline.py                           1           0  1.17s           2026-09-19T12:24:16
================================================================================
[2026-09-19T12:24:54.557+0000] {manager.py:878} INFO - 
================================================================================
DAG File Processing Stats

File Path                             PID    Runtime      # DAGs    # Errors  Last Runtime    Last Run
------------------------------------  -----  ---------  --------  ----------  --------------  -------------------
/opt/airflow/dags/flight-pipeline.py                           1           0  1.34s           2026-09-19T12:24:47
================================================================================
[2026-09-19T12:25:25.093+0000] {manager.py:878} INFO - 
================================================================================
DAG File Processing Stats

File Path                             PID    Runtime      # DAGs    # Errors  Last Runtime    Last Run
------------------------------------  -----  ---------  --------  ----------  --------------  -------------------
/opt/airflow/dags/flight-pipeline.py                           1           0  1.28s           2026-09-19T12:25:19
================================================================================
[2026-09-19T12:25:55.581+0000] {manager.py:878} INFO - 
================================================================================
DAG File Processing Stats

File Path                             PID    Runtime      # DAGs    # Errors  Last Runtime    Last Run
------------------------------------  -----  ---------  --------  ----------  --------------  -------------------
/opt/airflow/dags/flight-pipeline.py                           1           0  1.22s           2026-09-19T12:25:50
================================================================================
[2026-09-19T12:26:19.747+0000] {manager.py:737} INFO - Searching for files in /opt/airflow/dags
[2026-09-19T12:26:19.791+0000] {manager.py:740} INFO - There are 1 files in /opt/airflow/dags
[2026-09-19T12:26:25.998+0000] {manager.py:878} INFO - 
================================================================================
DAG File Processing Stats

File Path                             PID    Runtime      # DAGs    # Errors  Last Runtime    Last Run
------------------------------------  -----  ---------  --------  ----------  --------------  -------------------
/opt/airflow/dags/flight-pipeline.py                           1           0  1.27s           2026-09-19T12:26:22
================================================================================
[2026-09-19T12:26:56.318+0000] {manager.py:878} INFO - 
================================================================================
DAG File Processing Stats

File Path                             PID    Runtime      # DAGs    # Errors  Last Runtime    Last Run
------------------------------------  -----  ---------  --------  ----------  --------------  -------------------
/opt/airflow/dags/flight-pipeline.py                           1           0  1.25s           2026-09-19T12:26:53
================================================================================
[2026-09-19T12:27:26.679+0000] {manager.py:878} INFO - 
================================================================================
DAG File Processing Stats

File Path                             PID    Runtime      # DAGs    # Errors  Last Runtime    Last Run
------------------------------------  -----  ---------  --------  ----------  --------------  -------------------
/opt/airflow/dags/flight-pipeline.py                           1           0  1.16s           2026-09-19T12:27:24
================================================================================
[2026-09-19T12:27:56.949+0000] {manager.py:878} INFO - 
================================================================================
DAG File Processing Stats

File Path                             PID    Runtime      # DAGs    # Errors  Last Runtime    Last Run
------------------------------------  -----  ---------  --------  ----------  --------------  -------------------
/opt/airflow/dags/flight-pipeline.py                           1           0  1.38s           2026-09-19T12:27:56
================================================================================
[2026-09-19T12:28:27.163+0000] {manager.py:878} INFO - 
================================================================================
DAG File Processing Stats

File Path                               PID  Runtime      # DAGs    # Errors  Last Runtime    Last Run
------------------------------------  -----  ---------  --------  ----------  --------------  -------------------
/opt/airflow/dags/flight-pipeline.py   3320  0.66s             1           0  1.38s           2026-09-19T12:27:56
================================================================================
[2026-09-19T12:28:57.703+0000] {manager.py:878} INFO - 
================================================================================
DAG File Processing Stats

File Path                             PID    Runtime      # DAGs    # Errors  Last Runtime    Last Run
------------------------------------  -----  ---------  --------  ----------  --------------  -------------------
/opt/airflow/dags/flight-pipeline.py                           1           0  1.35s           2026-09-19T12:28:27
================================================================================
[2026-09-19T12:29:28.283+0000] {manager.py:878} INFO - 
================================================================================
DAG File Processing Stats

File Path                             PID    Runtime      # DAGs    # Errors  Last Runtime    Last Run
------------------------------------  -----  ---------  --------  ----------  --------------  -------------------
/opt/airflow/dags/flight-pipeline.py                           1           0  1.22s           2026-09-19T12:28:59
================================================================================
[2026-09-19T12:29:58.684+0000] {manager.py:878} INFO - 
================================================================================
DAG File Processing Stats

File Path                             PID    Runtime      # DAGs    # Errors  Last Runtime    Last Run
------------------------------------  -----  ---------  --------  ----------  --------------  -------------------
/opt/airflow/dags/flight-pipeline.py                           1           0  1.33s           2026-09-19T12:29:30
================================================================================
[2026-09-19T12:30:29.037+0000] {manager.py:878} INFO - 
================================================================================
DAG File Processing Stats

File Path                             PID    Runtime      # DAGs    # Errors  Last Runtime    Last Run
------------------------------------  -----  ---------  --------  ----------  --------------  -------------------
/opt/airflow/dags/flight-pipeline.py                           1           0  1.15s           2026-09-19T12:30:01
================================================================================
[2026-09-19T12:30:59.287+0000] {manager.py:878} INFO - 
================================================================================
DAG File Processing Stats

File Path                             PID    Runtime      # DAGs    # Errors  Last Runtime    Last Run
------------------------------------  -----  ---------  --------  ----------  --------------  -------------------
/opt/airflow/dags/flight-pipeline.py                           1           0  1.22s           2026-09-19T12:30:33
================================================================================
[2026-09-19T12:31:20.619+0000] {manager.py:737} INFO - Searching for files in /opt/airflow/dags
[2026-09-19T12:31:20.662+0000] {manager.py:740} INFO - There are 1 files in /opt/airflow/dags
[2026-09-19T12:31:29.756+0000] {manager.py:878} INFO - 
================================================================================
DAG File Processing Stats

File Path                             PID    Runtime      # DAGs    # Errors  Last Runtime    Last Run
------------------------------------  -----  ---------  --------  ----------  --------------  -------------------
/opt/airflow/dags/flight-pipeline.py                           1           0  1.28s           2026-09-19T12:31:04
================================================================================
[2026-09-19T12:32:00.006+0000] {manager.py:878} INFO - 
================================================================================
DAG File Processing Stats

File Path                             PID    Runtime      # DAGs    # Errors  Last Runtime    Last Run
------------------------------------  -----  ---------  --------  ----------  --------------  -------------------
/opt/airflow/dags/flight-pipeline.py                           1           0  1.18s           2026-09-19T12:31:35
================================================================================
[2026-09-19T12:32:30.380+0000] {manager.py:878} INFO - 
================================================================================
DAG File Processing Stats

File Path                             PID    Runtime      # DAGs    # Errors  Last Runtime    Last Run
------------------------------------  -----  ---------  --------  ----------  --------------  -------------------
/opt/airflow/dags/flight-pipeline.py                           1           0  1.26s           2026-09-19T12:32:07
================================================================================
[2026-09-19T12:33:00.716+0000] {manager.py:878} INFO - 
================================================================================
DAG File Processing Stats

File Path                             PID    Runtime      # DAGs    # Errors  Last Runtime    Last Run
------------------------------------  -----  ---------  --------  ----------  --------------  -------------------
/opt/airflow/dags/flight-pipeline.py                           1           0  1.21s           2026-09-19T12:32:38
================================================================================
[2026-09-19T12:33:31.010+0000] {manager.py:878} INFO - 
================================================================================
DAG File Processing Stats

File Path                             PID    Runtime      # DAGs    # Errors  Last Runtime    Last Run
------------------------------------  -----  ---------  --------  ----------  --------------  -------------------
/opt/airflow/dags/flight-pipeline.py                           1           0  1.19s           2026-09-19T12:33:09
================================================================================
[2026-09-19T12:34:01.317+0000] {manager.py:878} INFO - 
================================================================================
DAG File Processing Stats

File Path                             PID    Runtime      # DAGs    # Errors  Last Runtime    Last Run
------------------------------------  -----  ---------  --------  ----------  --------------  -------------------
/opt/airflow/dags/flight-pipeline.py                           1           0  1.35s           2026-09-19T12:33:41
================================================================================
[2026-09-19T12:34:31.795+0000] {manager.py:878} INFO - 
================================================================================
DAG File Processing Stats

File Path                             PID    Runtime      # DAGs    # Errors  Last Runtime    Last Run
------------------------------------  -----  ---------  --------  ----------  --------------  -------------------
/opt/airflow/dags/flight-pipeline.py                           1           0  1.20s           2026-09-19T12:34:12
================================================================================
[2026-09-19T12:35:02.176+0000] {manager.py:878} INFO - 
================================================================================
DAG File Processing Stats

File Path                             PID    Runtime      # DAGs    # Errors  Last Runtime    Last Run
------------------------------------  -----  ---------  --------  ----------  --------------  -------------------
/opt/airflow/dags/flight-pipeline.py                           1           0  1.17s           2026-09-19T12:34:44
================================================================================
[2026-09-19T12:35:32.456+0000] {manager.py:878} INFO - 
================================================================================
DAG File Processing Stats

File Path                             PID    Runtime      # DAGs    # Errors  Last Runtime    Last Run
------------------------------------  -----  ---------  --------  ----------  --------------  -------------------
/opt/airflow/dags/flight-pipeline.py                           1           0  1.28s           2026-09-19T12:35:15
================================================================================
[2026-09-19T12:36:02.908+0000] {manager.py:878} INFO - 
================================================================================
DAG File Processing Stats

File Path                             PID    Runtime      # DAGs    # Errors  Last Runtime    Last Run
------------------------------------  -----  ---------  --------  ----------  --------------  -------------------
/opt/airflow/dags/flight-pipeline.py                           1           0  1.27s           2026-09-19T12:35:47
================================================================================
[2026-09-19T12:36:20.704+0000] {manager.py:737} INFO - Searching for files in /opt/airflow/dags
[2026-09-19T12:36:20.736+0000] {manager.py:740} INFO - There are 1 files in /opt/airflow/dags
[2026-09-19T12:36:33.400+0000] {manager.py:878} INFO - 
================================================================================
DAG File Processing Stats

File Path                             PID    Runtime      # DAGs    # Errors  Last Runtime    Last Run
------------------------------------  -----  ---------  --------  ----------  --------------  -------------------
/opt/airflow/dags/flight-pipeline.py                           1           0  1.42s           2026-09-19T12:36:18
================================================================================
[2026-09-19T12:37:03.424+0000] {manager.py:878} INFO - 
================================================================================
DAG File Processing Stats

File Path                             PID    Runtime      # DAGs    # Errors  Last Runtime    Last Run
------------------------------------  -----  ---------  --------  ----------  --------------  -------------------
/opt/airflow/dags/flight-pipeline.py                           1           0  1.37s           2026-09-19T12:36:50
================================================================================
[2026-09-19T12:37:33.672+0000] {manager.py:878} INFO - 
================================================================================
DAG File Processing Stats

File Path                             PID    Runtime      # DAGs    # Errors  Last Runtime    Last Run
------------------------------------  -----  ---------  --------  ----------  --------------  -------------------
/opt/airflow/dags/flight-pipeline.py                           1           0  1.27s           2026-09-19T12:37:21
================================================================================
[2026-09-19T12:38:04.159+0000] {manager.py:878} INFO - 
================================================================================
DAG File Processing Stats

File Path                             PID    Runtime      # DAGs    # Errors  Last Runtime    Last Run
------------------------------------  -----  ---------  --------  ----------  --------------  -------------------
/opt/airflow/dags/flight-pipeline.py                           1           0  1.20s           2026-09-19T12:37:53
================================================================================
[2026-09-19T12:38:34.564+0000] {manager.py:878} INFO - 
================================================================================
DAG File Processing Stats

File Path                             PID    Runtime      # DAGs    # Errors  Last Runtime    Last Run
------------------------------------  -----  ---------  --------  ----------  --------------  -------------------
/opt/airflow/dags/flight-pipeline.py                           1           0  1.21s           2026-09-19T12:38:24
================================================================================
[2026-09-19T12:39:04.825+0000] {manager.py:878} INFO - 
================================================================================
DAG File Processing Stats

File Path                             PID    Runtime      # DAGs    # Errors  Last Runtime    Last Run
------------------------------------  -----  ---------  --------  ----------  --------------  -------------------
/opt/airflow/dags/flight-pipeline.py                           1           0  1.26s           2026-09-19T12:38:55
================================================================================
[2026-09-19T12:39:35.292+0000] {manager.py:878} INFO - 
================================================================================
DAG File Processing Stats

File Path                             PID    Runtime      # DAGs    # Errors  Last Runtime    Last Run
------------------------------------  -----  ---------  --------  ----------  --------------  -------------------
/opt/airflow/dags/flight-pipeline.py                           1           0  1.20s           2026-09-19T12:39:27
================================================================================
[2026-09-19T12:40:05.690+0000] {manager.py:878} INFO - 
================================================================================
DAG File Processing Stats

File Path                             PID    Runtime      # DAGs    # Errors  Last Runtime    Last Run
------------------------------------  -----  ---------  --------  ----------  --------------  -------------------
/opt/airflow/dags/flight-pipeline.py                           1           0  1.36s           2026-09-19T12:39:58
================================================================================
[2026-09-19T12:40:36.095+0000] {manager.py:878} INFO - 
================================================================================
DAG File Processing Stats

File Path                             PID    Runtime      # DAGs    # Errors  Last Runtime    Last Run
------------------------------------  -----  ---------  --------  ----------  --------------  -------------------
/opt/airflow/dags/flight-pipeline.py                           1           0  1.34s           2026-09-19T12:40:30
================================================================================
